Sample	0	1	2	3	4	5	6	7	8	9	10	11	12	13	14	15
SRR8438042	(1.0, 100.0)	(2.0, 0.0)	(3.0, 0.0)	(4.0, 0.0)	(5.0, 0.0)	(6.0, 0.0)	(7.0, 0.0)	(8.0, 0.0)	(9.0, 0.0)	('>10', 0.0)	('>50', 0.0)	('>100', 0.0)	('>500', 0.0)	('>1k', 0.0)	('>5k', 0.0)	('>10k+', 0.0)
SRR8438042_1	(1.0, 10.183117463153193)	(2.0, 2.461074063236359)	(3.0, 1.418428793642482)	(4.0, 1.0780674870246876)	(5.0, 0.8470530255193975)	(6.0, 0.6745622275954475)	(7.0, 0.528253068642097)	(8.0, 0.38194390968874653)	(9.0, 0.5267129722320617)	('>10', 7.264634766136361)	('>50', 5.658314210469576)	('>100', 14.358318830758806)	('>500', 5.6336726679090114)	('>1k', 17.312223745206452)	('>5k', 12.023532673145338)	('>10k+', 19.65009009563999)
SRR8438042_2	(1.0, 22.973618148496097)	(2.0, 2.956985107267715)	(3.0, 1.492353421324175)	(4.0, 1.0349447875437001)	(5.0, 0.7777486870678104)	(6.0, 0.7484868552771404)	(7.0, 0.49591104403135633)	(8.0, 0.6530008778549536)	(9.0, 0.5544347076126965)	('>10', 7.929956415271596)	('>50', 3.7054719625448556)	('>100', 14.952796045032418)	('>500', 5.479663026905484)	('>1k', 22.081902327085675)	('>5k', 14.162726586684327)	('>10k+', 0.0)
SRR8438043	(1.0, 100.0)	(2.0, 0.0)	(3.0, 0.0)	(4.0, 0.0)	(5.0, 0.0)	(6.0, 0.0)	(7.0, 0.0)	(8.0, 0.0)	(9.0, 0.0)	('>10', 0.0)	('>50', 0.0)	('>100', 0.0)	('>500', 0.0)	('>1k', 0.0)	('>5k', 0.0)	('>10k+', 0.0)
SRR8438043_1	(1.0, 7.126673532440783)	(2.0, 2.389289392378991)	(3.0, 1.3594232749742534)	(4.0, 0.659114315139032)	(5.0, 1.0298661174047374)	(6.0, 0.24716786817713696)	(7.0, 0.576725025746653)	(8.0, 0.4943357363542739)	(9.0, 0.3707518022657055)	('>10', 5.3141091658084445)	('>50', 1.2770339855818744)	('>100', 4.675592173017508)	('>500', 28.300720906282184)	('>1k', 46.17919670442843)	('>5k', 0.0)	('>10k+', 0.0)
SRR8438043_2	(1.0, 13.676622039134912)	(2.0, 2.760041194644696)	(3.0, 2.03913491246138)	(4.0, 1.153450051493306)	(5.0, 0.6179196704428425)	(6.0, 0.8650875386199793)	(7.0, 1.153450051493306)	(8.0, 0.329557157569516)	(9.0, 0.9268795056642637)	('>10', 7.0236869207003085)	('>50', 1.0916580844490216)	('>100', 24.98455200823893)	('>500', 0.0)	('>1k', 43.37796086508754)	('>5k', 0.0)	('>10k+', 0.0)
SRR8438044	(1.0, 100.0)	(2.0, 0.0)	(3.0, 0.0)	(4.0, 0.0)	(5.0, 0.0)	(6.0, 0.0)	(7.0, 0.0)	(8.0, 0.0)	(9.0, 0.0)	('>10', 0.0)	('>50', 0.0)	('>100', 0.0)	('>500', 0.0)	('>1k', 0.0)	('>5k', 0.0)	('>10k+', 0.0)
SRR8438044_1	(1.0, 4.224632026477948)	(2.0, 1.0888966624510041)	(3.0, 0.5919866533918144)	(4.0, 0.37313098153181035)	(5.0, 0.26460009507664434)	(6.0, 0.2744665392998412)	(7.0, 0.25114585295410313)	(8.0, 0.25114585295410313)	(9.0, 0.23410381293221752)	('>10', 3.0819183955367797)	('>50', 3.5151449918826074)	('>100', 11.429827157836199)	('>500', 3.151880454573994)	('>1k', 9.165926683349927)	('>5k', 0.0)	('>10k+', 62.10119383975101)
SRR8438044_2	(1.0, 9.98932630124945)	(2.0, 1.6378297410506866)	(3.0, 0.9121976159082958)	(4.0, 0.5704598659957485)	(5.0, 0.4260510005471392)	(6.0, 0.3605736888841052)	(7.0, 0.25114585295410313)	(8.0, 0.26549704455148043)	(9.0, 0.16145090547049484)	('>10', 4.9161800715765684)	('>50', 4.049726878884912)	('>100', 9.567760048076492)	('>500', 4.631847088053529)	('>1k', 9.113006664334598)	('>5k', 0.0)	('>10k+', 53.146947232462395)
SRR8438045	(1.0, 100.0)	(2.0, 0.0)	(3.0, 0.0)	(4.0, 0.0)	(5.0, 0.0)	(6.0, 0.0)	(7.0, 0.0)	(8.0, 0.0)	(9.0, 0.0)	('>10', 0.0)	('>50', 0.0)	('>100', 0.0)	('>500', 0.0)	('>1k', 0.0)	('>5k', 0.0)	('>10k+', 0.0)
SRR8438045_1	(1.0, 7.309509746012995)	(2.0, 2.510336680448907)	(3.0, 1.7830773774365032)	(4.0, 1.2404016538688718)	(5.0, 0.572209096278795)	(6.0, 0.8417011222681631)	(7.0, 0.646042528056704)	(8.0, 0.4430005906674543)	(9.0, 0.13290017720023625)	('>10', 4.599822799763733)	('>50', 2.7613703484937977)	('>100', 30.02436503248671)	('>500', 7.364884819846426)	('>1k', 17.413614884819847)	('>5k', 22.356763142350857)	('>10k+', 0.0)
SRR8438045_2	(1.0, 18.115032486709982)	(2.0, 2.687536916715889)	(3.0, 1.9824276432368577)	(4.0, 1.1813349084465445)	(5.0, 0.7567926757235676)	(6.0, 0.5980507974010632)	(7.0, 0.5168340224453633)	(8.0, 0.5611340815121088)	(9.0, 0.6312758417011223)	('>10', 6.235233313644419)	('>50', 4.98375664500886)	('>100', 28.48493797991731)	('>500', 12.77687536916716)	('>1k', 0.0)	('>5k', 20.48877731836976)	('>10k+', 0.0)
SRR8438046	(1.0, 100.0)	(2.0, 0.0)	(3.0, 0.0)	(4.0, 0.0)	(5.0, 0.0)	(6.0, 0.0)	(7.0, 0.0)	(8.0, 0.0)	(9.0, 0.0)	('>10', 0.0)	('>50', 0.0)	('>100', 0.0)	('>500', 0.0)	('>1k', 0.0)	('>5k', 0.0)	('>10k+', 0.0)
SRR8438046_1	(1.0, 8.864783991023003)	(2.0, 3.471105292687488)	(3.0, 2.3340190761174493)	(4.0, 1.9899008789975687)	(5.0, 1.1782307836169814)	(6.0, 1.0772395735926688)	(7.0, 1.204413689919581)	(8.0, 0.8079296801945015)	(9.0, 0.8415934168692725)	('>10', 11.325977183467364)	('>50', 7.9857864222928745)	('>100', 17.785674209837293)	('>500', 5.038339255657378)	('>1k', 3.8937722087151676)	('>5k', 32.20123433701141)	('>10k+', 0.0)
SRR8438046_2	(1.0, 26.897325603141947)	(2.0, 2.8277538806807554)	(3.0, 1.4138769403403777)	(4.0, 0.8976996446605573)	(5.0, 0.7293809612867028)	(6.0, 0.5835047690293623)	(7.0, 0.5760239386571909)	(8.0, 0.5086964653076491)	(9.0, 0.8079296801945015)	('>10', 9.287450907050683)	('>50', 6.609313633813353)	('>100', 14.142509818589863)	('>500', 4.877501402655695)	('>1k', 0.0)	('>5k', 29.841032354591356)	('>10k+', 0.0)
SRR8438047	(1.0, 100.0)	(2.0, 0.0)	(3.0, 0.0)	(4.0, 0.0)	(5.0, 0.0)	(6.0, 0.0)	(7.0, 0.0)	(8.0, 0.0)	(9.0, 0.0)	('>10', 0.0)	('>50', 0.0)	('>100', 0.0)	('>500', 0.0)	('>1k', 0.0)	('>5k', 0.0)	('>10k+', 0.0)
SRR8438047_1	(1.0, 5.7697403285638575)	(2.0, 1.4970853206147323)	(3.0, 0.9042130365659777)	(4.0, 0.5299417064122947)	(5.0, 0.5796237413884473)	(6.0, 0.37758346581875996)	(7.0, 0.4868839427662957)	(8.0, 0.4239533651298357)	(9.0, 0.7154213036565978)	('>10', 9.641626921038686)	('>50', 1.440779014308426)	('>100', 10.585585585585585)	('>500', 4.908585055643879)	('>1k', 5.362347641759406)	('>5k', 20.485559088500267)	('>10k+', 36.29107048224695)
SRR8438047_2	(1.0, 12.642421833598306)	(2.0, 2.2125066242713305)	(3.0, 1.440779014308426)	(4.0, 0.7286698463169051)	(5.0, 0.7452305246422893)	(6.0, 0.7551669316375199)	(7.0, 0.5332538420773715)	(8.0, 0.45045045045045046)	(9.0, 0.3577106518282989)	('>10', 7.872946475887653)	('>50', 2.4476682564917858)	('>100', 13.92421833598304)	('>500', 8.277027027027026)	('>1k', 0.0)	('>5k', 47.61195018547959)	('>10k+', 0.0)
SRR8438048	(1.0, 100.0)	(2.0, 0.0)	(3.0, 0.0)	(4.0, 0.0)	(5.0, 0.0)	(6.0, 0.0)	(7.0, 0.0)	(8.0, 0.0)	(9.0, 0.0)	('>10', 0.0)	('>50', 0.0)	('>100', 0.0)	('>500', 0.0)	('>1k', 0.0)	('>5k', 0.0)	('>10k+', 0.0)
SRR8438048_1	(1.0, 2.774763248380722)	(2.0, 0.7196792286866425)	(3.0, 0.3701207461817019)	(4.0, 0.2833022995464879)	(5.0, 0.25131655604930375)	(6.0, 0.1644981094140897)	(7.0, 0.13593940986303246)	(8.0, 0.06397148699436823)	(9.0, 0.08224905470704486)	('>10', 2.2732724842641567)	('>50', 3.172300346131438)	('>100', 5.8134088806132125)	('>500', 4.4700076537314795)	('>1k', 2.971247101291995)	('>5k', 0.0)	('>10k+', 76.45392339414433)
SRR8438048_2	(1.0, 7.124824363997762)	(2.0, 1.1651949416831355)	(3.0, 0.6237219981950902)	(4.0, 0.4797861524577617)	(5.0, 0.37126309416374415)	(6.0, 0.2741635156901495)	(7.0, 0.23189664035458482)	(8.0, 0.21019202869578132)	(9.0, 0.1336547138989479)	('>10', 3.6326665828944815)	('>50', 1.9876854887535842)	('>100', 8.443093935274563)	('>500', 5.543814756851232)	('>1k', 1.2874261757616605)	('>5k', 0.0)	('>10k+', 68.49061561132753)
SRR8438049	(1.0, 100.0)	(2.0, 0.0)	(3.0, 0.0)	(4.0, 0.0)	(5.0, 0.0)	(6.0, 0.0)	(7.0, 0.0)	(8.0, 0.0)	(9.0, 0.0)	('>10', 0.0)	('>50', 0.0)	('>100', 0.0)	('>500', 0.0)	('>1k', 0.0)	('>5k', 0.0)	('>10k+', 0.0)
SRR8438049_1	(1.0, 4.697927643133123)	(2.0, 1.0872688954880736)	(3.0, 0.6633777181722388)	(4.0, 0.44384838905386853)	(5.0, 0.37918702302263946)	(6.0, 0.3783887345531181)	(7.0, 0.3073410607657183)	(8.0, 0.26822492575917234)	(9.0, 0.3520452150589137)	('>10', 6.110099945716383)	('>50', 3.7248139987866016)	('>100', 5.870613404859981)	('>500', 2.1450011176038575)	('>1k', 8.133761215952996)	('>5k', 16.219625123734712)	('>10k+', 49.2184755883386)
SRR8438049_2	(1.0, 10.472746431650542)	(2.0, 1.8823642111313346)	(3.0, 1.0681099722195613)	(4.0, 0.7280390842034677)	(5.0, 0.6665708720503241)	(6.0, 0.4454449659929112)	(7.0, 0.38557333077881023)	(8.0, 0.42149631190727077)	(9.0, 0.4167065810901427)	('>10', 6.7607050483762805)	('>50', 3.1165181850113357)	('>100', 7.464795478494109)	('>500', 3.6354056902002108)	('>1k', 20.08813104703516)	('>5k', 0.0)	('>10k+', 42.44739278985855)
SRR8438050	(1.0, 100.0)	(2.0, 0.0)	(3.0, 0.0)	(4.0, 0.0)	(5.0, 0.0)	(6.0, 0.0)	(7.0, 0.0)	(8.0, 0.0)	(9.0, 0.0)	('>10', 0.0)	('>50', 0.0)	('>100', 0.0)	('>500', 0.0)	('>1k', 0.0)	('>5k', 0.0)	('>10k+', 0.0)
SRR8438050_1	(1.0, 4.8355832467982)	(2.0, 1.1284181377639322)	(3.0, 0.6853582554517134)	(4.0, 0.4984423676012461)	(5.0, 0.46728971962616817)	(6.0, 0.3322949117341641)	(7.0, 0.5572862582208377)	(8.0, 0.35998615437867776)	(9.0, 0.24922118380062305)	('>10', 6.517826237452405)	('>50', 2.0214607130494984)	('>100', 5.057113187954309)	('>500', 0.0)	('>1k', 4.378677743163725)	('>5k', 0.0)	('>10k+', 72.9110418830045)
SRR8438050_2	(1.0, 7.327795084804431)	(2.0, 1.3430252682589132)	(3.0, 0.8411214953271028)	(4.0, 0.4153686396677051)	(5.0, 0.5711318795430945)	(6.0, 0.5607476635514018)	(7.0, 0.629975770162686)	(8.0, 0.47075112495673244)	(9.0, 0.2803738317757009)	('>10', 8.078920041536863)	('>50', 2.2637590861889927)	('>100', 2.9975770162686053)	('>500', 0.0)	('>1k', 3.745240567670474)	('>5k', 0.0)	('>10k+', 70.47421253028729)
SRR8438051	(1.0, 100.0)	(2.0, 0.0)	(3.0, 0.0)	(4.0, 0.0)	(5.0, 0.0)	(6.0, 0.0)	(7.0, 0.0)	(8.0, 0.0)	(9.0, 0.0)	('>10', 0.0)	('>50', 0.0)	('>100', 0.0)	('>500', 0.0)	('>1k', 0.0)	('>5k', 0.0)	('>10k+', 0.0)
SRR8438051_1	(1.0, 2.980072942544532)	(2.0, 0.6279401659707173)	(3.0, 0.34885564776150957)	(4.0, 0.2325704318410064)	(5.0, 0.1479993657170041)	(6.0, 0.13319942914530367)	(7.0, 0.06659971457265183)	(8.0, 0.06765685289920186)	(9.0, 0.08562820445055236)	('>10', 2.19461916591786)	('>50', 2.19461916591786)	('>100', 6.889370474126539)	('>500', 3.208414821079338)	('>1k', 1.3954225910460383)	('>5k', 0.0)	('>10k+', 79.42703102700989)
SRR8438051_2	(1.0, 7.692795602304561)	(2.0, 1.2664517152069348)	(3.0, 0.6659971457265182)	(4.0, 0.49474073682541364)	(5.0, 0.34356995612875946)	(6.0, 0.20931338865690574)	(7.0, 0.2145990802896559)	(8.0, 0.2621703049844072)	(9.0, 0.19979914371795549)	('>10', 4.2190390612611655)	('>50', 2.7496167873566257)	('>100', 5.962260161742164)	('>500', 3.0709868386278343)	('>1k', 4.487552196204874)	('>5k', 8.77107669538559)	('>10k+', 59.39003118558064)
SRR8438052	(1.0, 97.87234042553192)	(2.0, 2.127659574468085)	(3.0, 0.0)	(4.0, 0.0)	(5.0, 0.0)	(6.0, 0.0)	(7.0, 0.0)	(8.0, 0.0)	(9.0, 0.0)	('>10', 0.0)	('>50', 0.0)	('>100', 0.0)	('>500', 0.0)	('>1k', 0.0)	('>5k', 0.0)	('>10k+', 0.0)
SRR8438052_1	(1.0, 6.295709710343857)	(2.0, 1.740048569316862)	(3.0, 0.7876676169359097)	(4.0, 0.532150776053215)	(5.0, 0.3589906028930419)	(6.0, 0.32942667089008554)	(7.0, 0.31534860803153486)	(8.0, 0.23651145602365115)	(9.0, 0.29775102945834653)	('>10', 5.6636046879949316)	('>50', 3.815858937810157)	('>100', 6.8320839052546365)	('>500', 1.8484496533277022)	('>1k', 5.565058247985077)	('>5k', 8.283532185971211)	('>10k+', 57.09780734170978)
SRR8438052_2	(1.0, 15.414774926970049)	(2.0, 2.501671769964453)	(3.0, 1.2796959138422552)	(4.0, 0.9150740858057931)	(5.0, 0.7003836272128955)	(6.0, 0.5025868440502587)	(7.0, 0.5222961320522296)	(8.0, 0.44486678633020094)	(9.0, 0.3927779537535635)	('>10', 7.00524407841481)	('>50', 3.1774187871748847)	('>100', 7.031992397846057)	('>500', 2.820539893710625)	('>1k', 14.369478759722663)	('>5k', 3.8925843803892586)	('>10k+', 39.02861366276)
SRR8438053	(1.0, 100.0)	(2.0, 0.0)	(3.0, 0.0)	(4.0, 0.0)	(5.0, 0.0)	(6.0, 0.0)	(7.0, 0.0)	(8.0, 0.0)	(9.0, 0.0)	('>10', 0.0)	('>50', 0.0)	('>100', 0.0)	('>500', 0.0)	('>1k', 0.0)	('>5k', 0.0)	('>10k+', 0.0)
SRR8438053_1	(1.0, 6.228861330326945)	(2.0, 2.1209131905298757)	(3.0, 1.1097801578354003)	(4.0, 0.8737316798196167)	(5.0, 0.8631623449830891)	(6.0, 0.4650507328072154)	(7.0, 0.5918827508455468)	(8.0, 0.9019165727170236)	(9.0, 0.6341600901916573)	('>10', 17.08356820744081)	('>50', 8.321589627959414)	('>100', 15.66727733934611)	('>500', 4.164317925591883)	('>1k', 7.768461104847802)	('>5k', 33.20532694475761)	('>10k+', 0.0)
SRR8438053_2	(1.0, 11.31271138669673)	(2.0, 2.3886696730552424)	(3.0, 1.3423055242390078)	(4.0, 1.0287485907553553)	(5.0, 0.7222378804960542)	(6.0, 0.7609921082299886)	(7.0, 0.9124859075535513)	(8.0, 1.2683201803833146)	(9.0, 0.8878241262683202)	('>10', 18.8521702367531)	('>50', 8.30749718151071)	('>100', 17.872745208568208)	('>500', 4.766770011273957)	('>1k', 5.263528748590756)	('>5k', 24.312993235625704)	('>10k+', 0.0)
SRR8438054	(1.0, 100.0)	(2.0, 0.0)	(3.0, 0.0)	(4.0, 0.0)	(5.0, 0.0)	(6.0, 0.0)	(7.0, 0.0)	(8.0, 0.0)	(9.0, 0.0)	('>10', 0.0)	('>50', 0.0)	('>100', 0.0)	('>500', 0.0)	('>1k', 0.0)	('>5k', 0.0)	('>10k+', 0.0)
SRR8438054_1	(1.0, 17.433658045011757)	(2.0, 5.777628485052066)	(3.0, 3.4262680550890154)	(4.0, 3.359086328518643)	(5.0, 3.6949949613705075)	(6.0, 1.6123614376889486)	(7.0, 1.8810883439704402)	(8.0, 2.6872690628149143)	(9.0, 1.5115888478333892)	('>10', 36.00940544171985)	('>50', 18.777292576419214)	('>100', 3.8293584145112534)	('>500', 0.0)	('>1k', 0.0)	('>5k', 0.0)	('>10k+', 0.0)
SRR8438054_2	(1.0, 34.531407457171646)	(2.0, 3.896540141081626)	(3.0, 1.6123614376889486)	(4.0, 2.6872690628149143)	(5.0, 1.6795431642593215)	(6.0, 1.2092710782667115)	(7.0, 1.8810883439704402)	(8.0, 0.26872690628149143)	(9.0, 1.2092710782667115)	('>10', 29.492777964393685)	('>50', 10.010077258985556)	('>100', 11.521666106818945)	('>500', 0.0)	('>1k', 0.0)	('>5k', 0.0)	('>10k+', 0.0)
SRR8438055	(1.0, 100.0)	(2.0, 0.0)	(3.0, 0.0)	(4.0, 0.0)	(5.0, 0.0)	(6.0, 0.0)	(7.0, 0.0)	(8.0, 0.0)	(9.0, 0.0)	('>10', 0.0)	('>50', 0.0)	('>100', 0.0)	('>500', 0.0)	('>1k', 0.0)	('>5k', 0.0)	('>10k+', 0.0)
SRR8438055_1	(1.0, 4.370673252095057)	(2.0, 1.0023885672644832)	(3.0, 0.6412695842273592)	(4.0, 0.38864823286506617)	(5.0, 0.40889032832678834)	(6.0, 0.3983644386866929)	(7.0, 0.24938261608841747)	(8.0, 0.2850087041010485)	(9.0, 0.24776324845147968)	('>10', 6.111493461803166)	('>50', 3.135905428930003)	('>100', 5.7171774422088175)	('>500', 1.5375895712724181)	('>1k', 11.59791101574835)	('>5k', 0.0)	('>10k+', 63.90753410793085)
SRR8438055_2	(1.0, 10.963118902068743)	(2.0, 1.7505364155297358)	(3.0, 1.0930731549329986)	(4.0, 0.7675802599085058)	(5.0, 0.6275049593133881)	(6.0, 0.4518035707056394)	(7.0, 0.40808064450831955)	(8.0, 0.33682846848305736)	(9.0, 0.36435771831099956)	('>10', 6.7211853771102374)	('>50', 3.517266507428849)	('>100', 6.7738148253107155)	('>500', 1.5068215861706005)	('>1k', 22.944820047771344)	('>5k', 0.0)	('>10k+', 41.77320756244686)
SRR8438056	(1.0, 100.0)	(2.0, 0.0)	(3.0, 0.0)	(4.0, 0.0)	(5.0, 0.0)	(6.0, 0.0)	(7.0, 0.0)	(8.0, 0.0)	(9.0, 0.0)	('>10', 0.0)	('>50', 0.0)	('>100', 0.0)	('>500', 0.0)	('>1k', 0.0)	('>5k', 0.0)	('>10k+', 0.0)
SRR8438056_1	(1.0, 6.5101273395436285)	(2.0, 2.13656952397231)	(3.0, 1.5126912229723954)	(4.0, 1.1879326553286045)	(5.0, 0.7477993333903086)	(6.0, 0.6794291086231946)	(7.0, 0.6879753867190838)	(8.0, 0.41022134860268356)	(9.0, 0.365353388599265)	('>10', 5.73455260234168)	('>50', 1.5938808648833434)	('>100', 12.285274762840782)	('>500', 12.31945987522434)	('>1k', 29.230407657465175)	('>5k', 0.0)	('>10k+', 24.598324929493206)
SRR8438056_2	(1.0, 14.537219041107596)	(2.0, 2.5254251773352703)	(3.0, 1.6408853944107342)	(4.0, 1.2648491581916075)	(5.0, 0.7905307238697546)	(6.0, 0.6794291086231946)	(7.0, 0.613195453380053)	(8.0, 0.6495171352875823)	(9.0, 0.44226989146226814)	('>10', 5.644816682334843)	('>50', 2.010511922057944)	('>100', 15.470899923083497)	('>500', 14.229553029655584)	('>1k', 19.451328946243912)	('>5k', 20.049568412956155)	('>10k+', 0.0)
SRR8438057	(1.0, 100.0)	(2.0, 0.0)	(3.0, 0.0)	(4.0, 0.0)	(5.0, 0.0)	(6.0, 0.0)	(7.0, 0.0)	(8.0, 0.0)	(9.0, 0.0)	('>10', 0.0)	('>50', 0.0)	('>100', 0.0)	('>500', 0.0)	('>1k', 0.0)	('>5k', 0.0)	('>10k+', 0.0)
SRR8438057_1	(1.0, 4.40472017759084)	(2.0, 1.1403201308564084)	(3.0, 0.6729758149316508)	(4.0, 0.5561397359504615)	(5.0, 0.43813529617946023)	(6.0, 0.3785488958990536)	(7.0, 0.36803364879074657)	(8.0, 0.30844724851034)	(9.0, 0.2523659305993691)	('>10', 6.533473536628111)	('>50', 3.710713868442575)	('>100', 6.438836312653347)	('>500', 0.0)	('>1k', 13.563500408926277)	('>5k', 8.455427035868675)	('>10k+', 52.77836195817268)
SRR8438057_2	(1.0, 8.786073139385442)	(2.0, 1.5913073957237993)	(3.0, 0.9498773221170699)	(4.0, 0.738404019161117)	(5.0, 0.6659656501927795)	(6.0, 0.4977216964598668)	(7.0, 0.3762121743194298)	(8.0, 0.3458347937843206)	(9.0, 0.3470031545741325)	('>10', 6.589554854539081)	('>50', 2.696576702885851)	('>100', 8.863184951513027)	('>500', 1.0772286482065663)	('>1k', 18.88888888888889)	('>5k', 0.0)	('>10k+', 47.586166608248625)
SRR8438058	(1.0, 100.0)	(2.0, 0.0)	(3.0, 0.0)	(4.0, 0.0)	(5.0, 0.0)	(6.0, 0.0)	(7.0, 0.0)	(8.0, 0.0)	(9.0, 0.0)	('>10', 0.0)	('>50', 0.0)	('>100', 0.0)	('>500', 0.0)	('>1k', 0.0)	('>5k', 0.0)	('>10k+', 0.0)
SRR8438058_1	(1.0, 4.5359281437125745)	(2.0, 1.2849301397205588)	(3.0, 0.6212574850299402)	(4.0, 0.37425149700598803)	(5.0, 0.31187624750499005)	(6.0, 0.32934131736526945)	(7.0, 0.3143712574850299)	(8.0, 0.16966067864271456)	(9.0, 0.24700598802395213)	('>10', 6.337325349301397)	('>50', 5.071107784431137)	('>100', 7.765718562874252)	('>500', 6.047904191616767)	('>1k', 9.553393213572853)	('>5k', 0.0)	('>10k+', 57.035928143712574)
SRR8438058_2	(1.0, 11.682884231536926)	(2.0, 1.7390219560878246)	(3.0, 0.93562874251497)	(4.0, 0.6586826347305389)	(5.0, 0.467814371257485)	(6.0, 0.3143712574850299)	(7.0, 0.3231037924151697)	(8.0, 0.3393213572854291)	(9.0, 0.3143712574850299)	('>10', 7.17814371257485)	('>50', 6.0279441117764465)	('>100', 8.846057884231536)	('>500', 6.639221556886228)	('>1k', 4.260229540918163)	('>5k', 0.0)	('>10k+', 50.273203592814376)
SRR8438059	(1.0, 100.0)	(2.0, 0.0)	(3.0, 0.0)	(4.0, 0.0)	(5.0, 0.0)	(6.0, 0.0)	(7.0, 0.0)	(8.0, 0.0)	(9.0, 0.0)	('>10', 0.0)	('>50', 0.0)	('>100', 0.0)	('>500', 0.0)	('>1k', 0.0)	('>5k', 0.0)	('>10k+', 0.0)
SRR8438059_1	(1.0, 7.251113794395636)	(2.0, 1.7487612940833577)	(3.0, 1.0867302327518007)	(4.0, 0.757796560769455)	(5.0, 0.7390598326185618)	(6.0, 0.5121372361244119)	(7.0, 0.40804430195278346)	(8.0, 0.3664071282841321)	(9.0, 0.18736728150893117)	('>10', 7.47179081483949)	('>50', 4.053378856643211)	('>100', 11.727109963775659)	('>500', 4.536370071199567)	('>1k', 16.16146895948703)	('>5k', 12.588999458716742)	('>10k+', 30.40346421284923)
SRR8438059_2	(1.0, 14.358579339634424)	(2.0, 2.6189782237581714)	(3.0, 1.548902860473831)	(4.0, 1.0076196027813633)	(5.0, 0.7182412457842361)	(6.0, 0.5246283882250072)	(7.0, 0.5974934421451472)	(8.0, 0.4996460840238165)	(9.0, 0.35599783486696923)	('>10', 7.151184577590873)	('>50', 3.893075738018903)	('>100', 14.32943331806637)	('>500', 5.781321563892243)	('>1k', 9.15185077236957)	('>5k', 11.273264770787359)	('>10k+', 26.18978223758171)
SRR8438060	(1.0, 100.0)	(2.0, 0.0)	(3.0, 0.0)	(4.0, 0.0)	(5.0, 0.0)	(6.0, 0.0)	(7.0, 0.0)	(8.0, 0.0)	(9.0, 0.0)	('>10', 0.0)	('>50', 0.0)	('>100', 0.0)	('>500', 0.0)	('>1k', 0.0)	('>5k', 0.0)	('>10k+', 0.0)
SRR8438060_1	(1.0, 11.5071008153788)	(2.0, 3.3695123926777906)	(3.0, 2.8025271342945084)	(4.0, 2.5703331713375452)	(5.0, 2.0789459474053675)	(6.0, 1.4255629353636805)	(7.0, 1.2473675684432206)	(8.0, 1.3391651817052757)	(9.0, 1.0205734650899076)	('>10', 13.764242129704627)	('>50', 5.918246125600735)	('>100', 34.64009935741671)	('>500', 3.3803121118850905)	('>1k', 14.936011663696744)	('>5k', 0.0)	('>10k+', 0.0)
SRR8438060_2	(1.0, 39.748366542469896)	(2.0, 3.1967168853609804)	(3.0, 1.8143528268265023)	(4.0, 1.4471623737782817)	(5.0, 1.2419677088395702)	(6.0, 1.0043738862789566)	(7.0, 0.7559803445110427)	(8.0, 0.691182029267239)	(9.0, 0.5345861007613802)	('>10', 9.7251471461742)	('>50', 7.462605972244722)	('>100', 12.997462065986284)	('>500', 6.420433068740213)	('>1k', 12.959663048760733)	('>5k', 0.0)	('>10k+', 0.0)
SRR8438061	(1.0, 100.0)	(2.0, 0.0)	(3.0, 0.0)	(4.0, 0.0)	(5.0, 0.0)	(6.0, 0.0)	(7.0, 0.0)	(8.0, 0.0)	(9.0, 0.0)	('>10', 0.0)	('>50', 0.0)	('>100', 0.0)	('>500', 0.0)	('>1k', 0.0)	('>5k', 0.0)	('>10k+', 0.0)
SRR8438061_1	(1.0, 6.524457834749738)	(2.0, 1.5859932353693547)	(3.0, 0.8697382258477107)	(4.0, 0.659409373845323)	(5.0, 0.45476508541056765)	(6.0, 0.40928857686951087)	(7.0, 0.4675553534377398)	(8.0, 0.3410738140579257)	(9.0, 0.3453372367336498)	('>10', 7.6130517579512835)	('>50', 3.6907028962851376)	('>100', 5.934684364607907)	('>500', 1.126964727283063)	('>1k', 15.886934030639798)	('>5k', 22.849103260097205)	('>10k+', 31.240940226814086)
SRR8438061_2	(1.0, 13.15123781371685)	(2.0, 1.9128556405082)	(3.0, 1.1596509677969473)	(4.0, 0.903845607253503)	(5.0, 0.7034647414944717)	(6.0, 0.6736207827644033)	(7.0, 0.6068271608447261)	(8.0, 0.45476508541056765)	(9.0, 0.4988204530597163)	('>10', 7.091493050621038)	('>50', 2.6760082994628087)	('>100', 8.172981269363044)	('>500', 3.7958673222863317)	('>1k', 18.42509166358753)	('>5k', 12.082539863002017)	('>10k+', 27.690930278827842)
SRR8438062	(1.0, 100.0)	(2.0, 0.0)	(3.0, 0.0)	(4.0, 0.0)	(5.0, 0.0)	(6.0, 0.0)	(7.0, 0.0)	(8.0, 0.0)	(9.0, 0.0)	('>10', 0.0)	('>50', 0.0)	('>100', 0.0)	('>500', 0.0)	('>1k', 0.0)	('>5k', 0.0)	('>10k+', 0.0)
SRR8438062_1	(1.0, 8.447488584474886)	(2.0, 3.22935577928151)	(3.0, 1.9227595312757881)	(4.0, 1.3423557242669308)	(5.0, 1.0590306431204268)	(6.0, 0.9242449249050998)	(7.0, 0.8664796170985312)	(8.0, 1.0342740826318975)	(9.0, 0.4951312097705892)	('>10', 10.606810804863288)	('>50', 8.131154756010343)	('>100', 31.350057765307803)	('>500', 7.3719535676954395)	('>1k', 4.16460361995929)	('>5k', 19.054299389338176)	('>10k+', 0.0)
SRR8438062_2	(1.0, 25.70006051603675)	(2.0, 3.3613907685536666)	(3.0, 1.7082026737085327)	(4.0, 1.0012653353138583)	(5.0, 0.9077405512460801)	(6.0, 0.5116355834296088)	(7.0, 0.6739285910766353)	(8.0, 0.5281399570886285)	(9.0, 0.643670572701766)	('>10', 9.528525059140671)	('>50', 9.20118831490345)	('>100', 20.853276118171316)	('>500', 6.995103702481158)	('>1k', 3.3256312922924574)	('>5k', 15.060240963855422)	('>10k+', 0.0)
SRR8438063	(1.0, 100.0)	(2.0, 0.0)	(3.0, 0.0)	(4.0, 0.0)	(5.0, 0.0)	(6.0, 0.0)	(7.0, 0.0)	(8.0, 0.0)	(9.0, 0.0)	('>10', 0.0)	('>50', 0.0)	('>100', 0.0)	('>500', 0.0)	('>1k', 0.0)	('>5k', 0.0)	('>10k+', 0.0)
SRR8438063_1	(1.0, 3.4743495288688973)	(2.0, 0.9952563754572362)	(3.0, 0.5118461359494358)	(4.0, 0.3464009202890121)	(5.0, 0.24558274199594143)	(6.0, 0.2559230679747179)	(7.0, 0.18095570462858843)	(8.0, 0.19646619359675313)	(9.0, 0.24429020124859435)	('>10', 5.780242222136053)	('>50', 5.19213618209314)	('>100', 8.46355681362855)	('>500', 2.617395013377797)	('>1k', 10.781082373621828)	('>5k', 0.0)	('>10k+', 60.714516525133455)
SRR8438063_2	(1.0, 8.410562642987319)	(2.0, 1.4321351480605427)	(3.0, 0.7600139594400713)	(4.0, 0.5170162989388241)	(5.0, 0.3102097793632944)	(6.0, 0.3567412462677886)	(7.0, 0.36191140925717685)	(8.0, 0.24816782349063554)	(9.0, 0.20939160107022373)	('>10', 6.465288818229994)	('>50', 5.497175798467047)	('>100', 7.903886670027273)	('>500', 2.908216681530885)	('>1k', 8.983158194062067)	('>5k', 0.0)	('>10k+', 55.63612392880686)
SRR8438064	(1.0, 100.0)	(2.0, 0.0)	(3.0, 0.0)	(4.0, 0.0)	(5.0, 0.0)	(6.0, 0.0)	(7.0, 0.0)	(8.0, 0.0)	(9.0, 0.0)	('>10', 0.0)	('>50', 0.0)	('>100', 0.0)	('>500', 0.0)	('>1k', 0.0)	('>5k', 0.0)	('>10k+', 0.0)
SRR8438064_1	(1.0, 5.2298608182201605)	(2.0, 1.687051876845213)	(3.0, 1.180936313791649)	(4.0, 0.8224377899620413)	(5.0, 0.9138197666244904)	(6.0, 0.9805989034162801)	(7.0, 0.7749894559257697)	(8.0, 0.5201743286939408)	(9.0, 0.6800927878532265)	('>10', 9.03275692394208)	('>50', 5.764093912554478)	('>100', 12.832138338253902)	('>500', 2.4778574441164065)	('>1k', 14.477013918177983)	('>5k', 14.659777871502882)	('>10k+', 27.966399550119498)
SRR8438064_2	(1.0, 17.392450442851118)	(2.0, 1.999859412343596)	(3.0, 1.159848165331084)	(4.0, 0.8013496415014763)	(5.0, 0.7644453816954871)	(6.0, 0.5061155630535639)	(7.0, 0.5166596372838465)	(8.0, 0.3795866722901729)	(9.0, 0.4270350063264446)	('>10', 8.17692956558414)	('>50', 5.349360326163363)	('>100', 9.445733164628145)	('>500', 4.948685505412625)	('>1k', 11.46492337972726)	('>5k', 10.55110361310277)	('>10k+', 26.11591452270491)
SRR8438065	(1.0, 100.0)	(2.0, 0.0)	(3.0, 0.0)	(4.0, 0.0)	(5.0, 0.0)	(6.0, 0.0)	(7.0, 0.0)	(8.0, 0.0)	(9.0, 0.0)	('>10', 0.0)	('>50', 0.0)	('>100', 0.0)	('>500', 0.0)	('>1k', 0.0)	('>5k', 0.0)	('>10k+', 0.0)
SRR8438065_1	(1.0, 2.574628242500277)	(2.0, 0.7582746024131951)	(3.0, 0.4704623445629313)	(4.0, 0.2693627541419136)	(5.0, 0.18449503708350246)	(6.0, 0.17158038448765728)	(7.0, 0.16789048374598722)	(8.0, 0.10331722076676138)	(9.0, 0.11623187336260654)	('>10', 3.404855909376038)	('>50', 3.2710970074904986)	('>100', 6.447179070882993)	('>500', 3.183461864875835)	('>1k', 5.900151285930408)	('>5k', 0.0)	('>10k+', 72.9770119183794)
SRR8438065_2	(1.0, 9.530091140548318)	(2.0, 1.2361167484594664)	(3.0, 0.6973912401756392)	(4.0, 0.46861739419209625)	(5.0, 0.35054057045865467)	(6.0, 0.34316076897531456)	(7.0, 0.23892107302313567)	(8.0, 0.23615364746688317)	(9.0, 0.3071842367440316)	('>10', 4.159440611047563)	('>50', 3.2415778015571384)	('>100', 8.345633002472233)	('>500', 1.7979041363787314)	('>1k', 3.9140622117265043)	('>5k', 11.815062174827498)	('>10k+', 53.31814324194679)
SRR8438066	(1.0, 100.0)	(2.0, 0.0)	(3.0, 0.0)	(4.0, 0.0)	(5.0, 0.0)	(6.0, 0.0)	(7.0, 0.0)	(8.0, 0.0)	(9.0, 0.0)	('>10', 0.0)	('>50', 0.0)	('>100', 0.0)	('>500', 0.0)	('>1k', 0.0)	('>5k', 0.0)	('>10k+', 0.0)
SRR8438066_1	(1.0, 2.6116817784739585)	(2.0, 0.641624243154502)	(3.0, 0.35695996626201165)	(4.0, 0.19278850498539024)	(5.0, 0.13178901707985663)	(6.0, 0.14459137873904268)	(7.0, 0.16341838117902222)	(8.0, 0.10241889327348858)	(9.0, 0.10844353405428202)	('>10', 1.6793686176461728)	('>50', 1.0769045395668282)	('>100', 8.361448323643703)	('>500', 1.3992228213392777)	('>1k', 2.2366478898695665)	('>5k', 0.0)	('>10k+', 80.7926921107329)
SRR8438066_2	(1.0, 10.889538211284153)	(2.0, 1.4489261077808235)	(3.0, 0.8404373889206855)	(4.0, 0.5813778353465675)	(5.0, 0.41419405367954937)	(6.0, 0.46540350031629363)	(7.0, 0.25830647347651897)	(8.0, 0.3012320390396723)	(9.0, 0.2643311142573124)	('>10', 3.4784769708106156)	('>50', 2.1033527125945115)	('>100', 7.170075609241799)	('>500', 2.110130433472904)	('>1k', 5.0765129379160765)	('>5k', 0.0)	('>10k+', 64.59770461186251)
SRR8438067	(1.0, 100.0)	(2.0, 0.0)	(3.0, 0.0)	(4.0, 0.0)	(5.0, 0.0)	(6.0, 0.0)	(7.0, 0.0)	(8.0, 0.0)	(9.0, 0.0)	('>10', 0.0)	('>50', 0.0)	('>100', 0.0)	('>500', 0.0)	('>1k', 0.0)	('>5k', 0.0)	('>10k+', 0.0)
SRR8438067_1	(1.0, 4.933953720763201)	(2.0, 1.9548449551884581)	(3.0, 1.0305093214252257)	(4.0, 0.836898479218062)	(5.0, 0.5152546607126128)	(6.0, 0.7681978577897136)	(7.0, 0.4371857727258533)	(8.0, 0.3747306623364457)	(9.0, 0.3372575961028011)	('>10', 6.030040908097305)	('>50', 4.615432657777223)	('>100', 25.231864597320673)	('>500', 7.441526402897917)	('>1k', 10.189551260031852)	('>5k', 0.0)	('>10k+', 35.30275114761265)
SRR8438067_2	(1.0, 14.705055741186024)	(2.0, 2.2608749960965553)	(3.0, 1.2085063860350373)	(4.0, 0.9992817662305219)	(5.0, 0.6557786590887799)	(6.0, 0.29978452986915655)	(7.0, 0.5683415045436093)	(8.0, 0.549604971426787)	(9.0, 0.2810479967523343)	('>10', 6.838834587640133)	('>50', 7.5071042688067955)	('>100', 20.66639602785498)	('>500', 2.2983480623302)	('>1k', 7.575804890235144)	('>5k', 0.0)	('>10k+', 33.58523561190395)
SRR8438068_1	(1.0, 11.105414273995077)	(2.0, 4.4298605414273995)	(3.0, 2.5840853158326498)	(4.0, 1.1484823625922889)	(5.0, 0.8716160787530763)	(6.0, 0.8613617719442166)	(7.0, 0.4306808859721083)	(8.0, 0.7383100902378998)	(9.0, 0.18457752255947496)	('>10', 17.063166529942574)	('>50', 10.469647251845775)	('>100', 25.820344544708778)	('>500', 24.29245283018868)	('>1k', 0.0)	('>5k', 0.0)	('>10k+', 0.0)
SRR8438068_2	(1.0, 17.96554552912223)	(2.0, 4.122231337161608)	(3.0, 2.276456111566858)	(4.0, 1.4766201804757997)	(5.0, 0.9741591468416735)	(6.0, 0.9228876127973749)	(7.0, 0.8613617719442166)	(8.0, 0.8203445447087777)	(9.0, 0.8305988515176375)	('>10', 21.554552912223134)	('>50', 13.084495488105006)	('>100', 29.604183757178014)	('>500', 5.5065627563576705)	('>1k', 0.0)	('>5k', 0.0)	('>10k+', 0.0)
SRR8438069	(1.0, 100.0)	(2.0, 0.0)	(3.0, 0.0)	(4.0, 0.0)	(5.0, 0.0)	(6.0, 0.0)	(7.0, 0.0)	(8.0, 0.0)	(9.0, 0.0)	('>10', 0.0)	('>50', 0.0)	('>100', 0.0)	('>500', 0.0)	('>1k', 0.0)	('>5k', 0.0)	('>10k+', 0.0)
SRR8438069_1	(1.0, 4.85921889191644)	(2.0, 1.2640024220405692)	(3.0, 0.6698455949137148)	(4.0, 0.3330305782621859)	(5.0, 0.4541326067211626)	(6.0, 0.4087193460490463)	(7.0, 0.26491068725401146)	(8.0, 0.15137753557372086)	(9.0, 0.10217983651226158)	('>10', 5.7447774750227065)	('>50', 1.1580381471389645)	('>100', 0.4238570996064184)	('>500', 2.83075991522858)	('>1k', 0.0)	('>5k', 0.0)	('>10k+', 81.33514986376021)
SRR8438069_2	(1.0, 7.644565546472903)	(2.0, 1.5213442325158948)	(3.0, 0.7720254314259765)	(4.0, 0.5752346351801393)	(5.0, 0.5298213745080229)	(6.0, 0.6357856494096277)	(7.0, 0.4768392370572207)	(8.0, 0.2119285498032092)	(9.0, 0.3405994550408719)	('>10', 5.998334847108689)	('>50', 1.0104450499545867)	('>100', 0.0)	('>500', 2.2782319103844992)	('>1k', 0.0)	('>5k', 36.69391462306994)	('>10k+', 41.31092945806842)
SRR8438070	(1.0, 100.0)	(2.0, 0.0)	(3.0, 0.0)	(4.0, 0.0)	(5.0, 0.0)	(6.0, 0.0)	(7.0, 0.0)	(8.0, 0.0)	(9.0, 0.0)	('>10', 0.0)	('>50', 0.0)	('>100', 0.0)	('>500', 0.0)	('>1k', 0.0)	('>5k', 0.0)	('>10k+', 0.0)
SRR8438070_1	(1.0, 3.4649542933503628)	(2.0, 0.8963943188940529)	(3.0, 0.4115372334764253)	(4.0, 0.27908846867941484)	(5.0, 0.26016721656555625)	(6.0, 0.17029126902472771)	(7.0, 0.1407268125968236)	(8.0, 0.17975189508165704)	(9.0, 0.1170752474545003)	('>10', 3.883586996369485)	('>50', 3.1326498031007204)	('>100', 6.978394295242488)	('>500', 2.225612279892622)	('>1k', 0.0)	('>5k', 0.0)	('>10k+', 77.85976987027117)
SRR8438070_2	(1.0, 11.887276640531686)	(2.0, 1.322122491455872)	(3.0, 0.7201901585837442)	(4.0, 0.6054800676434763)	(5.0, 0.4493797377041426)	(6.0, 0.3192961294213645)	(7.0, 0.2814536251936472)	(8.0, 0.2270550253663036)	(9.0, 0.20222088196686416)	('>10', 4.601411998438996)	('>50', 2.6998261609962038)	('>100', 7.697401875569115)	('>500', 1.9524367024987876)	('>1k', 10.644386892302599)	('>5k', 0.0)	('>10k+', 56.390061612327194)
SRR8438071	(1.0, 100.0)	(2.0, 0.0)	(3.0, 0.0)	(4.0, 0.0)	(5.0, 0.0)	(6.0, 0.0)	(7.0, 0.0)	(8.0, 0.0)	(9.0, 0.0)	('>10', 0.0)	('>50', 0.0)	('>100', 0.0)	('>500', 0.0)	('>1k', 0.0)	('>5k', 0.0)	('>10k+', 0.0)
SRR8438071_1	(1.0, 3.6926328502415457)	(2.0, 1.0507246376811594)	(3.0, 0.4830917874396135)	(4.0, 0.35426731078904994)	(5.0, 0.2616747181964573)	(6.0, 0.30193236714975846)	(7.0, 0.232487922705314)	(8.0, 0.23349436392914652)	(9.0, 0.19021739130434784)	('>10', 5.289855072463768)	('>50', 2.2111513687600644)	('>100', 2.7657004830917877)	('>500', 2.160829307568438)	('>1k', 14.527979066022546)	('>5k', 6.983695652173913)	('>10k+', 59.260265700483096)
SRR8438071_2	(1.0, 11.978663446054751)	(2.0, 1.680756843800322)	(3.0, 0.8937198067632851)	(4.0, 0.640096618357488)	(5.0, 0.5485104669887279)	(6.0, 0.4408212560386473)	(7.0, 0.47906602254428343)	(8.0, 0.37842190016103056)	(9.0, 0.4166666666666667)	('>10', 5.237520128824476)	('>50', 2.775764895330113)	('>100', 4.125402576489533)	('>500', 2.7657004830917877)	('>1k', 19.321658615136876)	('>5k', 6.077898550724638)	('>10k+', 42.23933172302738)
SRR8438072	(1.0, 100.0)	(2.0, 0.0)	(3.0, 0.0)	(4.0, 0.0)	(5.0, 0.0)	(6.0, 0.0)	(7.0, 0.0)	(8.0, 0.0)	(9.0, 0.0)	('>10', 0.0)	('>50', 0.0)	('>100', 0.0)	('>500', 0.0)	('>1k', 0.0)	('>5k', 0.0)	('>10k+', 0.0)
SRR8438072_1	(1.0, 2.4845233182005777)	(2.0, 0.5868007353768806)	(3.0, 0.26563613852099205)	(4.0, 0.16508460586050352)	(5.0, 0.15758076013957154)	(6.0, 0.10355307094886128)	(7.0, 0.0998011480883953)	(8.0, 0.1020523018046749)	(9.0, 0.08779499493490414)	('>10', 2.8777248339774135)	('>50', 2.5340486999587286)	('>100', 3.7144036318613285)	('>500', 0.9950099425955803)	('>1k', 3.281431733763554)	('>5k', 6.434547705699171)	('>10k+', 76.11000637826886)
SRR8438072_2	(1.0, 7.771733013169249)	(2.0, 0.9785014820095299)	(3.0, 0.6573368851536412)	(4.0, 0.43222151352568194)	(5.0, 0.3001538288372791)	(6.0, 0.3106592128465839)	(7.0, 0.2626346002326192)	(8.0, 0.23411998649307772)	(9.0, 0.15532960642329194)	('>10', 3.474280568791506)	('>50', 1.6425918283120098)	('>100', 6.140396953438637)	('>500', 3.5778336397403665)	('>1k', 4.162383221400968)	('>5k', 5.346490076164034)	('>10k+', 64.55333358346152)
SRR8438073	(1.0, 100.0)	(2.0, 0.0)	(3.0, 0.0)	(4.0, 0.0)	(5.0, 0.0)	(6.0, 0.0)	(7.0, 0.0)	(8.0, 0.0)	(9.0, 0.0)	('>10', 0.0)	('>50', 0.0)	('>100', 0.0)	('>500', 0.0)	('>1k', 0.0)	('>5k', 0.0)	('>10k+', 0.0)
SRR8438073_1	(1.0, 2.7568408485184692)	(2.0, 0.7139325381990087)	(3.0, 0.38349754585689994)	(4.0, 0.3087275840860578)	(5.0, 0.1869249044271053)	(6.0, 0.2604888990726113)	(7.0, 0.2785784059526537)	(8.0, 0.3955572171102616)	(9.0, 0.28219630732866224)	('>10', 6.1154592925796845)	('>50', 2.604888990726113)	('>100', 3.3139976604237766)	('>500', 2.288925603888038)	('>1k', 5.481120584652863)	('>5k', 0.0)	('>10k+', 74.6288636171778)
SRR8438073_2	(1.0, 7.129677644987398)	(2.0, 1.085370412802547)	(3.0, 0.6584580504335451)	(4.0, 0.5788642201613584)	(5.0, 0.38590948010757226)	(6.0, 0.4558555733770698)	(7.0, 0.21948601681118174)	(8.0, 0.35696626909950435)	(9.0, 0.31475741971273863)	('>10', 6.2770588873747295)	('>50', 4.2184730044259)	('>100', 5.174804934817477)	('>500', 0.6210730695481241)	('>1k', 8.146307931645785)	('>5k', 11.234789739631697)	('>10k+', 53.14214734506337)
SRR8438074	(1.0, 100.0)	(2.0, 0.0)	(3.0, 0.0)	(4.0, 0.0)	(5.0, 0.0)	(6.0, 0.0)	(7.0, 0.0)	(8.0, 0.0)	(9.0, 0.0)	('>10', 0.0)	('>50', 0.0)	('>100', 0.0)	('>500', 0.0)	('>1k', 0.0)	('>5k', 0.0)	('>10k+', 0.0)
SRR8438074_1	(1.0, 1.8590384993033282)	(2.0, 0.45260293443803357)	(3.0, 0.25809588823325885)	(4.0, 0.1421397645342585)	(5.0, 0.14026950447459718)	(6.0, 0.11782638375866165)	(7.0, 0.09818865313221804)	(8.0, 0.0897724828637422)	(9.0, 0.04208085134237916)	('>10', 1.3905383543581735)	('>50', 2.6127533033468304)	('>100', 5.477056584718105)	('>500', 1.9273029914809656)	('>1k', 0.0)	('>5k', 0.0)	('>10k+', 85.39233380401545)
SRR8438074_2	(1.0, 7.848546340368628)	(2.0, 0.9182976892936963)	(3.0, 0.448862414318711)	(4.0, 0.3590899314549688)	(5.0, 0.313268559993267)	(6.0, 0.16271262519053273)	(7.0, 0.16364775522036337)	(8.0, 0.13465872429561332)	(9.0, 0.19357191617494413)	('>10', 2.586569662511572)	('>50', 1.766460626350094)	('>100', 6.431824345175197)	('>500', 2.0432591151799655)	('>1k', 1.5710184501154887)	('>5k', 0.0)	('>10k+', 75.05821184435696)
SRR8438075	(1.0, 100.0)	(2.0, 0.0)	(3.0, 0.0)	(4.0, 0.0)	(5.0, 0.0)	(6.0, 0.0)	(7.0, 0.0)	(8.0, 0.0)	(9.0, 0.0)	('>10', 0.0)	('>50', 0.0)	('>100', 0.0)	('>500', 0.0)	('>1k', 0.0)	('>5k', 0.0)	('>10k+', 0.0)
SRR8438075_1	(1.0, 15.641209799696751)	(2.0, 4.7562046125608495)	(3.0, 3.1122815417763947)	(4.0, 2.2663793791397335)	(5.0, 1.715744952517756)	(6.0, 1.1491501077328226)	(7.0, 1.4523980528289842)	(8.0, 1.212991780384646)	(9.0, 1.0055063442662198)	('>10', 11.762828186098476)	('>50', 15.130476418482164)	('>100', 35.20070225839917)	('>500', 5.594126566116032)	('>1k', 0.0)	('>5k', 0.0)	('>10k+', 0.0)
SRR8438075_2	(1.0, 34.89745431330301)	(2.0, 3.2240044689170855)	(3.0, 1.6040220253770647)	(4.0, 1.1172292714069108)	(5.0, 1.0773282259995212)	(6.0, 1.0055063442662198)	(7.0, 1.0613678078365654)	(8.0, 0.7661000718218817)	(9.0, 0.5027531721331099)	('>10', 12.888037666586866)	('>50', 6.727316255685898)	('>100', 25.975580560210677)	('>500', 9.153299816455192)	('>1k', 0.0)	('>5k', 0.0)	('>10k+', 0.0)
SRR8438076	(1.0, 100.0)	(2.0, 0.0)	(3.0, 0.0)	(4.0, 0.0)	(5.0, 0.0)	(6.0, 0.0)	(7.0, 0.0)	(8.0, 0.0)	(9.0, 0.0)	('>10', 0.0)	('>50', 0.0)	('>100', 0.0)	('>500', 0.0)	('>1k', 0.0)	('>5k', 0.0)	('>10k+', 0.0)
SRR8438076_1	(1.0, 3.6689156413987742)	(2.0, 1.3317458217577283)	(3.0, 0.8951801384662875)	(4.0, 0.6173656127353706)	(5.0, 0.5291705252017462)	(6.0, 0.36159985888785995)	(7.0, 0.39099822139906804)	(8.0, 0.22342755508518178)	(9.0, 0.2513559994708295)	('>10', 5.637136011524158)	('>50', 4.287751172259705)	('>100', 12.147403389631197)	('>500', 5.488674280842557)	('>1k', 5.3475621407887575)	('>5k', 12.00776116770296)	('>10k+', 46.813952462847816)
SRR8438076_2	(1.0, 11.331598829945172)	(2.0, 1.6051505931119636)	(3.0, 0.8422630859461128)	(4.0, 0.5585688877129543)	(5.0, 0.4336258470403198)	(6.0, 0.43215592891475946)	(7.0, 0.34984051388337667)	(8.0, 0.34102100513001427)	(9.0, 0.19843894695065487)	('>10', 6.025194396672105)	('>50', 4.621422586761917)	('>100', 12.391409798474225)	('>500', 3.3852214431656154)	('>1k', 13.1013802531199)	('>5k', 0.0)	('>10k+', 44.38270788317091)
SRR8438077	(1.0, 100.0)	(2.0, 0.0)	(3.0, 0.0)	(4.0, 0.0)	(5.0, 0.0)	(6.0, 0.0)	(7.0, 0.0)	(8.0, 0.0)	(9.0, 0.0)	('>10', 0.0)	('>50', 0.0)	('>100', 0.0)	('>500', 0.0)	('>1k', 0.0)	('>5k', 0.0)	('>10k+', 0.0)
SRR8438077_1	(1.0, 6.043282972641895)	(2.0, 1.9327616714305158)	(3.0, 1.1618842570251309)	(4.0, 0.6830246111585434)	(5.0, 0.643428981526164)	(6.0, 0.4677233750324808)	(7.0, 0.4677233750324808)	(8.0, 0.29696722224284494)	(9.0, 0.34522439585730724)	('>10', 7.0133758986351875)	('>50', 5.479045250380489)	('>100', 12.862392813393223)	('>500', 3.168887734016358)	('>1k', 11.970253783238675)	('>5k', 0.0)	('>10k+', 47.464023658388705)
SRR8438077_2	(1.0, 22.542286895083954)	(2.0, 2.1059925510721755)	(3.0, 1.1915809792494154)	(4.0, 0.9008005741366296)	(5.0, 0.5382530903151564)	(6.0, 0.5865102639296188)	(7.0, 0.32913867131915314)	(8.0, 0.36625957409950877)	(9.0, 0.4565871041983741)	('>10', 7.0059517180791175)	('>50', 4.823242634594207)	('>100', 9.817241421978048)	('>500', 4.31839835678137)	('>1k', 4.744051375329448)	('>5k', 11.451798507739708)	('>10k+', 28.821906282094112)
SRR8438078	(1.0, 100.0)	(2.0, 0.0)	(3.0, 0.0)	(4.0, 0.0)	(5.0, 0.0)	(6.0, 0.0)	(7.0, 0.0)	(8.0, 0.0)	(9.0, 0.0)	('>10', 0.0)	('>50', 0.0)	('>100', 0.0)	('>500', 0.0)	('>1k', 0.0)	('>5k', 0.0)	('>10k+', 0.0)
SRR8438078_1	(1.0, 5.248522362358635)	(2.0, 1.782473123283846)	(3.0, 1.116954437566901)	(4.0, 0.8004840135896123)	(5.0, 0.5817471028994275)	(6.0, 0.5235723926094847)	(7.0, 0.39093405314841534)	(8.0, 0.39093405314841534)	(9.0, 0.21990040489598361)	('>10', 5.758132824498534)	('>50', 4.55275282729092)	('>100', 14.636757108949597)	('>500', 5.0495648531670305)	('>1k', 21.20933587750733)	('>5k', 0.0)	('>10k+', 37.737934565085865)
SRR8438078_2	(1.0, 16.65309256759901)	(2.0, 2.280448643365756)	(3.0, 1.2495927770279702)	(4.0, 0.8749476427607391)	(5.0, 0.5584772187834505)	(6.0, 0.4956485316703123)	(7.0, 0.41536743147019123)	(8.0, 0.40024200679480615)	(9.0, 0.4083864662353981)	('>10', 6.343370410015359)	('>50', 6.474845255270628)	('>100', 15.837483129334014)	('>500', 4.0989900870293665)	('>1k', 10.858891422720715)	('>5k', 0.0)	('>10k+', 33.05021640992228)
SRR8438079	(1.0, 100.0)	(2.0, 0.0)	(3.0, 0.0)	(4.0, 0.0)	(5.0, 0.0)	(6.0, 0.0)	(7.0, 0.0)	(8.0, 0.0)	(9.0, 0.0)	('>10', 0.0)	('>50', 0.0)	('>100', 0.0)	('>500', 0.0)	('>1k', 0.0)	('>5k', 0.0)	('>10k+', 0.0)
SRR8438079_1	(1.0, 2.307525482541748)	(2.0, 0.5812188245499892)	(3.0, 0.3903708523096942)	(4.0, 0.18217306441119063)	(5.0, 0.1734981565820863)	(6.0, 0.13662979830839297)	(7.0, 0.18217306441119063)	(8.0, 0.10409889394925179)	(9.0, 0.11711125569290827)	('>10', 3.8657558013446107)	('>50', 2.664281067013663)	('>100', 4.377575363261766)	('>500', 1.5007590544350466)	('>1k', 9.401431359791802)	('>5k', 0.0)	('>10k+', 74.01539796139666)
SRR8438079_2	(1.0, 6.93016699197571)	(2.0, 1.040988939492518)	(3.0, 0.5107351984385166)	(4.0, 0.36000867490782906)	(5.0, 0.27109086965950985)	(6.0, 0.3903708523096942)	(7.0, 0.3188028627195836)	(8.0, 0.2602472348731295)	(9.0, 0.16590761223162004)	('>10', 4.000216872695727)	('>50', 2.668618520928215)	('>100', 5.020602906094123)	('>500', 3.1457384515289526)	('>1k', 9.738668401648233)	('>5k', 0.0)	('>10k+', 65.17783561049664)
SRR8438080	(1.0, 100.0)	(2.0, 0.0)	(3.0, 0.0)	(4.0, 0.0)	(5.0, 0.0)	(6.0, 0.0)	(7.0, 0.0)	(8.0, 0.0)	(9.0, 0.0)	('>10', 0.0)	('>50', 0.0)	('>100', 0.0)	('>500', 0.0)	('>1k', 0.0)	('>5k', 0.0)	('>10k+', 0.0)
SRR8438080_1	(1.0, 2.7822317239741077)	(2.0, 0.6710612269137122)	(3.0, 0.4186709424550151)	(4.0, 0.2494209869944771)	(5.0, 0.17320901874616465)	(6.0, 0.19597363263851772)	(7.0, 0.1524239364966249)	(8.0, 0.11085377199754537)	(9.0, 0.08017103153393908)	('>10', 4.032305956410713)	('>50', 2.5961557495496566)	('>100', 5.023061543638775)	('>500', 1.3153987766494446)	('>1k', 7.521230476869173)	('>5k', 5.048795454995348)	('>10k+', 69.62903577013678)
SRR8438080_2	(1.0, 7.741948255042858)	(2.0, 0.9858067581210286)	(3.0, 0.5879208979155532)	(4.0, 0.3840291387057822)	(5.0, 0.33157155017122947)	(6.0, 0.23754379713759724)	(7.0, 0.26327770849417026)	(8.0, 0.2058712908525843)	(9.0, 0.2316052022091573)	('>10', 4.157016449907952)	('>50', 1.7231822950689868)	('>100', 7.147098996377458)	('>500', 1.4915770928598293)	('>1k', 11.673298097670092)	('>5k', 0.0)	('>10k+', 62.83825246946573)
SRR8438081	(1.0, 100.0)	(2.0, 0.0)	(3.0, 0.0)	(4.0, 0.0)	(5.0, 0.0)	(6.0, 0.0)	(7.0, 0.0)	(8.0, 0.0)	(9.0, 0.0)	('>10', 0.0)	('>50', 0.0)	('>100', 0.0)	('>500', 0.0)	('>1k', 0.0)	('>5k', 0.0)	('>10k+', 0.0)
SRR8438081_1	(1.0, 3.451268059220826)	(2.0, 0.9589837634745271)	(3.0, 0.4750190097061323)	(4.0, 0.24690253611844168)	(5.0, 0.22364360155655943)	(6.0, 0.1932280717448674)	(7.0, 0.2129087086818446)	(8.0, 0.15028850024600798)	(9.0, 0.14492105380865053)	('>10', 4.526546495504764)	('>50', 3.3063470054121753)	('>100', 5.578565997226819)	('>500', 5.070447734490316)	('>1k', 2.486022274902715)	('>5k', 0.0)	('>10k+', 72.97490718790536)
SRR8438081_2	(1.0, 9.876996019143892)	(2.0, 1.3400724605269043)	(3.0, 0.6682470814509998)	(4.0, 0.4616003936127387)	(5.0, 0.42939571498859413)	(6.0, 0.30057700049201597)	(7.0, 0.21917072952542827)	(8.0, 0.15028850024600798)	(9.0, 0.2737397683052288)	('>10', 5.628662163975489)	('>50', 2.4269803640917833)	('>100', 6.646687838260948)	('>500', 3.6722279375587066)	('>1k', 4.125777161515409)	('>5k', 0.0)	('>10k+', 63.77957686630585)
SRR8438082	(1.0, 100.0)	(2.0, 0.0)	(3.0, 0.0)	(4.0, 0.0)	(5.0, 0.0)	(6.0, 0.0)	(7.0, 0.0)	(8.0, 0.0)	(9.0, 0.0)	('>10', 0.0)	('>50', 0.0)	('>100', 0.0)	('>500', 0.0)	('>1k', 0.0)	('>5k', 0.0)	('>10k+', 0.0)
SRR8438082_1	(1.0, 3.054201199267393)	(2.0, 1.0102615138869142)	(3.0, 0.6498122485845467)	(4.0, 0.3980831793130556)	(5.0, 0.2550743060724411)	(6.0, 0.22580348406412817)	(7.0, 0.1931874252548652)	(8.0, 0.17395231364940247)	(9.0, 0.15053565604275213)	('>10', 3.957415135523906)	('>50', 4.319537019226749)	('>100', 9.504654060699322)	('>500', 3.400433208165723)	('>1k', 19.721007250800763)	('>5k', 0.0)	('>10k+', 52.98604199944804)
SRR8438082_2	(1.0, 7.446497118914805)	(2.0, 1.3548209043847692)	(3.0, 0.8304550358358493)	(4.0, 0.5385831249529577)	(5.0, 0.41397305411756835)	(6.0, 0.33117844329405466)	(7.0, 0.2634373980748162)	(8.0, 0.19402373445510274)	(9.0, 0.248383832470541)	('>10', 4.858120144179706)	('>50', 5.426810400341214)	('>100', 8.36560092997583)	('>500', 5.905179262877071)	('>1k', 14.765038930193272)	('>5k', 0.0)	('>10k+', 49.057897685932446)
SRR8438083	(1.0, 100.0)	(2.0, 0.0)	(3.0, 0.0)	(4.0, 0.0)	(5.0, 0.0)	(6.0, 0.0)	(7.0, 0.0)	(8.0, 0.0)	(9.0, 0.0)	('>10', 0.0)	('>50', 0.0)	('>100', 0.0)	('>500', 0.0)	('>1k', 0.0)	('>5k', 0.0)	('>10k+', 0.0)
SRR8438083_1	(1.0, 2.248274838613935)	(2.0, 0.52270122760588)	(3.0, 0.25722836437387153)	(4.0, 0.13191198173019053)	(5.0, 0.07832273915230062)	(6.0, 0.06430709109346788)	(7.0, 0.05194034280626253)	(8.0, 0.059360391778585736)	(9.0, 0.06678044075090896)	('>10', 2.2087012440948777)	('>50', 2.7132645742128565)	('>100', 5.361397607446431)	('>500', 1.0008821613778207)	('>1k', 1.1698943879696273)	('>5k', 0.0)	('>10k+', 84.06503260699299)
SRR8438083_2	(1.0, 7.099337966741692)	(2.0, 0.9151393732531968)	(3.0, 0.509510029432861)	(4.0, 0.42871394062311924)	(5.0, 0.24321271631503877)	(6.0, 0.25722836437387153)	(7.0, 0.18467677442226674)	(8.0, 0.2044635716817953)	(9.0, 0.18550122430808041)	('>10', 3.0438689784241464)	('>50', 1.7766895039285038)	('>100', 6.091860206277362)	('>500', 0.6950112537409413)	('>1k', 5.755484652865375)	('>5k', 0.0)	('>10k+', 72.60930144361176)
SRR8438084_1	(1.0, 7.322988898908549)	(2.0, 2.636897913492335)	(3.0, 1.8750583040517428)	(4.0, 1.4552691315028452)	(5.0, 1.119437793463727)	(6.0, 1.0074940141173545)	(7.0, 0.8489069933766598)	(8.0, 0.7711682577194565)	(9.0, 0.4197891725488977)	('>10', 9.869709879038528)	('>50', 9.41571566280046)	('>100', 15.762306041854535)	('>500', 5.192947541901178)	('>1k', 22.26126434279673)	('>5k', 20.041046052427003)	('>10k+', 0.0)
SRR8438084_2	(1.0, 20.833981156130477)	(2.0, 2.643117012344911)	(3.0, 1.6325134488012687)	(4.0, 1.0945613980534221)	(5.0, 0.8084828508349141)	(6.0, 0.5410616001741347)	(7.0, 0.6530053795205074)	(8.0, 0.4975279082061009)	(9.0, 0.5597188967318635)	('>10', 10.472962467738425)	('>50', 6.567368388320532)	('>100', 10.286389502161136)	('>500', 7.798749961130633)	('>1k', 18.679063403712803)	('>5k', 16.931496626138873)	('>10k+', 0.0)
SRR8438085	(1.0, 100.0)	(2.0, 0.0)	(3.0, 0.0)	(4.0, 0.0)	(5.0, 0.0)	(6.0, 0.0)	(7.0, 0.0)	(8.0, 0.0)	(9.0, 0.0)	('>10', 0.0)	('>50', 0.0)	('>100', 0.0)	('>500', 0.0)	('>1k', 0.0)	('>5k', 0.0)	('>10k+', 0.0)
SRR8438085_1	(1.0, 7.991751048497347)	(2.0, 2.9844521166902243)	(3.0, 1.9880899969877426)	(4.0, 1.3902727251662534)	(5.0, 1.3786871191232013)	(6.0, 0.9314827258613899)	(7.0, 0.9083115137752855)	(8.0, 0.7785527260931019)	(9.0, 0.6256227263248141)	('>10', 8.540908774938016)	('>50', 9.70642074286906)	('>100', 23.551219964316335)	('>500', 7.155270292188984)	('>1k', 32.068957527168244)	('>5k', 0.0)	('>10k+', 0.0)
SRR8438085_2	(1.0, 29.100725258938294)	(2.0, 3.1003081771207452)	(3.0, 1.821257269967792)	(4.0, 1.1678290891396528)	(5.0, 0.9847765136594294)	(6.0, 0.6256227263248141)	(7.0, 0.6163542414903723)	(8.0, 0.7044048474175684)	(9.0, 0.43793590842736985)	('>10', 7.755404685219084)	('>50', 6.793799383645759)	('>100', 18.458187547790626)	('>500', 6.571355747619158)	('>1k', 21.862038603239338)	('>5k', 0.0)	('>10k+', 0.0)
SRR8438086	(1.0, 100.0)	(2.0, 0.0)	(3.0, 0.0)	(4.0, 0.0)	(5.0, 0.0)	(6.0, 0.0)	(7.0, 0.0)	(8.0, 0.0)	(9.0, 0.0)	('>10', 0.0)	('>50', 0.0)	('>100', 0.0)	('>500', 0.0)	('>1k', 0.0)	('>5k', 0.0)	('>10k+', 0.0)
SRR8438086_1	(1.0, 5.890377736009216)	(2.0, 2.1645546595525373)	(3.0, 1.0095191899593767)	(4.0, 0.8003395379858123)	(5.0, 0.5305281028315042)	(6.0, 0.4365488389013521)	(7.0, 0.4880858546049839)	(8.0, 0.6063178318074335)	(9.0, 0.5729703510580246)	('>10', 7.979142666585824)	('>50', 8.915903716728309)	('>100', 19.23846480324986)	('>500', 2.210028496938095)	('>1k', 23.891954162371913)	('>5k', 25.265264051415752)	('>10k+', 0.0)
SRR8438086_2	(1.0, 25.15006366337234)	(2.0, 2.304007760868247)	(3.0, 1.6643424483114049)	(4.0, 1.2732674467956102)	(5.0, 0.8791608561207784)	(6.0, 0.7275813981689201)	(7.0, 0.5729703510580246)	(8.0, 0.6548232583520281)	(9.0, 0.3546959316073486)	('>10', 8.770387437094525)	('>50', 8.521797126053478)	('>100', 12.578063420845206)	('>500', 2.3525131874128418)	('>1k', 15.076092887891832)	('>5k', 19.120232826047413)	('>10k+', 0.0)
SRR8438087	(1.0, 100.0)	(2.0, 0.0)	(3.0, 0.0)	(4.0, 0.0)	(5.0, 0.0)	(6.0, 0.0)	(7.0, 0.0)	(8.0, 0.0)	(9.0, 0.0)	('>10', 0.0)	('>50', 0.0)	('>100', 0.0)	('>500', 0.0)	('>1k', 0.0)	('>5k', 0.0)	('>10k+', 0.0)
SRR8438087_1	(1.0, 3.1599790702684953)	(2.0, 0.9787727379987484)	(3.0, 0.7048394874267716)	(4.0, 0.4432178436220747)	(5.0, 0.28727082456986325)	(6.0, 0.2954785624147165)	(7.0, 0.24418020088438375)	(8.0, 0.22160892181103736)	(9.0, 0.166206691358278)	('>10', 4.869240476459182)	('>50', 3.4195487796119792)	('>100', 9.32296422452267)	('>500', 1.7862089484861854)	('>1k', 2.3976854179277516)	('>5k', 14.583098215842986)	('>10k+', 57.11969959679488)
SRR8438087_2	(1.0, 11.312314684668971)	(2.0, 1.3871076957801967)	(3.0, 0.9049030973950692)	(4.0, 0.5786455180621531)	(5.0, 0.40012721993659517)	(6.0, 0.3693482030183956)	(7.0, 0.4021791543978085)	(8.0, 0.2954785624147165)	(9.0, 0.24931003703741705)	('>10', 4.9420841498322545)	('>50', 4.4455160102186335)	('>100', 7.244354615313586)	('>500', 3.1456155290400023)	('>1k', 11.289743405595626)	('>5k', 0.0)	('>10k+', 53.033272117288575)
SRR8438088	(1.0, 100.0)	(2.0, 0.0)	(3.0, 0.0)	(4.0, 0.0)	(5.0, 0.0)	(6.0, 0.0)	(7.0, 0.0)	(8.0, 0.0)	(9.0, 0.0)	('>10', 0.0)	('>50', 0.0)	('>100', 0.0)	('>500', 0.0)	('>1k', 0.0)	('>5k', 0.0)	('>10k+', 0.0)
SRR8438088_1	(1.0, 2.621535572880526)	(2.0, 0.6143107881954366)	(3.0, 0.32756439038328095)	(4.0, 0.228580758398302)	(5.0, 0.17347646842728273)	(6.0, 0.18980366545573288)	(7.0, 0.1357198252989918)	(8.0, 0.1387811747418262)	(9.0, 0.13776072492754807)	('>10', 3.9501612310706555)	('>50', 1.8255847177435816)	('>100', 4.0134291195559)	('>500', 0.5990040409812645)	('>1k', 4.569574268337483)	('>5k', 0.0)	('>10k+', 80.47471325360219)
SRR8438088_2	(1.0, 7.322747867259888)	(2.0, 1.0347361116780278)	(3.0, 0.5877790930242051)	(4.0, 0.44491611902526634)	(5.0, 0.3571574349973468)	(6.0, 0.23266255765541452)	(7.0, 0.1357198252989918)	(8.0, 0.24490795542675212)	(9.0, 0.14694477325605126)	('>10', 3.90424098942814)	('>50', 3.366463937303563)	('>100', 3.7103555247152946)	('>500', 1.1224947957059472)	('>1k', 7.79215478182783)	('>5k', 0.0)	('>10k+', 69.59671823339728)
SRR8438089	(1.0, 100.0)	(2.0, 0.0)	(3.0, 0.0)	(4.0, 0.0)	(5.0, 0.0)	(6.0, 0.0)	(7.0, 0.0)	(8.0, 0.0)	(9.0, 0.0)	('>10', 0.0)	('>50', 0.0)	('>100', 0.0)	('>500', 0.0)	('>1k', 0.0)	('>5k', 0.0)	('>10k+', 0.0)
SRR8438089_1	(1.0, 3.772727830773575)	(2.0, 1.1589505604459014)	(3.0, 0.7624028580899415)	(4.0, 0.4567050937350374)	(5.0, 0.5156347832492357)	(6.0, 0.33884571470664065)	(7.0, 0.3523504352203111)	(8.0, 0.22589714313776044)	(9.0, 0.2762329195978049)	('>10', 7.040870195081826)	('>50', 3.856211557585356)	('>100', 7.136630940542399)	('>500', 8.690901501479381)	('>1k', 18.071771451020837)	('>5k', 0.0)	('>10k+', 47.343867015334)
SRR8438089_2	(1.0, 11.604238026837562)	(2.0, 1.6156556541809388)	(3.0, 0.9539243490110861)	(4.0, 0.6433157771966656)	(5.0, 0.5094962739248401)	(6.0, 0.4493388825457626)	(7.0, 0.33516260911200324)	(8.0, 0.41250782659938856)	(9.0, 0.2762329195978049)	('>10', 8.016893177660737)	('>50', 5.255791683547567)	('>100', 9.375959142081937)	('>500', 7.930954047119197)	('>1k', 11.701226474163013)	('>5k', 0.0)	('>10k+', 40.91930315642149)
SRR8438090	(1.0, 100.0)	(2.0, 0.0)	(3.0, 0.0)	(4.0, 0.0)	(5.0, 0.0)	(6.0, 0.0)	(7.0, 0.0)	(8.0, 0.0)	(9.0, 0.0)	('>10', 0.0)	('>50', 0.0)	('>100', 0.0)	('>500', 0.0)	('>1k', 0.0)	('>5k', 0.0)	('>10k+', 0.0)
SRR8438090_1	(1.0, 3.1503999379740786)	(2.0, 0.7779084342331399)	(3.0, 0.45356455218576763)	(4.0, 0.33597374235982785)	(5.0, 0.2713634072906302)	(6.0, 0.3101296083321488)	(7.0, 0.3075451949293809)	(8.0, 0.2687789938878623)	(9.0, 0.26748678718647834)	('>10', 5.018930828175275)	('>50', 2.753692480649205)	('>100', 4.2203470867199915)	('>500', 0.0)	('>1k', 5.064158062723713)	('>5k', 7.7790843423314)	('>10k+', 69.02063654102109)
SRR8438090_2	(1.0, 7.8837530851435)	(2.0, 1.2947911147867213)	(3.0, 0.8257200821843462)	(4.0, 0.5892462558310827)	(5.0, 0.4135061444428651)	(6.0, 0.4341814516650083)	(7.0, 0.3075451949293809)	(8.0, 0.2687789938878623)	(9.0, 0.3721555299985786)	('>10', 5.725767893832297)	('>50', 2.753692480649205)	('>100', 5.042190548800186)	('>500', 2.986289686898316)	('>1k', 4.8031323090441544)	('>5k', 6.722059260599325)	('>10k+', 59.57718996730718)
SRR8438091	(1.0, 100.0)	(2.0, 0.0)	(3.0, 0.0)	(4.0, 0.0)	(5.0, 0.0)	(6.0, 0.0)	(7.0, 0.0)	(8.0, 0.0)	(9.0, 0.0)	('>10', 0.0)	('>50', 0.0)	('>100', 0.0)	('>500', 0.0)	('>1k', 0.0)	('>5k', 0.0)	('>10k+', 0.0)
SRR8438091_1	(1.0, 2.224494706448508)	(2.0, 0.5317613089509143)	(3.0, 0.2634744947064485)	(4.0, 0.19730510105871027)	(5.0, 0.16843118383060635)	(6.0, 0.18046198267564964)	(7.0, 0.2779114533205005)	(8.0, 0.21174205967276227)	(9.0, 0.19489894128970164)	('>10', 5.001203079884505)	('>50', 1.8310875842155918)	('>100', 2.4651106833493746)	('>500', 0.0)	('>1k', 0.0)	('>5k', 8.647738209817133)	('>10k+', 77.8043792107796)
SRR8438091_2	(1.0, 7.059672762271414)	(2.0, 1.0635226179018287)	(3.0, 0.6388354186717998)	(4.0, 0.42348411934552455)	(5.0, 0.22256977863330127)	(6.0, 0.32483156881616937)	(7.0, 0.3284408084696824)	(8.0, 0.22136669874879694)	(9.0, 0.2598652550529355)	('>10', 4.516361886429259)	('>50', 2.212463907603465)	('>100', 5.688161693936477)	('>500', 1.9525986525505294)	('>1k', 1.5892685274302214)	('>5k', 17.812800769971126)	('>10k+', 55.68575553416747)
SRR8438092	(1.0, 100.0)	(2.0, 0.0)	(3.0, 0.0)	(4.0, 0.0)	(5.0, 0.0)	(6.0, 0.0)	(7.0, 0.0)	(8.0, 0.0)	(9.0, 0.0)	('>10', 0.0)	('>50', 0.0)	('>100', 0.0)	('>500', 0.0)	('>1k', 0.0)	('>5k', 0.0)	('>10k+', 0.0)
SRR8438092_1	(1.0, 3.9692093992360227)	(2.0, 1.2594050237295984)	(3.0, 0.8438476675541151)	(4.0, 0.5370992012964464)	(5.0, 0.4109271906470657)	(6.0, 0.3958791526797083)	(7.0, 0.3079060076397731)	(8.0, 0.37041324227341127)	(9.0, 0.30211830072925105)	('>10', 7.672184280588031)	('>50', 3.4043292047690707)	('>100', 6.802870702627619)	('>500', 4.429910869313578)	('>1k', 22.190068294941547)	('>5k', 15.544623220280124)	('>10k+', 31.55920824169464)
SRR8438092_2	(1.0, 14.612802407686074)	(2.0, 1.944669521935409)	(3.0, 1.205000578770691)	(4.0, 0.7269359879615697)	(5.0, 0.7176756569047343)	(6.0, 0.5347841185322375)	(7.0, 0.4294478527607362)	(8.0, 0.49079754601227)	(9.0, 0.4479685148744068)	('>10', 8.366709109850676)	('>50', 3.5594397499710615)	('>100', 10.219932862599839)	('>500', 3.121889107535594)	('>1k', 16.39888876027318)	('>5k', 24.00277809931705)	('>10k+', 13.220280125014469)
SRR8438093	(1.0, 100.0)	(2.0, 0.0)	(3.0, 0.0)	(4.0, 0.0)	(5.0, 0.0)	(6.0, 0.0)	(7.0, 0.0)	(8.0, 0.0)	(9.0, 0.0)	('>10', 0.0)	('>50', 0.0)	('>100', 0.0)	('>500', 0.0)	('>1k', 0.0)	('>5k', 0.0)	('>10k+', 0.0)
SRR8438093_1	(1.0, 7.075899606894466)	(2.0, 2.781977623223465)	(3.0, 1.2095554883580284)	(4.0, 0.5241407116218123)	(5.0, 0.554379598830763)	(6.0, 0.48382219534321136)	(7.0, 0.42334442092530994)	(8.0, 0.1612740651144038)	(9.0, 0.09071666162685213)	('>10', 10.301380909182543)	('>50', 11.50085676847092)	('>100', 43.614554984376575)	('>500', 5.332123777844975)	('>1k', 15.945973188186674)	('>5k', 0.0)	('>10k+', 0.0)
SRR8438093_2	(1.0, 14.484426973087391)	(2.0, 3.5480294325168833)	(3.0, 1.6933776837012398)	(4.0, 1.1289184558008265)	(5.0, 0.9575647616167726)	(6.0, 0.6047777441790142)	(7.0, 0.49390182441286157)	(8.0, 0.1612740651144038)	(9.0, 0.3628666465074085)	('>10', 11.652051204515674)	('>50', 13.839330712629774)	('>100', 32.083459328696705)	('>500', 5.362362665053926)	('>1k', 13.62765850216712)	('>5k', 0.0)	('>10k+', 0.0)
SRR8438094	(1.0, 100.0)	(2.0, 0.0)	(3.0, 0.0)	(4.0, 0.0)	(5.0, 0.0)	(6.0, 0.0)	(7.0, 0.0)	(8.0, 0.0)	(9.0, 0.0)	('>10', 0.0)	('>50', 0.0)	('>100', 0.0)	('>500', 0.0)	('>1k', 0.0)	('>5k', 0.0)	('>10k+', 0.0)
SRR8438094_1	(1.0, 2.836574864104332)	(2.0, 0.601218258049205)	(3.0, 0.25088431068970585)	(4.0, 0.0994496366697933)	(5.0, 0.11866149829918518)	(6.0, 0.0813678845480127)	(7.0, 0.07910766553279013)	(8.0, 0.0361635042435612)	(9.0, 0.04068394227400635)	('>10', 2.415044017765321)	('>50', 3.0716376416874795)	('>100', 4.062743679862579)	('>500', 2.3483675568162554)	('>1k', 0.0)	('>5k', 0.0)	('>10k+', 83.95809553945777)
SRR8438094_2	(1.0, 8.828415473459378)	(2.0, 0.9967565857131556)	(3.0, 0.5153299354707471)	(4.0, 0.32095110016160566)	(5.0, 0.2090702589080882)	(6.0, 0.1898583972786963)	(7.0, 0.18194763072541728)	(8.0, 0.1356131409133545)	(9.0, 0.18307774023302859)	('>10', 2.893080339484896)	('>50', 2.09748324612655)	('>100', 5.976019076248488)	('>500', 1.3629120661792127)	('>1k', 2.6885305186072532)	('>5k', 0.0)	('>10k+', 73.42095449049013)
SRR8438095	(1.0, 93.10344827586206)	(2.0, 6.896551724137931)	(3.0, 0.0)	(4.0, 0.0)	(5.0, 0.0)	(6.0, 0.0)	(7.0, 0.0)	(8.0, 0.0)	(9.0, 0.0)	('>10', 0.0)	('>50', 0.0)	('>100', 0.0)	('>500', 0.0)	('>1k', 0.0)	('>5k', 0.0)	('>10k+', 0.0)
SRR8438095_1	(1.0, 3.4555656759887103)	(2.0, 0.7354181425631684)	(3.0, 0.3204803832270688)	(4.0, 0.2968660391998111)	(5.0, 0.21365358881804586)	(6.0, 0.19566170765442092)	(7.0, 0.1889147522180616)	(8.0, 0.19791069279987403)	(9.0, 0.18216779678170225)	('>10', 5.47402984403288)	('>50', 3.158699636788899)	('>100', 3.5027943640432255)	('>500', 0.0)	('>1k', 5.140055549933092)	('>5k', 0.0)	('>10k+', 76.93778182595103)
SRR8438095_2	(1.0, 9.287184158148635)	(2.0, 1.3336481912536966)	(3.0, 0.6713220659177547)	(4.0, 0.6252178704359658)	(5.0, 0.36546008613613107)	(6.0, 0.33060081638160776)	(7.0, 0.2912435763361783)	(8.0, 0.26088227687256127)	(9.0, 0.26313126201801434)	('>10', 6.461334322886797)	('>50', 2.7010311596891903)	('>100', 4.388894511351753)	('>500', 0.0)	('>1k', 8.397710533121929)	('>5k', 0.0)	('>10k+', 64.62233916944979)
SRR8438096	(1.0, 100.0)	(2.0, 0.0)	(3.0, 0.0)	(4.0, 0.0)	(5.0, 0.0)	(6.0, 0.0)	(7.0, 0.0)	(8.0, 0.0)	(9.0, 0.0)	('>10', 0.0)	('>50', 0.0)	('>100', 0.0)	('>500', 0.0)	('>1k', 0.0)	('>5k', 0.0)	('>10k+', 0.0)
SRR8438096_1	(1.0, 6.0656524316238105)	(2.0, 1.8346552259448474)	(3.0, 1.177001891106156)	(4.0, 0.8580541364418979)	(5.0, 0.8891021479578876)	(6.0, 0.50805837026165)	(7.0, 0.6717660673459596)	(8.0, 0.49676818425583563)	(9.0, 0.4318496147224025)	('>10', 7.011205509610771)	('>50', 5.289452143724068)	('>100', 15.998193570239069)	('>500', 6.212424849699398)	('>1k', 29.08351915097801)	('>5k', 23.472296706088233)	('>10k+', 0.0)
SRR8438096_2	(1.0, 14.236924553332017)	(2.0, 2.359648875215219)	(3.0, 1.2870812046628468)	(4.0, 0.9935363685116713)	(5.0, 0.7903130204070112)	(6.0, 0.6774111603488667)	(7.0, 0.5532191142849079)	(8.0, 0.4516074402325779)	(9.0, 0.5842671258008976)	('>10', 8.052725168647154)	('>50', 7.220073950718338)	('>100', 14.502243924468655)	('>500', 6.542662790369472)	('>1k', 22.055378362358518)	('>5k', 19.692906940641848)	('>10k+', 0.0)
SRR8438097	(1.0, 100.0)	(2.0, 0.0)	(3.0, 0.0)	(4.0, 0.0)	(5.0, 0.0)	(6.0, 0.0)	(7.0, 0.0)	(8.0, 0.0)	(9.0, 0.0)	('>10', 0.0)	('>50', 0.0)	('>100', 0.0)	('>500', 0.0)	('>1k', 0.0)	('>5k', 0.0)	('>10k+', 0.0)
SRR8438097_1	(1.0, 8.502645337006543)	(2.0, 2.1162696052343235)	(3.0, 1.3430172494756285)	(4.0, 0.9391729017312087)	(5.0, 0.8296027298625677)	(6.0, 0.9203894436965846)	(7.0, 0.35062454997965126)	(8.0, 0.8014275428106313)	(9.0, 0.8170804245061516)	('>10', 10.822402404282629)	('>50', 6.452117834893404)	('>100', 12.475346711329555)	('>500', 1.5746798985693267)	('>1k', 0.0)	('>5k', 0.0)	('>10k+', 52.055223366621796)
SRR8438097_2	(1.0, 18.59249287793883)	(2.0, 2.3854991703972703)	(3.0, 1.1457909401120747)	(4.0, 0.6511598785336381)	(5.0, 0.6261152678208058)	(6.0, 0.7701217794195911)	(7.0, 0.5040227905957486)	(8.0, 0.4508029928309802)	(9.0, 0.39445261872710763)	('>10', 10.230723476191967)	('>50', 5.660082021100084)	('>100', 12.0433271765332)	('>500', 3.4999843471183048)	('>1k', 0.0)	('>5k', 0.0)	('>10k+', 43.0454246626804)
SRR8438098	(1.0, 100.0)	(2.0, 0.0)	(3.0, 0.0)	(4.0, 0.0)	(5.0, 0.0)	(6.0, 0.0)	(7.0, 0.0)	(8.0, 0.0)	(9.0, 0.0)	('>10', 0.0)	('>50', 0.0)	('>100', 0.0)	('>500', 0.0)	('>1k', 0.0)	('>5k', 0.0)	('>10k+', 0.0)
SRR8438098_1	(1.0, 7.229174422267404)	(2.0, 2.073251052375362)	(3.0, 1.0953294579193036)	(4.0, 0.7617193092981301)	(5.0, 0.6657884940293806)	(6.0, 0.4982675181123107)	(7.0, 0.5813121044643624)	(8.0, 0.3321783454082071)	(9.0, 0.46390424100111677)	('>10', 5.7673033418287)	('>50', 5.025629277512099)	('>100', 15.287362904842357)	('>500', 5.045674522493628)	('>1k', 14.305145900747402)	('>5k', 21.60447868045016)	('>10k+', 19.26348042725008)
SRR8438098_2	(1.0, 15.317430772314653)	(2.0, 2.5972910283210675)	(3.0, 1.460439277225738)	(4.0, 1.0538071647432776)	(5.0, 0.9020360241688383)	(6.0, 0.5755848916124967)	(7.0, 0.6314252169181868)	(8.0, 0.572721285186564)	(9.0, 0.3221557229174422)	('>10', 7.9636894705191725)	('>50', 4.680564703187194)	('>100', 17.546748374903352)	('>500', 3.7183929440737664)	('>1k', 19.604249591936085)	('>5k', 8.096847169325049)	('>10k+', 14.956616362647118)
SRR8438099	(1.0, 88.57142857142857)	(2.0, 11.428571428571429)	(3.0, 0.0)	(4.0, 0.0)	(5.0, 0.0)	(6.0, 0.0)	(7.0, 0.0)	(8.0, 0.0)	(9.0, 0.0)	('>10', 0.0)	('>50', 0.0)	('>100', 0.0)	('>500', 0.0)	('>1k', 0.0)	('>5k', 0.0)	('>10k+', 0.0)
SRR8438099_1	(1.0, 2.1198928596825297)	(2.0, 0.4661709978429715)	(3.0, 0.2204435735562526)	(4.0, 0.12957973499363953)	(5.0, 0.06716022850280097)	(6.0, 0.09007371822728602)	(7.0, 0.06083926582018442)	(8.0, 0.08217251487401532)	(9.0, 0.03555541508971816)	('>10', 1.628438011109092)	('>50', 2.1206829800178566)	('>100', 4.7944501947646625)	('>500', 1.0635019713502365)	('>1k', 1.9974242077068338)	('>5k', 0.0)	('>10k+', 85.12361432646192)
SRR8438099_2	(1.0, 8.911767262154026)	(2.0, 0.9750084937936048)	(3.0, 0.47407220119624216)	(4.0, 0.3571343915678358)	(5.0, 0.2646903123345686)	(6.0, 0.213332490538309)	(7.0, 0.21017200919700071)	(8.0, 0.18330791779588032)	(9.0, 0.16355490941270356)	('>10', 3.427542014648831)	('>50', 3.354850943798741)	('>100', 2.9732228218357655)	('>500', 1.4870064710855464)	('>1k', 6.012025631503678)	('>5k', 0.0)	('>10k+', 70.99231212913728)
SRR8438100	(1.0, 100.0)	(2.0, 0.0)	(3.0, 0.0)	(4.0, 0.0)	(5.0, 0.0)	(6.0, 0.0)	(7.0, 0.0)	(8.0, 0.0)	(9.0, 0.0)	('>10', 0.0)	('>50', 0.0)	('>100', 0.0)	('>500', 0.0)	('>1k', 0.0)	('>5k', 0.0)	('>10k+', 0.0)
SRR8438100_1	(1.0, 3.3149688928865904)	(2.0, 1.0025485345926093)	(3.0, 0.6689903305599281)	(4.0, 0.4085151038153062)	(5.0, 0.4450565924593359)	(6.0, 0.4160107937935687)	(7.0, 0.30826025035604526)	(8.0, 0.2773405291957125)	(9.0, 0.24454688554081402)	('>10', 5.462484071658796)	('>50', 2.2562026834570124)	('>100', 8.61161082377633)	('>500', 3.4208455138295477)	('>1k', 19.745521325237988)	('>5k', 17.072370886740124)	('>10k+', 36.344726782100295)
SRR8438100_2	(1.0, 8.02882092796642)	(2.0, 1.5947080428753466)	(3.0, 0.8854283786822577)	(4.0, 0.6746120980436249)	(5.0, 0.5902855857881718)	(6.0, 0.4384978637283562)	(7.0, 0.3541713514729031)	(8.0, 0.31481897908702494)	(9.0, 0.3035754441196312)	('>10', 6.292631736751368)	('>50', 3.2025335432126525)	('>100', 10.526759613222398)	('>500', 3.5576418559328387)	('>1k', 18.948167303800314)	('>5k', 23.685443370062213)	('>10k+', 20.601903905254478)
SRR8438101	(1.0, 100.0)	(2.0, 0.0)	(3.0, 0.0)	(4.0, 0.0)	(5.0, 0.0)	(6.0, 0.0)	(7.0, 0.0)	(8.0, 0.0)	(9.0, 0.0)	('>10', 0.0)	('>50', 0.0)	('>100', 0.0)	('>500', 0.0)	('>1k', 0.0)	('>5k', 0.0)	('>10k+', 0.0)
SRR8438101_1	(1.0, 3.181182630425513)	(2.0, 0.9023928284561149)	(3.0, 0.6039090467360153)	(4.0, 0.503753359182095)	(5.0, 0.3768233789157403)	(6.0, 0.33914104102416626)	(7.0, 0.36095713138244595)	(8.0, 0.3093918268992394)	(9.0, 0.23204387017442957)	('>10', 6.280059101772062)	('>50', 2.6248723262893807)	('>100', 4.094483504060768)	('>500', 1.3337564332675544)	('>1k', 17.479646579336197)	('>5k', 14.919230883650824)	('>10k+', 46.458356058427455)
SRR8438101_2	(1.0, 7.841892843330722)	(2.0, 1.4636613349464018)	(3.0, 0.9073510308102695)	(4.0, 0.6862152058149797)	(5.0, 0.5751514730819194)	(6.0, 0.4402883690489176)	(7.0, 0.34707416479081343)	(8.0, 0.3331911981991809)	(9.0, 0.3480658052616443)	('>10', 7.387721507690172)	('>50', 3.050286088275835)	('>100', 6.564659916900528)	('>500', 2.3293634659817735)	('>1k', 16.970935017799945)	('>5k', 13.229475521354978)	('>10k+', 37.52466705671192)
SRR8438102	(1.0, 100.0)	(2.0, 0.0)	(3.0, 0.0)	(4.0, 0.0)	(5.0, 0.0)	(6.0, 0.0)	(7.0, 0.0)	(8.0, 0.0)	(9.0, 0.0)	('>10', 0.0)	('>50', 0.0)	('>100', 0.0)	('>500', 0.0)	('>1k', 0.0)	('>5k', 0.0)	('>10k+', 0.0)
SRR8438102_1	(1.0, 2.9214285714285713)	(2.0, 0.9612244897959183)	(3.0, 0.6520408163265305)	(4.0, 0.4285714285714286)	(5.0, 0.326530612244898)	(6.0, 0.36734693877551017)	(7.0, 0.3214285714285714)	(8.0, 0.326530612244898)	(9.0, 0.3489795918367347)	('>10', 6.126530612244898)	('>50', 3.0551020408163265)	('>100', 4.410204081632653)	('>500', 5.681632653061224)	('>1k', 6.548979591836734)	('>5k', 15.740816326530613)	('>10k+', 51.782653061224494)
SRR8438102_2	(1.0, 11.214285714285714)	(2.0, 1.6428571428571428)	(3.0, 0.9795918367346939)	(4.0, 0.6326530612244898)	(5.0, 0.5918367346938775)	(6.0, 0.4408163265306122)	(7.0, 0.3785714285714286)	(8.0, 0.4163265306122449)	(9.0, 0.4316326530612245)	('>10', 6.529591836734694)	('>50', 3.620408163265306)	('>100', 5.559183673469388)	('>500', 4.135714285714285)	('>1k', 12.818367346938775)	('>5k', 6.8244897959183675)	('>10k+', 43.78367346938776)
SRR8438103	(1.0, 92.0)	(2.0, 8.0)	(3.0, 0.0)	(4.0, 0.0)	(5.0, 0.0)	(6.0, 0.0)	(7.0, 0.0)	(8.0, 0.0)	(9.0, 0.0)	('>10', 0.0)	('>50', 0.0)	('>100', 0.0)	('>500', 0.0)	('>1k', 0.0)	('>5k', 0.0)	('>10k+', 0.0)
SRR8438103_1	(1.0, 5.157115494124347)	(2.0, 1.4432882952839468)	(3.0, 0.8075788165864265)	(4.0, 0.534244447895636)	(5.0, 0.2588393642905213)	(6.0, 0.40378940829321325)	(7.0, 0.3261375990060568)	(8.0, 0.30646580731997725)	(9.0, 0.13045503960242275)	('>10', 5.755552104364032)	('>50', 3.2831184966609723)	('>100', 9.754102603924004)	('>500', 3.3690531656054254)	('>1k', 15.391623958171557)	('>5k', 7.326189366878914)	('>10k+', 45.75244603199254)
SRR8438103_2	(1.0, 12.602370968576901)	(2.0, 2.0976342082103847)	(3.0, 1.1337164155924833)	(4.0, 0.6667702024123829)	(5.0, 0.5901537505823885)	(6.0, 0.48454728995185586)	(7.0, 0.4276026298079412)	(8.0, 0.39757726355024076)	(9.0, 0.34477403323497435)	('>10', 6.245276181601698)	('>50', 4.242894859450225)	('>100', 10.503701402909355)	('>500', 4.13107625407672)	('>1k', 14.342806854066367)	('>5k', 6.24113475177305)	('>10k+', 35.54796293420303)
SRR8438104	(1.0, 100.0)	(2.0, 0.0)	(3.0, 0.0)	(4.0, 0.0)	(5.0, 0.0)	(6.0, 0.0)	(7.0, 0.0)	(8.0, 0.0)	(9.0, 0.0)	('>10', 0.0)	('>50', 0.0)	('>100', 0.0)	('>500', 0.0)	('>1k', 0.0)	('>5k', 0.0)	('>10k+', 0.0)
SRR8438104_1	(1.0, 9.555379118697896)	(2.0, 3.199682413656213)	(3.0, 2.1556173084557364)	(4.0, 1.2544660579595077)	(5.0, 1.0520047637951568)	(6.0, 0.666931321953156)	(7.0, 0.3612544660579595)	(8.0, 0.3811036125446606)	(9.0, 0.5716554188169909)	('>10', 7.987296546248511)	('>50', 13.818975784041287)	('>100', 22.36601826121477)	('>500', 14.81143310837634)	('>1k', 21.818181818181817)	('>5k', 0.0)	('>10k+', 0.0)
SRR8438104_2	(1.0, 20.385073441842)	(2.0, 3.6363636363636362)	(3.0, 2.0841603811036125)	(4.0, 1.0480349344978166)	(5.0, 0.9726081778483525)	(6.0, 0.6431123461691147)	(7.0, 0.7502977371973005)	(8.0, 0.5716554188169909)	(9.0, 0.3572846367606193)	('>10', 10.631202858277094)	('>50', 12.05240174672489)	('>100', 26.534339023421992)	('>500', 14.732036522429537)	('>1k', 5.601429138547043)	('>5k', 0.0)	('>10k+', 0.0)
SRR8438105	(1.0, 100.0)	(2.0, 0.0)	(3.0, 0.0)	(4.0, 0.0)	(5.0, 0.0)	(6.0, 0.0)	(7.0, 0.0)	(8.0, 0.0)	(9.0, 0.0)	('>10', 0.0)	('>50', 0.0)	('>100', 0.0)	('>500', 0.0)	('>1k', 0.0)	('>5k', 0.0)	('>10k+', 0.0)
SRR8438105_1	(1.0, 10.395197945942195)	(2.0, 3.2129350126643765)	(3.0, 2.1338607265535545)	(4.0, 1.401755664272579)	(5.0, 1.1796953610214773)	(6.0, 0.749453523472468)	(7.0, 0.7772110613788556)	(8.0, 0.5273932202213664)	(9.0, 0.6869990631830957)	('>10', 11.9634988376531)	('>50', 11.186287776274243)	('>100', 16.078553832275077)	('>500', 11.970438222129696)	('>1k', 9.555532424273967)	('>5k', 18.181187328683947)	('>10k+', 0.0)
SRR8438105_2	(1.0, 27.355053606745084)	(2.0, 3.060268554179244)	(3.0, 2.019360882689705)	(4.0, 1.0547864404427327)	(5.0, 1.0582561326810311)	(6.0, 0.7286353700426772)	(7.0, 0.8014989070469449)	(8.0, 0.6106658339405294)	(9.0, 0.4684084521702925)	('>10', 12.712952361125568)	('>50', 8.212761528052463)	('>100', 19.29842822941605)	('>500', 2.817390097498352)	('>1k', 19.80153360396933)	('>5k', 0.0)	('>10k+', 0.0)
SRR8438106	(1.0, 100.0)	(2.0, 0.0)	(3.0, 0.0)	(4.0, 0.0)	(5.0, 0.0)	(6.0, 0.0)	(7.0, 0.0)	(8.0, 0.0)	(9.0, 0.0)	('>10', 0.0)	('>50', 0.0)	('>100', 0.0)	('>500', 0.0)	('>1k', 0.0)	('>5k', 0.0)	('>10k+', 0.0)
SRR8438106_1	(1.0, 2.133966710855796)	(2.0, 0.4879216379437325)	(3.0, 0.23751657092355283)	(4.0, 0.17675651789659744)	(5.0, 0.12888496096626895)	(6.0, 0.08837825894829872)	(7.0, 0.10310796877301517)	(8.0, 0.10310796877301517)	(9.0, 0.1574237737516571)	('>10', 2.3190086905287965)	('>50', 2.1947267638827515)	('>100', 4.5524009427014285)	('>500', 1.3072617469435852)	('>1k', 2.085174547061423)	('>5k', 6.6928119016055385)	('>10k+', 77.23155103844455)
SRR8438106_2	(1.0, 5.197746354396818)	(2.0, 0.8708940933863603)	(3.0, 0.49988952717631463)	(4.0, 0.30932390631904555)	(5.0, 0.28999116217410514)	(6.0, 0.17123287671232876)	(7.0, 0.18688319340109)	(8.0, 0.1914862277213139)	(9.0, 0.14913831197525407)	('>10', 2.7691854470466932)	('>50', 2.0787302990131096)	('>100', 5.600051553984386)	('>500', 1.2446604801885404)	('>1k', 5.0007364854912355)	('>5k', 5.999594932979821)	('>10k+', 69.44045514803359)
SRR8438107	(1.0, 100.0)	(2.0, 0.0)	(3.0, 0.0)	(4.0, 0.0)	(5.0, 0.0)	(6.0, 0.0)	(7.0, 0.0)	(8.0, 0.0)	(9.0, 0.0)	('>10', 0.0)	('>50', 0.0)	('>100', 0.0)	('>500', 0.0)	('>1k', 0.0)	('>5k', 0.0)	('>10k+', 0.0)
SRR8438107_1	(1.0, 3.9966581615372454)	(2.0, 1.4586673290130285)	(3.0, 1.016099532594215)	(4.0, 0.6909476821640662)	(5.0, 0.5362747533136134)	(6.0, 0.4606317881093775)	(7.0, 0.34773184004335356)	(8.0, 0.307087858739585)	(9.0, 0.27434687380043804)	('>10', 6.365299071962427)	('>50', 4.649219861358864)	('>100', 9.153927789193217)	('>500', 5.704834375776187)	('>1k', 7.41865558741843)	('>5k', 8.717004990177704)	('>10k+', 48.90261250479825)
SRR8438107_2	(1.0, 12.43480027999187)	(2.0, 1.6799512272224353)	(3.0, 1.0127125341522343)	(4.0, 0.6638516946282205)	(5.0, 0.4798247792806016)	(6.0, 0.4945017725291846)	(7.0, 0.37934382550184026)	(8.0, 0.3974078171924041)	(9.0, 0.32515185043014877)	('>10', 6.733352902657665)	('>50', 4.785828798518753)	('>100', 10.67694808860388)	('>500', 4.746313816695644)	('>1k', 7.374624607672681)	('>5k', 6.006277237112471)	('>10k+', 41.80910876780997)
SRR8438108	(1.0, 81.81818181818183)	(2.0, 18.181818181818183)	(3.0, 0.0)	(4.0, 0.0)	(5.0, 0.0)	(6.0, 0.0)	(7.0, 0.0)	(8.0, 0.0)	(9.0, 0.0)	('>10', 0.0)	('>50', 0.0)	('>100', 0.0)	('>500', 0.0)	('>1k', 0.0)	('>5k', 0.0)	('>10k+', 0.0)
SRR8438108_1	(1.0, 6.134268078945363)	(2.0, 2.1997002717874468)	(3.0, 1.3297264345043054)	(4.0, 0.8687038024841881)	(5.0, 0.8572734892936066)	(6.0, 0.594376285910234)	(7.0, 0.4622926668190709)	(8.0, 0.5283344763646525)	(9.0, 0.43435190124209405)	('>10', 7.157916126901877)	('>50', 6.0707663389976885)	('>100', 13.492849704081891)	('>500', 8.732759277604206)	('>1k', 26.713911961187737)	('>5k', 24.42276918387564)	('>10k+', 0.0)
SRR8438108_2	(1.0, 21.04701668825726)	(2.0, 2.8499580888516345)	(3.0, 1.5164215499504685)	(4.0, 1.026188117554421)	(5.0, 0.8572734892936066)	(6.0, 0.6934390002286063)	(7.0, 0.5956463207091874)	(8.0, 0.43689197084000103)	(9.0, 0.44578221443267546)	('>10', 9.21791257080444)	('>50', 7.032182681805481)	('>100', 12.320607584647819)	('>500', 5.725316873682338)	('>1k', 22.257359851659935)	('>5k', 13.978002997282127)	('>10k+', 0.0)
SRR8438109	(1.0, 100.0)	(2.0, 0.0)	(3.0, 0.0)	(4.0, 0.0)	(5.0, 0.0)	(6.0, 0.0)	(7.0, 0.0)	(8.0, 0.0)	(9.0, 0.0)	('>10', 0.0)	('>50', 0.0)	('>100', 0.0)	('>500', 0.0)	('>1k', 0.0)	('>5k', 0.0)	('>10k+', 0.0)
SRR8438109_1	(1.0, 4.000508943623891)	(2.0, 1.306288634652699)	(3.0, 0.8938322394579751)	(4.0, 0.5810439706085058)	(5.0, 0.4188181904933573)	(6.0, 0.39443130851526303)	(7.0, 0.37110472575360764)	(8.0, 0.254471811945331)	(9.0, 0.21948193780284797)	('>10', 6.663980575318355)	('>50', 3.9209865023909747)	('>100', 8.102806612025914)	('>500', 6.870738922523937)	('>1k', 17.741986788671763)	('>5k', 0.0)	('>10k+', 48.259518836215584)
SRR8438109_2	(1.0, 14.354330792149545)	(2.0, 2.1078748422804914)	(3.0, 1.3423388080116208)	(4.0, 0.7888626170305261)	(5.0, 0.6202750416167443)	(6.0, 0.5025818285920287)	(7.0, 0.4972803325098343)	(8.0, 0.35626053672346336)	(9.0, 0.324451560230297)	('>10', 8.263972092924623)	('>50', 4.693944631174918)	('>100', 10.076023453818667)	('>500', 5.3301241610382455)	('>1k', 12.489264470433556)	('>5k', 0.0)	('>10k+', 38.252414831465444)
SRR8438110	(1.0, 100.0)	(2.0, 0.0)	(3.0, 0.0)	(4.0, 0.0)	(5.0, 0.0)	(6.0, 0.0)	(7.0, 0.0)	(8.0, 0.0)	(9.0, 0.0)	('>10', 0.0)	('>50', 0.0)	('>100', 0.0)	('>500', 0.0)	('>1k', 0.0)	('>5k', 0.0)	('>10k+', 0.0)
SRR8438110_1	(1.0, 6.320464639562692)	(2.0, 1.8858899897505979)	(3.0, 1.2811752647762216)	(4.0, 0.717458148274684)	(5.0, 0.555175948069696)	(6.0, 0.5534677143833276)	(7.0, 0.4902630679877007)	(8.0, 0.3553126067646054)	(9.0, 0.1691151349504612)	('>10', 6.217970618380594)	('>50', 6.568158524086094)	('>100', 15.558592415442432)	('>500', 12.01400751622822)	('>1k', 17.630679877007175)	('>5k', 0.0)	('>10k+', 29.6822685343355)
SRR8438110_2	(1.0, 13.925521011274341)	(2.0, 2.4803553126067643)	(3.0, 1.388793987017424)	(4.0, 0.9429449948752989)	(5.0, 0.8284933378886231)	(6.0, 0.6047147249743765)	(7.0, 0.31089853091902975)	(8.0, 0.40997608472839087)	(9.0, 0.3382302699009224)	('>10', 7.302699009224462)	('>50', 7.427400068329347)	('>100', 17.519644687393235)	('>500', 9.111718483088486)	('>1k', 13.4267167748548)	('>5k', 0.0)	('>10k+', 23.981892722924496)
SRR8438111	(1.0, 100.0)	(2.0, 0.0)	(3.0, 0.0)	(4.0, 0.0)	(5.0, 0.0)	(6.0, 0.0)	(7.0, 0.0)	(8.0, 0.0)	(9.0, 0.0)	('>10', 0.0)	('>50', 0.0)	('>100', 0.0)	('>500', 0.0)	('>1k', 0.0)	('>5k', 0.0)	('>10k+', 0.0)
SRR8438111_1	(1.0, 4.278695500793067)	(2.0, 1.0754768076134473)	(3.0, 0.6073735927888894)	(4.0, 0.4642345932144377)	(5.0, 0.27725121539195585)	(6.0, 0.2398545398274595)	(7.0, 0.1985892426528428)	(8.0, 0.19601016157942924)	(9.0, 0.17408797245541413)	('>10', 3.2354572065972893)	('>50', 4.39346460855997)	('>100', 7.863618192837891)	('>500', 4.853830580164288)	('>1k', 9.859826943659975)	('>5k', 0.0)	('>10k+', 62.28222884186364)
SRR8438111_2	(1.0, 12.69294750280475)	(2.0, 1.4932879415064413)	(3.0, 0.9439436728693567)	(4.0, 0.6396121062065586)	(5.0, 0.6512179710369196)	(6.0, 0.479709079654919)	(7.0, 0.315937431493159)	(8.0, 0.37138767457155014)	(9.0, 0.2205114317768579)	('>10', 5.762956658542561)	('>50', 4.6191342024836555)	('>100', 9.71797748462223)	('>500', 3.209666395863154)	('>1k', 5.820985982694366)	('>5k', 0.0)	('>10k+', 53.06072446387352)
SRR8438112	(1.0, 100.0)	(2.0, 0.0)	(3.0, 0.0)	(4.0, 0.0)	(5.0, 0.0)	(6.0, 0.0)	(7.0, 0.0)	(8.0, 0.0)	(9.0, 0.0)	('>10', 0.0)	('>50', 0.0)	('>100', 0.0)	('>500', 0.0)	('>1k', 0.0)	('>5k', 0.0)	('>10k+', 0.0)
SRR8438112_1	(1.0, 6.57914535058682)	(2.0, 2.2983749623833885)	(3.0, 1.675820042130605)	(4.0, 1.1661149563647306)	(5.0, 1.0062443575082756)	(6.0, 0.970508576587421)	(7.0, 0.5134667469154378)	(8.0, 0.5266325609389106)	(9.0, 0.30469455311465543)	('>10', 5.811766476075835)	('>50', 6.76534757749022)	('>100', 11.189061089377068)	('>500', 8.450571772494733)	('>1k', 52.742250978031905)	('>5k', 0.0)	('>10k+', 0.0)
SRR8438112_2	(1.0, 22.148660848630755)	(2.0, 2.7234426722840808)	(3.0, 1.7886698766175144)	(4.0, 1.0532651218778213)	(5.0, 0.9780318988865482)	(6.0, 0.8576587421005116)	(7.0, 0.7504513993379477)	(8.0, 0.5266325609389106)	(9.0, 0.6093891062293109)	('>10', 7.950270839602769)	('>50', 5.819289798374962)	('>100', 16.980138429130303)	('>500', 6.225549202527836)	('>1k', 31.588549503460726)	('>5k', 0.0)	('>10k+', 0.0)
SRR8438113	(1.0, 100.0)	(2.0, 0.0)	(3.0, 0.0)	(4.0, 0.0)	(5.0, 0.0)	(6.0, 0.0)	(7.0, 0.0)	(8.0, 0.0)	(9.0, 0.0)	('>10', 0.0)	('>50', 0.0)	('>100', 0.0)	('>500', 0.0)	('>1k', 0.0)	('>5k', 0.0)	('>10k+', 0.0)
SRR8438113_1	(1.0, 6.178580007549501)	(2.0, 2.15503929171957)	(3.0, 1.1427198792079887)	(4.0, 0.8098555300092652)	(5.0, 0.7635290484197522)	(6.0, 0.4838543632682475)	(7.0, 0.3963487869325006)	(8.0, 0.2882536632236368)	(9.0, 0.293401050066916)	('>10', 6.600665728698398)	('>50', 4.632648158951306)	('>100', 15.982636148382005)	('>500', 8.172334511512988)	('>1k', 11.20586115781888)	('>5k', 20.582684190659208)	('>10k+', 20.311588483579836)
SRR8438113_2	(1.0, 18.523729453347517)	(2.0, 2.4124086338835316)	(3.0, 1.3022888713496448)	(4.0, 1.0020246388250231)	(5.0, 0.7377921142033561)	(6.0, 0.5353282317010398)	(7.0, 0.4804227720393947)	(8.0, 0.5216018667856285)	(9.0, 0.35516969218626676)	('>10', 7.2046257849764945)	('>50', 5.62437802408977)	('>100', 16.4630589204214)	('>500', 2.040080985553001)	('>1k', 25.944545485741738)	('>5k', 16.852544524896192)	('>10k+', 0.0)
SRR8438114	(1.0, 100.0)	(2.0, 0.0)	(3.0, 0.0)	(4.0, 0.0)	(5.0, 0.0)	(6.0, 0.0)	(7.0, 0.0)	(8.0, 0.0)	(9.0, 0.0)	('>10', 0.0)	('>50', 0.0)	('>100', 0.0)	('>500', 0.0)	('>1k', 0.0)	('>5k', 0.0)	('>10k+', 0.0)
SRR8438114_1	(1.0, 3.6809425250756247)	(2.0, 1.1866475614286471)	(3.0, 0.7132622193918167)	(4.0, 0.5137186223000584)	(5.0, 0.41925383431513025)	(6.0, 0.30568380831077857)	(7.0, 0.20060499920394842)	(8.0, 0.16982433795043253)	(9.0, 0.2961311893010667)	('>10', 8.180226078649897)	('>50', 3.611951387783262)	('>100', 8.66210263758425)	('>500', 5.078809106830122)	('>1k', 6.382210900599692)	('>5k', 16.46340816218224)	('>10k+', 44.13522262909303)
SRR8438114_2	(1.0, 11.766703815740593)	(2.0, 1.7831555484795414)	(3.0, 1.0730775354242954)	(4.0, 0.7514726954306639)	(5.0, 0.5837711617046117)	(6.0, 0.52220983919758)	(7.0, 0.4532187019052168)	(8.0, 0.4500344955686462)	(9.0, 0.2961311893010667)	('>10', 8.621769357321021)	('>50', 4.837870827362947)	('>100', 8.700313113623096)	('>500', 4.5417396380618795)	('>1k', 6.081834102849864)	('>5k', 25.143554635673727)	('>10k+', 24.393143342355252)
SRR8438115	(1.0, 100.0)	(2.0, 0.0)	(3.0, 0.0)	(4.0, 0.0)	(5.0, 0.0)	(6.0, 0.0)	(7.0, 0.0)	(8.0, 0.0)	(9.0, 0.0)	('>10', 0.0)	('>50', 0.0)	('>100', 0.0)	('>500', 0.0)	('>1k', 0.0)	('>5k', 0.0)	('>10k+', 0.0)
SRR8438115_1	(1.0, 4.808033676522797)	(2.0, 2.043921489070345)	(3.0, 1.3617690317999696)	(4.0, 0.9382766140893645)	(5.0, 0.8558604250139474)	(6.0, 0.6999036364558503)	(7.0, 0.5059086067860221)	(8.0, 0.5274636100826697)	(9.0, 0.37657858700613683)	('>10', 3.7835370492468425)	('>50', 2.647461581376477)	('>100', 23.863924532129634)	('>500', 5.414109651569712)	('>1k', 44.31962266064817)	('>5k', 7.853628848202058)	('>10k+', 0.0)
SRR8438115_2	(1.0, 17.541968859359944)	(2.0, 2.873155145306081)	(3.0, 1.6584673124714713)	(4.0, 1.070142516610032)	(5.0, 0.8558604250139474)	(6.0, 0.7988030633463509)	(7.0, 0.5680377339351829)	(8.0, 0.6187553887508241)	(9.0, 0.5021047826748491)	('>10', 6.825328396814931)	('>50', 6.916620175483086)	('>100', 20.043617183141453)	('>500', 7.464370847492012)	('>1k', 32.26276816959984)	('>5k', 0.0)	('>10k+', 0.0)
SRR8438116	(1.0, 100.0)	(2.0, 0.0)	(3.0, 0.0)	(4.0, 0.0)	(5.0, 0.0)	(6.0, 0.0)	(7.0, 0.0)	(8.0, 0.0)	(9.0, 0.0)	('>10', 0.0)	('>50', 0.0)	('>100', 0.0)	('>500', 0.0)	('>1k', 0.0)	('>5k', 0.0)	('>10k+', 0.0)
SRR8438116_1	(1.0, 6.1389891696750905)	(2.0, 2.411552346570397)	(3.0, 1.5649819494584838)	(4.0, 1.1696750902527075)	(5.0, 0.8212996389891697)	(6.0, 0.8447653429602887)	(7.0, 0.7581227436823105)	(8.0, 0.4620938628158845)	(9.0, 0.48736462093862815)	('>10', 5.700361010830325)	('>50', 6.0)	('>100', 19.17509025270758)	('>500', 5.743682310469314)	('>1k', 48.722021660649816)	('>5k', 0.0)	('>10k+', 0.0)
SRR8438116_2	(1.0, 18.525270758122744)	(2.0, 2.790613718411552)	(3.0, 1.7382671480144405)	(4.0, 1.1191335740072201)	(5.0, 0.9837545126353789)	(6.0, 0.7689530685920577)	(7.0, 0.48014440433213)	(8.0, 0.3898916967509025)	(9.0, 0.503610108303249)	('>10', 7.512635379061372)	('>50', 7.5324909747292415)	('>100', 20.743682310469314)	('>500', 7.418772563176895)	('>1k', 29.4927797833935)	('>5k', 0.0)	('>10k+', 0.0)
SRR8438117	(1.0, 100.0)	(2.0, 0.0)	(3.0, 0.0)	(4.0, 0.0)	(5.0, 0.0)	(6.0, 0.0)	(7.0, 0.0)	(8.0, 0.0)	(9.0, 0.0)	('>10', 0.0)	('>50', 0.0)	('>100', 0.0)	('>500', 0.0)	('>1k', 0.0)	('>5k', 0.0)	('>10k+', 0.0)
SRR8438117_1	(1.0, 10.03116935348728)	(2.0, 3.7604316787880823)	(3.0, 2.5438214297684083)	(4.0, 1.72939638703623)	(5.0, 0.8714012802895733)	(6.0, 0.8848074538324899)	(7.0, 0.37537285920166236)	(8.0, 0.4289975533733284)	(9.0, 0.24131112377249725)	('>10', 7.028186479873982)	('>50', 8.449240875423133)	('>100', 33.126654824546705)	('>500', 16.975567248718036)	('>1k', 13.553641451888595)	('>5k', 0.0)	('>10k+', 0.0)
SRR8438117_2	(1.0, 26.433622683245634)	(2.0, 3.4252773402151693)	(3.0, 1.7495056473506048)	(4.0, 1.5551161309783155)	(5.0, 0.9719475818614471)	(6.0, 0.9853537554043637)	(7.0, 0.7272849147032208)	(8.0, 0.4826222475449945)	(9.0, 0.42229446660187014)	('>10', 7.272849147032208)	('>50', 8.241445185507926)	('>100', 34.26282803230888)	('>500', 13.469852867245367)	('>1k', 0.0)	('>5k', 0.0)	('>10k+', 0.0)
SRR8438118	(1.0, 100.0)	(2.0, 0.0)	(3.0, 0.0)	(4.0, 0.0)	(5.0, 0.0)	(6.0, 0.0)	(7.0, 0.0)	(8.0, 0.0)	(9.0, 0.0)	('>10', 0.0)	('>50', 0.0)	('>100', 0.0)	('>500', 0.0)	('>1k', 0.0)	('>5k', 0.0)	('>10k+', 0.0)
SRR8438118_1	(1.0, 11.462018395831993)	(2.0, 3.357560944233614)	(3.0, 1.987521708368174)	(4.0, 1.7238052357367983)	(5.0, 1.3185823631568792)	(6.0, 0.771853090628417)	(7.0, 0.9004952723998199)	(8.0, 0.6689393452112948)	(9.0, 0.5210008361741815)	('>10', 5.981861452370232)	('>50', 1.35074290859973)	('>100', 24.673570463755066)	('>500', 26.99556184472889)	('>1k', 18.286486138804914)	('>5k', 0.0)	('>10k+', 0.0)
SRR8438118_2	(1.0, 23.168456937029653)	(2.0, 3.4347462532964554)	(3.0, 2.141892326493857)	(4.0, 1.4150639994854313)	(5.0, 0.8040136360712679)	(6.0, 0.6946677815655754)	(7.0, 0.6303466906798739)	(8.0, 0.36019810895992793)	(9.0, 0.6946677815655754)	('>10', 5.885379816041681)	('>50', 3.0166591625393964)	('>100', 23.52865504598958)	('>500', 25.972856499646234)	('>1k', 8.252395960635491)	('>5k', 0.0)	('>10k+', 0.0)
SRR8438119	(1.0, 100.0)	(2.0, 0.0)	(3.0, 0.0)	(4.0, 0.0)	(5.0, 0.0)	(6.0, 0.0)	(7.0, 0.0)	(8.0, 0.0)	(9.0, 0.0)	('>10', 0.0)	('>50', 0.0)	('>100', 0.0)	('>500', 0.0)	('>1k', 0.0)	('>5k', 0.0)	('>10k+', 0.0)
SRR8438119_1	(1.0, 4.230545976030321)	(2.0, 1.0243452726465667)	(3.0, 0.5429029945026803)	(4.0, 0.4780277939017311)	(5.0, 0.32437600300474617)	(6.0, 0.368764298152764)	(7.0, 0.21511250725577905)	(8.0, 0.4097381090586267)	(9.0, 0.24584286543517603)	('>10', 4.8280807184074845)	('>50', 1.505787550790453)	('>100', 3.4896028954826375)	('>500', 3.3359511045856522)	('>1k', 8.935705261720218)	('>5k', 0.0)	('>10k+', 70.06521664902516)
SRR8438119_2	(1.0, 7.552839143647352)	(2.0, 1.3862806023150203)	(3.0, 0.6658244272202684)	(4.0, 0.49168573087035206)	(5.0, 0.5121726363232834)	(6.0, 0.3482773926998327)	(7.0, 0.3824222351213849)	(8.0, 0.2731587393724178)	(9.0, 0.092191074538191)	('>10', 5.893399801959913)	('>50', 1.7652883531942503)	('>100', 5.790965274695258)	('>500', 0.0)	('>1k', 4.708573769932052)	('>5k', 0.0)	('>10k+', 70.13692081811043)
SRR8438120	(1.0, 100.0)	(2.0, 0.0)	(3.0, 0.0)	(4.0, 0.0)	(5.0, 0.0)	(6.0, 0.0)	(7.0, 0.0)	(8.0, 0.0)	(9.0, 0.0)	('>10', 0.0)	('>50', 0.0)	('>100', 0.0)	('>500', 0.0)	('>1k', 0.0)	('>5k', 0.0)	('>10k+', 0.0)
SRR8438120_1	(1.0, 4.222034732475568)	(2.0, 1.054629824931449)	(3.0, 0.622231596709555)	(4.0, 0.4218519299725796)	(5.0, 0.3866976024748647)	(6.0, 0.27420375448217676)	(7.0, 0.17225620473880335)	(8.0, 0.22498769598537582)	(9.0, 0.1265555789917739)	('>10', 4.893482387681924)	('>50', 0.9913520354355622)	('>100', 2.3096393165998736)	('>500', 0.0)	('>1k', 4.369682907965971)	('>5k', 0.0)	('>10k+', 79.93039443155452)
SRR8438120_2	(1.0, 7.044927230542079)	(2.0, 1.1319693454264221)	(3.0, 0.5905927019616114)	(4.0, 0.4780988539689236)	(5.0, 0.26365745623286224)	(6.0, 0.2531111579835478)	(7.0, 0.14764817549040285)	(8.0, 0.2531111579835478)	(9.0, 0.3163889474794347)	('>10', 5.375096674400619)	('>50', 1.8069324333825492)	('>100', 2.235815228854672)	('>500', 0.0)	('>1k', 0.0)	('>5k', 0.0)	('>10k+', 80.10265063629333)
SRR8438121	(1.0, 100.0)	(2.0, 0.0)	(3.0, 0.0)	(4.0, 0.0)	(5.0, 0.0)	(6.0, 0.0)	(7.0, 0.0)	(8.0, 0.0)	(9.0, 0.0)	('>10', 0.0)	('>50', 0.0)	('>100', 0.0)	('>500', 0.0)	('>1k', 0.0)	('>5k', 0.0)	('>10k+', 0.0)
SRR8438121_1	(1.0, 2.715189805413188)	(2.0, 0.6403850906316818)	(3.0, 0.2933307546014247)	(4.0, 0.1762133470865702)	(5.0, 0.16654310242938036)	(6.0, 0.09670244657189828)	(7.0, 0.18051123360087676)	(8.0, 0.1289365954291977)	(9.0, 0.12571318054346775)	('>10', 2.0672834133814697)	('>50', 1.7685803006371619)	('>100', 1.9243786867807755)	('>500', 2.1005920338673456)	('>1k', 7.581471811236824)	('>5k', 6.106222265201088)	('>10k+', 73.92794593258765)
SRR8438121_2	(1.0, 5.115559423653418)	(2.0, 0.7843642888609526)	(3.0, 0.31589465880153433)	(4.0, 0.21059643920102292)	(5.0, 0.12356423728631445)	(6.0, 0.12248976565773781)	(7.0, 0.11281952100054798)	(8.0, 0.11174504937197134)	(9.0, 0.13538342520065758)	('>10', 2.40036961824023)	('>50', 1.7997399778658842)	('>100', 4.600887513565204)	('>500', 1.2968872556920135)	('>1k', 8.803146052928472)	('>5k', 0.0)	('>10k+', 74.06655277267403)
SRR8438122	(1.0, 100.0)	(2.0, 0.0)	(3.0, 0.0)	(4.0, 0.0)	(5.0, 0.0)	(6.0, 0.0)	(7.0, 0.0)	(8.0, 0.0)	(9.0, 0.0)	('>10', 0.0)	('>50', 0.0)	('>100', 0.0)	('>500', 0.0)	('>1k', 0.0)	('>5k', 0.0)	('>10k+', 0.0)
SRR8438122_1	(1.0, 5.230723723131532)	(2.0, 1.7649378820745416)	(3.0, 1.1831985801617038)	(4.0, 0.9268388877933347)	(5.0, 0.7394991126010649)	(6.0, 0.6803391835929796)	(7.0, 0.6556892131729442)	(8.0, 1.143758627489647)	(9.0, 0.843028988365214)	('>10', 11.255176493788207)	('>50', 2.879116545060146)	('>100', 8.908499309800828)	('>500', 2.9579964504042597)	('>1k', 20.434825478209426)	('>5k', 40.396371524354166)	('>10k+', 0.0)
SRR8438122_2	(1.0, 10.26424768290278)	(2.0, 1.7747978702425555)	(3.0, 1.3754683494379807)	(4.0, 0.9071189114573063)	(5.0, 1.0106487872214553)	(6.0, 0.7394991126010649)	(7.0, 0.7592190889370932)	(8.0, 1.1043186748175902)	(9.0, 0.7986590416091501)	('>10', 14.02090317491619)	('>50', 1.740287911654506)	('>100', 7.483731019522777)	('>500', 0.0)	('>1k', 18.531847761782686)	('>5k', 39.48925261289686)	('>10k+', 0.0)
SRR8438123	(1.0, 100.0)	(2.0, 0.0)	(3.0, 0.0)	(4.0, 0.0)	(5.0, 0.0)	(6.0, 0.0)	(7.0, 0.0)	(8.0, 0.0)	(9.0, 0.0)	('>10', 0.0)	('>50', 0.0)	('>100', 0.0)	('>500', 0.0)	('>1k', 0.0)	('>5k', 0.0)	('>10k+', 0.0)
SRR8438123_1	(1.0, 5.003475889963255)	(2.0, 1.1556205592120112)	(3.0, 0.5877413937867338)	(4.0, 0.42252376696189164)	(5.0, 0.334046567897222)	(6.0, 0.20042794073833317)	(7.0, 0.202233597862102)	(8.0, 0.2600146258227025)	(9.0, 0.1950109693670269)	('>10', 4.822910177586378)	('>50', 3.895705244531116)	('>100', 6.540090102290476)	('>500', 2.4909040022390148)	('>1k', 7.4528497783555885)	('>5k', 6.514810902557714)	('>10k+', 59.92163448082843)
SRR8438123_2	(1.0, 14.34414019121909)	(2.0, 1.9934454646407191)	(3.0, 1.1673573305165081)	(4.0, 0.7981004487057953)	(5.0, 0.7358052779357728)	(6.0, 0.5579480512445492)	(7.0, 0.4866245948556829)	(8.0, 0.38279931023897873)	(9.0, 0.44690013813276996)	('>10', 6.147359677870769)	('>50', 4.455458952899434)	('>100', 6.719752986105468)	('>500', 2.4033296317362294)	('>1k', 10.610944087827162)	('>5k', 4.900553433908436)	('>10k+', 43.849480422162635)
SRR8438124	(1.0, 100.0)	(2.0, 0.0)	(3.0, 0.0)	(4.0, 0.0)	(5.0, 0.0)	(6.0, 0.0)	(7.0, 0.0)	(8.0, 0.0)	(9.0, 0.0)	('>10', 0.0)	('>50', 0.0)	('>100', 0.0)	('>500', 0.0)	('>1k', 0.0)	('>5k', 0.0)	('>10k+', 0.0)
SRR8438124_1	(1.0, 4.947241858247476)	(2.0, 1.1111341445718195)	(3.0, 0.5721511639959369)	(4.0, 0.4394784303157196)	(5.0, 0.36795953481622756)	(6.0, 0.24254234125914717)	(7.0, 0.2757105246792015)	(8.0, 0.21559319223035303)	(9.0, 0.16791392856402496)	('>10', 5.64273720433674)	('>50', 3.808122058914986)	('>100', 5.634445158481726)	('>500', 1.163995936897531)	('>1k', 7.653558324177532)	('>5k', 8.1220589149858)	('>10k+', 59.63535728352578)
SRR8438124_2	(1.0, 13.18124339227596)	(2.0, 1.948630775928191)	(3.0, 0.9888264682103692)	(4.0, 0.6923858288936338)	(5.0, 0.6011733244884844)	(6.0, 0.4602085449532536)	(7.0, 0.36277700615684405)	(8.0, 0.47264661373577393)	(9.0, 0.3824706150625013)	('>10', 6.322684964447853)	('>50', 3.982255021870271)	('>100', 6.30506436700595)	('>500', 4.039262837123489)	('>1k', 8.733597296793052)	('>5k', 6.450175169468688)	('>10k+', 45.07659777358569)
SRR8438125	(1.0, 100.0)	(2.0, 0.0)	(3.0, 0.0)	(4.0, 0.0)	(5.0, 0.0)	(6.0, 0.0)	(7.0, 0.0)	(8.0, 0.0)	(9.0, 0.0)	('>10', 0.0)	('>50', 0.0)	('>100', 0.0)	('>500', 0.0)	('>1k', 0.0)	('>5k', 0.0)	('>10k+', 0.0)
SRR8438125_1	(1.0, 2.4303774075812212)	(2.0, 0.6964082936781009)	(3.0, 0.3676568924725169)	(4.0, 0.24315932041833127)	(5.0, 0.22127498158068148)	(6.0, 0.13276498894840888)	(7.0, 0.12425441273376729)	(8.0, 0.12060702292749233)	(9.0, 0.11379856195577905)	('>10', 2.326548377762594)	('>50', 1.7346985918643754)	('>100', 6.499405475461577)	('>500', 3.3830756249802434)	('>1k', 3.8382698728033593)	('>5k', 2.9663005497832233)	('>10k+', 74.80139962504833)
SRR8438125_2	(1.0, 8.24018305033641)	(2.0, 1.2016933615073933)	(3.0, 0.703216754649814)	(4.0, 0.5300873185119622)	(5.0, 0.39513389567978835)	(6.0, 0.34285464178984715)	(7.0, 0.3165934351846673)	(8.0, 0.2801195371219176)	(9.0, 0.24948146274920793)	('>10', 3.8920080826158108)	('>50', 2.342596892910204)	('>100', 7.638363732301041)	('>500', 1.8786489095520276)	('>1k', 10.623144390436059)	('>5k', 1.235978825686378)	('>10k+', 60.129895708967474)
SRR8438126	(1.0, 100.0)	(2.0, 0.0)	(3.0, 0.0)	(4.0, 0.0)	(5.0, 0.0)	(6.0, 0.0)	(7.0, 0.0)	(8.0, 0.0)	(9.0, 0.0)	('>10', 0.0)	('>50', 0.0)	('>100', 0.0)	('>500', 0.0)	('>1k', 0.0)	('>5k', 0.0)	('>10k+', 0.0)
SRR8438126_1	(1.0, 3.180897105546244)	(2.0, 0.7805268556275486)	(3.0, 0.37525329597478296)	(4.0, 0.32021614589848146)	(5.0, 0.3002026367798264)	(6.0, 0.21014184574587846)	(7.0, 0.14009456383058566)	(8.0, 0.2401621094238611)	(9.0, 0.16886398318865234)	('>10', 6.186676006304256)	('>50', 3.684987366472369)	('>100', 4.503039551697396)	('>500', 1.5197758486978712)	('>1k', 5.438671102994521)	('>5k', 7.189853150876842)	('>10k+', 65.76063843094089)
SRR8438126_2	(1.0, 10.164360943636956)	(2.0, 1.3934405723863608)	(3.0, 0.7767743226678008)	(4.0, 0.5653816326020064)	(5.0, 0.4440497335701598)	(6.0, 0.39776849373326995)	(7.0, 0.2451654867035249)	(8.0, 0.3502364095764641)	(9.0, 0.2814399719810872)	('>10', 6.564430990918871)	('>50', 3.576163910639682)	('>100', 6.912165711855503)	('>500', 2.8031421209316285)	('>1k', 10.271933555149726)	('>5k', 0.0)	('>10k+', 55.25354614364696)
SRR8438127	(1.0, 87.5)	(2.0, 12.5)	(3.0, 0.0)	(4.0, 0.0)	(5.0, 0.0)	(6.0, 0.0)	(7.0, 0.0)	(8.0, 0.0)	(9.0, 0.0)	('>10', 0.0)	('>50', 0.0)	('>100', 0.0)	('>500', 0.0)	('>1k', 0.0)	('>5k', 0.0)	('>10k+', 0.0)
SRR8438127_1	(1.0, 3.0396409177064316)	(2.0, 0.8046792329964999)	(3.0, 0.5128085863460353)	(4.0, 0.37675732874402595)	(5.0, 0.40699094154447246)	(6.0, 0.3348954033280231)	(7.0, 0.3581520285591358)	(8.0, 0.3069874530506878)	(9.0, 0.2511715524960173)	('>10', 5.810667813993511)	('>50', 1.9523936881519124)	('>100', 2.4442713117899464)	('>500', 4.2454969359396255)	('>1k', 12.359733479074851)	('>5k', 8.31308068886124)	('>10k+', 58.48227263741759)
SRR8438127_2	(1.0, 8.842168912869054)	(2.0, 1.295394025372978)	(3.0, 0.7953765829040548)	(4.0, 0.5721129806853728)	(5.0, 0.5407165366233706)	(6.0, 0.3697803411746921)	(7.0, 0.29303347791202017)	(8.0, 0.4837378048071444)	(9.0, 0.38722281009802667)	('>10', 6.310685256462436)	('>50', 2.591950882007512)	('>100', 4.754817028500994)	('>500', 4.700163959207879)	('>1k', 11.021314697024314)	('>5k', 15.890089189157761)	('>10k+', 41.15143551519239)
SRR8438128_1	(1.0, 26.18384401114206)	(2.0, 11.142061281337048)	(3.0, 7.520891364902507)	(4.0, 8.913649025069638)	(5.0, 2.785515320334262)	(6.0, 5.013927576601671)	(7.0, 1.9498607242339834)	(8.0, 4.456824512534819)	(9.0, 2.5069637883008355)	('>10', 29.526462395543174)	('>50', 0.0)	('>100', 0.0)	('>500', 0.0)	('>1k', 0.0)	('>5k', 0.0)	('>10k+', 0.0)
SRR8438128_2	(1.0, 33.98328690807799)	(2.0, 10.027855153203342)	(3.0, 12.534818941504177)	(4.0, 7.7994428969359335)	(5.0, 2.785515320334262)	(6.0, 3.3426183844011144)	(7.0, 9.749303621169917)	(8.0, 0.0)	(9.0, 5.013927576601671)	('>10', 14.763231197771587)	('>50', 0.0)	('>100', 0.0)	('>500', 0.0)	('>1k', 0.0)	('>5k', 0.0)	('>10k+', 0.0)
SRR8438129	(1.0, 100.0)	(2.0, 0.0)	(3.0, 0.0)	(4.0, 0.0)	(5.0, 0.0)	(6.0, 0.0)	(7.0, 0.0)	(8.0, 0.0)	(9.0, 0.0)	('>10', 0.0)	('>50', 0.0)	('>100', 0.0)	('>500', 0.0)	('>1k', 0.0)	('>5k', 0.0)	('>10k+', 0.0)
SRR8438129_1	(1.0, 8.862700429334968)	(2.0, 2.7775343906072023)	(3.0, 1.603434679751161)	(4.0, 1.0514325768860073)	(5.0, 0.9638131954788399)	(6.0, 0.736002803820205)	(7.0, 1.012003855252782)	(8.0, 0.5257162884430037)	(9.0, 0.7097169893980548)	('>10', 8.450889336721284)	('>50', 3.0885831946026463)	('>100', 16.459300797336372)	('>500', 24.257425742574256)	('>1k', 29.501445719793217)	('>5k', 0.0)	('>10k+', 0.0)
SRR8438129_2	(1.0, 25.466573205993164)	(2.0, 3.3470603697537897)	(3.0, 2.037150617716639)	(4.0, 1.3318145973889424)	(5.0, 1.0952422675895908)	(6.0, 0.6571453605537545)	(7.0, 0.5826688863576623)	(8.0, 0.6659072986944712)	(9.0, 0.6702882677648295)	('>10', 7.425742574257425)	('>50', 5.756593358450889)	('>100', 19.582931744501884)	('>500', 10.461754140015772)	('>1k', 20.919127310961187)	('>5k', 0.0)	('>10k+', 0.0)
SRR8438130	(1.0, 100.0)	(2.0, 0.0)	(3.0, 0.0)	(4.0, 0.0)	(5.0, 0.0)	(6.0, 0.0)	(7.0, 0.0)	(8.0, 0.0)	(9.0, 0.0)	('>10', 0.0)	('>50', 0.0)	('>100', 0.0)	('>500', 0.0)	('>1k', 0.0)	('>5k', 0.0)	('>10k+', 0.0)
SRR8438130_1	(1.0, 6.438433068574042)	(2.0, 1.792323366740134)	(3.0, 1.0822555828169833)	(4.0, 0.7194244604316548)	(5.0, 0.48342828627271595)	(6.0, 0.4615960410862062)	(7.0, 0.34203850792198615)	(8.0, 0.3160477398428078)	(9.0, 0.23391691271260448)	('>10', 6.958248430157608)	('>50', 6.110949390776396)	('>100', 11.44009647773111)	('>500', 5.309394103214538)	('>1k', 12.527550214163929)	('>5k', 0.0)	('>10k+', 45.78429741755728)
SRR8438130_2	(1.0, 13.75847299039381)	(2.0, 2.220651224684992)	(3.0, 1.2226057304445461)	(4.0, 0.7818023038216826)	(5.0, 0.6133821266686073)	(6.0, 0.5114983157982285)	(7.0, 0.5458061296627438)	(8.0, 0.37426706034016716)	(9.0, 0.23391691271260448)	('>10', 8.323283569676052)	('>50', 6.242982492618622)	('>100', 12.662702208175656)	('>500', 5.4591009273506055)	('>1k', 7.384497026656131)	('>5k', 0.0)	('>10k+', 39.66503098099555)
SRR8438131	(1.0, 100.0)	(2.0, 0.0)	(3.0, 0.0)	(4.0, 0.0)	(5.0, 0.0)	(6.0, 0.0)	(7.0, 0.0)	(8.0, 0.0)	(9.0, 0.0)	('>10', 0.0)	('>50', 0.0)	('>100', 0.0)	('>500', 0.0)	('>1k', 0.0)	('>5k', 0.0)	('>10k+', 0.0)
SRR8438131_1	(1.0, 4.656894260854657)	(2.0, 1.0715357250010715)	(3.0, 0.46933264755046933)	(4.0, 0.5143371480005143)	(5.0, 0.3000300030003)	(6.0, 0.20573485920020573)	(7.0, 0.21002100210021002)	(8.0, 0.12001200120012002)	(9.0, 0.11572585830011572)	('>10', 4.731901761604732)	('>50', 5.402683125455403)	('>100', 8.216535939308217)	('>500', 1.302987441601303)	('>1k', 2.3016587373023016)	('>5k', 0.0)	('>10k+', 70.38060948952038)
SRR8438131_2	(1.0, 12.53053876816253)	(2.0, 1.5815867301015818)	(3.0, 0.7972225794007972)	(4.0, 0.5657708628005658)	(5.0, 0.39646821825039646)	(6.0, 0.29574386010029574)	(7.0, 0.31503150315031503)	(8.0, 0.32574686040032574)	(9.0, 0.1735887874501736)	('>10', 7.498607003557499)	('>50', 4.15970168445416)	('>100', 8.634434872058634)	('>500', 1.3544211564013544)	('>1k', 3.825382538253826)	('>5k', 0.0)	('>10k+', 57.54575457545754)
SRR8438132	(1.0, 100.0)	(2.0, 0.0)	(3.0, 0.0)	(4.0, 0.0)	(5.0, 0.0)	(6.0, 0.0)	(7.0, 0.0)	(8.0, 0.0)	(9.0, 0.0)	('>10', 0.0)	('>50', 0.0)	('>100', 0.0)	('>500', 0.0)	('>1k', 0.0)	('>5k', 0.0)	('>10k+', 0.0)
SRR8438132_1	(1.0, 3.6717375756287094)	(2.0, 0.8311909226219241)	(3.0, 0.4378249859857344)	(4.0, 0.30154833471865156)	(5.0, 0.16430518237875244)	(6.0, 0.20296522529140007)	(7.0, 0.14207565770398006)	(8.0, 0.13144414590300194)	(9.0, 0.13917615448553147)	('>10', 2.5815243654920454)	('>50', 2.6356484255697525)	('>100', 9.101540602710068)	('>500', 1.713606402103106)	('>1k', 4.1172945701969725)	('>5k', 0.0)	('>10k+', 73.82811744921037)
SRR8438132_2	(1.0, 9.86507645023486)	(2.0, 1.26611640538921)	(3.0, 0.6465892177140317)	(4.0, 0.5025805578644192)	(5.0, 0.318945354029343)	(6.0, 0.2551562832234744)	(7.0, 0.22326174782054006)	(8.0, 0.15464017165059055)	(9.0, 0.20006572207295148)	('>10', 4.2439062107358945)	('>50', 3.366323236618793)	('>100', 6.965573231786287)	('>500', 2.6617439545357895)	('>1k', 7.3212456265826455)	('>5k', 0.0)	('>10k+', 62.00877582974117)
SRR8438133	(1.0, 100.0)	(2.0, 0.0)	(3.0, 0.0)	(4.0, 0.0)	(5.0, 0.0)	(6.0, 0.0)	(7.0, 0.0)	(8.0, 0.0)	(9.0, 0.0)	('>10', 0.0)	('>50', 0.0)	('>100', 0.0)	('>500', 0.0)	('>1k', 0.0)	('>5k', 0.0)	('>10k+', 0.0)
SRR8438133_1	(1.0, 4.813146766596761)	(2.0, 1.2101626156014713)	(3.0, 0.8044831024168873)	(4.0, 0.63258500360986)	(5.0, 0.48131467665967614)	(6.0, 0.5775776119916113)	(7.0, 0.43318320899370855)	(8.0, 0.44005913294598964)	(9.0, 0.4022415512084436)	('>10', 6.89311376216179)	('>50', 2.7331797710317325)	('>100', 9.1071612747963)	('>500', 8.667102141850311)	('>1k', 13.923746003369203)	('>5k', 48.880943376766254)	('>10k+', 0.0)
SRR8438133_2	(1.0, 14.29848385876852)	(2.0, 2.131536425207137)	(3.0, 1.124213566197958)	(4.0, 0.8251108742737305)	(5.0, 0.670402585347406)	(6.0, 0.5982053838484547)	(7.0, 0.4091174751607247)	(8.0, 0.5225702203733626)	(9.0, 0.27847492006738406)	('>10', 8.388627221782926)	('>50', 2.5681575961769862)	('>100', 12.490115859318596)	('>500', 6.0404991920789355)	('>1k', 8.887131708323306)	('>5k', 40.76735311307457)	('>10k+', 0.0)
SRR8438134	(1.0, 100.0)	(2.0, 0.0)	(3.0, 0.0)	(4.0, 0.0)	(5.0, 0.0)	(6.0, 0.0)	(7.0, 0.0)	(8.0, 0.0)	(9.0, 0.0)	('>10', 0.0)	('>50', 0.0)	('>100', 0.0)	('>500', 0.0)	('>1k', 0.0)	('>5k', 0.0)	('>10k+', 0.0)
SRR8438134_1	(1.0, 13.80169742691634)	(2.0, 3.5969284655799543)	(3.0, 2.1419911087161525)	(4.0, 1.6704836319547354)	(5.0, 1.5155597467331268)	(6.0, 1.0507880910683012)	(7.0, 1.178768691903543)	(8.0, 0.808298531591001)	(9.0, 0.6668462885625758)	('>10', 7.187121110063317)	('>50', 1.6300687053751852)	('>100', 37.505051865822445)	('>500', 7.8068166509497505)	('>1k', 19.439579684763572)	('>5k', 0.0)	('>10k+', 0.0)
SRR8438134_2	(1.0, 27.994072477435)	(2.0, 3.637343392159504)	(3.0, 1.8590866226593024)	(4.0, 1.5357672100229016)	(5.0, 0.808298531591001)	(6.0, 0.808298531591001)	(7.0, 0.47150747676141724)	(8.0, 0.3233194126364004)	(9.0, 0.36373433921595044)	('>10', 5.206789707665364)	('>50', 3.1523642732049035)	('>100', 26.66037990030985)	('>500', 16.13902734743365)	('>1k', 11.040010777313755)	('>5k', 0.0)	('>10k+', 0.0)
SRR8438135	(1.0, 100.0)	(2.0, 0.0)	(3.0, 0.0)	(4.0, 0.0)	(5.0, 0.0)	(6.0, 0.0)	(7.0, 0.0)	(8.0, 0.0)	(9.0, 0.0)	('>10', 0.0)	('>50', 0.0)	('>100', 0.0)	('>500', 0.0)	('>1k', 0.0)	('>5k', 0.0)	('>10k+', 0.0)
SRR8438135_1	(1.0, 15.344476872733706)	(2.0, 3.962147342354294)	(3.0, 2.5205624834173523)	(4.0, 2.22870788007429)	(5.0, 1.3708322278234721)	(6.0, 1.7511276200583707)	(7.0, 0.8667197311400019)	(8.0, 1.202794728928982)	(9.0, 0.15919342000530645)	('>10', 8.55222428584063)	('>50', 1.9103210400636772)	('>100', 31.007340585478023)	('>500', 29.123551782081897)	('>1k', 0.0)	('>5k', 0.0)	('>10k+', 0.0)
SRR8438135_2	(1.0, 29.397718227646592)	(2.0, 3.5022552401167415)	(3.0, 2.0429822234014328)	(4.0, 1.202794728928982)	(5.0, 1.0170690722561244)	(6.0, 0.5837092066861237)	(7.0, 0.6809940744671442)	(8.0, 0.42451578668081713)	(9.0, 0.39798355001326613)	('>10', 6.288140090209604)	('>50', 3.201556557884496)	('>100', 44.19386220925091)	('>500', 7.06641903245777)	('>1k', 0.0)	('>5k', 0.0)	('>10k+', 0.0)
SRR8438136	(1.0, 100.0)	(2.0, 0.0)	(3.0, 0.0)	(4.0, 0.0)	(5.0, 0.0)	(6.0, 0.0)	(7.0, 0.0)	(8.0, 0.0)	(9.0, 0.0)	('>10', 0.0)	('>50', 0.0)	('>100', 0.0)	('>500', 0.0)	('>1k', 0.0)	('>5k', 0.0)	('>10k+', 0.0)
SRR8438136_1	(1.0, 12.526780931976432)	(2.0, 3.6689876807712904)	(3.0, 2.41028387787895)	(4.0, 1.6068559185859668)	(5.0, 1.8077129084092127)	(6.0, 1.2854847348687735)	(7.0, 0.89046598821639)	(8.0, 1.0176754151044456)	(9.0, 0.8435993572576326)	('>10', 9.527316550615962)	('>50', 4.1912158543117295)	('>100', 25.020085698982324)	('>500', 12.560257096946975)	('>1k', 22.643277986073915)	('>5k', 0.0)	('>10k+', 0.0)
SRR8438136_2	(1.0, 28.6756829137654)	(2.0, 3.535083020889127)	(3.0, 1.9081414033208355)	(4.0, 1.553294054633101)	(5.0, 1.104713444027852)	(6.0, 0.9239421531869308)	(7.0, 0.6561328334226031)	(8.0, 0.5356186395286556)	(9.0, 0.6628280664167113)	('>10', 8.322174611676486)	('>50', 5.168719871451526)	('>100', 14.970540974825925)	('>500', 10.986877343331548)	('>1k', 20.9962506695233)	('>5k', 0.0)	('>10k+', 0.0)
SRR8438137	(1.0, 100.0)	(2.0, 0.0)	(3.0, 0.0)	(4.0, 0.0)	(5.0, 0.0)	(6.0, 0.0)	(7.0, 0.0)	(8.0, 0.0)	(9.0, 0.0)	('>10', 0.0)	('>50', 0.0)	('>100', 0.0)	('>500', 0.0)	('>1k', 0.0)	('>5k', 0.0)	('>10k+', 0.0)
SRR8438137_1	(1.0, 9.242347370201252)	(2.0, 2.6889903602232366)	(3.0, 1.750380517503805)	(4.0, 1.2345679012345678)	(5.0, 0.8667343142228987)	(6.0, 0.7102993404363267)	(7.0, 0.6511077287332995)	(8.0, 0.60882800608828)	(9.0, 0.532724505327245)	('>10', 7.821748689328597)	('>50', 2.0209707424319294)	('>100', 18.628445797395567)	('>500', 21.71486555048199)	('>1k', 31.527989176391003)	('>5k', 0.0)	('>10k+', 0.0)
SRR8438137_2	(1.0, 22.590055809233892)	(2.0, 3.1794351429054624)	(3.0, 1.9913749365804159)	(4.0, 1.3867749027566378)	(5.0, 1.141552511415525)	(6.0, 0.5834601725012684)	(7.0, 0.532724505327245)	(8.0, 0.6426517842042956)	(9.0, 0.532724505327245)	('>10', 7.00152207001522)	('>50', 5.323017081007948)	('>100', 25.583460172501272)	('>500', 3.1244715034669372)	('>1k', 26.38677490275664)	('>5k', 0.0)	('>10k+', 0.0)
SRR8438138	(1.0, 93.10344827586206)	(2.0, 6.896551724137931)	(3.0, 0.0)	(4.0, 0.0)	(5.0, 0.0)	(6.0, 0.0)	(7.0, 0.0)	(8.0, 0.0)	(9.0, 0.0)	('>10', 0.0)	('>50', 0.0)	('>100', 0.0)	('>500', 0.0)	('>1k', 0.0)	('>5k', 0.0)	('>10k+', 0.0)
SRR8438138_1	(1.0, 5.058893548699636)	(2.0, 1.1321956013232017)	(3.0, 0.6062367645226924)	(4.0, 0.3321845285055849)	(5.0, 0.24913839637918864)	(6.0, 0.28235684922974713)	(7.0, 0.2422178853686556)	(8.0, 0.15501944663593958)	(9.0, 0.21176763692231032)	('>10', 3.463023709670722)	('>50', 3.547453943999225)	('>100', 8.224335284917439)	('>500', 2.99519716535869)	('>1k', 5.887970767761491)	('>5k', 0.0)	('>10k+', 67.61200847070548)
SRR8438138_2	(1.0, 13.984968650085122)	(2.0, 1.7495051834627469)	(3.0, 1.0048581987293943)	(4.0, 0.6034685601184792)	(5.0, 0.4359921936635801)	(6.0, 0.45675372669517916)	(7.0, 0.33910503951611787)	(8.0, 0.3321845285055849)	(9.0, 0.1993107171033509)	('>10', 5.608382122935958)	('>50', 4.0346579191407494)	('>100', 5.572395465681186)	('>500', 7.829866157317056)	('>1k', 4.0097440795028305)	('>5k', 0.0)	('>10k+', 53.83880745754267)
SRR8438139	(1.0, 100.0)	(2.0, 0.0)	(3.0, 0.0)	(4.0, 0.0)	(5.0, 0.0)	(6.0, 0.0)	(7.0, 0.0)	(8.0, 0.0)	(9.0, 0.0)	('>10', 0.0)	('>50', 0.0)	('>100', 0.0)	('>500', 0.0)	('>1k', 0.0)	('>5k', 0.0)	('>10k+', 0.0)
SRR8438139_1	(1.0, 8.155718415921468)	(2.0, 4.2829287971491965)	(3.0, 2.8138237073892287)	(4.0, 1.8826060646809657)	(5.0, 1.8153701337995025)	(6.0, 1.6540038996839912)	(7.0, 1.6002151549788208)	(8.0, 0.9950917770456532)	(9.0, 1.1799905869696765)	('>10', 15.225576548107309)	('>50', 7.285013111006522)	('>100', 7.668257917030862)	('>500', 3.8593424325959793)	('>1k', 0.0)	('>5k', 0.0)	('>10k+', 41.582061453640826)
SRR8438139_2	(1.0, 12.768103274389834)	(2.0, 4.888052175082365)	(3.0, 3.52988637127681)	(4.0, 2.595306932024474)	(5.0, 2.42049351173267)	(6.0, 1.9767363679150138)	(7.0, 2.094399246957574)	(8.0, 1.5329792240973577)	(9.0, 1.30101526255631)	('>10', 16.062663887581525)	('>50', 5.214146439857459)	('>100', 6.330262892489746)	('>500', 0.0)	('>1k', 0.0)	('>5k', 0.0)	('>10k+', 39.28595441403886)
SRR8438140	(1.0, 100.0)	(2.0, 0.0)	(3.0, 0.0)	(4.0, 0.0)	(5.0, 0.0)	(6.0, 0.0)	(7.0, 0.0)	(8.0, 0.0)	(9.0, 0.0)	('>10', 0.0)	('>50', 0.0)	('>100', 0.0)	('>500', 0.0)	('>1k', 0.0)	('>5k', 0.0)	('>10k+', 0.0)
SRR8438140_1	(1.0, 6.66295126633228)	(2.0, 1.195120440894173)	(3.0, 0.5201560468140443)	(4.0, 0.26007802340702213)	(5.0, 0.24769335562573533)	(6.0, 0.1857700167193015)	(7.0, 0.1950585175552666)	(8.0, 0.12384667781286766)	(9.0, 0.3065205275868475)	('>10', 4.182921543129606)	('>50', 1.1672549383862778)	('>100', 0.774041736330423)	('>500', 0.0)	('>1k', 0.0)	('>5k', 0.0)	('>10k+', 84.17858690940615)
SRR8438140_2	(1.0, 9.619790699114496)	(2.0, 1.548083472660846)	(3.0, 0.7245030652052759)	(4.0, 0.4582327079076104)	(5.0, 0.4179825376184284)	(6.0, 0.31580902842281255)	(7.0, 0.3467706978760295)	(8.0, 0.17338534893801474)	(9.0, 0.250789522571057)	('>10', 5.631927673540157)	('>50', 1.0619852622453403)	('>100', 0.0)	('>500', 0.0)	('>1k', 3.724688835221995)	('>5k', 0.0)	('>10k+', 75.72605114867794)
SRR8438141	(1.0, 100.0)	(2.0, 0.0)	(3.0, 0.0)	(4.0, 0.0)	(5.0, 0.0)	(6.0, 0.0)	(7.0, 0.0)	(8.0, 0.0)	(9.0, 0.0)	('>10', 0.0)	('>50', 0.0)	('>100', 0.0)	('>500', 0.0)	('>1k', 0.0)	('>5k', 0.0)	('>10k+', 0.0)
SRR8438141_1	(1.0, 2.427583538855844)	(2.0, 0.5948063252575077)	(3.0, 0.25388074858552157)	(4.0, 0.1902090687815336)	(5.0, 0.11686574141238293)	(6.0, 0.08704482808646452)	(7.0, 0.056417944130115895)	(8.0, 0.09671647565162725)	(9.0, 0.07979109241259248)	('>10', 1.3403291584054677)	('>50', 1.9496429550107195)	('>100', 6.49692925189806)	('>500', 1.1565678546673759)	('>1k', 0.9784483453422957)	('>5k', 0.0)	('>10k+', 84.17476667150248)
SRR8438141_2	(1.0, 9.584602737076262)	(2.0, 0.9574931089511098)	(3.0, 0.5512839112142753)	(4.0, 0.43844802295404356)	(5.0, 0.3223882521720909)	(6.0, 0.22728371778132406)	(7.0, 0.1636120379773361)	(8.0, 0.14185083095571996)	(9.0, 0.18859712752067315)	('>10', 3.137643664264874)	('>50', 1.4072247207311765)	('>100', 6.91845189161307)	('>500', 1.9915534277930913)	('>1k', 3.692957428631301)	('>5k', 0.0)	('>10k+', 70.27660912036366)
SRR8438142	(1.0, 100.0)	(2.0, 0.0)	(3.0, 0.0)	(4.0, 0.0)	(5.0, 0.0)	(6.0, 0.0)	(7.0, 0.0)	(8.0, 0.0)	(9.0, 0.0)	('>10', 0.0)	('>50', 0.0)	('>100', 0.0)	('>500', 0.0)	('>1k', 0.0)	('>5k', 0.0)	('>10k+', 0.0)
SRR8438142_1	(1.0, 6.702750797063839)	(2.0, 4.048342848669089)	(3.0, 3.3699117668866316)	(4.0, 2.8026988952324463)	(5.0, 2.1872914658560094)	(6.0, 1.8462222881293098)	(7.0, 1.7387113516719805)	(8.0, 2.0167568769926594)	(9.0, 1.267887595462297)	('>10', 19.574404982575814)	('>50', 7.770445614295247)	('>100', 7.481278267961741)	('>500', 8.44146214873582)	('>1k', 0.0)	('>5k', 30.75183510046712)	('>10k+', 0.0)
SRR8438142_2	(1.0, 11.889226662712241)	(2.0, 5.175354044635575)	(3.0, 3.8815155334766818)	(4.0, 3.6182991028397717)	(5.0, 2.7989916215615036)	(6.0, 2.4023133387706683)	(7.0, 2.257729665603915)	(8.0, 2.7878698005486764)	(9.0, 1.735004078001038)	('>10', 19.01089938459257)	('>50', 4.99740490843034)	('>100', 8.078149328983466)	('>500', 2.4653369911766885)	('>1k', 0.0)	('>5k', 28.901905538666867)	('>10k+', 0.0)
SRR8438143	(1.0, 100.0)	(2.0, 0.0)	(3.0, 0.0)	(4.0, 0.0)	(5.0, 0.0)	(6.0, 0.0)	(7.0, 0.0)	(8.0, 0.0)	(9.0, 0.0)	('>10', 0.0)	('>50', 0.0)	('>100', 0.0)	('>500', 0.0)	('>1k', 0.0)	('>5k', 0.0)	('>10k+', 0.0)
SRR8438143_1	(1.0, 7.481818849629031)	(2.0, 4.018217879967678)	(3.0, 3.470946889003159)	(4.0, 2.703298317784471)	(5.0, 2.607801366340998)	(6.0, 2.027473738338353)	(7.0, 1.851171674135018)	(8.0, 2.2331594799089105)	(9.0, 1.5536619407918901)	('>10', 24.528024682288986)	('>50', 9.667229853816204)	('>100', 17.19312421949607)	('>500', 6.5745978109160355)	('>1k', 14.089473297583194)	('>5k', 0.0)	('>10k+', 0.0)
SRR8438143_2	(1.0, 11.63226327774921)	(2.0, 4.473664879159627)	(3.0, 3.834569896422537)	(4.0, 3.9814882832586496)	(5.0, 3.177110115330933)	(6.0, 3.0191728494821124)	(7.0, 2.288253874972453)	(8.0, 2.6445309630500256)	(9.0, 2.5453610519356498)	('>10', 27.411298023947694)	('>50', 6.875780503930066)	('>100', 12.256666421802688)	('>500', 2.409461544112246)	('>1k', 13.450378314846104)	('>5k', 0.0)	('>10k+', 0.0)
SRR8438144	(1.0, 100.0)	(2.0, 0.0)	(3.0, 0.0)	(4.0, 0.0)	(5.0, 0.0)	(6.0, 0.0)	(7.0, 0.0)	(8.0, 0.0)	(9.0, 0.0)	('>10', 0.0)	('>50', 0.0)	('>100', 0.0)	('>500', 0.0)	('>1k', 0.0)	('>5k', 0.0)	('>10k+', 0.0)
SRR8438144_1	(1.0, 10.570689716249246)	(2.0, 4.569768677601049)	(3.0, 3.0500549080732577)	(4.0, 2.3947004853165184)	(5.0, 2.2848843388005244)	(6.0, 2.550568564242446)	(7.0, 2.529313826207092)	(8.0, 1.8704169471111267)	(9.0, 2.167983279606079)	('>10', 25.944950228488434)	('>50', 12.876828793085124)	('>100', 23.001169010591944)	('>500', 2.352191009245811)	('>1k', 3.836480215381345)	('>5k', 0.0)	('>10k+', 0.0)
SRR8438144_2	(1.0, 15.632859825002656)	(2.0, 4.938184136880513)	(3.0, 4.2296928690353885)	(4.0, 3.3582486095858872)	(5.0, 3.0642247334301604)	(6.0, 3.103191753161642)	(7.0, 3.223635268695314)	(8.0, 3.259059832087569)	(9.0, 2.359275921924262)	('>10', 31.580998264196392)	('>50', 8.632966098692833)	('>100', 14.304438697793051)	('>500', 2.313223989514329)	('>1k', 0.0)	('>5k', 0.0)	('>10k+', 0.0)
SRR8438145	(1.0, 100.0)	(2.0, 0.0)	(3.0, 0.0)	(4.0, 0.0)	(5.0, 0.0)	(6.0, 0.0)	(7.0, 0.0)	(8.0, 0.0)	(9.0, 0.0)	('>10', 0.0)	('>50', 0.0)	('>100', 0.0)	('>500', 0.0)	('>1k', 0.0)	('>5k', 0.0)	('>10k+', 0.0)
SRR8438145_1	(1.0, 3.0860452828711766)	(2.0, 0.6438230171620907)	(3.0, 0.36398504921625796)	(4.0, 0.27396724134557054)	(5.0, 0.22993679184360383)	(6.0, 0.18786325120839123)	(7.0, 0.16438034480734234)	(8.0, 0.156552709340326)	(9.0, 0.22895833741022684)	('>10', 6.0135809475352735)	('>50', 3.356098706483239)	('>100', 2.5351754368799044)	('>500', 0.0)	('>1k', 1.013678792978611)	('>5k', 4.974462339288859)	('>10k+', 76.77149175162913)
SRR8438145_2	(1.0, 10.76104185828066)	(2.0, 1.299387487524706)	(3.0, 0.7191640085321227)	(4.0, 0.5322792117571085)	(5.0, 0.46965812802097806)	(6.0, 0.3170192364141602)	(7.0, 0.2945147844464883)	(8.0, 0.20351852214242383)	(9.0, 0.23776442731062017)	('>10', 6.569343065693431)	('>50', 2.571378250914855)	('>100', 4.560576113970372)	('>500', 0.0)	('>1k', 5.720044617522162)	('>5k', 5.050781785092268)	('>10k+', 60.693528502377646)
SRR8438146	(1.0, 100.0)	(2.0, 0.0)	(3.0, 0.0)	(4.0, 0.0)	(5.0, 0.0)	(6.0, 0.0)	(7.0, 0.0)	(8.0, 0.0)	(9.0, 0.0)	('>10', 0.0)	('>50', 0.0)	('>100', 0.0)	('>500', 0.0)	('>1k', 0.0)	('>5k', 0.0)	('>10k+', 0.0)
SRR8438146_1	(1.0, 2.6343701971989524)	(2.0, 0.6991796004069528)	(3.0, 0.40587051107214756)	(4.0, 0.30737926705197305)	(5.0, 0.378812477000671)	(6.0, 0.2662510552633288)	(7.0, 0.26516873390046974)	(8.0, 0.2251228434746845)	(9.0, 0.3701539060977985)	('>10', 5.441911812455355)	('>50', 2.1061973721237313)	('>100', 4.350931878693422)	('>500', 0.0)	('>1k', 10.889235231725005)	('>5k', 8.633677511526724)	('>10k+', 63.02573760200879)
SRR8438146_2	(1.0, 10.578609000584454)	(2.0, 1.368054202653852)	(3.0, 0.8929151243587246)	(4.0, 0.593112106846765)	(5.0, 0.5573955018724159)	(6.0, 0.43509318786934215)	(7.0, 0.3560837283806308)	(8.0, 0.43292854514362406)	(9.0, 0.22404052211182543)	('>10', 5.629153408229972)	('>50', 3.16687230772561)	('>100', 4.566313829902375)	('>500', 0.8203995930471676)	('>1k', 14.12862307076217)	('>5k', 7.074052427646817)	('>10k+', 49.176353442864254)
SRR8438147	(1.0, 100.0)	(2.0, 0.0)	(3.0, 0.0)	(4.0, 0.0)	(5.0, 0.0)	(6.0, 0.0)	(7.0, 0.0)	(8.0, 0.0)	(9.0, 0.0)	('>10', 0.0)	('>50', 0.0)	('>100', 0.0)	('>500', 0.0)	('>1k', 0.0)	('>5k', 0.0)	('>10k+', 0.0)
SRR8438147_1	(1.0, 3.808602888424467)	(2.0, 1.0886178608191148)	(3.0, 0.6363267725131788)	(4.0, 0.6113727814342307)	(5.0, 0.5926572881250195)	(6.0, 0.46788733273027855)	(7.0, 0.5567859259490314)	(8.0, 0.42421784834211923)	(9.0, 0.36495211952961726)	('>10', 8.487476215727254)	('>50', 2.5281512211859383)	('>100', 2.656040425465548)	('>500', 0.7954084656414735)	('>1k', 3.8569512461399293)	('>5k', 38.12969836863283)	('>10k+', 34.99485323933997)
SRR8438147_2	(1.0, 13.854143922143546)	(2.0, 1.5533859446645248)	(3.0, 1.0527464986431267)	(4.0, 0.7548582301381828)	(5.0, 0.6004554103371907)	(6.0, 0.393025359493434)	(7.0, 0.4476122149786332)	(8.0, 0.4366948438815933)	(9.0, 0.3789887395115256)	('>10', 7.551701550266696)	('>50', 3.164477993699117)	('>100', 4.533828254156399)	('>500', 1.6578807823076203)	('>1k', 19.815028541127298)	('>5k', 8.72453913097726)	('>10k+', 35.08063258367385)
SRR8438148	(1.0, 100.0)	(2.0, 0.0)	(3.0, 0.0)	(4.0, 0.0)	(5.0, 0.0)	(6.0, 0.0)	(7.0, 0.0)	(8.0, 0.0)	(9.0, 0.0)	('>10', 0.0)	('>50', 0.0)	('>100', 0.0)	('>500', 0.0)	('>1k', 0.0)	('>5k', 0.0)	('>10k+', 0.0)
SRR8438148_1	(1.0, 2.287384793912209)	(2.0, 0.5980674387985093)	(3.0, 0.30461270670147955)	(4.0, 0.3213496686081542)	(5.0, 0.2510544286001205)	(6.0, 0.2075383276427663)	(7.0, 0.20307513780098638)	(8.0, 0.24101225145611568)	(9.0, 0.1506326571600723)	('>10', 5.613577023498695)	('>50', 2.3007743634375486)	('>100', 3.1978755216353125)	('>500', 0.0)	('>1k', 3.2994130905358063)	('>5k', 5.6883354533485075)	('>10k+', 75.33529713686372)
SRR8438148_2	(1.0, 9.936176385262547)	(2.0, 1.3144094084041864)	(3.0, 0.8301533105710652)	(4.0, 0.5802146794313896)	(5.0, 0.46305594608466677)	(6.0, 0.4753297181495615)	(7.0, 0.3749079467095133)	(8.0, 0.3213496686081542)	(9.0, 0.31130749146414943)	('>10', 5.246479659012296)	('>50', 2.291847983753989)	('>100', 5.373680569503024)	('>500', 1.2831670795117271)	('>1k', 8.822610519738456)	('>5k', 21.203499140835955)	('>10k+', 41.17181049295932)
SRR8438149	(1.0, 100.0)	(2.0, 0.0)	(3.0, 0.0)	(4.0, 0.0)	(5.0, 0.0)	(6.0, 0.0)	(7.0, 0.0)	(8.0, 0.0)	(9.0, 0.0)	('>10', 0.0)	('>50', 0.0)	('>100', 0.0)	('>500', 0.0)	('>1k', 0.0)	('>5k', 0.0)	('>10k+', 0.0)
SRR8438149_1	(1.0, 3.2369009187981126)	(2.0, 0.7921529674695803)	(3.0, 0.39483486466352125)	(4.0, 0.3476533399553017)	(5.0, 0.23590762354109757)	(6.0, 0.23839086168363546)	(7.0, 0.14775266948100324)	(8.0, 0.16886019369257513)	(9.0, 0.17879314626272658)	('>10', 3.0370002483238143)	('>50', 3.4392848274149492)	('>100', 6.1944375465607155)	('>500', 2.828408244350633)	('>1k', 3.7434814998758377)	('>5k', 0.0)	('>10k+', 75.0161410479265)
SRR8438149_2	(1.0, 9.205363794387882)	(2.0, 1.3533647876831387)	(3.0, 0.6444002979885771)	(4.0, 0.5314129625031041)	(5.0, 0.304196672460889)	(6.0, 0.2607400049664763)	(7.0, 0.3215793394586541)	(8.0, 0.35758629252545315)	(9.0, 0.20114228954556743)	('>10', 4.5542587534144525)	('>50', 2.6558231934442516)	('>100', 7.622299478519991)	('>500', 5.6295008691333495)	('>1k', 3.631735783461634)	('>5k', 0.0)	('>10k+', 62.726595480506575)
SRR8438150	(1.0, 100.0)	(2.0, 0.0)	(3.0, 0.0)	(4.0, 0.0)	(5.0, 0.0)	(6.0, 0.0)	(7.0, 0.0)	(8.0, 0.0)	(9.0, 0.0)	('>10', 0.0)	('>50', 0.0)	('>100', 0.0)	('>500', 0.0)	('>1k', 0.0)	('>5k', 0.0)	('>10k+', 0.0)
SRR8438150_1	(1.0, 4.474936444821068)	(2.0, 1.0820676618212632)	(3.0, 0.5279968711296525)	(4.0, 0.5019229515676944)	(5.0, 0.27703539534580535)	(6.0, 0.2444429958933577)	(7.0, 0.19392477674206376)	(8.0, 0.27377615540056055)	(9.0, 0.27866501531842774)	('>10', 5.108858614171175)	('>50', 4.163679030050192)	('>100', 5.617300045629359)	('>500', 3.339091323903266)	('>1k', 5.059970014992503)	('>5k', 0.0)	('>10k+', 68.85633270321361)
SRR8438150_2	(1.0, 11.928818199595854)	(2.0, 1.675249331855811)	(3.0, 0.9093279447232905)	(4.0, 0.6257740694869957)	(5.0, 0.5785150902809465)	(6.0, 0.2933315950720292)	(7.0, 0.33081285444234404)	(8.0, 0.29985007496251875)	(9.0, 0.38133107359363794)	('>10', 6.715663907176847)	('>50', 4.292419007887361)	('>100', 6.894922104165309)	('>500', 4.804119679290789)	('>1k', 3.9404210938009254)	('>5k', 0.0)	('>10k+', 56.32944397366534)
SRR8438151	(1.0, 100.0)	(2.0, 0.0)	(3.0, 0.0)	(4.0, 0.0)	(5.0, 0.0)	(6.0, 0.0)	(7.0, 0.0)	(8.0, 0.0)	(9.0, 0.0)	('>10', 0.0)	('>50', 0.0)	('>100', 0.0)	('>500', 0.0)	('>1k', 0.0)	('>5k', 0.0)	('>10k+', 0.0)
SRR8438151_1	(1.0, 7.959546377792822)	(2.0, 1.912660798916723)	(3.0, 0.6855111712931617)	(4.0, 0.6770480704129994)	(5.0, 0.550101557210562)	(6.0, 0.533175355450237)	(7.0, 0.2962085308056872)	(8.0, 0.2708192281651997)	(9.0, 0.4189234935680433)	('>10', 8.93703452945159)	('>50', 4.89167230873392)	('>100', 11.078199052132701)	('>500', 2.2935003385240353)	('>1k', 0.0)	('>5k', 0.0)	('>10k+', 59.49559918754231)
SRR8438151_2	(1.0, 19.854434664861206)	(2.0, 2.225795531482735)	(3.0, 1.0028774542992553)	(4.0, 0.6601218686526743)	(5.0, 0.6558903182125931)	(6.0, 0.5585646580907244)	(7.0, 0.38507109004739337)	(8.0, 0.3385240352064997)	(9.0, 0.3427555856465809)	('>10', 9.351726472579553)	('>50', 5.945328368314151)	('>100', 8.615436696005416)	('>500', 3.711069735951252)	('>1k', 0.0)	('>5k', 0.0)	('>10k+', 46.352403520649965)
SRR8438152	(1.0, 100.0)	(2.0, 0.0)	(3.0, 0.0)	(4.0, 0.0)	(5.0, 0.0)	(6.0, 0.0)	(7.0, 0.0)	(8.0, 0.0)	(9.0, 0.0)	('>10', 0.0)	('>50', 0.0)	('>100', 0.0)	('>500', 0.0)	('>1k', 0.0)	('>5k', 0.0)	('>10k+', 0.0)
SRR8438152_1	(1.0, 9.79502688172043)	(2.0, 2.721774193548387)	(3.0, 1.436491935483871)	(4.0, 1.0080645161290323)	(5.0, 0.9660618279569892)	(6.0, 0.5040322580645161)	(7.0, 0.5880376344086021)	(8.0, 0.33602150537634407)	(9.0, 0.6804435483870968)	('>10', 7.778897849462366)	('>50', 8.072916666666668)	('>100', 16.927083333333336)	('>500', 4.51108870967742)	('>1k', 0.0)	('>5k', 44.674059139784944)	('>10k+', 0.0)
SRR8438152_2	(1.0, 23.177083333333336)	(2.0, 3.141801075268817)	(3.0, 1.7893145161290325)	(4.0, 1.1760752688172043)	(5.0, 0.7140456989247311)	(6.0, 0.7560483870967742)	(7.0, 0.823252688172043)	(8.0, 0.739247311827957)	(9.0, 0.22681451612903228)	('>10', 8.257728494623656)	('>50', 9.937836021505376)	('>100', 15.280577956989246)	('>500', 0.0)	('>1k', 33.98017473118279)	('>5k', 0.0)	('>10k+', 0.0)
SRR8438153	(1.0, 100.0)	(2.0, 0.0)	(3.0, 0.0)	(4.0, 0.0)	(5.0, 0.0)	(6.0, 0.0)	(7.0, 0.0)	(8.0, 0.0)	(9.0, 0.0)	('>10', 0.0)	('>50', 0.0)	('>100', 0.0)	('>500', 0.0)	('>1k', 0.0)	('>5k', 0.0)	('>10k+', 0.0)
SRR8438153_1	(1.0, 9.347226478700582)	(2.0, 2.684646031259577)	(3.0, 1.618142813361937)	(4.0, 1.1523138216365307)	(5.0, 0.827459393196445)	(6.0, 0.8826233527428746)	(7.0, 0.6435795280416794)	(8.0, 0.5393809377873123)	(9.0, 0.4413116763714373)	('>10', 8.27459393196445)	('>50', 6.000612932883849)	('>100', 18.112166717744408)	('>500', 10.904076003677597)	('>1k', 0.0)	('>5k', 38.57186638063132)	('>10k+', 0.0)
SRR8438153_2	(1.0, 16.55531719276739)	(2.0, 2.6969046889365615)	(3.0, 1.7468587189702727)	(4.0, 1.1523138216365307)	(5.0, 0.7355194606190621)	(6.0, 0.8090714066809686)	(7.0, 0.4290530186944529)	(8.0, 0.8335887220349373)	(9.0, 0.49647563591786703)	('>10', 8.342016549187864)	('>50', 4.449892736745326)	('>100', 23.426294820717132)	('>500', 3.4508121360711006)	('>1k', 0.0)	('>5k', 34.87588109102053)	('>10k+', 0.0)
SRR8438154	(1.0, 100.0)	(2.0, 0.0)	(3.0, 0.0)	(4.0, 0.0)	(5.0, 0.0)	(6.0, 0.0)	(7.0, 0.0)	(8.0, 0.0)	(9.0, 0.0)	('>10', 0.0)	('>50', 0.0)	('>100', 0.0)	('>500', 0.0)	('>1k', 0.0)	('>5k', 0.0)	('>10k+', 0.0)
SRR8438154_1	(1.0, 2.6410372932171082)	(2.0, 0.6787023211619384)	(3.0, 0.37712242019345965)	(4.0, 0.2903665582710206)	(5.0, 0.25082477086419463)	(6.0, 0.1416422235468393)	(7.0, 0.15698679776441357)	(8.0, 0.12275659374059407)	(9.0, 0.15403591810718775)	('>10', 2.082730862069983)	('>50', 1.2600256136354249)	('>100', 7.278639762513205)	('>500', 1.4152418836055027)	('>1k', 7.6964843219763805)	('>5k', 3.370494744483331)	('>10k+', 72.08290791484941)
SRR8438154_2	(1.0, 6.071729982707845)	(2.0, 0.9478225459009331)	(3.0, 0.6090615612514091)	(4.0, 0.3895161147538081)	(5.0, 0.2921370860653561)	(6.0, 0.2762023359163367)	(7.0, 0.26853004880754955)	(8.0, 0.17941348315932978)	(9.0, 0.15934750149019422)	('>10', 2.573167061100914)	('>50', 1.823053452234111)	('>100', 8.254790753123507)	('>500', 2.471066624960901)	('>1k', 4.502452180995155)	('>5k', 3.1184896217562454)	('>10k+', 68.06321964577641)
SRR8438155	(1.0, 100.0)	(2.0, 0.0)	(3.0, 0.0)	(4.0, 0.0)	(5.0, 0.0)	(6.0, 0.0)	(7.0, 0.0)	(8.0, 0.0)	(9.0, 0.0)	('>10', 0.0)	('>50', 0.0)	('>100', 0.0)	('>500', 0.0)	('>1k', 0.0)	('>5k', 0.0)	('>10k+', 0.0)
SRR8438155_1	(1.0, 11.17521565717466)	(2.0, 2.626843521009183)	(3.0, 1.6195158148594748)	(4.0, 1.2280864483814118)	(5.0, 0.881179853445877)	(6.0, 0.8181059270939616)	(7.0, 0.7466839810778221)	(8.0, 0.5045914108153232)	(9.0, 0.6344494944810314)	('>10', 7.512290140061219)	('>50', 4.291809665151656)	('>100', 11.621370930340413)	('>500', 15.352935720248587)	('>1k', 9.312679714312216)	('>5k', 4.703645301920044)	('>10k+', 26.970596419627125)
SRR8438155_2	(1.0, 25.802801224376214)	(2.0, 2.5878860959094703)	(3.0, 1.380205917818384)	(4.0, 0.9572395881643633)	(5.0, 0.7976996568036361)	(6.0, 0.47861979408218164)	(7.0, 0.5518968555792597)	(8.0, 0.3339207865689639)	(9.0, 0.3756608848900844)	('>10', 7.76458584546888)	('>50', 2.793803914293665)	('>100', 15.389110472126891)	('>500', 2.864298302569335)	('>1k', 14.367869399870143)	('>5k', 8.945366849086355)	('>10k+', 14.609034412392171)
SRR8438156	(1.0, 100.0)	(2.0, 0.0)	(3.0, 0.0)	(4.0, 0.0)	(5.0, 0.0)	(6.0, 0.0)	(7.0, 0.0)	(8.0, 0.0)	(9.0, 0.0)	('>10', 0.0)	('>50', 0.0)	('>100', 0.0)	('>500', 0.0)	('>1k', 0.0)	('>5k', 0.0)	('>10k+', 0.0)
SRR8438156_1	(1.0, 3.781286926630143)	(2.0, 0.9863377572046602)	(3.0, 0.48047344212345827)	(4.0, 0.23437728884071135)	(5.0, 0.3125030517876151)	(6.0, 0.18750183107256907)	(7.0, 0.16406410218849793)	(8.0, 0.24218986513540172)	(9.0, 0.1054697799783201)	('>10', 3.53421420131056)	('>50', 3.32327464135392)	('>100', 9.983495932577467)	('>500', 3.001982441234778)	('>1k', 2.129903612339964)	('>5k', 5.40141993574156)	('>10k+', 66.13150519048038)
SRR8438156_2	(1.0, 8.497153292512623)	(2.0, 1.4843894959911719)	(3.0, 0.7441478920692585)	(4.0, 0.5039111710075294)	(5.0, 0.3564487934452485)	(6.0, 0.37500366214513814)	(7.0, 0.29394818308772547)	(8.0, 0.1796892547778787)	(9.0, 0.1757829666305335)	('>10', 4.974657955644099)	('>50', 3.446322717995293)	('>100', 9.299895506792058)	('>500', 4.138712292112228)	('>1k', 7.523510971786834)	('>5k', 0.0)	('>10k+', 58.006425844002386)
SRR8438157	(1.0, 93.58974358974359)	(2.0, 2.564102564102564)	(3.0, 3.8461538461538463)	(4.0, 0.0)	(5.0, 0.0)	(6.0, 0.0)	(7.0, 0.0)	(8.0, 0.0)	(9.0, 0.0)	('>10', 0.0)	('>50', 0.0)	('>100', 0.0)	('>500', 0.0)	('>1k', 0.0)	('>5k', 0.0)	('>10k+', 0.0)
SRR8438157_1	(1.0, 18.11961858146927)	(2.0, 3.5231969916284895)	(3.0, 2.142121677883396)	(4.0, 1.5399997015504454)	(5.0, 1.1490307850715533)	(6.0, 0.944592840195186)	(7.0, 0.929670362466984)	(8.0, 0.8058137973229076)	(9.0, 0.6177905779475624)	('>10', 11.182904809514572)	('>50', 4.833390536164625)	('>100', 10.257711190366049)	('>500', 2.231656544252608)	('>1k', 30.38291077850566)	('>5k', 11.339590825660693)	('>10k+', 0.0)
SRR8438157_2	(1.0, 52.980764926208344)	(2.0, 3.088952889737812)	(3.0, 1.6205810812827361)	(4.0, 1.0594959187023414)	(5.0, 0.7535851252742005)	(6.0, 0.644651037858326)	(7.0, 0.5379553221016817)	(8.0, 0.4655813051199021)	(9.0, 0.39619178368376284)	('>10', 6.503961917836838)	('>50', 2.746482025875576)	('>100', 7.033709877188008)	('>500', 2.983003297867578)	('>1k', 3.1941563577216363)	('>5k', 15.990927133541252)	('>10k+', 0.0)
SRR8438158	(1.0, 100.0)	(2.0, 0.0)	(3.0, 0.0)	(4.0, 0.0)	(5.0, 0.0)	(6.0, 0.0)	(7.0, 0.0)	(8.0, 0.0)	(9.0, 0.0)	('>10', 0.0)	('>50', 0.0)	('>100', 0.0)	('>500', 0.0)	('>1k', 0.0)	('>5k', 0.0)	('>10k+', 0.0)
SRR8438158_1	(1.0, 5.265897096938723)	(2.0, 1.2345036483434126)	(3.0, 0.7713045560054542)	(4.0, 0.4538310208075278)	(5.0, 0.4111542505022327)	(6.0, 0.3060236699940669)	(7.0, 0.2040157799960446)	(8.0, 0.29977828897377984)	(9.0, 0.21546564519990424)	('>10', 3.442245839014895)	('>50', 3.8221731844156928)	('>100', 8.058623309843762)	('>500', 6.224563083552789)	('>1k', 5.852962912845708)	('>5k', 0.0)	('>10k+', 63.437457713566005)
SRR8438158_2	(1.0, 13.189203818009599)	(2.0, 1.8403056073112594)	(3.0, 1.064837463958947)	(4.0, 0.707809848965869)	(5.0, 0.5464708392751195)	(6.0, 0.42468590937952144)	(7.0, 0.4080315599920892)	(8.0, 0.3997043852983731)	(9.0, 0.28104214591291854)	('>10', 5.173257278471131)	('>50', 4.232286538081211)	('>100', 8.879890914011511)	('>500', 1.7143570900688032)	('>1k', 10.001977703989757)	('>5k', 0.0)	('>10k+', 51.13613889727389)
