Sample	0	1	2	3	4	5	6	7	8	9	10	11	12	13	14	15	16	17	18	19	20	21	22	23	24	25	26	27	28	29	30	31	32	33	34	35	36	37	38	39	40	41	42	43	44	45	46	47	48	49	50	51	52	53	54	55	56	57
SRR8438042	(1, 31.074074074074073)	(2, 30.555555555555557)	(3, 31.51851851851852)	(4, 30.555555555555557)	(5, 31.25925925925926)	(6, 31.62962962962963)	(7, 32.77777777777778)	(8, 32.25925925925926)	(9, 31.74074074074074)	(10, 32.925925925925924)	(15, 33.20740740740741)	(20, 34.407407407407405)	(25, 32.385185185185186)	(30, 31.074074074074076)	(35, 32.62222222222222)	(40, 34.059259259259264)	(45, 34.681481481481484)	(50, 34.333333333333336)	(55, 34.61481481481482)	(60, 35.162962962962965)	(65, 35.355555555555554)	(70, 33.548148148148144)	(75, 33.022222222222226)	(80, 34.207407407407416)	(85, 32.992592592592594)	(90, 34.222222222222214)	(95, 34.474074074074075)	(100, 33.06666666666667)	(105, 33.925925925925924)	(110, 33.31111111111112)	(115, 33.992592592592594)	(120, 33.55555555555556)	(125, 34.31111111111112)	(130, 33.56296296296296)	(135, 34.0)	(140, 32.01481481481481)	(145, 31.25925925925926)	(150, 31.6)	(155, 31.518518518518515)	(160, 30.696296296296293)	(165, 30.244444444444447)	(170, 30.014814814814816)	(175, 29.888888888888886)	(180, 28.22222222222222)	(185, 28.25925925925926)	(190, 27.65925925925926)	(195, 25.755555555555553)	(200, 25.851851851851855)	(205, 27.081481481481482)	(210, 25.925925925925924)	(215, 25.888888888888893)	(220, 23.26666666666667)	(225, 23.733333333333334)	(230, 22.970370370370368)	(235, 21.385185185185186)	(240, 19.3037037037037)	(245, 20.405071225071225)	(250, 15.815555555555555)
SRR8438042_1	(1, 32.008362723506494)	(2, 31.865857602685928)	(3, 31.72395311946528)	(4, 31.779150174800943)	(5, 29.467942893225114)	(6, 30.250881705194747)	(7, 31.613358796260645)	(8, 30.626018388751135)	(9, 30.747732208036222)	(10, 32.488543222805745)	(15, 35.86921809305262)	(20, 35.51988110455714)	(25, 34.740333584882414)	(30, 34.5265651229767)	(35, 34.83485546195192)	(40, 35.33745976498129)	(45, 34.98147264018728)	(50, 36.0006899631917)	(55, 33.9187075510927)	(60, 35.96770109808874)	(65, 34.79463738430026)	(70, 33.98240593861176)	(75, 35.58839691364679)	(80, 34.438585575457026)	(85, 34.46847576658298)	(90, 35.02983782784803)	(95, 34.92837319616208)	(100, 35.41660839968582)	(105, 34.17489334832361)	(110, 34.49002171535938)	(115, 33.266063975604865)	(120, 33.889593568557395)	(125, 33.42599374720858)	(130, 33.31701344504167)	(135, 32.03885047203955)	(140, 33.05848362107468)	(145, 32.88240747870817)	(150, 32.19017726509679)	(155, 32.708025442392696)	(160, 31.591153686220757)	(165, 32.8987571421971)	(170, 32.4892116246477)	(175, 32.2122160447244)	(180, 30.892726124655404)	(185, 32.57237375059678)	(190, 32.360826107714345)	(195, 30.243409157413254)	(200, 30.686590380557824)	(205, 32.53521738460827)	(210, 31.51013845466726)	(215, 31.920407817529377)	(220, 31.26577751767261)	(225, 30.302077590057138)	(230, 29.09296329950255)	(235, 29.134152595741465)	(240, 30.647459324454303)	(245, 29.76261760235598)	(250, 26.79109950328686)
SRR8438042_2	(1, 29.300118587423572)	(2, 29.921747701406108)	(3, 29.80835040273521)	(4, 30.011427515362463)	(5, 30.01707966918729)	(6, 32.670111348970444)	(7, 32.07076743004112)	(8, 29.94233879040828)	(9, 32.29491306155765)	(10, 32.282718578182994)	(15, 32.18982304292249)	(20, 31.725111271965623)	(25, 31.788119696292988)	(30, 31.19274306571591)	(35, 31.539591258412777)	(40, 33.45096487040089)	(45, 35.07370901418429)	(50, 32.32747377985862)	(55, 33.93171212517903)	(60, 34.66149604965271)	(65, 33.055578999245355)	(70, 33.385905037655355)	(75, 32.32689162341563)	(80, 33.250345751644055)	(85, 33.060584312577966)	(90, 30.690144923072182)	(95, 32.25787066270349)	(100, 31.84001786511835)	(105, 31.65664166576828)	(110, 31.305006853429024)	(115, 31.819084874713155)	(120, 32.590876468866945)	(125, 32.424971123192314)	(130, 33.0906993577798)	(135, 31.783293034143934)	(140, 31.761639278618844)	(145, 30.165951548566944)	(150, 30.066322711801757)	(155, 31.258308050083933)	(160, 28.65332737829388)	(165, 28.514047219355934)	(170, 30.035505382636956)	(175, 28.09811030170489)	(180, 30.817196716514456)	(185, 29.190605411898787)	(190, 29.284452726740692)	(195, 26.975232509625535)	(200, 27.776280332531552)	(205, 26.830894729240327)	(210, 24.123055666342335)	(215, 26.512466137463964)	(220, 24.501138271490845)	(225, 24.981851450025847)	(230, 23.74632328024399)	(235, 22.5212971720414)	(240, 22.778927911275417)	(245, 23.643222271915864)	(250, 19.547155521741537)
SRR8438043	(1, 16.0)	(2, 29.0)	(3, 29.0)	(4, 32.0)	(5, 30.0)	(6, 33.0)	(7, 32.0)	(8, 32.0)	(9, 16.0)	(10, 23.8)	(15, 27.6)	(20, 33.6)	(25, 27.6)	(30, 31.6)	(35, 33.2)	(40, 35.8)	(45, 37.6)	(50, 34.6)	(55, 31.0)	(60, 35.4)	(65, 25.8)	(70, 32.4)	(75, 27.6)	(80, 30.6)	(85, 27.0)	(90, 35.6)	(95, 26.4)	(100, 30.2)	(105, 37.2)	(110, 35.4)	(115, 32.4)	(120, 29.4)	(125, 24.8)	(130, 27.6)	(135, 37.2)	(140, 25.6)	(145, 22.6)	(150, 15.2)	(155, 15.4)	(160, 15.0)	(165, 16.2)	(170, 16.8)	(175, 17.0)	(180, 23.0)	(185, 31.6)	(190, 15.8)	(195, 17.2)	(200, 13.2)	(205, 18.4)	(210, 22.6)	(215, 22.2)	(220, 14.0)	(225, 15.2)	(230, 14.8)	(235, 17.6)	(240, 14.4)	(245, 14.4)	(250, 18.0)
SRR8438043_1	(1, 32.43233779608651)	(2, 31.97878475798146)	(3, 31.566426364572607)	(4, 31.931410916580845)	(5, 31.96148300720906)	(6, 29.1167868177137)	(7, 30.95036045314109)	(8, 30.635839340885685)	(9, 31.575077239958805)	(10, 32.15402677651905)	(15, 35.783810504634395)	(20, 36.05153450051493)	(25, 34.503522142121525)	(30, 35.42937178166839)	(35, 35.48037075180226)	(40, 36.379855818743565)	(45, 35.54335736354274)	(50, 35.9071060762101)	(55, 34.75386199794027)	(60, 36.825952626158596)	(65, 36.23616889804325)	(70, 37.10216271884655)	(75, 37.2432955715757)	(80, 36.43229660144182)	(85, 35.82018537590113)	(90, 37.262162718846554)	(95, 36.93285272914521)	(100, 37.50088568486097)	(105, 36.47303810504634)	(110, 36.755633367662206)	(115, 35.96420185375901)	(120, 36.502368692070036)	(125, 34.66311019567456)	(130, 34.86125643666323)	(135, 33.483089598352215)	(140, 35.526179196704426)	(145, 36.82315139031925)	(150, 35.940679711637486)	(155, 35.31575695159629)	(160, 33.90945417095777)	(165, 35.16589083419156)	(170, 34.340267765190525)	(175, 35.13651905252318)	(180, 34.011658084449024)	(185, 35.34755921730175)	(190, 34.89322348094748)	(195, 32.60584963954686)	(200, 32.596622039134914)	(205, 34.85676622039135)	(210, 33.52704428424305)	(215, 34.92741503604532)	(220, 34.06735324407826)	(225, 33.15303810504635)	(230, 31.834191555097835)	(235, 30.975612770339854)	(240, 33.19855818743564)	(245, 32.342982345243335)	(250, 28.921199933618055)
SRR8438043_2	(1, 28.966220391349125)	(2, 31.68259526261586)	(3, 29.638311019567457)	(4, 30.707312049433575)	(5, 29.727085478887744)	(6, 32.797116374871266)	(7, 32.247579814624096)	(8, 29.4043254376931)	(9, 34.11307929969104)	(10, 33.43666323377961)	(15, 33.149495365602476)	(20, 31.69326467559217)	(25, 32.797857878475796)	(30, 31.240494335736354)	(35, 32.928238928939244)	(40, 34.98904222451081)	(45, 36.04065911431514)	(50, 34.52251287332647)	(55, 35.2064675592173)	(60, 35.50549948506694)	(65, 35.19155509783728)	(70, 35.71225540679712)	(75, 35.07938208032956)	(80, 35.12144181256437)	(85, 35.58772399588053)	(90, 32.91588053553038)	(95, 33.57899073120495)	(100, 32.32943357363543)	(105, 32.978125643666324)	(110, 34.77693099897014)	(115, 33.90776519052523)	(120, 35.18315139031925)	(125, 34.0951184346035)	(130, 34.60205973223481)	(135, 33.787682801235846)	(140, 34.796168898043256)	(145, 32.861915550978374)	(150, 32.669948506694126)	(155, 34.89355303810505)	(160, 32.83176107106076)	(165, 30.099814624098865)	(170, 31.532317198764154)	(175, 31.789618949536553)	(180, 32.10463439752832)	(185, 30.651740473738414)	(190, 31.33812564366632)	(195, 27.13091658084449)	(200, 28.116374871266736)	(205, 29.175818743563337)	(210, 26.121812564366632)	(215, 26.70409886714727)	(220, 25.103357363542738)	(225, 26.635345005149333)	(230, 26.180391349124612)	(235, 24.547147270854786)	(240, 23.987312049433577)	(245, 26.203872296601446)	(250, 22.090373245038258)
SRR8438044	(1, 30.666666666666668)	(2, 31.074074074074073)	(3, 31.11111111111111)	(4, 31.814814814814813)	(5, 31.22222222222222)	(6, 33.81481481481482)	(7, 35.148148148148145)	(8, 33.25925925925926)	(9, 33.888888888888886)	(10, 34.27407407407408)	(15, 34.05185185185185)	(20, 34.6074074074074)	(25, 34.89629629629629)	(30, 32.577777777777776)	(35, 34.8)	(40, 35.08888888888889)	(45, 35.288888888888884)	(50, 36.25185185185185)	(55, 35.9037037037037)	(60, 36.25925925925925)	(65, 35.64444444444444)	(70, 36.41481481481482)	(75, 34.46666666666667)	(80, 36.11111111111111)	(85, 34.081481481481475)	(90, 35.05185185185185)	(95, 35.31111111111111)	(100, 35.96296296296296)	(105, 34.98518518518519)	(110, 36.20740740740741)	(115, 34.67407407407406)	(120, 35.08888888888889)	(125, 35.925925925925924)	(130, 36.177777777777784)	(135, 35.44444444444444)	(140, 34.05185185185185)	(145, 33.65925925925926)	(150, 33.385185185185186)	(155, 34.14814814814815)	(160, 33.49629629629629)	(165, 33.27407407407407)	(170, 33.62962962962963)	(175, 32.50370370370371)	(180, 30.77037037037037)	(185, 31.822222222222223)	(190, 27.496296296296293)	(195, 27.422222222222217)	(200, 27.303703703703707)	(205, 26.48888888888889)	(210, 27.251851851851853)	(215, 26.718518518518515)	(220, 23.45925925925926)	(225, 23.177777777777777)	(230, 22.007407407407406)	(235, 21.155555555555555)	(240, 21.36296296296296)	(245, 19.977777777777778)	(250, 20.826923076923077)
SRR8438044_1	(1, 32.31208460027447)	(2, 31.984724950443542)	(3, 31.69574576864085)	(4, 31.878992546349863)	(5, 31.8229690821516)	(6, 29.87333279516365)	(7, 31.43354949815677)	(8, 31.152651831122352)	(9, 31.825695808555103)	(10, 32.34986769995246)	(15, 35.67387275874749)	(20, 35.98880248275615)	(25, 34.58140803128559)	(30, 34.92851671465347)	(35, 35.20345146157917)	(40, 36.63101471894088)	(45, 35.80498165738324)	(50, 35.864732843598915)	(55, 36.11089883306873)	(60, 37.27396245369498)	(65, 36.68170492156177)	(70, 37.01256267434455)	(75, 37.01516741561947)	(80, 36.18018279830297)	(85, 35.31693350913544)	(90, 37.068349343881465)	(95, 36.263516580111045)	(100, 37.515039151844576)	(105, 36.693372440330435)	(110, 37.10194907120882)	(115, 36.571250975432555)	(120, 36.60969064212613)	(125, 36.39419135520096)	(130, 36.195581626886955)	(135, 33.649278404147495)	(140, 34.674832494685575)	(145, 35.10657733049898)	(150, 33.72060562028541)	(155, 33.67196763806295)	(160, 33.074602875620016)	(165, 34.19128882670039)	(170, 33.83430472961459)	(175, 34.74655078079452)	(180, 32.83824592560701)	(185, 33.73850514400523)	(190, 33.368378943214125)	(195, 31.826879781861884)	(200, 32.414577222865034)	(205, 33.5723829256698)	(210, 33.28943303823696)	(215, 33.91217429522195)	(220, 32.751898393563486)	(225, 32.68019087084825)	(230, 31.418697808752434)	(235, 30.62518814366423)	(240, 31.939478532569296)	(245, 31.596208672150112)	(250, 27.531596614757802)
SRR8438044_2	(1, 28.784480980186387)	(2, 30.774910529289887)	(3, 29.9994618303151)	(4, 30.26528177667752)	(5, 27.785808465409144)	(6, 32.10976867673044)	(7, 31.587080339764462)	(8, 29.866803002986842)	(9, 33.52325341513512)	(10, 32.068672245692404)	(15, 33.228087075855015)	(20, 32.91060283974203)	(25, 32.71520598444689)	(30, 28.714149377965537)	(35, 33.83426705773664)	(40, 36.282903246060144)	(45, 36.80275363488774)	(50, 33.40721326767663)	(55, 35.02372790140731)	(60, 35.907485043367515)	(65, 33.623173586631864)	(70, 34.558873072679816)	(75, 34.94512283723058)	(80, 35.43312972580255)	(85, 35.24148929490802)	(90, 33.07632681251066)	(95, 32.64003444285983)	(100, 32.29859268627398)	(105, 35.06153790956955)	(110, 33.88404237189319)	(115, 34.599915686749355)	(120, 32.918391948981515)	(125, 34.23655607279642)	(130, 35.49645615262492)	(135, 35.56912341127825)	(140, 34.81757841580784)	(145, 33.03710679977397)	(150, 33.121192225241955)	(155, 34.4164249387832)	(160, 29.49454923804142)	(165, 28.818005363757862)	(170, 32.12890240292764)	(175, 31.933997075944717)	(180, 31.620274645929193)	(185, 31.785638045008927)	(190, 31.77606737944891)	(195, 30.078180318877777)	(200, 29.413025499569066)	(205, 29.376749355925114)	(210, 27.374719674271518)	(215, 28.595919481587146)	(220, 26.488412554355392)	(225, 27.469367337351333)	(230, 26.561278515873802)	(235, 25.107960754619523)	(240, 23.7399004716435)	(245, 26.59680272591366)	(250, 21.81567029193182)
SRR8438045	(1, 33.0)	(2, 33.0)	(3, 33.0)	(4, 33.0)	(5, 33.0)	(6, 37.0)	(7, 34.0)	(8, 31.0)	(9, 37.0)	(10, 37.4)	(15, 38.0)	(20, 38.4)	(25, 34.4)	(30, 36.8)	(35, 38.2)	(40, 39.0)	(45, 38.4)	(50, 38.6)	(55, 38.8)	(60, 38.6)	(65, 38.0)	(70, 38.0)	(75, 37.4)	(80, 38.6)	(85, 36.8)	(90, 38.4)	(95, 37.8)	(100, 38.2)	(105, 39.0)	(110, 38.8)	(115, 37.2)	(120, 34.8)	(125, 36.6)	(130, 35.2)	(135, 34.4)	(140, 38.4)	(145, 37.4)	(150, 32.6)	(155, 35.2)	(160, 32.4)	(165, 33.6)	(170, 30.6)	(175, 36.6)	(180, 35.0)	(185, 30.8)	(190, 36.6)	(195, 27.4)	(200, 36.2)	(205, 24.6)	(210, 28.4)	(215, 22.6)	(220, 17.6)	(225, 18.0)	(230, 16.0)	(235, 20.6)	(240, 18.4)	(245, 13.6)	(250, 19.0)
SRR8438045_1	(1, 32.180005906674545)	(2, 31.90578854105139)	(3, 31.622674246898995)	(4, 32.19636001181335)	(5, 31.66280271707029)	(6, 31.41601447135263)	(7, 32.43938275251033)	(8, 31.734310395747194)	(9, 32.147076196101594)	(10, 33.16133343177791)	(15, 36.11540903721205)	(20, 35.96320880094506)	(25, 35.56007088009451)	(30, 37.44263880685175)	(35, 36.528831955109275)	(40, 36.661311281748375)	(45, 35.98589043118724)	(50, 36.64200383933845)	(55, 35.906334908446546)	(60, 37.05711015948022)	(65, 36.229961606615475)	(70, 36.18877731836976)	(75, 36.400834317779086)	(80, 36.2926535735381)	(85, 35.00201565268754)	(90, 36.32880980507974)	(95, 36.10263585351447)	(100, 36.523515948021256)	(105, 35.22167749557)	(110, 35.83965593620792)	(115, 35.87564235085647)	(120, 34.908778795038394)	(125, 35.13010189013586)	(130, 33.63490106320141)	(135, 33.21615475487301)	(140, 33.626210868281156)	(145, 35.19136887182516)	(150, 33.8177864737153)	(155, 33.63185174246899)	(160, 32.953898405197876)	(165, 33.59303750738334)	(170, 31.413275251033667)	(175, 33.374202598936805)	(180, 32.628440637920846)	(185, 33.01190933254578)	(190, 33.1814825753101)	(195, 30.596714412285884)	(200, 31.313253101004136)	(205, 32.863422917897225)	(210, 31.745887477849966)	(215, 32.626594802126405)	(220, 30.071168044890726)	(225, 29.383535144713523)	(230, 30.360639397519197)	(235, 30.03131275841701)	(240, 30.441221204961607)	(245, 30.486238956902007)	(250, 28.05710092905435)
SRR8438045_2	(1, 25.84572504430006)	(2, 25.63777318369758)	(3, 29.495311577082102)	(4, 30.302790903721206)	(5, 28.81430891907856)	(6, 33.323611931482574)	(7, 31.719063792085056)	(8, 31.955663024217365)	(9, 34.03983313644418)	(10, 32.4728735971648)	(15, 34.21097903130538)	(20, 32.92900915534555)	(25, 32.68851151801535)	(30, 33.11555670407561)	(35, 31.34107353809805)	(40, 33.59600561134082)	(45, 34.77971057294743)	(50, 32.99286769049026)	(55, 34.73920555227407)	(60, 34.855146190194915)	(65, 34.084760779681034)	(70, 32.62894270525694)	(75, 33.516774955699944)	(80, 34.72295481393975)	(85, 34.93766243354991)	(90, 32.662300649734206)	(95, 33.05682220909628)	(100, 31.141339338452457)	(105, 31.544152392203195)	(110, 30.52569403425871)	(115, 31.77196544595393)	(120, 31.293133490844657)	(125, 30.63791346721796)	(130, 33.01182811577082)	(135, 33.472770230360304)	(140, 31.7165903721205)	(145, 29.911850265800354)	(150, 30.208675428233903)	(155, 31.981829592439453)	(160, 30.150561134081517)	(165, 26.865423803898402)	(170, 27.384782929710575)	(175, 29.029946839929117)	(180, 26.260115180153576)	(185, 28.294410809214405)	(190, 26.3816819255759)	(195, 25.062684583579447)	(200, 23.669915457599586)	(205, 24.214080555247907)	(210, 21.465330232214715)	(215, 21.273998597113007)	(220, 20.729700594381068)	(225, 22.15322479418171)	(230, 20.869054123901645)	(235, 20.637790740604)	(240, 20.529845676733366)	(245, 19.198041009362818)	(250, 20.164929530438744)
SRR8438046	(1, 23.25)	(2, 27.25)	(3, 27.25)	(4, 32.0)	(5, 31.75)	(6, 29.5)	(7, 37.0)	(8, 31.25)	(9, 28.25)	(10, 28.6)	(15, 29.35)	(20, 26.4)	(25, 34.0)	(30, 29.05)	(35, 26.7)	(40, 30.85)	(45, 34.65)	(50, 27.7)	(55, 31.8)	(60, 32.95)	(65, 27.4)	(70, 32.75)	(75, 27.3)	(80, 26.05)	(85, 26.25)	(90, 26.35)	(95, 21.8)	(100, 25.6)	(105, 26.1)	(110, 22.5)	(115, 23.0)	(120, 25.15)	(125, 22.75)	(130, 25.5)	(135, 23.7)	(140, 23.15)	(145, 25.5)	(150, 24.95)	(155, 21.15)	(160, 21.1)	(165, 20.1)	(170, 22.05)	(175, 23.7)	(180, 22.2)	(185, 19.1)	(190, 20.35)	(195, 18.7)	(200, 17.85)	(205, 20.7)	(210, 20.15)	(215, 22.55)	(220, 21.05)	(225, 20.55)	(230, 21.85)	(235, 16.05)	(240, 13.95)	(245, 14.55)	(250, 12.5)
SRR8438046_1	(1, 32.22487376098747)	(2, 31.887226482139518)	(3, 31.70929493173742)	(4, 32.30398354217318)	(5, 31.903385075743408)	(6, 32.16345614363194)	(7, 32.697550028053115)	(8, 32.05782681877688)	(9, 32.692874509070506)	(10, 33.591658874135035)	(15, 35.82694595100057)	(20, 35.83440433888161)	(25, 35.515189826070696)	(30, 37.15165887413503)	(35, 36.33973443052179)	(40, 36.41924069571722)	(45, 35.99086590611558)	(50, 36.38275668599215)	(55, 35.73098185898635)	(60, 36.466070693847016)	(65, 35.699345427342436)	(70, 35.23916962782869)	(75, 35.50921264260332)	(80, 35.39713484196746)	(85, 33.643149429586686)	(90, 34.49270993080232)	(95, 33.96198242004862)	(100, 32.99275107536936)	(105, 31.68772021694408)	(110, 32.25885169253787)	(115, 32.08911913222367)	(120, 30.78574901814102)	(125, 31.38809799887788)	(130, 29.69821582195624)	(135, 29.245999625958483)	(140, 29.509033102674397)	(145, 31.000374041518608)	(150, 29.531759865345055)	(155, 29.53324106975874)	(160, 28.819524967271366)	(165, 29.332208715167383)	(170, 27.45615111277352)	(175, 28.83937909107911)	(180, 28.191284832616418)	(185, 28.80777258275669)	(190, 29.027245184215445)	(195, 27.171542921264262)	(200, 27.529291191322237)	(205, 28.5849186459697)	(210, 27.434381896390498)	(215, 28.490308584252848)	(220, 26.318182158219564)	(225, 25.163605760239385)	(230, 26.539891527959604)	(235, 26.63530951935665)	(240, 26.090639909709562)	(245, 26.89559780401679)	(250, 26.331969503170036)
SRR8438046_2	(1, 29.06369927061904)	(2, 29.821619599775577)	(3, 28.784963530951934)	(4, 29.19038713297176)	(5, 29.855657377968953)	(6, 31.623714232279784)	(7, 31.45098185898635)	(8, 28.659098559940155)	(9, 29.09343557134842)	(10, 31.525027118010097)	(15, 32.41316626145502)	(20, 30.524428651580326)	(25, 31.145202917523847)	(30, 31.591681316626147)	(35, 30.131034224798952)	(40, 32.05730316065083)	(45, 32.67439685805125)	(50, 31.45166261455022)	(55, 32.31052178791846)	(60, 32.12294744716664)	(65, 31.835100056106228)	(70, 29.919745651767347)	(75, 30.25474471666355)	(80, 31.583998503833925)	(85, 31.793446792593976)	(90, 29.598062464933612)	(95, 29.75477089956985)	(100, 28.01195436693473)	(105, 28.1738170936974)	(110, 27.653315878062465)	(115, 28.25833551524219)	(120, 27.13046568169067)	(125, 26.157636057602396)	(130, 28.89330091640172)	(135, 29.64372545352534)	(140, 28.245543295305776)	(145, 26.121862726762668)	(150, 26.456248363568353)	(155, 28.258111090331028)	(160, 27.567817467738923)	(165, 24.312915653637553)	(170, 24.72386010847204)	(175, 25.97127361137086)	(180, 23.504058350476903)	(185, 25.433155040209463)	(190, 24.012739854123804)	(195, 23.06298111090331)	(200, 21.938476514091985)	(205, 22.304189699876627)	(210, 20.072322597538623)	(215, 19.587363932218608)	(220, 19.822518984027234)	(225, 20.367059439643885)	(230, 19.4551154004414)	(235, 19.521467848726296)	(240, 19.464526989114578)	(245, 18.570318375077292)	(250, 19.60909960158868)
SRR8438047	(1, 31.714285714285715)	(2, 32.42857142857143)	(3, 32.42857142857143)	(4, 32.42857142857143)	(5, 32.285714285714285)	(6, 31.857142857142858)	(7, 34.57142857142857)	(8, 33.42857142857143)	(9, 29.714285714285715)	(10, 32.97142857142857)	(15, 33.48571428571428)	(20, 34.114285714285714)	(25, 32.99999999999999)	(30, 30.2)	(35, 35.02857142857143)	(40, 36.85714285714286)	(45, 35.885714285714286)	(50, 36.65714285714286)	(55, 36.11428571428572)	(60, 33.628571428571426)	(65, 35.17142857142857)	(70, 36.42857142857143)	(75, 34.42857142857143)	(80, 33.8)	(85, 32.77142857142857)	(90, 34.05714285714286)	(95, 34.371428571428574)	(100, 33.74285714285714)	(105, 32.457142857142856)	(110, 33.94285714285714)	(115, 34.31428571428572)	(120, 35.71428571428571)	(125, 35.22857142857143)	(130, 34.25714285714285)	(135, 34.74285714285715)	(140, 32.457142857142856)	(145, 32.25714285714285)	(150, 34.31428571428571)	(155, 34.42857142857143)	(160, 32.34285714285714)	(165, 29.4)	(170, 30.17142857142857)	(175, 31.057142857142857)	(180, 29.914285714285718)	(185, 30.6)	(190, 27.228571428571428)	(195, 27.942857142857143)	(200, 25.428571428571427)	(205, 27.114285714285717)	(210, 24.857142857142858)	(215, 21.914285714285718)	(220, 25.057142857142857)	(225, 24.34285714285714)	(230, 20.02857142857143)	(235, 20.97142857142857)	(240, 18.02857142857143)	(245, 18.82857142857143)	(250, 19.5)
SRR8438047_1	(1, 32.40583598304187)	(2, 32.01099629040805)	(3, 31.685943296237415)	(4, 31.925808161102278)	(5, 31.69144144144144)	(6, 29.83664546899841)	(7, 31.277656332803392)	(8, 30.92544382617912)	(9, 31.665275569687335)	(10, 32.16718335983042)	(15, 35.78540010598834)	(20, 35.99912559618441)	(25, 34.75243110757817)	(30, 35.06147986221516)	(35, 35.30541865394807)	(40, 36.389016958134604)	(45, 35.40795574986752)	(50, 36.221959459459455)	(55, 35.04187201907791)	(60, 37.0716812400636)	(65, 36.12806041335453)	(70, 35.85853206147324)	(75, 36.79201112877583)	(80, 35.95429252782194)	(85, 35.26956809750927)	(90, 36.448516163222045)	(95, 36.10508744038156)	(100, 36.72208532061473)	(105, 36.390752517223106)	(110, 36.82638447270801)	(115, 36.23054451510334)	(120, 35.766898516163224)	(125, 35.756041335453105)	(130, 35.07029014308426)	(135, 33.43825516693163)	(140, 34.63940116587175)	(145, 35.83588367779544)	(150, 34.041852146263906)	(155, 33.92445680975093)	(160, 32.91160572337043)	(165, 34.28288288288288)	(170, 33.96848171701113)	(175, 34.883392951775306)	(180, 32.690321939586646)	(185, 33.754160042395334)	(190, 33.67629835718071)	(195, 31.95989003709592)	(200, 32.56980657127716)	(205, 34.20144409114998)	(210, 33.47186009538951)	(215, 33.908426073131956)	(220, 33.19002384737679)	(225, 32.0094462109168)	(230, 31.076622946475887)	(235, 30.957346316905138)	(240, 32.630505464792364)	(245, 32.18637590923792)	(250, 29.31643581087769)
SRR8438047_2	(1, 29.12105855855856)	(2, 30.11718335983042)	(3, 31.312665606783256)	(4, 31.745826709062005)	(5, 29.967474827768946)	(6, 31.941905140434553)	(7, 32.92600688924218)	(8, 33.8255498145204)	(9, 33.930842607313195)	(10, 33.991554054054056)	(15, 33.44038155802862)	(20, 33.34734366719661)	(25, 32.69921833598304)	(30, 30.431041335453095)	(35, 32.52335718071013)	(40, 35.808498940116586)	(45, 36.90662427133015)	(50, 33.60801536830949)	(55, 35.24730392156863)	(60, 35.58917594064653)	(65, 34.10747880233174)	(70, 35.278848701642815)	(75, 35.33707604663487)	(80, 35.7907061473238)	(85, 35.227795442501325)	(90, 32.394554848966614)	(95, 33.273072337042926)	(100, 32.7302729199788)	(105, 35.03341944886062)	(110, 34.72929915209327)	(115, 34.896290408055116)	(120, 34.204703232644405)	(125, 34.48794382617912)	(130, 34.85739268680445)	(135, 35.1227146263911)	(140, 35.14870164281929)	(145, 33.86077768945416)	(150, 33.521780604133546)	(155, 34.805650503444625)	(160, 31.037447005829357)	(165, 30.295502119766827)	(170, 32.33440646528882)	(175, 32.23994435612082)	(180, 32.50130498145204)	(185, 32.369826444091146)	(190, 32.71393746687864)	(195, 30.88508876523582)	(200, 30.051463963963965)	(205, 29.5652552832815)	(210, 27.637843020612422)	(215, 28.54867174561113)	(220, 26.547956276912885)	(225, 28.55598542563763)	(230, 26.739456773766147)	(235, 25.237012255713815)	(240, 24.287850309199772)	(245, 26.21393094003787)	(250, 21.849992900803553)
SRR8438048	(1, 28.6)	(2, 29.6)	(3, 28.666666666666668)	(4, 32.13333333333333)	(5, 30.866666666666667)	(6, 31.866666666666667)	(7, 33.4)	(8, 32.46666666666667)	(9, 31.866666666666667)	(10, 30.72)	(15, 32.0)	(20, 34.53333333333334)	(25, 32.29333333333333)	(30, 33.29333333333334)	(35, 35.44)	(40, 33.506666666666675)	(45, 32.839999999999996)	(50, 33.906666666666666)	(55, 36.32000000000001)	(60, 35.50666666666667)	(65, 36.01333333333333)	(70, 36.040000000000006)	(75, 35.17333333333333)	(80, 35.88)	(85, 33.88)	(90, 35.52)	(95, 36.81333333333333)	(100, 35.28)	(105, 36.54666666666667)	(110, 36.29333333333333)	(115, 36.17333333333333)	(120, 36.33333333333333)	(125, 34.45333333333333)	(130, 34.57333333333334)	(135, 36.92)	(140, 33.18666666666667)	(145, 35.08)	(150, 34.58666666666666)	(155, 34.586666666666666)	(160, 32.54666666666667)	(165, 32.040000000000006)	(170, 31.813333333333333)	(175, 30.546666666666663)	(180, 28.68)	(185, 27.78666666666667)	(190, 23.506666666666668)	(195, 25.173333333333336)	(200, 26.96)	(205, 25.48)	(210, 24.080000000000002)	(215, 23.32)	(220, 20.53333333333333)	(225, 20.04)	(230, 20.42666666666667)	(235, 19.946666666666665)	(240, 17.773333333333333)	(245, 17.973333333333333)	(250, 13.923076923076923)
SRR8438048_1	(1, 32.47817544180308)	(2, 32.12201418796194)	(3, 31.82309599150093)	(4, 32.007162521847405)	(5, 32.043306411999225)	(6, 29.896206262351637)	(7, 31.273443836461464)	(8, 31.24448531511669)	(9, 32.196598087709475)	(10, 32.93823552930694)	(15, 35.40880064885365)	(20, 36.42936062783445)	(25, 34.64794206011035)	(30, 35.139647471412744)	(35, 35.486861855858535)	(40, 36.84953677789328)	(45, 36.034793634837044)	(50, 36.9967488776431)	(55, 35.70654908098105)	(60, 36.8381361450325)	(65, 35.460681524806084)	(70, 35.870108180353895)	(75, 36.56990141536915)	(80, 36.31616536629389)	(85, 35.477220438890086)	(90, 36.88863706462263)	(95, 36.17816516067124)	(100, 36.81416511497733)	(105, 36.36416911319526)	(110, 36.88282479808999)	(115, 36.868403797164696)	(120, 35.33366613737877)	(125, 36.31585921703469)	(130, 35.33779001359394)	(135, 32.84021293366385)	(140, 34.18659340408276)	(145, 36.163355761432044)	(150, 33.24562766309873)	(155, 33.658778373068)	(160, 31.765329738745017)	(165, 33.29344406493106)	(170, 33.06596374187505)	(175, 35.02414923634037)	(180, 30.62907275614298)	(185, 33.7688550246176)	(190, 33.95030100869327)	(195, 31.006470258970285)	(200, 32.31576782919613)	(205, 33.21849004443733)	(210, 32.68407224208638)	(215, 33.19438650201624)	(220, 30.903674933458234)	(225, 30.207039148265345)	(230, 29.640212933663854)	(235, 29.742841200107573)	(240, 32.084732706882065)	(245, 31.280266253748106)	(250, 25.85561952954341)
SRR8438048_2	(1, 29.684586298678305)	(2, 30.433932304458583)	(3, 30.50730531534516)	(4, 29.691166223054868)	(5, 28.222746433018425)	(6, 31.483190349444246)	(7, 30.423765407418408)	(8, 30.419778612961082)	(9, 32.39754852123054)	(10, 34.861417196906515)	(15, 33.669121191697414)	(20, 33.473599195787024)	(25, 33.08994162601812)	(30, 31.90966769097202)	(35, 32.69043283565039)	(40, 35.906743280138)	(45, 36.34548943899291)	(50, 32.98210169181736)	(55, 35.162654359771075)	(60, 36.07805206822102)	(65, 35.18267058111242)	(70, 35.65150847051029)	(75, 35.3155599218634)	(80, 35.9962211128754)	(85, 34.29033459372394)	(90, 33.37032636881847)	(95, 33.710506174390844)	(100, 32.405981334033974)	(105, 35.48513691040564)	(110, 35.24539233941444)	(115, 34.52249168941843)	(120, 34.17964335896001)	(125, 32.62601811763899)	(130, 35.15370063628782)	(135, 35.59851723231931)	(140, 35.52560801471344)	(145, 32.71715920903826)	(150, 33.7252036235278)	(155, 35.09121420167011)	(160, 33.84189218519745)	(165, 30.80367607580621)	(170, 33.70379373764836)	(175, 33.12021841693417)	(180, 33.175377831595064)	(185, 33.145555695175865)	(190, 33.821665792602595)	(195, 33.45697231932752)	(200, 30.703793824325714)	(205, 30.581335885882716)	(210, 28.8780983276421)	(215, 29.11245687390043)	(220, 27.728448374345966)	(225, 28.467864691030808)	(230, 27.298214387716634)	(235, 24.677726786935928)	(240, 23.80282507991459)	(245, 26.626284654577024)	(250, 22.211182569233543)
SRR8438049	(1, 30.55)	(2, 28.85)	(3, 31.75)	(4, 32.35)	(5, 29.95)	(6, 35.3)	(7, 34.2)	(8, 34.35)	(9, 34.6)	(10, 32.529999999999994)	(15, 35.120000000000005)	(20, 34.14)	(25, 34.33)	(30, 32.25)	(35, 34.760000000000005)	(40, 36.05)	(45, 36.519999999999996)	(50, 36.339999999999996)	(55, 37.12)	(60, 36.480000000000004)	(65, 36.260000000000005)	(70, 37.25)	(75, 35.12)	(80, 36.83)	(85, 34.239999999999995)	(90, 35.94)	(95, 36.07)	(100, 35.98)	(105, 37.04)	(110, 36.6)	(115, 34.71)	(120, 36.71)	(125, 36.07000000000001)	(130, 35.86999999999999)	(135, 36.010000000000005)	(140, 36.220000000000006)	(145, 34.89)	(150, 34.760000000000005)	(155, 33.58)	(160, 34.489999999999995)	(165, 33.3)	(170, 32.03)	(175, 32.43000000000001)	(180, 30.73)	(185, 30.8)	(190, 29.410000000000004)	(195, 29.169999999999998)	(200, 28.580000000000002)	(205, 25.44)	(210, 27.419999999999998)	(215, 26.640000000000004)	(220, 24.679999999999996)	(225, 23.32)	(230, 23.85)	(235, 20.78)	(240, 19.360000000000003)	(245, 19.8778947368421)	(250, 20.980263157894736)
SRR8438049_1	(1, 32.335400900469395)	(2, 31.91270715585784)	(3, 31.604639652584858)	(4, 31.78782290768592)	(5, 31.613851901523134)	(6, 29.651539100169238)	(7, 31.08564038701025)	(8, 30.88412044576428)	(9, 31.553405498610978)	(10, 31.869301018616092)	(15, 35.73640035763323)	(20, 35.72490181051825)	(25, 34.64948749880257)	(30, 34.861980713350576)	(35, 35.168847590765395)	(40, 36.13701344317783)	(45, 34.784442954305966)	(50, 36.20441134208257)	(55, 34.506017498483246)	(60, 36.877513810390525)	(65, 35.44282657981288)	(70, 35.307899862694384)	(75, 36.614348436951175)	(80, 35.5143739821822)	(85, 35.2279752211259)	(90, 35.95633521729412)	(95, 35.86268799693457)	(100, 36.22514449021298)	(105, 36.09470096113932)	(110, 36.55966248363508)	(115, 35.68592138455152)	(120, 35.28108215984928)	(125, 35.098085704250096)	(130, 34.63021362199444)	(135, 33.0340885142255)	(140, 34.589970303668935)	(145, 35.868842801034575)	(150, 34.191665868378195)	(155, 33.94937733499377)	(160, 32.795175144490216)	(165, 34.1328783089057)	(170, 33.8961394769614)	(175, 34.616514991857464)	(180, 32.36922917265383)	(185, 33.36706102117061)	(190, 33.45651084075742)	(195, 31.92957020148801)	(200, 32.005340549861096)	(205, 34.1255659865249)	(210, 33.046407701887155)	(215, 33.53018488360955)	(220, 33.14159082926206)	(225, 31.55820800204362)	(230, 30.87031005524156)	(235, 30.940260880671836)	(240, 32.43413002522591)	(245, 32.05407822893672)	(250, 29.923396985685937)
SRR8438049_2	(1, 29.60730593607306)	(2, 30.006410256410255)	(3, 30.653007950953157)	(4, 31.533639876105628)	(5, 30.458249513044034)	(6, 35.340653638598845)	(7, 33.469202030845864)	(8, 33.35517450585944)	(9, 34.09542740364658)	(10, 34.338835137465274)	(15, 33.558762014241466)	(20, 33.71073697991506)	(25, 32.423640514736405)	(30, 31.20031931538781)	(35, 32.02593479579781)	(40, 35.284264137688794)	(45, 36.814798671647985)	(50, 33.50149758916882)	(55, 35.42780598397037)	(60, 35.43971006162788)	(65, 34.07763355366095)	(70, 35.49657374588882)	(75, 35.277761279816076)	(80, 35.872661813072774)	(85, 35.32330683015615)	(90, 32.260997221956124)	(95, 33.78690487594597)	(100, 32.99487818117955)	(105, 34.830721333461064)	(110, 35.1605421975285)	(115, 34.743551425743206)	(120, 34.75798128811827)	(125, 34.52186192802632)	(130, 34.62951591787208)	(135, 34.66505891368905)	(140, 34.9499920171153)	(145, 33.97692946323083)	(150, 33.290972953986646)	(155, 34.616946067631)	(160, 31.606916371299935)	(165, 31.012505987163518)	(170, 32.03658077082734)	(175, 32.116556502857875)	(180, 32.901291630743685)	(185, 32.30522240316761)	(190, 32.79900973416906)	(195, 30.936482948013794)	(200, 30.437738589946967)	(205, 29.415636785373447)	(210, 27.623160200088826)	(215, 28.662620650013174)	(220, 26.601343652610193)	(225, 28.871109798254786)	(230, 26.669170339145428)	(235, 25.350740489401623)	(240, 24.36817532234242)	(245, 25.989859520380037)	(250, 21.71372314111118)
SRR8438050	(1, 32.76470588235294)	(2, 33.0)	(3, 31.058823529411764)	(4, 33.05882352941177)	(5, 33.294117647058826)	(6, 36.11764705882353)	(7, 36.05882352941177)	(8, 35.705882352941174)	(9, 35.705882352941174)	(10, 35.83529411764706)	(15, 35.435294117647054)	(20, 36.752941176470586)	(25, 37.4)	(30, 37.50588235294117)	(35, 37.070588235294125)	(40, 37.070588235294125)	(45, 37.25882352941177)	(50, 36.870588235294115)	(55, 37.92941176470588)	(60, 38.34117647058824)	(65, 37.6235294117647)	(70, 37.38823529411765)	(75, 38.09411764705883)	(80, 38.25882352941177)	(85, 37.364705882352936)	(90, 37.7764705882353)	(95, 38.0)	(100, 38.23529411764706)	(105, 38.2)	(110, 37.89411764705882)	(115, 37.96470588235294)	(120, 37.74117647058824)	(125, 37.51764705882353)	(130, 35.082352941176474)	(135, 36.90588235294117)	(140, 36.71764705882352)	(145, 35.364705882352936)	(150, 36.6235294117647)	(155, 33.90588235294117)	(160, 34.035294117647055)	(165, 31.91764705882353)	(170, 32.129411764705885)	(175, 31.894117647058824)	(180, 29.76470588235294)	(185, 30.270588235294117)	(190, 27.388235294117646)	(195, 25.952941176470592)	(200, 25.11764705882353)	(205, 26.070588235294117)	(210, 25.85882352941176)	(215, 22.32941176470588)	(220, 17.870588235294118)	(225, 17.43529411764706)	(230, 18.588235294117645)	(235, 17.670588235294115)	(240, 16.929411764705883)	(245, 17.6)	(250, 17.96875)
SRR8438050_1	(1, 32.90681896850121)	(2, 33.08421599169263)	(3, 33.02419522326064)	(4, 33.21384562132226)	(5, 31.99300796123226)	(6, 35.98781585323641)	(7, 35.97355486327449)	(8, 33.39453097957771)	(9, 35.2840429214261)	(10, 35.90159916926272)	(15, 37.4953340256144)	(20, 37.62360678435445)	(25, 37.57613014884043)	(30, 38.606092073381795)	(35, 37.92971962616822)	(40, 38.03794392523365)	(45, 36.11408099688474)	(50, 37.76548286604361)	(55, 36.804340602284526)	(60, 38.48215299411561)	(65, 37.54211145725164)	(70, 38.293464866735896)	(75, 37.8942471443406)	(80, 38.192737971616474)	(85, 38.41957770854967)	(90, 37.59366562824506)	(95, 37.54857043959847)	(100, 38.28926272066459)	(105, 37.927898926964346)	(110, 38.02389754240221)	(115, 37.91936310141917)	(120, 38.32876427829699)	(125, 37.52017307026652)	(130, 37.53231568016614)	(135, 37.07901003807545)	(140, 38.058463136033225)	(145, 37.95896157840083)	(150, 38.14337833160263)	(155, 37.49068881966078)	(160, 37.81022499134649)	(165, 37.32125995154033)	(170, 37.209885773624094)	(175, 37.36967808930426)	(180, 37.75055728625822)	(185, 37.40041536863966)	(190, 37.18352371062652)	(195, 36.77516787815853)	(200, 35.45962616822429)	(205, 36.18016614745587)	(210, 35.04626514364832)	(215, 35.600546902042225)	(220, 35.75877466251298)	(225, 35.082796815507095)	(230, 34.20000692281066)	(235, 35.03570729952021)	(240, 35.14132022569144)	(245, 34.47689195490127)	(250, 30.98332242543288)
SRR8438050_2	(1, 31.58563516787816)	(2, 32.016857043959845)	(3, 32.599826929733474)	(4, 31.58584285219799)	(5, 32.25157493942541)	(6, 36.49411561093804)	(7, 34.60134994807892)	(8, 32.74274835583247)	(9, 33.2042921426099)	(10, 34.61276566285912)	(15, 36.7947109726549)	(20, 36.1139979231568)	(25, 36.30846659743856)	(30, 37.42294219453098)	(35, 37.35339563862929)	(40, 36.96759432329526)	(45, 36.72103842159917)	(50, 34.96944963655244)	(55, 37.2486742817584)	(60, 37.32723433714088)	(65, 37.46527518172378)	(70, 37.22477673935618)	(75, 37.034115610938045)	(80, 37.65419176185531)	(85, 37.12213222568362)	(90, 37.37478712357217)	(95, 37.5612114918657)	(100, 36.84053997923157)	(105, 35.713527172031846)	(110, 37.67302180685358)	(115, 36.845448251990305)	(120, 37.844070612668745)	(125, 36.043357563170645)	(130, 36.730841121495324)	(135, 35.14720664589824)	(140, 36.28867428175839)	(145, 35.45916233991001)	(150, 34.90434060228453)	(155, 36.05714087919696)	(160, 34.01056420906888)	(165, 34.3074627898927)	(170, 34.889858082381444)	(175, 34.64717895465559)	(180, 35.01436483212184)	(185, 32.98868812737972)	(190, 34.28154660943612)	(195, 31.543552644357412)	(200, 33.258968433680465)	(205, 29.93488420396718)	(210, 30.549594850199764)	(215, 30.04805788271135)	(220, 28.731552377991157)	(225, 26.61556272759257)	(230, 26.398358953053595)	(235, 26.63025126327683)	(240, 26.190305716165216)	(245, 22.217115828694997)	(250, 19.33432744124804)
SRR8438051	(1, 31.235294117647058)	(2, 31.352941176470587)	(3, 31.764705882352942)	(4, 31.176470588235293)	(5, 32.05882352941177)	(6, 34.411764705882355)	(7, 33.88235294117647)	(8, 29.58823529411765)	(9, 30.294117647058822)	(10, 30.8)	(15, 32.34117647058824)	(20, 33.576470588235296)	(25, 33.10588235294118)	(30, 32.09411764705882)	(35, 32.68235294117646)	(40, 34.90588235294118)	(45, 35.76470588235294)	(50, 34.05882352941177)	(55, 35.67058823529412)	(60, 34.25882352941177)	(65, 34.94117647058824)	(70, 35.529411764705884)	(75, 33.705882352941174)	(80, 35.72941176470588)	(85, 32.10588235294118)	(90, 34.141176470588235)	(95, 34.117647058823536)	(100, 34.364705882352936)	(105, 36.317647058823525)	(110, 35.23529411764706)	(115, 35.858823529411765)	(120, 35.67058823529412)	(125, 34.705882352941174)	(130, 35.905882352941184)	(135, 36.11764705882353)	(140, 35.27058823529412)	(145, 35.15294117647059)	(150, 35.023529411764706)	(155, 35.976470588235294)	(160, 32.27058823529411)	(165, 31.670588235294115)	(170, 34.247058823529414)	(175, 32.2)	(180, 31.682352941176468)	(185, 30.87058823529412)	(190, 29.63529411764706)	(195, 28.094117647058823)	(200, 30.43529411764706)	(205, 27.341176470588238)	(210, 30.541176470588237)	(215, 27.035294117647062)	(220, 26.0)	(225, 25.141176470588235)	(230, 22.34117647058823)	(235, 22.188235294117646)	(240, 21.223529411764705)	(245, 21.470588235294116)	(250, 16.772058823529413)
SRR8438051_1	(1, 32.41493736455415)	(2, 31.98794862307733)	(3, 31.64280353084201)	(4, 31.89138960833025)	(5, 31.87205454833765)	(6, 29.359236746128232)	(7, 30.98099265288863)	(8, 30.967144140810824)	(9, 31.65915746075374)	(10, 32.10332047148369)	(15, 35.603541413393934)	(20, 35.91700406998255)	(25, 34.564203181986365)	(30, 35.09637507267826)	(35, 35.18481315080078)	(40, 36.699764258153174)	(45, 35.52457318040066)	(50, 35.8528209736244)	(55, 36.12222844759236)	(60, 37.44311221523336)	(65, 36.366480257941745)	(70, 37.165285691632754)	(75, 37.15857286325915)	(80, 36.04684814207939)	(85, 35.417713409799674)	(90, 37.15939108832391)	(95, 36.08783339499974)	(100, 37.588661134309426)	(105, 36.21292034462709)	(110, 37.318490406469685)	(115, 36.68406998255722)	(120, 36.82078545377663)	(125, 36.46245150377926)	(130, 36.37571753263914)	(135, 33.35278185950632)	(140, 34.75534224853322)	(145, 35.52266821713621)	(150, 34.11607167397854)	(155, 34.127165283577355)	(160, 33.64002748559649)	(165, 34.84259844600666)	(170, 34.44314181510651)	(175, 35.25838152122205)	(180, 33.11508430678155)	(185, 34.144293038744124)	(190, 33.769004704265555)	(195, 32.36049685501348)	(200, 32.68697499867858)	(205, 33.98583646070088)	(210, 34.084974892964745)	(215, 34.627367196997724)	(220, 33.28958613034515)	(225, 33.06210053385486)	(230, 31.906751942491674)	(235, 31.19071198266293)	(240, 32.862627558805386)	(245, 32.63376175372967)	(250, 26.57005526529282)
SRR8438051_2	(1, 28.69634758708177)	(2, 30.637581267508853)	(3, 31.48752048205508)	(4, 30.55331677149955)	(5, 29.00265341719964)	(6, 30.383339499973573)	(7, 31.203023415613934)	(8, 28.381669221417624)	(9, 32.65259263174586)	(10, 34.93337914266082)	(15, 33.84074211110524)	(20, 33.2255108620963)	(25, 32.30036894127596)	(30, 28.37445530947725)	(35, 33.854747079655375)	(40, 36.22046619800201)	(45, 36.82384269781701)	(50, 32.695668904276125)	(55, 34.7544732808288)	(60, 35.82395475447962)	(65, 32.815328505734975)	(70, 34.16509963528728)	(75, 34.74161213594799)	(80, 35.45403879697658)	(85, 35.01447433796712)	(90, 32.629908557534755)	(95, 32.00778476663672)	(100, 31.772734288281622)	(105, 35.00810613668799)	(110, 33.24297055869761)	(115, 34.57015909931815)	(120, 32.74599926000317)	(125, 33.75573338971405)	(130, 35.60810613668799)	(135, 36.195147735081136)	(140, 35.36420318198636)	(145, 31.631671864263446)	(150, 32.78351709921243)	(155, 34.93354828479306)	(160, 28.369370474126537)	(165, 27.94768645277235)	(170, 32.43337597124584)	(175, 32.23969765843861)	(180, 31.730336698557004)	(185, 31.247575453248054)	(190, 31.89581571241758)	(195, 30.014965324763192)	(200, 28.276840471848345)	(205, 28.99729143980801)	(210, 27.194442053438927)	(215, 28.872736933413744)	(220, 26.524435422481606)	(225, 27.44721909881695)	(230, 26.14305536538233)	(235, 24.587122389748114)	(240, 23.631685345739058)	(245, 26.826280233903162)	(250, 21.884192771965456)
SRR8438052	(1, 31.96808510638298)	(2, 31.77659574468085)	(3, 32.11702127659574)	(4, 31.851063829787233)	(5, 31.95744680851064)	(6, 34.12765957446808)	(7, 33.06382978723404)	(8, 33.93617021276596)	(9, 33.06382978723404)	(10, 32.763829787234044)	(15, 33.67872340425532)	(20, 34.81063829787234)	(25, 34.34042553191489)	(30, 32.47659574468086)	(35, 34.94255319148937)	(40, 35.34893617021277)	(45, 35.71063829787234)	(50, 35.92765957446808)	(55, 36.60851063829787)	(60, 36.58297872340425)	(65, 36.22340425531915)	(70, 36.685106382978724)	(75, 35.195744680851064)	(80, 36.219148936170214)	(85, 34.40638297872341)	(90, 36.04893617021277)	(95, 36.0531914893617)	(100, 36.693617021276594)	(105, 36.685106382978724)	(110, 36.2)	(115, 36.15957446808511)	(120, 36.21702127659574)	(125, 36.738297872340425)	(130, 36.651063829787226)	(135, 36.355319148936175)	(140, 34.64468085106383)	(145, 34.648936170212764)	(150, 35.50638297872341)	(155, 35.359574468085114)	(160, 34.221276595744676)	(165, 33.10425531914894)	(170, 33.314893617021276)	(175, 32.41702127659575)	(180, 30.5468085106383)	(185, 29.927659574468084)	(190, 29.297872340425528)	(195, 28.306382978723406)	(200, 27.917021276595744)	(205, 26.0531914893617)	(210, 25.978723404255316)	(215, 24.48936170212766)	(220, 22.653191489361706)	(225, 21.653191489361703)	(230, 20.03404255319149)	(235, 19.52978723404255)	(240, 18.097872340425532)	(245, 17.43365462087076)	(250, 17.64516129032258)
SRR8438052_1	(1, 32.30550100306198)	(2, 31.90325555203604)	(3, 31.678161404990675)	(4, 31.774617252666033)	(5, 31.588997993876042)	(6, 29.634815049449195)	(7, 30.962481962481963)	(8, 30.89763840495548)	(9, 31.46228135008623)	(10, 31.75805722732552)	(15, 35.65982895153628)	(20, 35.57840425157498)	(25, 34.548978284588046)	(30, 34.74099602294724)	(35, 35.12537359659311)	(40, 36.13382324992081)	(45, 34.4826776475557)	(50, 35.975502762819836)	(55, 34.13001372611129)	(60, 36.67558230387499)	(65, 35.13164959701545)	(70, 35.39867243867244)	(75, 36.506169711047754)	(80, 35.22948650265724)	(85, 35.015152219054656)	(90, 35.68850878119171)	(95, 35.61081054446908)	(100, 36.16184000281561)	(105, 35.69491429979235)	(110, 36.20464998416218)	(115, 35.27133776792313)	(120, 35.290830253757086)	(125, 34.574956533980924)	(130, 34.77986273888713)	(135, 32.49293633196072)	(140, 34.36370956956323)	(145, 35.42952310562067)	(150, 34.005904339562875)	(155, 33.79828951536268)	(160, 32.80407137577869)	(165, 33.918442966247845)	(170, 33.73310526871502)	(175, 34.23145461584486)	(180, 32.27680287192483)	(185, 33.113518459859925)	(190, 33.26652729384436)	(195, 31.858568964910432)	(200, 31.47285679090557)	(205, 33.79609052194418)	(210, 32.405883222468596)	(215, 33.2745560130926)	(220, 32.856495266251365)	(225, 31.382340477950237)	(230, 30.841931510224192)	(235, 30.902291528053706)	(240, 32.268907208616405)	(245, 31.958007953989352)	(250, 29.660606388677266)
SRR8438052_2	(1, 29.129989793404427)	(2, 29.90015133917573)	(3, 29.492204272692078)	(4, 30.48332101502833)	(5, 28.174131559497415)	(6, 34.10710590222785)	(7, 32.50543061274769)	(8, 34.1825432020554)	(9, 33.59486854608806)	(10, 31.282031464470492)	(15, 32.31023263998874)	(20, 32.86229120473023)	(25, 31.464402914159013)	(30, 30.655439411536975)	(35, 31.675542885298984)	(40, 34.6610903459684)	(45, 36.49914194206877)	(50, 32.81946151409566)	(55, 35.07149262661458)	(60, 35.25266321754127)	(65, 33.554202653714846)	(70, 34.94144933657129)	(75, 34.57810579664238)	(80, 35.403820786259814)	(85, 34.925283496990815)	(90, 32.03864428254672)	(95, 33.09365431316651)	(100, 32.515240206947524)	(105, 34.28779361559849)	(110, 34.489551965649525)	(115, 34.02016541723859)	(120, 34.003519515714636)	(125, 33.77756942244747)	(130, 34.361741456375604)	(135, 34.33347411396192)	(140, 34.396135571745326)	(145, 33.34587970295287)	(150, 32.942727624678845)	(155, 34.16147397318129)	(160, 30.887841481012213)	(165, 30.500073909830007)	(170, 31.614715799106044)	(175, 31.704157955865277)	(180, 32.291390560658854)	(185, 31.666935557667262)	(190, 32.203666481125325)	(195, 30.19546542906761)	(200, 29.787432532692737)	(205, 28.756130708186255)	(210, 27.04122986041737)	(215, 28.23863007415715)	(220, 26.402313726042443)	(225, 28.445611326000368)	(230, 26.379395455724726)	(235, 25.125380815428688)	(240, 23.967535427962392)	(245, 25.93487205785579)	(250, 21.803702678824017)
SRR8438053	(1, 32.666666666666664)	(2, 32.583333333333336)	(3, 32.583333333333336)	(4, 32.833333333333336)	(5, 32.833333333333336)	(6, 35.583333333333336)	(7, 36.666666666666664)	(8, 36.75)	(9, 36.166666666666664)	(10, 36.1)	(15, 36.71666666666667)	(20, 36.983333333333334)	(25, 36.833333333333336)	(30, 37.23333333333333)	(35, 37.78333333333333)	(40, 36.7)	(45, 37.4)	(50, 35.983333333333334)	(55, 37.900000000000006)	(60, 37.49999999999999)	(65, 37.95)	(70, 37.483333333333334)	(75, 37.516666666666666)	(80, 37.66666666666667)	(85, 36.85)	(90, 37.983333333333334)	(95, 37.083333333333336)	(100, 38.516666666666666)	(105, 37.5)	(110, 38.46666666666667)	(115, 38.3)	(120, 38.65)	(125, 38.65)	(130, 38.38333333333333)	(135, 38.483333333333334)	(140, 38.0)	(145, 36.81666666666668)	(150, 37.1)	(155, 36.58333333333333)	(160, 36.83333333333333)	(165, 36.8)	(170, 35.25)	(175, 35.64999999999999)	(180, 35.63333333333333)	(185, 35.849999999999994)	(190, 36.38333333333334)	(195, 35.333333333333336)	(200, 34.15)	(205, 33.666666666666664)	(210, 30.666666666666664)	(215, 31.8)	(220, 28.383333333333333)	(225, 29.9)	(230, 29.55)	(235, 26.866666666666667)	(240, 23.983333333333334)	(245, 21.55)	(250, 17.0)
SRR8438053_1	(1, 32.68246195039459)	(2, 33.02452085682074)	(3, 32.88821166854566)	(4, 32.951240135287485)	(5, 32.45768742953777)	(6, 34.74697012401353)	(7, 34.459589909808344)	(8, 34.83568207440812)	(9, 34.3622111048478)	(10, 35.39007891770011)	(15, 37.24306651634724)	(20, 37.418545659526494)	(25, 37.47556369785794)	(30, 38.520927282976324)	(35, 37.84050169109358)	(40, 37.41633314543405)	(45, 37.39196730552423)	(50, 37.29501127395716)	(55, 37.0469630777903)	(60, 38.142791713641486)	(65, 37.60335400225479)	(70, 36.879439120631346)	(75, 37.358638669673056)	(80, 37.296871476888384)	(85, 37.80897688838782)	(90, 37.36471956031567)	(95, 37.01822153325817)	(100, 37.07239289740699)	(105, 36.80380496054115)	(110, 37.29799182638106)	(115, 36.985992108229986)	(120, 36.91596674182638)	(125, 36.848527339346106)	(130, 36.7721956031567)	(135, 36.65777903043969)	(140, 36.73707722660654)	(145, 36.774661781285225)	(150, 36.28924746335964)	(155, 34.96826381059752)	(160, 36.487013810597524)	(165, 34.57096956031567)	(170, 35.73745067643743)	(175, 35.956848928974075)	(180, 35.44211527621195)	(185, 35.73549182638106)	(190, 34.9109075535513)	(195, 34.3486400789177)	(200, 33.68759160090192)	(205, 34.43894447576099)	(210, 34.3559329199549)	(215, 34.43207440811725)	(220, 34.30699689966178)	(225, 33.457018038331455)	(230, 33.90236048478016)	(235, 32.93783821871477)	(240, 33.01767192784667)	(245, 32.95045105072791)	(250, 32.643896896926364)
SRR8438053_2	(1, 31.180242390078917)	(2, 31.652797350620066)	(3, 30.934857666290867)	(4, 29.383913472378804)	(5, 31.83293404735062)	(6, 33.860097237880495)	(7, 33.91935597519729)	(8, 35.12669109357385)	(9, 35.435139515219845)	(10, 36.050028184892895)	(15, 35.18380777903044)	(20, 36.33740839909808)	(25, 36.5565107102593)	(30, 36.65713077790305)	(35, 36.40333990980834)	(40, 35.75550310033822)	(45, 36.46505777903044)	(50, 35.626824971815104)	(55, 37.0717869222097)	(60, 36.71421223224352)	(65, 36.859124859075536)	(70, 36.80148675310034)	(75, 36.3184611048478)	(80, 36.947850901916574)	(85, 35.70527057497181)	(90, 36.83948703494927)	(95, 37.12140642615559)	(100, 36.59421505073281)	(105, 35.32387965050732)	(110, 36.814874577226604)	(115, 35.332384441939126)	(120, 36.396040022547915)	(125, 35.66712232243517)	(130, 36.19512401352875)	(135, 34.90756059751972)	(140, 34.75389656144307)	(145, 35.28486471251409)	(150, 33.554502536640356)	(155, 32.28879650507328)	(160, 32.2570885005637)	(165, 31.41057638105975)	(170, 33.433554114994365)	(175, 33.073132750845545)	(180, 32.52671223224352)	(185, 30.746998308906427)	(190, 31.40903444934334)	(195, 29.879945035585934)	(200, 31.192254234921762)	(205, 28.9658951551278)	(210, 29.590344633166534)	(215, 25.240475015857356)	(220, 26.985467615758687)	(225, 26.030537740503206)	(230, 24.00811896539573)	(235, 24.791599126083586)	(240, 22.635168087955456)	(245, 23.641388038789398)	(250, 22.25914065126864)
SRR8438054	(1, 29.0)	(2, 29.0)	(3, 29.0)	(4, 32.0)	(5, 29.0)	(6, 16.0)	(7, 37.0)	(8, 16.0)	(9, 16.0)	(10, 22.6)	(15, 36.6)	(20, 35.8)	(25, 35.2)	(30, 31.6)	(35, 29.8)	(40, 26.8)	(45, 35.2)	(50, 32.6)	(55, 37.0)	(60, 37.8)	(65, 38.6)	(70, 37.6)	(75, 38.6)	(80, 38.2)	(85, 25.2)	(90, 38.4)	(95, 38.2)	(100, 37.6)	(105, 38.2)	(110, 37.4)	(115, 37.2)	(120, 35.2)	(125, 38.6)	(130, 36.8)	(135, 38.2)	(140, 37.4)	(145, 37.2)	(150, 37.2)	(155, 29.8)	(160, 34.4)	(165, 32.6)	(170, 37.6)	(175, 37.6)	(180, 33.8)	(185, 29.8)	(190, 27.0)	(195, 30.8)	(200, 33.6)	(205, 35.4)	(210, 30.8)	(215, 27.4)	(220, 18.6)	(225, 17.8)	(230, 17.0)	(235, 13.2)	(240, 18.4)	(245, 14.0)	
SRR8438054_1	(1, 31.784682566341957)	(2, 31.625797783003023)	(3, 31.72757809875714)	(4, 32.21531743365804)	(5, 31.86664427275781)	(6, 33.27040644944575)	(7, 32.961706415854884)	(8, 32.18743701713134)	(9, 32.665770910312396)	(10, 33.7843466577091)	(15, 35.44521330198186)	(20, 35.68122270742358)	(25, 35.27611689620423)	(30, 36.66221027880417)	(35, 35.88236479677528)	(40, 36.16956667786362)	(45, 35.47873698354048)	(50, 35.935975814578434)	(55, 35.685656701377226)	(60, 36.357339603627814)	(65, 35.86160564326504)	(70, 34.723076923076924)	(75, 35.1106483036614)	(80, 34.51703056768558)	(85, 33.13819281155526)	(90, 32.89586832381592)	(95, 32.05461874370171)	(100, 29.02915686933154)	(105, 27.563856231105138)	(110, 27.982868659724556)	(115, 27.918374202216995)	(120, 27.098219684245883)	(125, 27.072892173328853)	(130, 26.09714477662076)	(135, 25.858784010749076)	(140, 25.5963721867652)	(145, 26.72233792408465)	(150, 25.650587840107494)	(155, 25.277796439368494)	(160, 25.065770910312395)	(165, 25.098824319785017)	(170, 24.06718172657037)	(175, 25.361034598589185)	(180, 24.7879744709439)	(185, 24.757138058448103)	(190, 24.9299294591871)	(195, 23.67376553577427)	(200, 24.246086664427274)	(205, 24.905676855895194)	(210, 24.34175344306349)	(215, 24.52771246221028)	(220, 23.43009741350353)	(225, 23.283372522673833)	(230, 23.137789721195833)	(235, 23.27954316425932)	(240, 23.73617735975815)	(245, 23.273619889930142)	(250, 20.560439612369144)
SRR8438054_2	(1, 24.69600268726906)	(2, 30.04366812227074)	(3, 27.743365804501174)	(4, 28.977830030231775)	(5, 28.48773933490091)	(6, 32.047699025864965)	(7, 31.146120255290562)	(8, 31.41585488747061)	(9, 30.985220020154518)	(10, 31.910581121934833)	(15, 31.953375881760167)	(20, 29.593281827342963)	(25, 31.160967416862615)	(30, 30.835068861269736)	(35, 29.697279140073903)	(40, 31.4929795095734)	(45, 31.95411488075244)	(50, 30.556197514276118)	(55, 31.584816929795096)	(60, 31.176889486059792)	(65, 31.05569365132684)	(70, 29.929996640913675)	(75, 28.567618407793077)	(80, 29.241585488747063)	(85, 29.213369163587505)	(90, 27.102317769566678)	(95, 26.590728921733284)	(100, 25.56425932146456)	(105, 25.323144104803497)	(110, 24.87363117232113)	(115, 25.11884447430299)	(120, 24.51172321128653)	(125, 24.787302653678204)	(130, 25.395431642593213)	(135, 25.739469264360093)	(140, 24.20073899899227)	(145, 23.222976150487067)	(150, 23.669801813906616)	(155, 24.102720859926098)	(160, 23.082633523681558)	(165, 21.747531071548536)	(170, 21.848438024857238)	(175, 22.366476318441382)	(180, 21.213301981860933)	(185, 21.982935841451127)	(190, 21.526032919046017)	(195, 20.829559959690965)	(200, 20.150218340611353)	(205, 19.966812227074236)	(210, 18.40920389654014)	(215, 18.44702720859926)	(220, 18.48417870339268)	(225, 19.04252603291905)	(230, 18.50413167618408)	(235, 18.22734296271414)	(240, 17.853879744709438)	(245, 17.324852126626446)	(250, 18.141387149052306)
SRR8438055	(1, 32.28)	(2, 32.6)	(3, 32.2)	(4, 32.6)	(5, 32.4)	(6, 35.76)	(7, 35.4)	(8, 34.8)	(9, 34.84)	(10, 34.44800000000001)	(15, 35.512)	(20, 35.448)	(25, 35.384)	(30, 34.815999999999995)	(35, 36.111999999999995)	(40, 37.192)	(45, 36.704)	(50, 36.888)	(55, 37.768)	(60, 37.32)	(65, 37.44)	(70, 37.016)	(75, 35.92)	(80, 36.36)	(85, 35.272000000000006)	(90, 37.04)	(95, 37.536)	(100, 37.215999999999994)	(105, 37.336)	(110, 37.008)	(115, 36.992)	(120, 37.23199999999999)	(125, 36.832)	(130, 36.727999999999994)	(135, 36.672000000000004)	(140, 36.983999999999995)	(145, 36.552)	(150, 37.144)	(155, 36.216)	(160, 35.536)	(165, 33.120000000000005)	(170, 33.896)	(175, 34.088)	(180, 33.592)	(185, 32.696000000000005)	(190, 32.040000000000006)	(195, 30.544)	(200, 31.048000000000002)	(205, 28.639999999999997)	(210, 29.008)	(215, 26.392000000000003)	(220, 25.432)	(225, 21.776)	(230, 19.368000000000002)	(235, 20.351999999999997)	(240, 18.208)	(245, 18.536)	(250, 19.50888888888889)
SRR8438055_1	(1, 32.380300392696654)	(2, 31.96156430913728)	(3, 31.659843731023035)	(4, 31.8720780535201)	(5, 31.72737136148334)	(6, 29.574794542731063)	(7, 31.05710699971661)	(8, 31.011303186105824)	(9, 31.69692724990891)	(10, 32.153849641714906)	(15, 35.76618112627019)	(20, 35.924599004088904)	(25, 34.56889680579734)	(30, 35.15290716975021)	(35, 35.264243552892594)	(40, 36.51356949111372)	(45, 35.233150074895754)	(50, 35.94507752722562)	(55, 34.93691429496781)	(60, 36.771534755677905)	(65, 35.828387514675526)	(70, 36.78724747985912)	(75, 36.976873810776894)	(80, 36.086511477268125)	(85, 35.43341888992349)	(90, 36.8883122140804)	(95, 36.29972227845027)	(100, 37.12456013926562)	(105, 36.16867657179871)	(110, 36.56028986680701)	(115, 35.83268207764867)	(120, 36.02979474515202)	(125, 34.61799279381402)	(130, 35.09398647828023)	(135, 32.918780616169386)	(140, 34.94040565159305)	(145, 35.9832265900166)	(150, 34.83929881381321)	(155, 34.611081332739566)	(160, 33.49384883203109)	(165, 34.730164770657055)	(170, 34.08359337678636)	(175, 34.72459576535363)	(180, 33.31918707744626)	(185, 34.47549977733695)	(190, 34.26369944536658)	(195, 32.223409578559576)	(200, 32.1823278409781)	(205, 34.104182016922394)	(210, 32.789742925387635)	(215, 34.22010768794786)	(220, 33.34425003036314)	(225, 32.56699728755921)	(230, 31.672390591474027)	(235, 31.004372113549557)	(240, 32.65038582058736)	(245, 32.243831027324674)	(250, 30.552140773129146)
SRR8438055_2	(1, 29.954455285211125)	(2, 30.628347030484594)	(3, 30.565556050362332)	(4, 30.48325169021497)	(5, 29.826994858507753)	(6, 32.817375814744345)	(7, 31.69924294562973)	(8, 33.81699526334966)	(9, 34.37171774422088)	(10, 33.948470102425006)	(15, 33.40869438484272)	(20, 32.70013035909478)	(25, 32.51177199303672)	(30, 30.818580624266225)	(35, 33.07675316788794)	(40, 35.05154932998664)	(45, 36.29305372252136)	(50, 33.67696854378366)	(55, 35.3657649487875)	(60, 35.84427027245861)	(65, 34.69172260232379)	(70, 35.392205983563414)	(75, 34.937963645196554)	(80, 35.347373790534796)	(85, 35.65763815230152)	(90, 33.24541678474556)	(95, 33.70707744625724)	(100, 32.624633820493095)	(105, 33.755396137808184)	(110, 34.70980608072547)	(115, 33.852127444233034)	(120, 34.53974333022954)	(125, 33.685097769321075)	(130, 34.917065705841864)	(135, 34.49866645075098)	(140, 34.70203473543582)	(145, 32.94182745637829)	(150, 32.942781263916444)	(155, 34.449194769442535)	(160, 31.63712886117971)	(165, 29.99272094247196)	(170, 31.871919355491677)	(175, 31.860765151208454)	(180, 32.451021416136996)	(185, 31.28884174729768)	(190, 31.43207404329811)	(195, 28.85486919134258)	(200, 29.378440078033627)	(205, 29.17270153283056)	(210, 27.016264815185746)	(215, 28.008037403777926)	(220, 25.851514194242935)	(225, 27.179237267741968)	(230, 26.175607686613017)	(235, 24.982685155434734)	(240, 23.78249327848142)	(245, 26.259874005460027)	(250, 21.821314996442112)
SRR8438056	(1, 31.6)	(2, 28.6)	(3, 28.8)	(4, 29.4)	(5, 29.2)	(6, 30.2)	(7, 31.4)	(8, 31.0)	(9, 30.8)	(10, 30.6)	(15, 33.160000000000004)	(20, 31.440000000000005)	(25, 34.16)	(30, 28.6)	(35, 31.320000000000004)	(40, 31.72)	(45, 32.4)	(50, 33.96)	(55, 33.88)	(60, 34.72)	(65, 34.04)	(70, 31.840000000000003)	(75, 34.08)	(80, 32.88)	(85, 31.4)	(90, 31.6)	(95, 30.560000000000002)	(100, 32.68)	(105, 32.480000000000004)	(110, 33.52)	(115, 30.520000000000003)	(120, 30.8)	(125, 29.119999999999997)	(130, 29.879999999999995)	(135, 29.2)	(140, 28.8)	(145, 30.4)	(150, 31.360000000000003)	(155, 29.48)	(160, 28.8)	(165, 29.439999999999998)	(170, 28.640000000000004)	(175, 27.119999999999997)	(180, 27.959999999999997)	(185, 28.04)	(190, 26.6)	(195, 26.120000000000005)	(200, 27.919999999999998)	(205, 28.119999999999997)	(210, 30.880000000000003)	(215, 25.439999999999998)	(220, 22.2)	(225, 22.76)	(230, 21.04)	(235, 18.36)	(240, 16.52)	(245, 15.65)	(250, 15.25)
SRR8438056_1	(1, 32.396461840868305)	(2, 32.05512349371848)	(3, 31.796470387146396)	(4, 31.767690795658492)	(5, 31.72363473207418)	(6, 30.1559268438595)	(7, 31.391526365267925)	(8, 30.940859755576447)	(9, 31.468165114092812)	(10, 32.52218613793693)	(15, 35.76656268694983)	(20, 36.10102555337151)	(25, 34.604132125459365)	(30, 35.06019998290744)	(35, 35.2340996496026)	(40, 36.50901205025212)	(45, 35.73736860097428)	(50, 35.95086317408769)	(55, 35.53016408853944)	(60, 36.67772412614306)	(65, 35.940082044269715)	(70, 36.363703956926756)	(75, 36.523600546961795)	(80, 36.01720365780702)	(85, 35.35464490214512)	(90, 36.572344244081705)	(95, 36.08712930518759)	(100, 36.86696436202034)	(105, 36.08513802239124)	(110, 36.361840868301854)	(115, 35.901209298350565)	(120, 35.49277412186992)	(125, 35.11889582087001)	(130, 34.7382531407572)	(135, 33.201957097683966)	(140, 34.4420049568413)	(145, 35.28462951884454)	(150, 33.90873002307495)	(155, 34.03709512007521)	(160, 32.9815870438424)	(165, 34.213417656610545)	(170, 33.72442098965901)	(175, 34.53476198615503)	(180, 32.74210751217844)	(185, 34.00809759849586)	(190, 33.781591316981455)	(195, 31.49694043244167)	(200, 32.337466883172375)	(205, 33.72431843432185)	(210, 32.899260746944705)	(215, 33.551064011622934)	(220, 32.64154345782411)	(225, 32.069840184599606)	(230, 31.10330313648406)	(235, 30.6988869052082)	(240, 31.983543789927996)	(245, 31.58561238962431)	(250, 29.78651317776577)
SRR8438056_2	(1, 29.120438424066318)	(2, 31.50707204512435)	(3, 30.180817878813777)	(4, 30.689492351081103)	(5, 28.648470216220836)	(6, 32.131740876848134)	(7, 31.29864968806085)	(8, 32.18577472010939)	(9, 33.13048030082899)	(10, 32.635488419793184)	(15, 33.000893086061026)	(20, 32.68922314332109)	(25, 32.775583283480046)	(30, 30.482813434749165)	(35, 33.11823348431758)	(40, 35.61275104691906)	(45, 36.213725322622)	(50, 33.66155884112469)	(55, 35.204824373985126)	(60, 35.49894880779421)	(65, 34.52214767968549)	(70, 35.01438765917443)	(75, 34.83635159388086)	(80, 35.20751217844629)	(85, 34.99996581488762)	(90, 33.057520724724384)	(95, 33.54815400393129)	(100, 32.54968378771046)	(105, 34.420716178104435)	(110, 34.519476967780534)	(115, 34.22309204341509)	(120, 33.95079053072387)	(125, 33.62429279548756)	(130, 34.841761387915554)	(135, 34.456264421844295)	(140, 34.07561319545338)	(145, 33.00320485428596)	(150, 33.09632510041877)	(155, 33.981454576531924)	(160, 31.41651995555936)	(165, 30.363968891547735)	(170, 31.921207589094944)	(175, 31.538701820357232)	(180, 32.104221861379365)	(185, 31.885693530467485)	(190, 31.919767541235792)	(195, 29.957178873600547)	(200, 29.746829330826426)	(205, 29.5476113152722)	(210, 27.03797965985813)	(215, 28.194961969062472)	(220, 26.4779506025126)	(225, 27.786355867019914)	(230, 26.707661738312964)	(235, 25.129675214708882)	(240, 24.35380867930172)	(245, 26.316128197646123)	(250, 21.591177097155853)
SRR8438057	(1, 29.058823529411764)	(2, 31.235294117647058)	(3, 31.823529411764707)	(4, 31.529411764705884)	(5, 32.294117647058826)	(6, 35.0)	(7, 34.76470588235294)	(8, 35.529411764705884)	(9, 34.529411764705884)	(10, 33.94117647058824)	(15, 35.64705882352941)	(20, 34.10588235294118)	(25, 34.10588235294118)	(30, 32.23529411764706)	(35, 34.48235294117647)	(40, 35.258823529411764)	(45, 36.10588235294118)	(50, 36.470588235294116)	(55, 35.576470588235296)	(60, 36.070588235294125)	(65, 36.54117647058823)	(70, 36.88235294117647)	(75, 35.082352941176474)	(80, 37.21176470588235)	(85, 33.49411764705882)	(90, 35.705882352941174)	(95, 35.89411764705882)	(100, 35.15294117647059)	(105, 36.04705882352941)	(110, 36.56470588235294)	(115, 35.588235294117645)	(120, 35.30588235294118)	(125, 35.07058823529412)	(130, 35.98823529411764)	(135, 34.83529411764705)	(140, 35.28235294117647)	(145, 34.4)	(150, 35.71764705882352)	(155, 35.45882352941177)	(160, 34.6235294117647)	(165, 33.6)	(170, 32.22352941176471)	(175, 31.647058823529413)	(180, 31.894117647058824)	(185, 33.2235294117647)	(190, 30.905882352941177)	(195, 30.188235294117646)	(200, 29.294117647058822)	(205, 26.952941176470585)	(210, 27.470588235294116)	(215, 25.72941176470588)	(220, 24.56470588235294)	(225, 25.34117647058823)	(230, 24.91764705882353)	(235, 19.741176470588236)	(240, 18.88235294117647)	(245, 18.694117647058825)	(250, 17.588235294117645)
SRR8438057_1	(1, 32.40465007594345)	(2, 32.00893796004206)	(3, 31.677953031896248)	(4, 31.918016123378898)	(5, 31.743392919733612)	(6, 29.697242668536045)	(7, 31.19981306227363)	(8, 30.943019044280874)	(9, 31.64999415819605)	(10, 32.126379249912375)	(15, 35.7185208552401)	(20, 35.955702769015076)	(25, 34.71305526346536)	(30, 35.09259960275733)	(35, 35.258530202126416)	(40, 36.38967402733964)	(45, 35.387059235892046)	(50, 36.054020329477744)	(55, 35.256536978618996)	(60, 37.088687930833046)	(65, 36.07546909685711)	(70, 36.22817151536394)	(75, 36.84506133894146)	(80, 35.9739338707793)	(85, 35.2962729290805)	(90, 36.659883163921016)	(95, 36.27358803598551)	(100, 37.051234957354836)	(105, 36.579499941581965)	(110, 36.953581025820775)	(115, 36.28161467461152)	(120, 36.009867975230755)	(125, 35.81084472485104)	(130, 35.46819020913658)	(135, 33.56908283678)	(140, 34.879838766211)	(145, 35.94898703119523)	(150, 34.346718074541414)	(155, 34.240214978385325)	(160, 33.27298282509639)	(165, 34.5680850566655)	(170, 34.18378081551583)	(175, 35.10853838065195)	(180, 32.98047902792382)	(185, 33.87577754410562)	(190, 33.79895782217549)	(195, 32.09648790746583)	(200, 32.68724617361842)	(205, 34.249524477158545)	(210, 33.70765276317327)	(215, 34.18587218132959)	(220, 33.2459633134712)	(225, 32.35413249211356)	(230, 31.494754060053747)	(235, 31.08652807170853)	(240, 32.69020528818629)	(245, 31.9971918449403)	(250, 29.76147167760976)
SRR8438057_2	(1, 29.382906881645052)	(2, 31.111636873466527)	(3, 30.998960158897066)	(4, 30.820411262998014)	(5, 29.95998364294894)	(6, 32.872964131323755)	(7, 32.48050005841804)	(8, 33.07273045916579)	(9, 34.3422128753359)	(10, 33.64079915878024)	(15, 33.75506017058068)	(20, 33.732903376562675)	(25, 33.135186353545976)	(30, 30.456817385208552)	(35, 33.436840752424345)	(40, 36.29947657436617)	(45, 37.14741441757215)	(50, 34.17626358219418)	(55, 35.67972894029676)	(60, 36.02081317910971)	(65, 34.30129921719827)	(70, 35.53881294543755)	(75, 35.6417081434747)	(80, 36.14699614440939)	(85, 35.81927094286715)	(90, 33.25557191260661)	(95, 33.951692954784434)	(100, 33.28053744596332)	(105, 35.52422712933755)	(110, 35.22390933520271)	(115, 35.25895548545391)	(120, 34.57475172333216)	(125, 35.12860848229933)	(130, 35.707267204112625)	(135, 35.81942049304825)	(140, 35.67702301670756)	(145, 34.3982568057016)	(150, 34.16131791097091)	(155, 35.18724617361841)	(160, 31.65850449818904)	(165, 31.075237761420727)	(170, 33.06675779880827)	(175, 32.813314639560694)	(180, 33.102299334034356)	(185, 32.92092534174553)	(190, 32.84601737078072)	(195, 31.301909306324553)	(200, 30.808052530728606)	(205, 30.23571744797322)	(210, 28.329653859145346)	(215, 29.235331961769997)	(220, 27.139817370478887)	(225, 28.874150764808302)	(230, 27.224915573109598)	(235, 26.019545217199653)	(240, 24.58406488103585)	(245, 26.90477104155492)	(250, 22.257362773457025)
SRR8438058	(1, 29.294117647058822)	(2, 30.764705882352942)	(3, 29.941176470588236)	(4, 31.470588235294116)	(5, 31.470588235294116)	(6, 34.588235294117645)	(7, 34.529411764705884)	(8, 34.76470588235294)	(9, 34.8235294117647)	(10, 33.89411764705883)	(15, 35.22352941176471)	(20, 34.89411764705883)	(25, 35.04705882352941)	(30, 35.364705882352936)	(35, 33.858823529411765)	(40, 34.90588235294118)	(45, 33.870588235294115)	(50, 34.17647058823529)	(55, 35.505882352941185)	(60, 35.694117647058825)	(65, 35.61176470588235)	(70, 34.49411764705882)	(75, 34.12941176470588)	(80, 36.44705882352941)	(85, 31.952941176470585)	(90, 34.88235294117648)	(95, 35.89411764705883)	(100, 36.352941176470594)	(105, 35.8)	(110, 35.635294117647064)	(115, 35.61176470588235)	(120, 35.16470588235295)	(125, 34.71764705882352)	(130, 33.48235294117647)	(135, 35.976470588235294)	(140, 32.07058823529412)	(145, 32.08235294117647)	(150, 31.23529411764706)	(155, 29.047058823529415)	(160, 31.682352941176468)	(165, 29.129411764705885)	(170, 30.211764705882352)	(175, 30.529411764705877)	(180, 28.894117647058824)	(185, 26.941176470588232)	(190, 27.752941176470586)	(195, 25.823529411764707)	(200, 25.870588235294115)	(205, 25.94117647058824)	(210, 24.647058823529413)	(215, 23.329411764705885)	(220, 19.870588235294115)	(225, 21.05882352941176)	(230, 21.294117647058822)	(235, 19.941176470588236)	(240, 18.341176470588234)	(245, 19.011764705882353)	(250, 15.45897435897436)
SRR8438058_1	(1, 32.41185129740519)	(2, 31.93011477045908)	(3, 31.338223552894213)	(4, 32.25430389221557)	(5, 31.427170658682634)	(6, 32.518163672654694)	(7, 32.76114021956088)	(8, 32.859256487025945)	(9, 32.5622380239521)	(10, 34.12277694610778)	(15, 36.17038173652695)	(20, 37.114925149700596)	(25, 36.8266492015968)	(30, 37.71987275449102)	(35, 36.762440119760484)	(40, 37.021521956087824)	(45, 36.196299900199605)	(50, 37.45249750499001)	(55, 35.714748003992014)	(60, 37.230533932135735)	(65, 35.596634231536925)	(70, 37.134767964071855)	(75, 37.234882734530935)	(80, 36.42886477045907)	(85, 36.69598303393214)	(90, 36.84165169660679)	(95, 36.22448602794411)	(100, 36.472836826347304)	(105, 36.41219311377246)	(110, 36.6079241516966)	(115, 36.07624500998004)	(120, 36.15861526946108)	(125, 35.47807884231537)	(130, 35.910576347305394)	(135, 32.717644710578845)	(140, 35.59318113772456)	(145, 35.745683632734526)	(150, 34.9275249500998)	(155, 34.62957834331337)	(160, 34.745042415169664)	(165, 34.087634730538916)	(170, 33.916322355289424)	(175, 33.88142215568862)	(180, 33.641646706586826)	(185, 33.54114271457085)	(190, 33.67474800399201)	(195, 32.858081337325345)	(200, 31.338969560878247)	(205, 32.428610279441116)	(210, 28.81077844311377)	(215, 31.625319361277445)	(220, 31.361002994011976)	(225, 29.70050648702595)	(230, 29.32814870259481)	(235, 29.683697604790417)	(240, 30.863421784577753)	(245, 29.253864922595408)	(250, 25.430395629571223)
SRR8438058_2	(1, 28.14426147704591)	(2, 30.381724051896207)	(3, 30.957884231536926)	(4, 31.938647704590817)	(5, 31.715518962075848)	(6, 35.931599301397206)	(7, 35.013410678642714)	(8, 34.95104790419162)	(9, 35.71185129740519)	(10, 34.69606037924152)	(15, 35.150975548902196)	(20, 35.452085828343314)	(25, 34.382035928143715)	(30, 36.016132734530935)	(35, 35.48414171656687)	(40, 35.22724550898204)	(45, 35.65425898203593)	(50, 34.25681387225549)	(55, 35.53612275449102)	(60, 35.903116267465066)	(65, 36.06380489021956)	(70, 35.79918912175649)	(75, 35.3335254491018)	(80, 36.04074850299402)	(85, 35.726167664670655)	(90, 35.476427145708584)	(95, 35.485618762475056)	(100, 33.60613023952096)	(105, 33.78732285429142)	(110, 34.74272704590818)	(115, 33.93672155688623)	(120, 34.32142964071856)	(125, 31.037203093812373)	(130, 34.46337824351298)	(135, 33.92311626746507)	(140, 33.29144211576846)	(145, 32.24931137724551)	(150, 30.859408682634733)	(155, 32.78576596806387)	(160, 32.03698602794411)	(165, 29.35010728542914)	(170, 30.825167165668667)	(175, 29.747871756487022)	(180, 28.735474051896205)	(185, 28.579855289421154)	(190, 28.725725426758476)	(195, 26.806784568920353)	(200, 25.555023660194713)	(205, 25.52246888785605)	(210, 25.265495090092504)	(215, 23.059685850810325)	(220, 22.19051813406859)	(225, 21.20904021059723)	(230, 21.154910050707723)	(235, 20.546991890205863)	(240, 19.81633396874547)	(245, 19.40388653412018)	(250, 18.584153933200778)
SRR8438059	(1, 30.866666666666667)	(2, 31.333333333333332)	(3, 31.6)	(4, 31.733333333333334)	(5, 30.066666666666666)	(6, 29.6)	(7, 31.6)	(8, 31.2)	(9, 30.533333333333335)	(10, 33.093333333333334)	(15, 32.239999999999995)	(20, 33.38666666666667)	(25, 34.32000000000001)	(30, 32.64)	(35, 33.306666666666665)	(40, 34.493333333333325)	(45, 36.866666666666674)	(50, 34.879999999999995)	(55, 35.8)	(60, 35.96)	(65, 35.57333333333334)	(70, 35.67999999999999)	(75, 35.306666666666665)	(80, 35.44)	(85, 32.093333333333334)	(90, 36.36)	(95, 35.72)	(100, 36.90666666666667)	(105, 36.879999999999995)	(110, 37.04)	(115, 37.973333333333336)	(120, 35.13333333333333)	(125, 37.64)	(130, 36.266666666666666)	(135, 37.22666666666667)	(140, 35.42666666666666)	(145, 36.13333333333334)	(150, 33.34666666666667)	(155, 32.38666666666667)	(160, 32.78666666666667)	(165, 31.72)	(170, 31.76)	(175, 32.626666666666665)	(180, 30.080000000000002)	(185, 29.186666666666667)	(190, 27.666666666666668)	(195, 27.45333333333333)	(200, 26.866666666666664)	(205, 27.68)	(210, 27.693333333333335)	(215, 23.106666666666666)	(220, 22.12)	(225, 20.92)	(230, 20.92)	(235, 20.240000000000002)	(240, 19.386666666666667)	(245, 17.2)	(250, 12.616666666666667)
SRR8438059_1	(1, 32.30345172169713)	(2, 31.9174543032019)	(3, 31.644314443935546)	(4, 31.752925011450223)	(5, 31.474788691343633)	(6, 29.882145979930883)	(7, 31.21826206437107)	(8, 30.97936878044718)	(9, 31.550172794270726)	(10, 32.074422284215345)	(15, 35.70293125702627)	(20, 35.7594245742599)	(25, 34.62292126410459)	(30, 34.92778864970646)	(35, 35.17134529708123)	(40, 36.36763542490736)	(45, 34.962618145480285)	(50, 35.979443727359794)	(55, 34.8938043885581)	(60, 36.78490236082775)	(65, 35.62294208269143)	(70, 35.96641545571886)	(75, 36.61520589582379)	(80, 35.51632593579548)	(85, 35.11774576341758)	(90, 36.196473331390266)	(95, 35.81049673148187)	(100, 36.52892534454761)	(105, 36.0300328933672)	(110, 36.515772161385684)	(115, 35.771724195361614)	(120, 35.61085897489278)	(125, 34.901532247991)	(130, 35.03923470874797)	(135, 32.95830453428822)	(140, 34.57045426156473)	(145, 35.59404172044801)	(150, 34.07375608943664)	(155, 34.02847982678936)	(160, 33.11596369238456)	(165, 34.28162551526002)	(170, 33.93734438106342)	(175, 34.591127118291205)	(180, 32.578660948494814)	(185, 33.51217887329808)	(190, 33.584631719198896)	(195, 31.96031560977641)	(200, 32.101886163967194)	(205, 33.91110463421743)	(210, 32.892093100720324)	(215, 33.61429404172045)	(220, 32.94671274513886)	(225, 31.842111837448478)	(230, 31.04810759045676)	(235, 30.75918724236999)	(240, 32.43663042996436)	(245, 31.915542926391414)	(250, 29.642504735054644)
SRR8438059_2	(1, 29.694549693966774)	(2, 31.78125910813174)	(3, 31.29483282674772)	(4, 30.15303743181913)	(5, 28.307740350585004)	(6, 35.013303076987135)	(7, 34.45342882125161)	(8, 34.813340550443435)	(9, 33.975829620685346)	(10, 32.58543948036807)	(15, 33.04910271890744)	(20, 33.16463754840321)	(25, 32.303926385476956)	(30, 30.366232252154724)	(35, 32.74217012949161)	(40, 35.24807428071782)	(45, 36.479393762751386)	(50, 33.194362326685265)	(55, 35.23861847857767)	(60, 35.53300578756714)	(65, 33.8265270433443)	(70, 34.982691426905944)	(75, 34.87757838197943)	(80, 35.50097014614648)	(85, 35.17680393054919)	(90, 32.635454053378865)	(95, 33.50985551900737)	(100, 32.7336761460632)	(105, 34.60672440354749)	(110, 34.63209393346379)	(115, 34.4007786151476)	(120, 34.12145147187409)	(125, 34.14807011700046)	(130, 35.027613773577045)	(135, 34.89306324686681)	(140, 34.63830619977516)	(145, 33.54696673189824)	(150, 33.39191822459092)	(155, 34.21643835616438)	(160, 31.068755464879047)	(165, 30.440242328350752)	(170, 32.091889078569345)	(175, 32.04555939542824)	(180, 32.42833409668151)	(185, 32.18301619686056)	(190, 32.510389330579876)	(195, 30.597189432265317)	(200, 30.20733245893448)	(205, 29.413190931234777)	(210, 27.405386010225897)	(215, 28.636246668887406)	(220, 26.826523984010663)	(225, 28.645519653564286)	(230, 26.917846435709528)	(235, 25.433494337108595)	(240, 24.228251998667552)	(245, 26.36748081112457)	(250, 21.94765442710309)
SRR8438060	(1, 28.666666666666668)	(2, 28.833333333333332)	(3, 26.666666666666668)	(4, 29.666666666666668)	(5, 26.333333333333332)	(6, 28.333333333333332)	(7, 32.0)	(8, 33.166666666666664)	(9, 31.5)	(10, 30.06666666666667)	(15, 29.46666666666667)	(20, 30.666666666666668)	(25, 31.8)	(30, 32.13333333333333)	(35, 30.8)	(40, 30.633333333333336)	(45, 31.366666666666667)	(50, 32.36666666666667)	(55, 31.73333333333333)	(60, 29.5)	(65, 33.333333333333336)	(70, 34.300000000000004)	(75, 30.03333333333333)	(80, 31.333333333333336)	(85, 31.73333333333333)	(90, 31.333333333333336)	(95, 30.03333333333334)	(100, 31.833333333333332)	(105, 31.900000000000006)	(110, 31.166666666666668)	(115, 30.933333333333337)	(120, 29.9)	(125, 29.666666666666668)	(130, 30.433333333333337)	(135, 29.666666666666668)	(140, 26.6)	(145, 29.566666666666663)	(150, 29.366666666666664)	(155, 28.03333333333333)	(160, 27.866666666666664)	(165, 25.8)	(170, 26.4)	(175, 25.96666666666667)	(180, 26.066666666666663)	(185, 20.8)	(190, 20.166666666666664)	(195, 21.4)	(200, 23.43333333333333)	(205, 22.3)	(210, 21.93333333333333)	(215, 19.466666666666665)	(220, 20.0)	(225, 19.166666666666664)	(230, 18.8)	(235, 20.96666666666667)	(240, 15.8)	(245, 15.6)	(250, 15.6)
SRR8438060_1	(1, 31.723365192504996)	(2, 31.703439710567526)	(3, 31.751282466655866)	(4, 32.21232247961553)	(5, 31.820022679410336)	(6, 33.018467519844485)	(7, 32.88957287110535)	(8, 32.17187753118419)	(9, 32.602354338787194)	(10, 33.793109779145745)	(15, 35.47761758194287)	(20, 35.667509044764834)	(25, 35.393109779145746)	(30, 36.52836546249797)	(35, 36.13901398563637)	(40, 36.27608402181543)	(45, 35.91761974188672)	(50, 36.117252551433666)	(55, 36.1720395269723)	(60, 36.460003239915764)	(65, 35.84509962740968)	(70, 35.108126788703494)	(75, 35.408585776769804)	(80, 34.962373778281766)	(85, 32.93300934175711)	(90, 32.77196392893784)	(95, 31.751725255143366)	(100, 28.798196446892383)	(105, 27.60924455964145)	(110, 27.821945029429237)	(115, 27.695933905718448)	(120, 26.925892326799506)	(125, 27.158021491441225)	(130, 26.136972838706196)	(135, 25.84628759652249)	(140, 25.72353798801231)	(145, 26.144197850855875)	(150, 25.196252497435065)	(155, 25.130557805497055)	(160, 24.571207948593337)	(165, 24.867584642799287)	(170, 23.59750526486311)	(175, 24.59568011231708)	(180, 23.95203844700038)	(185, 24.326713105459255)	(190, 24.424029375236245)	(195, 22.943366272476915)	(200, 23.439807764998115)	(205, 24.01019493493169)	(210, 23.50929315837788)	(215, 24.024094173551486)	(220, 22.692315999784004)	(225, 22.450143096279497)	(230, 22.69329877423187)	(235, 22.627722879205145)	(240, 22.575344241049734)	(245, 22.8381937219054)	(250, 21.814114052319738)
SRR8438060_2	(1, 25.274798855229765)	(2, 25.442464495923105)	(3, 28.489065284302608)	(4, 26.849667908634377)	(5, 22.71666936659647)	(6, 24.97035477077596)	(7, 27.43652465035909)	(8, 28.169933581726877)	(9, 28.955721151250067)	(10, 28.962265781089695)	(15, 30.402224742156704)	(20, 28.45927965872887)	(25, 29.740288352502837)	(30, 29.43064960311032)	(35, 27.92583832820346)	(40, 30.553917598142448)	(45, 30.868653815000805)	(50, 29.648339543171875)	(55, 30.31250067498245)	(60, 29.655758950267295)	(65, 29.469668988606298)	(70, 28.413467249851504)	(75, 27.11851611858092)	(80, 28.07906474431665)	(85, 28.10959555051569)	(90, 26.123105999244018)	(95, 25.817733138938387)	(100, 24.897532264161132)	(105, 24.684756196338896)	(110, 24.293806361034616)	(115, 24.536648847129975)	(120, 23.49913062260381)	(125, 23.466126680706303)	(130, 24.380409309357955)	(135, 24.818391921810036)	(140, 23.306452832226363)	(145, 22.36332415357201)	(150, 22.615756790323452)	(155, 23.45242183703224)	(160, 22.79796965278903)	(165, 21.229213240455753)	(170, 21.045499217020357)	(175, 21.619147902154545)	(180, 20.469280198714834)	(185, 21.19003185917166)	(190, 20.363064960311032)	(195, 19.808774227146042)	(200, 19.455146344097635)	(205, 19.85729560427692)	(210, 18.12006627129017)	(215, 17.92069091648665)	(220, 17.973092087496624)	(225, 18.314296516338104)	(230, 17.86320280853362)	(235, 17.86083715906022)	(240, 17.732854442344042)	(245, 17.166771298990987)	(250, 18.11143107038844)
SRR8438061	(1, 31.46875)	(2, 32.3125)	(3, 31.5625)	(4, 31.6875)	(5, 32.53125)	(6, 34.28125)	(7, 34.5)	(8, 35.25)	(9, 33.96875)	(10, 34.1)	(15, 34.875)	(20, 35.20625)	(25, 34.61875)	(30, 34.15625)	(35, 35.86875)	(40, 35.00625)	(45, 36.75625)	(50, 36.76875)	(55, 36.54375)	(60, 36.40625)	(65, 36.48125)	(70, 36.48125)	(75, 35.9125)	(80, 36.91875)	(85, 34.53125)	(90, 35.9)	(95, 35.08125)	(100, 36.7625)	(105, 37.425)	(110, 35.85625)	(115, 35.59375)	(120, 36.29375)	(125, 36.64375)	(130, 36.84375)	(135, 36.60625)	(140, 35.94375)	(145, 36.125)	(150, 35.56875)	(155, 34.90625)	(160, 33.80625)	(165, 34.40625)	(170, 34.775)	(175, 32.81875)	(180, 32.18125)	(185, 30.5875)	(190, 29.05625)	(195, 27.9)	(200, 28.40625)	(205, 26.80625)	(210, 25.55)	(215, 24.35)	(220, 23.1625)	(225, 23.05)	(230, 22.10625)	(235, 22.15)	(240, 20.875)	(245, 19.81875)	(250, 17.002304147465438)
SRR8438061_1	(1, 32.30023022482449)	(2, 31.890302134553618)	(3, 31.624292982406274)	(4, 31.783162322712673)	(5, 31.570048034562145)	(6, 29.6387601966859)	(7, 31.076073671943835)	(8, 30.899155842310208)	(9, 31.49494073842481)	(10, 31.944399283744993)	(15, 35.704377113947075)	(20, 35.716661455816734)	(25, 34.55207912912486)	(30, 34.82424466361595)	(35, 35.148495011795475)	(40, 36.323548304578914)	(45, 34.78964556746156)	(50, 35.880399624818814)	(55, 34.604161100531506)	(60, 36.78370804081517)	(65, 35.451857431145726)	(70, 35.99071994997583)	(75, 36.71712474774749)	(80, 35.516769462524515)	(85, 35.06682772930108)	(90, 36.167589460819144)	(95, 35.763146974391034)	(100, 36.58655032259898)	(105, 35.91094278486769)	(110, 36.34388483074212)	(115, 35.59208708751386)	(120, 35.70247278515192)	(125, 34.80628996958758)	(130, 35.17408691697695)	(135, 32.69076826876616)	(140, 34.58582269846232)	(145, 35.592968194866835)	(150, 34.17374015859933)	(155, 34.061475712702155)	(160, 33.16539521928204)	(165, 34.280692379842534)	(170, 33.92254213682744)	(175, 34.44754568967967)	(180, 32.764059346843645)	(185, 33.52997186141034)	(190, 33.62776056618253)	(195, 32.01827018730637)	(200, 31.830037233891368)	(205, 33.88710740982861)	(210, 32.702651848904296)	(215, 33.65513742432425)	(220, 32.99012875536481)	(225, 31.987988517181595)	(230, 31.21120995935537)	(235, 31.08569763806384)	(240, 32.49543107392831)	(245, 32.1130241718277)	(250, 29.800551924302596)
SRR8438061_2	(1, 28.930861495608674)	(2, 30.891268510360117)	(3, 31.19577636926925)	(4, 31.686865815876985)	(5, 31.258136031606174)	(6, 33.67427450757468)	(7, 34.69395730892761)	(8, 35.02212716368701)	(9, 34.701119859022825)	(10, 32.25624591421993)	(15, 32.90081289259017)	(20, 33.17484580621323)	(25, 32.30485177500497)	(30, 30.568558678907426)	(35, 32.832214421737774)	(40, 35.33100076741608)	(45, 36.63877156581303)	(50, 33.35664383366967)	(55, 35.36158656169173)	(60, 35.701568939544664)	(65, 33.999900520137565)	(70, 35.239516243640395)	(75, 35.01370264047978)	(80, 35.73119688485916)	(85, 35.448486484950124)	(90, 32.9056021373959)	(95, 33.604289003211775)	(100, 32.92260750930847)	(105, 34.62580507631527)	(110, 34.894025523690416)	(115, 34.47102293721399)	(120, 34.275616064576646)	(125, 34.244714777023)	(130, 35.1757979706108)	(135, 35.01993007986812)	(140, 34.97997044026945)	(145, 33.69224341301197)	(150, 33.56032458857972)	(155, 34.676335161867954)	(160, 31.45448938407754)	(165, 30.768823011113323)	(170, 32.17712815848564)	(175, 32.32927834465509)	(180, 32.747508740016485)	(185, 32.15018048489327)	(190, 32.49275918425353)	(195, 30.54069849550455)	(200, 30.266962560984382)	(205, 29.5265064748646)	(210, 27.586260566568047)	(215, 28.804399662122314)	(220, 26.86928403111866)	(225, 28.69271378212418)	(230, 27.006907411076828)	(235, 25.742666971362816)	(240, 24.45731415311119)	(245, 26.752655453711423)	(250, 22.18477467374786)
SRR8438062	(1, 27.5)	(2, 28.25)	(3, 27.5)	(4, 27.5)	(5, 30.75)	(6, 28.25)	(7, 28.25)	(8, 32.75)	(9, 30.25)	(10, 29.4)	(15, 27.6)	(20, 28.9)	(25, 27.75)	(30, 30.7)	(35, 31.65)	(40, 30.95)	(45, 30.55)	(50, 31.25)	(55, 32.3)	(60, 32.9)	(65, 32.75)	(70, 30.55)	(75, 31.15)	(80, 32.45)	(85, 28.65)	(90, 32.4)	(95, 33.65)	(100, 31.45)	(105, 31.5)	(110, 29.7)	(115, 31.05)	(120, 32.05)	(125, 30.8)	(130, 31.1)	(135, 32.15)	(140, 30.45)	(145, 32.25)	(150, 31.1)	(155, 29.5)	(160, 28.05)	(165, 26.15)	(170, 30.05)	(175, 30.05)	(180, 27.9)	(185, 27.95)	(190, 19.95)	(195, 22.55)	(200, 26.6)	(205, 27.0)	(210, 26.3)	(215, 26.75)	(220, 21.1)	(225, 21.15)	(230, 21.85)	(235, 22.1)	(240, 20.5)	(245, 22.05)	(250, 18.0)
SRR8438062_1	(1, 31.962149969741983)	(2, 31.8664521098091)	(3, 31.786873521483194)	(4, 32.25727567805468)	(5, 31.589783792705067)	(6, 32.47199757935853)	(7, 32.62171975573527)	(8, 32.203884029267755)	(9, 32.27474280684381)	(10, 33.35579028442537)	(15, 35.53923089618748)	(20, 35.919101061781376)	(25, 35.4157506739286)	(30, 36.407883589151126)	(35, 36.01113495076195)	(40, 35.813781152005284)	(45, 36.33712933927491)	(50, 36.471122847554604)	(55, 36.4997194256478)	(60, 36.93902184078781)	(65, 36.8733399350828)	(70, 36.23687627221214)	(75, 35.76157781812181)	(80, 35.798564119491665)	(85, 33.899515871706)	(90, 34.51275788083843)	(95, 34.158243934642684)	(100, 33.28897507839578)	(105, 32.38594927655829)	(110, 32.04237773009847)	(115, 32.09117566155031)	(120, 31.331171260384004)	(125, 31.985745722616496)	(130, 30.812400286075807)	(135, 31.216058755570224)	(140, 30.467161797876436)	(145, 31.030797161247726)	(150, 30.697221763767402)	(155, 29.852379380535837)	(160, 29.85193926390493)	(165, 29.461440281674648)	(170, 28.31160257468229)	(175, 30.344985421136602)	(180, 28.979006436705724)	(185, 29.41439181383067)	(190, 28.77497936953292)	(195, 27.50918743467019)	(200, 28.96840512735875)	(205, 28.32132915222534)	(210, 27.841436980799916)	(215, 28.76430654123343)	(220, 26.50425812840403)	(225, 26.566232051493643)	(230, 27.56028497551851)	(235, 24.620707487484182)	(240, 24.505772551440806)	(245, 23.512867875859843)	(250, 20.719479157661368)
SRR8438062_2	(1, 27.92941629531826)	(2, 26.91227925400231)	(3, 28.954612972437697)	(4, 29.21576717830225)	(5, 27.559223194146448)	(6, 33.42905870055565)	(7, 29.63885679705122)	(8, 31.93978654343401)	(9, 30.000687682235792)	(10, 31.624503493425756)	(15, 32.38209825603785)	(20, 31.040012103207346)	(25, 31.661819882268798)	(30, 31.0133300324586)	(35, 29.293260714089236)	(40, 32.38088243384497)	(45, 33.041646036199595)	(50, 31.57397260273973)	(55, 31.933250811465037)	(60, 31.900610661825386)	(65, 31.819744732354074)	(70, 30.95478901909006)	(75, 30.43962149969742)	(80, 29.93724486989052)	(85, 30.989244649832205)	(90, 28.50643120426913)	(95, 28.31139351928261)	(100, 28.156312922924577)	(105, 28.779677614567863)	(110, 28.28463442812345)	(115, 27.755086097815923)	(120, 26.337541948616384)	(125, 28.331303295373278)	(130, 28.967106783297577)	(135, 28.76716179787644)	(140, 26.61471089838807)	(145, 26.091181163008194)	(150, 27.384073279419045)	(155, 25.598740166144026)	(160, 25.945953677724596)	(165, 24.87073224404467)	(170, 24.74919403641965)	(175, 24.23569345876657)	(180, 22.932552126313475)	(185, 23.19671012818397)	(190, 23.077322990592506)	(195, 22.880024206414696)	(200, 21.34769213841668)	(205, 21.879633602904768)	(210, 20.579193486273862)	(215, 19.085910766353084)	(220, 18.04881993728338)	(225, 19.300319084557408)	(230, 18.54597568355614)	(235, 18.33384496891676)	(240, 18.062127721461046)	(245, 17.279989647209856)	(250, 18.034556244459672)
SRR8438063	(1, 32.357142857142854)	(2, 30.571428571428573)	(3, 30.785714285714285)	(4, 32.5)	(5, 32.642857142857146)	(6, 34.285714285714285)	(7, 33.285714285714285)	(8, 33.0)	(9, 33.57142857142857)	(10, 34.857142857142854)	(15, 34.7)	(20, 35.41428571428572)	(25, 34.48571428571429)	(30, 36.05714285714286)	(35, 36.142857142857146)	(40, 35.94285714285714)	(45, 35.68571428571429)	(50, 34.84285714285714)	(55, 36.028571428571425)	(60, 36.31428571428572)	(65, 35.98571428571429)	(70, 36.828571428571436)	(75, 35.9)	(80, 37.35714285714286)	(85, 35.01428571428571)	(90, 35.65714285714286)	(95, 35.61428571428572)	(100, 35.6)	(105, 37.41428571428571)	(110, 36.91428571428571)	(115, 36.71428571428571)	(120, 35.885714285714286)	(125, 35.7)	(130, 35.31428571428571)	(135, 35.3)	(140, 35.68571428571429)	(145, 34.21428571428571)	(150, 33.10000000000001)	(155, 30.88571428571429)	(160, 30.342857142857145)	(165, 31.61428571428571)	(170, 33.15714285714286)	(175, 31.714285714285715)	(180, 29.71428571428571)	(185, 26.0)	(190, 24.642857142857146)	(195, 25.128571428571426)	(200, 25.942857142857143)	(205, 26.585714285714282)	(210, 24.285714285714285)	(215, 24.657142857142855)	(220, 21.057142857142857)	(225, 21.37142857142857)	(230, 20.428571428571427)	(235, 19.0)	(240, 17.67142857142857)	(245, 17.8)	(250, 18.333333333333336)
SRR8438063_1	(1, 32.46839091602363)	(2, 31.958638696084893)	(3, 31.22870215983559)	(4, 32.309098194320576)	(5, 31.702379567515866)	(6, 32.40823606964209)	(7, 32.65402561815761)	(8, 32.90357646024791)	(9, 32.432135148060546)	(10, 34.11811237349257)	(15, 36.641790427443226)	(20, 37.19328912843977)	(25, 36.97479545542673)	(30, 37.85030051572376)	(35, 36.71238641798182)	(40, 37.02680471001848)	(45, 36.49489834167023)	(50, 37.584722168366355)	(55, 35.89151188491217)	(60, 37.399335634055866)	(65, 35.25483474866545)	(70, 37.09910426926209)	(75, 37.406299843602575)	(80, 36.83608773766593)	(85, 36.56128840461695)	(90, 37.059842051520675)	(95, 36.5420243773185)	(100, 36.770607623405326)	(105, 36.70983235746507)	(110, 36.78487985833753)	(115, 36.28632879651532)	(120, 36.27393850091124)	(125, 35.637000271433564)	(130, 35.84409890521798)	(135, 33.027619010689314)	(140, 36.118818100740626)	(145, 36.24803339925292)	(150, 35.42393785464087)	(155, 35.28980314604418)	(160, 35.27098116768131)	(165, 34.821831013222685)	(170, 34.4181705378262)	(175, 34.34353923507438)	(180, 34.24568873033722)	(185, 34.168125945170424)	(190, 34.345170421497535)	(195, 33.227344992050874)	(200, 31.363878656274636)	(205, 33.13970814429925)	(210, 29.291240451355225)	(215, 32.018759936406994)	(220, 31.959228094665683)	(225, 30.529352307831505)	(230, 30.149081649799008)	(235, 30.32478446883038)	(240, 29.635668663564434)	(245, 29.944887243899796)	(250, 29.326423459851547)
SRR8438063_2	(1, 28.927139478072046)	(2, 30.70894567451239)	(3, 31.30940840409994)	(4, 32.19518657825688)	(5, 30.840422919332532)	(6, 34.351415978388715)	(7, 34.66761022141223)	(8, 32.813990461049286)	(9, 35.15323070559799)	(10, 34.2456525391963)	(15, 35.57800612664314)	(20, 36.05086147840811)	(25, 35.26254604676413)	(30, 36.5957630514302)	(35, 36.047296651026926)	(40, 35.732415629402716)	(45, 36.70776429226932)	(50, 35.96953739966653)	(55, 36.06881486938876)	(60, 36.58858945028241)	(65, 36.7291118952525)	(70, 36.5138624995153)	(75, 36.25180761823516)	(80, 36.85293988392984)	(85, 36.62381377072912)	(90, 36.160505124924065)	(95, 36.242002404125785)	(100, 34.63830315250688)	(105, 35.03427559553815)	(110, 35.78739514263187)	(115, 34.96708415732806)	(120, 35.20877376659299)	(125, 31.44709242958885)	(130, 35.15813719027492)	(135, 35.0551552987708)	(140, 34.66164385332248)	(145, 33.37737019659545)	(150, 31.702459705042195)	(155, 34.01665050990732)	(160, 33.765574469735164)	(165, 31.335292825106315)	(170, 31.77423707782388)	(175, 30.707888376181057)	(180, 29.806661755011827)	(185, 29.332994687657525)	(190, 28.67362570605038)	(195, 27.66142929155842)	(200, 26.482068582212055)	(205, 26.451909356565363)	(210, 26.39848251793446)	(215, 23.753818910359982)	(220, 22.456475150261745)	(225, 21.380599506502126)	(230, 21.187562690657153)	(235, 20.986324388604523)	(240, 21.01103872602244)	(245, 20.20701618063189)	(250, 18.924412050474068)
SRR8438064	(1, 23.25)	(2, 28.0)	(3, 28.0)	(4, 28.0)	(5, 27.5)	(6, 34.0)	(7, 35.75)	(8, 27.0)	(9, 30.25)	(10, 26.05)	(15, 31.55)	(20, 25.8)	(25, 29.1)	(30, 29.55)	(35, 29.75)	(40, 28.8)	(45, 27.15)	(50, 29.45)	(55, 30.05)	(60, 31.55)	(65, 32.05)	(70, 33.35)	(75, 32.95)	(80, 29.3)	(85, 29.5)	(90, 31.1)	(95, 29.9)	(100, 32.3)	(105, 32.8)	(110, 32.05)	(115, 32.2)	(120, 31.25)	(125, 31.95)	(130, 28.85)	(135, 30.55)	(140, 31.6)	(145, 33.25)	(150, 28.95)	(155, 28.85)	(160, 29.65)	(165, 28.1)	(170, 27.5)	(175, 29.0)	(180, 28.5)	(185, 28.9)	(190, 25.0)	(195, 27.95)	(200, 26.2)	(205, 24.95)	(210, 20.4)	(215, 24.3)	(220, 25.3)	(225, 24.3)	(230, 23.0)	(235, 19.55)	(240, 14.6)	(245, 16.7)	(250, 18.5)
SRR8438064_1	(1, 32.37261000984114)	(2, 31.979368761422748)	(3, 31.71450161675805)	(4, 32.286869112891885)	(5, 31.963359342049767)	(6, 31.649901588640518)	(7, 32.437719668213134)	(8, 31.81981934486152)	(9, 32.38461268100661)	(10, 33.17165049908618)	(15, 35.884563475326864)	(20, 35.95256572472937)	(25, 35.6166455785182)	(30, 37.12123576549979)	(35, 36.42127794179671)	(40, 36.420205960916626)	(45, 36.247037115141296)	(50, 36.750934907915095)	(55, 36.253606073386756)	(60, 37.23567060312105)	(65, 36.38886897230423)	(70, 36.0213412062421)	(75, 36.218360747926326)	(80, 36.23275340925066)	(85, 34.32634261211865)	(90, 35.58272177702798)	(95, 35.14414100941938)	(100, 34.83298186419232)	(105, 33.68517854632363)	(110, 33.94946576690567)	(115, 33.927256431885276)	(120, 32.788935751441024)	(125, 33.53904119218332)	(130, 31.878539294249965)	(135, 31.593160410515956)	(140, 31.908828904822155)	(145, 33.05151131730634)	(150, 31.985340222128496)	(155, 31.510733867566433)	(160, 31.165809081962607)	(165, 31.43974764515675)	(170, 29.495655841417125)	(175, 31.344583860537046)	(180, 30.56418880922255)	(185, 31.10414733586391)	(190, 31.11311331365106)	(195, 29.19996133839449)	(200, 29.673920989737105)	(205, 30.76297272599466)	(210, 29.442496133839448)	(215, 30.657307043441584)	(220, 27.710544074230285)	(225, 26.954347673274288)	(230, 28.952456769295658)	(235, 27.77425853204543)	(240, 27.029759415145072)	(245, 27.404243617860352)	(250, 26.464409913129643)
SRR8438064_2	(1, 29.447894699845353)	(2, 27.17016378461971)	(3, 29.215011247012512)	(4, 29.488946295515255)	(5, 28.22834950091382)	(6, 30.681147195276253)	(7, 31.295409813018416)	(8, 32.50066779136792)	(9, 33.097778715028824)	(10, 32.63194151553493)	(15, 33.64517432869394)	(20, 31.75810136370027)	(25, 32.280363419091806)	(30, 31.98725924363841)	(35, 30.85756713060593)	(40, 33.348260227752)	(45, 34.23425418248278)	(50, 33.00337410375369)	(55, 33.23866512020244)	(60, 33.214684380711375)	(65, 32.77833895683959)	(70, 30.83677421622382)	(75, 31.728767749191622)	(80, 32.45186278644735)	(85, 33.18204695627723)	(90, 30.33096443132293)	(95, 30.483712920005622)	(100, 29.41175664276676)	(105, 30.014761703922396)	(110, 29.697086320821036)	(115, 29.863707296499364)	(120, 28.24298116125404)	(125, 28.574785603823983)	(130, 31.088180092787855)	(135, 31.693670040770417)	(140, 30.038166034022215)	(145, 27.984394770139183)	(150, 28.17982567130606)	(155, 29.663717840573593)	(160, 28.780521580205253)	(165, 26.003841557711233)	(170, 26.466635034443975)	(175, 27.67999086180233)	(180, 24.42279980317728)	(185, 26.365042879235197)	(190, 25.027354843244765)	(195, 24.224768030366935)	(200, 22.41094450513566)	(205, 23.21164592099283)	(210, 21.602523637130506)	(215, 20.31619626726653)	(220, 19.972823450845315)	(225, 20.651031598186357)	(230, 19.632852975290852)	(235, 19.69634810727215)	(240, 19.471341677543915)	(245, 18.9532453866996)	(250, 19.753594474178566)
SRR8438065	(1, 31.23076923076923)	(2, 30.615384615384617)	(3, 29.923076923076923)	(4, 32.53846153846154)	(5, 31.153846153846153)	(6, 30.53846153846154)	(7, 33.0)	(8, 33.84615384615385)	(9, 31.53846153846154)	(10, 33.0)	(15, 34.261538461538464)	(20, 35.969230769230776)	(25, 33.98461538461539)	(30, 32.89230769230769)	(35, 33.98461538461538)	(40, 34.0)	(45, 33.676923076923075)	(50, 34.07692307692308)	(55, 34.769230769230774)	(60, 35.55384615384615)	(65, 36.90769230769231)	(70, 36.76923076923076)	(75, 34.10769230769231)	(80, 35.4)	(85, 33.8)	(90, 35.58461538461538)	(95, 35.09230769230769)	(100, 35.72307692307693)	(105, 36.21538461538462)	(110, 35.0923076923077)	(115, 35.246153846153845)	(120, 34.46153846153846)	(125, 34.876923076923084)	(130, 33.9076923076923)	(135, 34.0)	(140, 35.26153846153846)	(145, 34.400000000000006)	(150, 33.46153846153847)	(155, 34.12307692307693)	(160, 32.33846153846154)	(165, 32.23076923076923)	(170, 30.430769230769233)	(175, 33.47692307692308)	(180, 32.15384615384615)	(185, 31.061538461538465)	(190, 27.907692307692308)	(195, 29.307692307692303)	(200, 27.29230769230769)	(205, 23.707692307692305)	(210, 27.276923076923076)	(215, 25.64615384615385)	(220, 22.923076923076927)	(225, 24.215384615384615)	(230, 21.907692307692308)	(235, 20.230769230769234)	(240, 18.646153846153847)	(245, 19.27435897435897)	(250, 17.67857142857143)
SRR8438065_1	(1, 32.45694808309656)	(2, 32.014722703959265)	(3, 31.65320467879414)	(4, 32.26374488026272)	(5, 31.97358031068964)	(6, 31.04882661156415)	(7, 32.22547138481975)	(8, 31.54812553042323)	(9, 32.38336223755581)	(10, 32.982644551861554)	(15, 36.23703368879377)	(20, 35.91894948525884)	(25, 35.74979336555847)	(30, 37.71948452086639)	(35, 36.684408324416076)	(40, 36.78765543706874)	(45, 36.16833696173573)	(50, 37.15242979963839)	(55, 35.81186303088447)	(60, 37.197662447880155)	(65, 35.45314564038227)	(70, 35.96596989040995)	(75, 36.65649422530534)	(80, 36.81229290432087)	(85, 34.90098704844839)	(90, 37.0059591896978)	(95, 36.69611268956865)	(100, 37.279664957012656)	(105, 36.166724475111614)	(110, 36.826764695029695)	(115, 36.64739124017564)	(120, 35.25748496365448)	(125, 36.04789860152762)	(130, 33.834884321611746)	(135, 33.218311132430536)	(140, 34.206918563890625)	(145, 36.10851629091177)	(150, 34.141821335006085)	(155, 34.238459835430426)	(160, 33.47174089516992)	(165, 34.26015091694033)	(170, 31.825082100291503)	(175, 33.41136489428435)	(180, 32.97669274196524)	(185, 33.89153536769861)	(190, 34.21697723331243)	(195, 31.51648278661304)	(200, 31.753789528061695)	(205, 33.47956163979189)	(210, 31.761680380797753)	(215, 33.32700453857791)	(220, 30.057586435924872)	(225, 28.007322608021845)	(230, 30.82555256263607)	(235, 31.302090929014707)	(240, 29.760801099620853)	(245, 31.466754517922077)	(250, 31.278823036035725)
SRR8438065_2	(1, 28.81818936570606)	(2, 26.716560274528614)	(3, 29.38921995498321)	(4, 30.70187446957677)	(5, 29.31974834876942)	(6, 33.009418471643116)	(7, 31.901101435371388)	(8, 32.43311132430538)	(9, 35.4860890742039)	(10, 33.0684587284602)	(15, 34.80906424117192)	(20, 33.86170252020221)	(25, 33.53530866019704)	(30, 33.76584812368547)	(35, 32.5563576989779)	(40, 34.36161949743551)	(45, 35.63133094719752)	(50, 34.59395040773403)	(55, 35.22742703221284)	(60, 35.58593594332312)	(65, 35.368645068447655)	(70, 32.50139662743072)	(75, 34.25518615549241)	(80, 35.89356296815616)	(85, 36.02587358400059)	(90, 33.681391830559754)	(95, 34.05850706615992)	(100, 32.033651894764034)	(105, 32.54947787904506)	(110, 32.45045570274159)	(115, 33.01395335965462)	(120, 31.932622412457107)	(125, 30.126340356444405)	(130, 34.13484557765396)	(135, 35.57303789528062)	(140, 33.982799527692706)	(145, 30.880511789232866)	(150, 30.987183129773808)	(155, 34.602656728534)	(160, 32.717418176451055)	(165, 28.59495959558688)	(170, 29.380270100734293)	(175, 31.51944208700786)	(180, 27.65706247001956)	(185, 30.337900815468068)	(190, 27.974134359390064)	(195, 26.863383718188327)	(200, 24.78509211339588)	(205, 25.495013241608582)	(210, 23.492667113655425)	(215, 22.07745816189088)	(220, 21.89842426702585)	(225, 22.887268668007454)	(230, 21.319974946812625)	(235, 21.56609823793386)	(240, 21.72030741126867)	(245, 20.61327320002152)	(250, 21.281249890111937)
SRR8438066	(1, 30.0)	(2, 32.0)	(3, 31.863636363636363)	(4, 32.36363636363637)	(5, 31.40909090909091)	(6, 35.0)	(7, 34.40909090909091)	(8, 32.59090909090909)	(9, 33.22727272727273)	(10, 32.89090909090909)	(15, 33.42727272727273)	(20, 34.82727272727273)	(25, 33.98181818181818)	(30, 33.736363636363635)	(35, 33.60909090909091)	(40, 34.22727272727273)	(45, 33.88181818181818)	(50, 34.18181818181818)	(55, 36.22727272727272)	(60, 34.67272727272727)	(65, 35.80909090909091)	(70, 35.80909090909091)	(75, 35.53636363636364)	(80, 34.5)	(85, 31.927272727272726)	(90, 33.94545454545455)	(95, 35.372727272727275)	(100, 35.60909090909091)	(105, 37.06363636363636)	(110, 35.236363636363635)	(115, 36.07272727272728)	(120, 34.65454545454545)	(125, 35.67272727272727)	(130, 34.72727272727273)	(135, 33.945454545454545)	(140, 31.718181818181826)	(145, 31.70909090909091)	(150, 32.709090909090904)	(155, 32.11818181818182)	(160, 33.93636363636364)	(165, 30.936363636363637)	(170, 32.15454545454545)	(175, 33.272727272727266)	(180, 32.590909090909086)	(185, 30.609090909090906)	(190, 27.663636363636364)	(195, 28.627272727272732)	(200, 27.572727272727274)	(205, 25.40909090909091)	(210, 28.99090909090909)	(215, 28.190909090909088)	(220, 24.827272727272728)	(225, 22.236363636363638)	(230, 24.245454545454546)	(235, 21.327272727272728)	(240, 20.581818181818182)	(245, 20.527272727272724)	(250, 17.339285714285715)
SRR8438066_1	(1, 32.416227369943066)	(2, 31.97296442449619)	(3, 31.61278880621743)	(4, 32.26967798295026)	(5, 31.891955598397445)	(6, 30.753283429225533)	(7, 31.919006235503208)	(8, 31.424631743832276)	(9, 32.12808386299967)	(10, 32.83894177184685)	(15, 36.245098954724824)	(20, 35.81557520257855)	(25, 35.613199987950715)	(30, 37.704282013434955)	(35, 36.79517426273459)	(40, 36.82555652619212)	(45, 35.856270144892605)	(50, 36.473862095972535)	(55, 35.061089857517246)	(60, 37.198170015362834)	(65, 36.87322950869054)	(70, 37.463608157363616)	(75, 37.2915293550622)	(80, 36.912772238455275)	(85, 35.62443142452631)	(90, 37.302317980540415)	(95, 37.04747567551284)	(100, 37.11978793264451)	(105, 35.4384552821038)	(110, 36.50715576708738)	(115, 36.251741121185646)	(120, 36.3591920956713)	(125, 34.73405880049402)	(130, 34.032132421604366)	(135, 34.002385757749195)	(140, 35.66209898484802)	(145, 36.71526493357834)	(150, 36.600462391179924)	(155, 35.597588637527494)	(160, 34.05980359671055)	(165, 34.9632060125915)	(170, 32.069299936741274)	(175, 33.52319637316625)	(180, 34.72514082597825)	(185, 34.81620477754014)	(190, 34.58120010844353)	(195, 32.58986354188632)	(200, 29.970965749917163)	(205, 33.87829773774739)	(210, 33.23071060638009)	(215, 34.280273819923494)	(220, 33.37058619754797)	(225, 33.01517607012682)	(230, 31.988205259511403)	(235, 32.39715486339127)	(240, 32.654512883219)	(245, 32.115900115288866)	(250, 24.248951606056206)
SRR8438066_2	(1, 29.030439497544958)	(2, 28.725012802361658)	(3, 29.812656264120253)	(4, 31.17256830436485)	(5, 30.65917100942856)	(6, 33.60615417055758)	(7, 34.04461999578275)	(8, 32.8804259421032)	(9, 33.11094375997831)	(10, 32.50945567370546)	(15, 34.16951381148898)	(20, 32.591628761635086)	(25, 32.303543994939304)	(30, 33.07301111546224)	(35, 31.702289363496696)	(40, 32.27210741934512)	(45, 33.74388950808808)	(50, 34.340994668192906)	(55, 34.786253275898424)	(60, 34.34096906346959)	(65, 35.23371539596951)	(70, 34.884503117751606)	(75, 33.8196674398289)	(80, 34.195229990661815)	(85, 35.96641865228786)	(90, 33.32234840497635)	(95, 33.561656173750634)	(100, 30.945653221676658)	(105, 28.993041539898183)	(110, 30.354931168479077)	(115, 30.28280115673103)	(120, 33.52528541735698)	(125, 32.24824532337259)	(130, 32.704173569900895)	(135, 32.90067024128687)	(140, 31.95853540982619)	(145, 30.241761303732268)	(150, 30.571387474771818)	(155, 32.445516161098894)	(160, 31.418617646172844)	(165, 27.66782691207037)	(170, 27.03078290206946)	(175, 29.38676085188421)	(180, 24.969393318673376)	(185, 25.216700304244362)	(190, 24.97311557767356)	(195, 23.364127324730767)	(200, 21.893501078485713)	(205, 23.167570521961576)	(210, 20.09342373569973)	(215, 20.28975282912585)	(220, 20.091193722449034)	(225, 20.285512078991633)	(230, 19.73427997155511)	(235, 20.182356264264353)	(240, 19.572687761641642)	(245, 17.89521958601105)	(250, 19.77763182098233)
SRR8438067	(1, 26.0)	(2, 26.4)	(3, 31.2)	(4, 32.0)	(5, 29.4)	(6, 30.6)	(7, 31.8)	(8, 28.2)	(9, 35.8)	(10, 32.239999999999995)	(15, 33.959999999999994)	(20, 32.28)	(25, 33.24)	(30, 32.36)	(35, 29.2)	(40, 33.88)	(45, 29.439999999999998)	(50, 30.2)	(55, 33.44)	(60, 34.760000000000005)	(65, 36.04)	(70, 32.96)	(75, 31.4)	(80, 32.4)	(85, 29.6)	(90, 35.239999999999995)	(95, 35.760000000000005)	(100, 36.16)	(105, 34.64)	(110, 32.2)	(115, 33.48)	(120, 31.799999999999994)	(125, 33.56)	(130, 32.2)	(135, 31.999999999999993)	(140, 29.119999999999997)	(145, 32.160000000000004)	(150, 26.759999999999998)	(155, 30.32)	(160, 28.76)	(165, 29.160000000000004)	(170, 31.76)	(175, 31.2)	(180, 28.4)	(185, 26.24)	(190, 22.2)	(195, 25.56)	(200, 23.6)	(205, 21.72)	(210, 25.56)	(215, 25.080000000000002)	(220, 20.840000000000003)	(225, 19.880000000000003)	(230, 24.240000000000002)	(235, 22.2)	(240, 18.96)	(245, 20.52)	(250, 20.375)
SRR8438067_1	(1, 32.24257564875246)	(2, 31.941417106454736)	(3, 31.642600630796615)	(4, 32.25978203166474)	(5, 31.772507260406584)	(6, 31.70424382475096)	(7, 32.649189644942695)	(8, 31.745432970052775)	(9, 32.52146894419636)	(10, 33.27230428129782)	(15, 36.19953158667208)	(20, 36.03660494019923)	(25, 35.71944539861975)	(30, 37.61227867470256)	(35, 36.68855510102114)	(40, 36.751822127845614)	(45, 36.37811572931955)	(50, 36.96601192892608)	(55, 36.16353246104363)	(60, 37.20675764294413)	(65, 36.136083440027484)	(70, 36.081297817193885)	(75, 36.53237985198139)	(80, 36.69397620460295)	(85, 34.926790119601534)	(90, 36.64899603410049)	(95, 36.415669987196694)	(100, 36.75319614027418)	(105, 35.75535708709365)	(110, 36.37589232738969)	(115, 36.34396527495862)	(120, 35.05351778409268)	(125, 35.7430471848359)	(130, 33.74794991100147)	(135, 33.592649033507165)	(140, 33.81732504762202)	(145, 35.40959935046685)	(150, 33.77047122380789)	(155, 33.581756862255254)	(160, 32.60946194922399)	(165, 33.20339131249415)	(170, 31.2801611341848)	(175, 33.3246354182931)	(180, 32.44712238078881)	(185, 33.211610405021396)	(190, 33.289841676295154)	(195, 30.73835680604565)	(200, 31.532030103363205)	(205, 32.69772351122631)	(210, 31.837104581082343)	(215, 32.71076413827562)	(220, 29.83736689254598)	(225, 28.66529681791213)	(230, 30.300296661774347)	(235, 30.151178840208598)	(240, 29.855560549691962)	(245, 30.27860328290828)	(250, 28.971140932179853)
SRR8438067_2	(1, 29.33035630640477)	(2, 31.479624020235455)	(3, 29.771726571526717)	(4, 29.702463854104863)	(5, 31.20154264122662)	(6, 32.07950535552572)	(7, 32.050307591418665)	(8, 31.25684664147644)	(9, 33.640039971270646)	(10, 34.2072822658714)	(15, 34.306286106860696)	(20, 32.96011616650533)	(25, 33.204384348749336)	(30, 33.02313337288824)	(35, 31.802448240327266)	(40, 34.11540455297755)	(45, 35.131730318833334)	(50, 33.391962027292884)	(55, 34.818211910189554)	(60, 34.99534084876495)	(65, 34.49809824188864)	(70, 32.48422696187115)	(75, 33.56447553321051)	(80, 34.58469849795459)	(85, 35.107466508447054)	(90, 33.17483683602411)	(95, 33.54037410611123)	(100, 31.53749492552228)	(105, 31.53089342035412)	(110, 31.076201480186114)	(115, 32.11775286512819)	(120, 31.235768041720018)	(125, 30.385416731724074)	(130, 32.968216594322826)	(135, 34.00101801829935)	(140, 32.2700246697686)	(145, 29.603047809387)	(150, 30.106816975299004)	(155, 32.451644130781)	(160, 30.69425725259969)	(165, 27.506910657964585)	(170, 27.63067170471224)	(175, 29.185166911282515)	(180, 26.68336508134778)	(185, 28.743203322611873)	(190, 26.850723914157527)	(195, 25.946774092811193)	(200, 24.34223346449316)	(205, 24.59217413028543)	(210, 22.304390731372184)	(215, 21.55703159739317)	(220, 21.26040100741247)	(225, 22.271751147756017)	(230, 21.106892782410444)	(235, 20.965889003404225)	(240, 20.981525449462403)	(245, 20.135622347790996)	(250, 20.926162584816886)
SRR8438068_1	(1, 32.10961853978671)	(2, 31.89181706316653)	(3, 31.70180475799836)	(4, 32.32639458572601)	(5, 31.643457752255948)	(6, 33.02420016406891)	(7, 33.629204265791635)	(8, 31.776045939294505)	(9, 33.268560295324036)	(10, 33.9421246923708)	(15, 36.10541427399508)	(20, 36.175758818703855)	(25, 35.52885561936013)	(30, 37.35541427399507)	(35, 36.67116488925349)	(40, 36.77625102543068)	(45, 36.389991796554554)	(50, 36.5275430680886)	(55, 36.228855619360125)	(60, 37.057485643970466)	(65, 36.6840237899918)	(70, 35.944626743232156)	(75, 36.26287940935193)	(80, 36.22629204265792)	(85, 34.60787530762921)	(90, 35.52813781788352)	(95, 34.93478260869564)	(100, 34.11283839212469)	(105, 33.179532403609514)	(110, 33.85317883511075)	(115, 33.71509433962264)	(120, 32.76849876948319)	(125, 33.118949958982775)	(130, 31.974671862182117)	(135, 31.32666119770304)	(140, 31.448810500410172)	(145, 32.966550451189505)	(150, 31.48057834290402)	(155, 31.441899097620997)	(160, 30.56160787530763)	(165, 30.801784249384742)	(170, 28.77317473338802)	(175, 31.382731747333878)	(180, 30.320549630844955)	(185, 30.792063166529942)	(190, 30.58504922067268)	(195, 28.937940935192778)	(200, 29.737161607875304)	(205, 30.951722723543888)	(210, 30.046985233798193)	(215, 30.528342904019688)	(220, 28.15494257588187)	(225, 28.24489335520919)	(230, 28.396882690730102)	(235, 28.077625102543067)	(240, 28.975131477228434)	(245, 28.418404518485232)	(250, 24.61329952269167)
SRR8438068_2	(1, 27.53814602132896)	(2, 29.914991796554553)	(3, 30.9721082854799)	(4, 31.199241181296145)	(5, 29.728671041837572)	(6, 31.593929450369156)	(7, 33.71287940935193)	(8, 32.750922887612795)	(9, 34.233080393765384)	(10, 34.478219852337986)	(15, 34.41043888433143)	(20, 32.69774405250205)	(25, 33.803999179655456)	(30, 33.41585315832649)	(35, 32.06650943396226)	(40, 34.24526251025431)	(45, 34.7204881050041)	(50, 33.33049630844955)	(55, 34.5872641509434)	(60, 34.72690730106645)	(65, 34.219257588187034)	(70, 32.893662838392125)	(75, 33.49232977850697)	(80, 34.364007383100905)	(85, 34.461669401148484)	(90, 32.03470057424118)	(95, 32.30162018047581)	(100, 30.470242001640685)	(105, 29.979901558654632)	(110, 29.080250205086134)	(115, 31.111669401148482)	(120, 30.943314191960628)	(125, 30.85174323215751)	(130, 32.015935192780965)	(135, 32.0431706316653)	(140, 30.26023379819524)	(145, 29.045467596390484)	(150, 29.255660377358492)	(155, 30.08207547169811)	(160, 28.657670221493028)	(165, 25.63769483182937)	(170, 26.045283018867924)	(175, 27.886197703035275)	(180, 25.155516817063166)	(185, 26.425943396226415)	(190, 25.158203445447086)	(195, 24.219934372436423)	(200, 23.70851107465135)	(205, 24.173625922887616)	(210, 21.1561320754717)	(215, 20.67167760459393)	(220, 20.112489745693193)	(225, 21.420118949958983)	(230, 20.750389663658737)	(235, 20.528609515996717)	(240, 20.271944216570958)	(245, 18.832284369973934)	(250, 20.10900341512282)
SRR8438069	(1, 31.88235294117647)	(2, 32.76470588235294)	(3, 32.11764705882353)	(4, 32.05882352941177)	(5, 32.94117647058823)	(6, 36.11764705882353)	(7, 34.294117647058826)	(8, 35.529411764705884)	(9, 34.1764705882353)	(10, 36.21176470588235)	(15, 34.87058823529411)	(20, 36.741176470588236)	(25, 36.05882352941177)	(30, 36.08235294117647)	(35, 36.294117647058826)	(40, 35.54117647058823)	(45, 36.90588235294118)	(50, 36.423529411764704)	(55, 37.24705882352941)	(60, 37.21176470588235)	(65, 37.25882352941177)	(70, 37.45882352941177)	(75, 36.91764705882353)	(80, 37.87058823529412)	(85, 35.870588235294115)	(90, 37.55294117647058)	(95, 37.54117647058823)	(100, 37.67058823529412)	(105, 37.44705882352942)	(110, 36.92941176470588)	(115, 36.68235294117647)	(120, 36.17647058823529)	(125, 36.1764705882353)	(130, 36.15294117647059)	(135, 35.94117647058823)	(140, 35.96470588235294)	(145, 35.141176470588235)	(150, 35.635294117647064)	(155, 35.23529411764706)	(160, 33.72941176470588)	(165, 32.88235294117647)	(170, 32.4)	(175, 30.729411764705883)	(180, 30.576470588235292)	(185, 29.964705882352938)	(190, 29.188235294117646)	(195, 30.788235294117648)	(200, 30.235294117647054)	(205, 29.64705882352941)	(210, 28.71764705882353)	(215, 25.08235294117647)	(220, 25.76470588235294)	(225, 22.364705882352943)	(230, 23.188235294117646)	(235, 22.77647058823529)	(240, 22.552941176470586)	(245, 21.88235294117647)	(250, 19.123529411764707)
SRR8438069_1	(1, 33.236603088101724)	(2, 33.252686951256436)	(3, 32.89274901604602)	(4, 33.15005298213745)	(5, 32.99519376324553)	(6, 33.262526491068726)	(7, 33.278988798062365)	(8, 33.706403269754766)	(9, 33.229109900090826)	(10, 34.52446260974871)	(15, 37.31123221313957)	(20, 37.341689373297)	(25, 37.636360884044805)	(30, 38.54603390856797)	(35, 37.90796245837118)	(40, 38.01917953375719)	(45, 36.84199212836815)	(50, 37.98097941265517)	(55, 37.084037238873755)	(60, 38.361186799878894)	(65, 36.83437026945201)	(70, 38.30104450499546)	(75, 38.261300333030576)	(80, 37.57468210717529)	(85, 38.289305177111714)	(90, 37.9471238268241)	(95, 38.05239176506207)	(100, 38.12255525280049)	(105, 37.52992733878292)	(110, 37.84847865576749)	(115, 37.1707008779897)	(120, 38.12738419618529)	(125, 37.57173781410838)	(130, 38.03950953678474)	(135, 35.25259612473509)	(140, 36.15487435664547)	(145, 35.99006963366636)	(150, 36.096942173781414)	(155, 35.864842567363006)	(160, 36.24759309718438)	(165, 35.73353012412958)	(170, 35.62867090523766)	(175, 35.383916136845286)	(180, 35.90232364517106)	(185, 35.70498032092037)	(190, 35.749947017862546)	(195, 35.38331062670299)	(200, 34.030442022403875)	(205, 35.12852709657887)	(210, 34.00012110202846)	(215, 34.77640781108083)	(220, 34.989615501059646)	(225, 33.844474719951556)	(230, 34.54089464123524)	(235, 34.41794614142891)	(240, 34.84309314903034)	(245, 34.350331326235164)	(250, 31.844947785879583)
SRR8438069_2	(1, 31.963290947623374)	(2, 32.54374810778081)	(3, 32.17139721465335)	(4, 32.55158189524675)	(5, 32.457046624280956)	(6, 36.24780502573418)	(7, 35.70197547683924)	(8, 36.35535876475931)	(9, 36.153496821071755)	(10, 36.51578110808356)	(15, 36.71467605207387)	(20, 36.971631849833486)	(25, 36.6449894035725)	(30, 37.51581138359067)	(35, 37.27707387223735)	(40, 37.39390705419315)	(45, 37.362057220708444)	(50, 35.55707689978807)	(55, 37.342461398728425)	(60, 37.42072358462004)	(65, 37.849651831668176)	(70, 37.268051771117165)	(75, 36.62218437783832)	(80, 37.01218589161368)	(85, 37.17113987284287)	(90, 36.976740841659094)	(95, 37.5716621253406)	(100, 36.99975779594308)	(105, 36.835694822888286)	(110, 37.845844686648505)	(115, 36.294679079624586)	(120, 36.78390856796851)	(125, 34.97873902512867)	(130, 36.45070390554042)	(135, 36.41331365425371)	(140, 36.20438994853164)	(145, 35.06613684529216)	(150, 35.23113079019073)	(155, 34.972464426279146)	(160, 33.88349227974568)	(165, 34.96016500151377)	(170, 34.080843172873145)	(175, 34.738843475628215)	(180, 34.906789282470484)	(185, 32.392764153799575)	(190, 33.60171987620066)	(195, 31.941207479670602)	(200, 33.005715150826994)	(205, 30.797781510577302)	(210, 30.601249101025775)	(215, 29.997153563723078)	(220, 29.86959250090946)	(225, 28.36906537456941)	(230, 27.255186250757117)	(235, 27.78924136886735)	(240, 24.56506679138244)	(245, 24.735218043711516)	(250, 21.371788788473083)
SRR8438070	(1, 31.2)	(2, 31.933333333333334)	(3, 32.333333333333336)	(4, 32.333333333333336)	(5, 32.13333333333333)	(6, 34.53333333333333)	(7, 34.53333333333333)	(8, 34.6)	(9, 33.733333333333334)	(10, 34.10666666666667)	(15, 33.599999999999994)	(20, 33.64)	(25, 34.96)	(30, 34.480000000000004)	(35, 35.653333333333336)	(40, 34.239999999999995)	(45, 34.85333333333333)	(50, 34.36)	(55, 35.93333333333332)	(60, 35.81333333333333)	(65, 36.05333333333333)	(70, 35.2)	(75, 35.733333333333334)	(80, 36.14666666666666)	(85, 34.160000000000004)	(90, 35.81333333333333)	(95, 36.693333333333335)	(100, 35.11999999999999)	(105, 35.2)	(110, 35.49333333333334)	(115, 37.05333333333333)	(120, 35.85333333333333)	(125, 35.959999999999994)	(130, 36.08)	(135, 34.68)	(140, 34.54666666666667)	(145, 34.586666666666666)	(150, 30.439999999999998)	(155, 29.2)	(160, 33.38666666666667)	(165, 29.906666666666666)	(170, 31.186666666666667)	(175, 33.58666666666667)	(180, 32.040000000000006)	(185, 29.45333333333333)	(190, 29.76)	(195, 27.880000000000003)	(200, 29.28)	(205, 26.186666666666667)	(210, 25.626666666666665)	(215, 23.46666666666667)	(220, 23.173333333333332)	(225, 22.973333333333336)	(230, 21.586666666666666)	(235, 21.453333333333333)	(240, 18.440000000000005)	(245, 19.529523809523813)	(250, 18.423076923076923)
SRR8438070_1	(1, 32.40058655881553)	(2, 31.940693700405625)	(3, 31.606201440380318)	(4, 32.24471091874505)	(5, 31.884698619931175)	(6, 30.786757488676812)	(7, 31.989877130119087)	(8, 31.547947635434774)	(9, 32.32073887489505)	(10, 32.793481628646774)	(15, 36.16167973415641)	(20, 35.67856340393325)	(25, 35.63684204302219)	(30, 37.622861602866564)	(35, 36.606300776953915)	(40, 36.73323636191625)	(45, 35.69624058372062)	(50, 37.03349061624153)	(55, 35.402658435922)	(60, 37.07758422913636)	(65, 34.8600915315571)	(70, 35.76659925970601)	(75, 36.502562647083174)	(80, 36.66010335733968)	(85, 34.850008869336925)	(90, 36.776577855039555)	(95, 36.53341611381133)	(100, 37.0482610186729)	(105, 35.40722791830749)	(110, 36.57062712124975)	(115, 36.26288951171343)	(120, 35.01842220408936)	(125, 35.53823157247431)	(130, 33.500850273766865)	(135, 32.64186327030192)	(140, 33.746977921263934)	(145, 35.73191187426828)	(150, 33.83275978287863)	(155, 33.97620416031031)	(160, 33.34239188278284)	(165, 34.1030498693251)	(170, 31.459583022906536)	(175, 32.77758777687114)	(180, 32.59238892633719)	(185, 33.58276037416776)	(190, 33.94146947174229)	(195, 31.313792410212745)	(200, 31.113153817953908)	(205, 33.069507219640265)	(210, 31.020986033750784)	(215, 32.88248483343386)	(220, 29.662151582880995)	(225, 27.32018069795769)	(230, 30.458102434928634)	(235, 30.9462068802403)	(240, 29.209029336030433)	(245, 31.170307612281476)	(250, 30.854915618108627)
SRR8438070_2	(1, 26.414659240075213)	(2, 29.36475443762491)	(3, 27.853312992987313)	(4, 29.94891261929258)	(5, 30.09621456699897)	(6, 33.29675618784073)	(7, 33.25643026927307)	(8, 31.25086032568205)	(9, 33.77981575430754)	(10, 32.384449095918924)	(15, 34.68660966639467)	(20, 33.80714277267298)	(25, 32.981121320703394)	(30, 33.41240051560412)	(35, 32.384340298719266)	(40, 33.78912028003453)	(45, 35.27123851420868)	(50, 34.34418467142063)	(55, 35.02843627677062)	(60, 35.40293988954719)	(65, 35.12147443857097)	(70, 32.329239247407195)	(75, 33.93610766192453)	(80, 35.71054741547521)	(85, 35.98110712976431)	(90, 33.68130462033325)	(95, 34.10345904140206)	(100, 31.858592022327077)	(105, 32.10572249618618)	(110, 32.393273494873526)	(115, 32.480942751386564)	(120, 31.874154752190726)	(125, 29.280675488700467)	(130, 33.65298187107532)	(135, 35.149321791369545)	(140, 33.71800711912111)	(145, 30.341571173472403)	(150, 30.729527796501934)	(155, 34.25056704627429)	(160, 32.43262733411383)	(165, 28.656025827509133)	(170, 29.19540923120588)	(175, 31.28879270585731)	(180, 27.59335391019501)	(185, 29.885046297938764)	(190, 27.51102622969203)	(195, 26.44592329142954)	(200, 24.78696251494224)	(205, 25.049558892060467)	(210, 23.474534657047514)	(215, 21.908353538101267)	(220, 21.8463621379238)	(225, 22.62988815742036)	(230, 21.094543972606726)	(235, 21.45446363860759)	(240, 21.52003926949281)	(245, 20.415917811742293)	(250, 21.102666265203293)
SRR8438071	(1, 31.939393939393938)	(2, 30.09090909090909)	(3, 31.454545454545453)	(4, 32.121212121212125)	(5, 31.818181818181817)	(6, 33.90909090909091)	(7, 34.84848484848485)	(8, 34.06060606060606)	(9, 35.0)	(10, 35.57575757575758)	(15, 35.67272727272727)	(20, 35.86060606060606)	(25, 35.63636363636364)	(30, 36.375757575757575)	(35, 36.28484848484849)	(40, 36.36969696969697)	(45, 35.945454545454545)	(50, 35.57575757575758)	(55, 36.06666666666666)	(60, 37.24242424242425)	(65, 36.72727272727273)	(70, 35.64242424242424)	(75, 36.32727272727273)	(80, 36.64242424242424)	(85, 34.53333333333333)	(90, 35.666666666666664)	(95, 36.375757575757575)	(100, 36.31515151515151)	(105, 36.266666666666666)	(110, 35.27878787878788)	(115, 36.03636363636364)	(120, 35.95757575757575)	(125, 36.266666666666666)	(130, 35.56363636363636)	(135, 34.83030303030303)	(140, 34.212121212121204)	(145, 33.87272727272727)	(150, 32.084848484848486)	(155, 30.581818181818182)	(160, 30.26666666666667)	(165, 31.133333333333336)	(170, 29.95757575757576)	(175, 31.078787878787875)	(180, 29.55151515151515)	(185, 28.830303030303032)	(190, 25.775757575757574)	(195, 26.690909090909095)	(200, 26.242424242424242)	(205, 25.145454545454545)	(210, 25.812121212121212)	(215, 25.503030303030304)	(220, 23.381818181818183)	(225, 21.654545454545456)	(230, 21.71515151515152)	(235, 21.30909090909091)	(240, 18.757575757575758)	(245, 18.775757575757574)	(250, 16.713362068965516)
SRR8438071_1	(1, 32.473540660225446)	(2, 31.92481884057971)	(3, 31.21388888888889)	(4, 32.194716183574876)	(5, 31.88029388083736)	(6, 32.18034420289855)	(7, 32.4139190821256)	(8, 32.890106682769726)	(9, 32.20759863123993)	(10, 33.56035628019324)	(15, 36.442365136876006)	(20, 37.08646739130435)	(25, 36.851344605475035)	(30, 37.722425523349436)	(35, 36.66033212560386)	(40, 37.051006441223834)	(45, 36.02909420289855)	(50, 37.20830917874396)	(55, 35.85212761674718)	(60, 37.502928743961355)	(65, 35.59835346215781)	(70, 37.361578099838965)	(75, 37.45150563607085)	(80, 36.60075684380032)	(85, 36.46743156199678)	(90, 36.99267914653784)	(95, 36.53383051529791)	(100, 36.915380434782605)	(105, 36.70915861513688)	(110, 36.825102657004834)	(115, 36.122063204508855)	(120, 36.61882850241547)	(125, 34.91133655394525)	(130, 36.48428945249598)	(135, 33.14776771336554)	(140, 35.99838164251208)	(145, 35.91784420289855)	(150, 35.59400362318841)	(155, 35.333812399355885)	(160, 35.24845611916264)	(165, 35.021173510466994)	(170, 34.626821658615135)	(175, 34.3762117552335)	(180, 34.366533816425125)	(185, 33.59951690821256)	(190, 34.115406602254424)	(195, 33.56675523349436)	(200, 31.448085748792273)	(205, 33.32295088566828)	(210, 30.398093800322062)	(215, 32.325489130434775)	(220, 32.64199275362319)	(225, 31.32138888888889)	(230, 30.941042673107894)	(235, 30.92152213299974)	(240, 32.124415848760535)	(245, 30.47650718080589)	(250, 24.07930153573507)
SRR8438071_2	(1, 29.23419887278583)	(2, 30.471829710144927)	(3, 29.95247584541063)	(4, 30.185557568438004)	(5, 30.07878421900161)	(6, 34.093820450885666)	(7, 34.002797906602254)	(8, 34.739452495974234)	(9, 34.539653784219)	(10, 34.82597624798712)	(15, 35.01021336553946)	(20, 35.383907004830924)	(25, 34.25363727858293)	(30, 35.57149959742351)	(35, 35.378800322061196)	(40, 35.06596618357487)	(45, 36.092351046698866)	(50, 34.78847826086957)	(55, 35.964480676328506)	(60, 35.9031541867955)	(65, 35.716618357487924)	(70, 35.622600644122386)	(75, 35.32481682769726)	(80, 35.869202898550725)	(85, 36.060442834138485)	(90, 35.5010809178744)	(95, 35.26774355877617)	(100, 33.47422504025765)	(105, 33.995613929146536)	(110, 34.841948470209346)	(115, 33.76133655394524)	(120, 34.09406803542673)	(125, 32.7972846215781)	(130, 34.8243961352657)	(135, 33.965412640901775)	(140, 33.41745571658615)	(145, 32.53961956521739)	(150, 30.661143317230277)	(155, 33.02773349436393)	(160, 31.527532206119155)	(165, 29.77788647342995)	(170, 30.400752818035425)	(175, 29.315154991948468)	(180, 28.643123993558778)	(185, 28.511046698872786)	(190, 27.801902904814472)	(195, 26.044159773969)	(200, 25.17658496819351)	(205, 25.3748586270415)	(210, 24.85614381190112)	(215, 22.989286577019083)	(220, 21.72748007085917)	(225, 20.642057390928354)	(230, 20.516687027577206)	(235, 20.07213829659936)	(240, 18.74621379202634)	(245, 19.331670398248217)	(250, 18.433918214012355)
SRR8438072	(1, 31.5)	(2, 30.7)	(3, 31.3)	(4, 31.2)	(5, 30.75)	(6, 34.15)	(7, 34.0)	(8, 34.3)	(9, 34.85)	(10, 34.55)	(15, 35.410000000000004)	(20, 34.89)	(25, 35.11)	(30, 34.64)	(35, 35.68)	(40, 34.92999999999999)	(45, 35.339999999999996)	(50, 34.739999999999995)	(55, 36.42)	(60, 36.529999999999994)	(65, 35.839999999999996)	(70, 35.87)	(75, 35.6)	(80, 35.87)	(85, 34.05)	(90, 34.92)	(95, 33.940000000000005)	(100, 34.519999999999996)	(105, 35.39)	(110, 34.77)	(115, 35.32)	(120, 34.52)	(125, 34.769999999999996)	(130, 34.879999999999995)	(135, 33.48)	(140, 33.019999999999996)	(145, 31.9)	(150, 32.19)	(155, 30.130000000000003)	(160, 30.380000000000003)	(165, 27.379999999999995)	(170, 29.009999999999998)	(175, 29.54)	(180, 27.99)	(185, 27.090000000000003)	(190, 25.72)	(195, 22.5)	(200, 24.130000000000003)	(205, 23.5)	(210, 24.18)	(215, 22.65)	(220, 20.720000000000002)	(225, 20.830000000000002)	(230, 19.869999999999997)	(235, 18.54)	(240, 19.36)	(245, 17.17)	(250, 16.031674208144796)
SRR8438072_1	(1, 32.50569917082505)	(2, 31.963883990545156)	(3, 31.203084080591303)	(4, 32.29726484823472)	(5, 31.955787341012268)	(6, 32.102532547930814)	(7, 32.36551982891232)	(8, 32.94210032641729)	(9, 32.451491389337036)	(10, 33.58285221175853)	(15, 36.46370014632499)	(20, 37.16948336022212)	(25, 36.89566202678873)	(30, 37.77504521067047)	(35, 36.78061606573369)	(40, 37.1493010167711)	(45, 36.170541402468764)	(50, 37.1167868532623)	(55, 35.646244700408964)	(60, 37.356140021761156)	(65, 34.695310846808994)	(70, 37.031020898210336)	(75, 37.36319063520054)	(80, 36.668349529133685)	(85, 36.17675008441826)	(90, 37.01578358908941)	(95, 36.504093347840765)	(100, 36.68673395114996)	(105, 36.60572843582336)	(110, 36.54846658912693)	(115, 36.076929426331)	(120, 36.013682512287545)	(125, 34.19065921284658)	(130, 36.25008216711064)	(135, 32.52886654410385)	(140, 36.00143173376356)	(145, 36.20275090984129)	(150, 35.24935579484486)	(155, 35.144597606273216)	(160, 34.85734739053765)	(165, 34.77275953926387)	(170, 34.223733163246166)	(175, 34.16649382808689)	(180, 34.173224777698564)	(185, 32.69228679698345)	(190, 33.46397628784753)	(195, 33.16726672419615)	(200, 31.108720219112296)	(205, 33.04730874573219)	(210, 29.67842719393689)	(215, 31.67549018872172)	(220, 32.093608974599476)	(225, 30.88097549994372)	(230, 30.483786440550784)	(235, 30.73530956603568)	(240, 32.4158739817837)	(245, 30.288144186846875)	(250, 24.835272696190984)
SRR8438072_2	(1, 29.70610437849398)	(2, 30.2958241098563)	(3, 30.04274940907215)	(4, 31.858957715829362)	(5, 30.55837616778599)	(6, 32.58085018572018)	(7, 33.7864855738566)	(8, 34.57359396690804)	(9, 35.58226841256144)	(10, 34.95855025700671)	(15, 35.6705406520842)	(20, 35.74297377405921)	(25, 34.77945747195438)	(30, 36.19742317937944)	(35, 35.82671369076651)	(40, 35.645846996585746)	(45, 36.50501782163359)	(50, 35.940755637264104)	(55, 36.58210032641729)	(60, 36.342064307957834)	(65, 36.139116797358646)	(70, 35.73856751585188)	(75, 35.88596105504071)	(80, 36.23822459010243)	(85, 36.48685851498893)	(90, 35.90353956402656)	(95, 35.72140171838067)	(100, 34.09381457997223)	(105, 34.827798746857766)	(110, 35.29708475593742)	(115, 34.24516564739429)	(120, 34.733987168423816)	(125, 33.850158706337)	(130, 35.5878002476269)	(135, 34.71753273552696)	(140, 34.15870933853599)	(145, 32.86263760177091)	(150, 31.274877874910892)	(155, 33.8330034142498)	(160, 33.670828799759875)	(165, 31.085221175852627)	(170, 31.148310509135932)	(175, 30.064651633962406)	(180, 29.03494540952238)	(185, 29.008701459497992)	(190, 27.879546767718455)	(195, 26.88641440999617)	(200, 25.689282034657815)	(205, 26.051575436180855)	(210, 25.276841745790612)	(215, 23.20324330814429)	(220, 22.05168431400506)	(225, 20.74738176018114)	(230, 20.57452013413311)	(235, 20.321021784971897)	(240, 18.64313802005163)	(245, 19.361569909188706)	(250, 18.779659701465352)
SRR8438073	(1, 30.071428571428573)	(2, 31.0)	(3, 29.071428571428573)	(4, 31.0)	(5, 31.357142857142858)	(6, 32.0)	(7, 33.42857142857143)	(8, 32.642857142857146)	(9, 33.785714285714285)	(10, 33.84285714285714)	(15, 35.2)	(20, 35.614285714285714)	(25, 33.67142857142857)	(30, 34.0)	(35, 34.75714285714285)	(40, 34.92857142857143)	(45, 35.07142857142857)	(50, 33.82857142857143)	(55, 36.07142857142857)	(60, 36.57142857142857)	(65, 35.471428571428575)	(70, 36.2)	(75, 36.68571428571428)	(80, 36.78571428571429)	(85, 33.48571428571428)	(90, 34.542857142857144)	(95, 35.01428571428572)	(100, 35.357142857142854)	(105, 35.47142857142857)	(110, 35.542857142857144)	(115, 36.49999999999999)	(120, 35.27142857142857)	(125, 36.15714285714286)	(130, 33.957142857142856)	(135, 36.08571428571429)	(140, 32.92857142857143)	(145, 32.357142857142854)	(150, 32.2)	(155, 30.885714285714283)	(160, 33.114285714285714)	(165, 31.542857142857144)	(170, 29.185714285714283)	(175, 32.6)	(180, 28.857142857142854)	(185, 29.2)	(190, 29.257142857142856)	(195, 26.785714285714285)	(200, 27.78571428571429)	(205, 25.142857142857142)	(210, 25.414285714285715)	(215, 24.557142857142857)	(220, 23.214285714285715)	(225, 22.11428571428571)	(230, 20.61428571428571)	(235, 21.271428571428572)	(240, 19.428571428571427)	(245, 18.785714285714285)	(250, 16.21969696969697)
SRR8438073_1	(1, 32.51585243786254)	(2, 31.97022467167545)	(3, 31.277396558169823)	(4, 32.340540996852425)	(5, 31.864196042015895)	(6, 32.22287478443338)	(7, 32.45706154050241)	(8, 32.88290059212986)	(9, 32.55163348247127)	(10, 33.945403456301776)	(15, 36.600033767079516)	(20, 37.18905946623895)	(25, 36.940167147043574)	(30, 37.74528044765499)	(35, 36.761942089458636)	(40, 36.956066617624)	(45, 36.52030486848929)	(50, 37.33079437054546)	(55, 35.83755381628298)	(60, 37.56233282280725)	(65, 36.7985673110551)	(70, 37.88265216290203)	(75, 37.74143341252518)	(80, 36.99960926665139)	(85, 36.946163215590744)	(90, 37.483508399561025)	(95, 36.96490153278422)	(100, 37.155741006500165)	(105, 37.01824145873783)	(110, 37.17174419025338)	(115, 36.538505324344854)	(120, 37.300618661135296)	(125, 35.683001893368385)	(130, 36.4468277034768)	(135, 34.33454975217376)	(140, 36.550311742501904)	(145, 36.64017076494495)	(150, 36.53572195221958)	(155, 36.0606070838509)	(160, 35.723968596616054)	(165, 35.7361416287792)	(170, 35.28198646904885)	(175, 34.868527875930106)	(180, 34.986042136491356)	(185, 35.12261550150143)	(190, 34.955753066171425)	(195, 33.98662341264577)	(200, 31.6968584556385)	(205, 33.92971864786965)	(210, 31.41396751124564)	(215, 33.55497401140845)	(220, 33.543678923312555)	(225, 32.26281400369026)	(230, 31.57016919718769)	(235, 31.12755514284681)	(240, 31.651568098517863)	(245, 30.45439653937283)	(250, 25.44588570640565)
SRR8438073_2	(1, 29.745950965376682)	(2, 30.412428697193715)	(3, 31.39946455059635)	(4, 32.02161093088603)	(5, 31.135092437380155)	(6, 33.54701462838123)	(7, 34.66892584508146)	(8, 34.76834577489418)	(9, 35.1108283788184)	(10, 35.169385318556216)	(15, 35.60566804548908)	(20, 35.951734783709796)	(25, 35.32541575716646)	(30, 36.163555673472345)	(35, 35.940676065170464)	(40, 35.6077206015364)	(45, 36.43949542335476)	(50, 35.92084755369569)	(55, 36.12504673122611)	(60, 36.36253301335006)	(65, 36.9363176999795)	(70, 36.49582614777921)	(75, 36.27178881103701)	(80, 36.23565321209344)	(85, 36.58148358075759)	(90, 35.72580649051507)	(95, 35.74745118848061)	(100, 34.186659591659534)	(105, 34.16361838376286)	(110, 35.58425489321162)	(115, 34.089514115845205)	(120, 35.1415154182897)	(125, 33.52724882719697)	(130, 34.93134670348887)	(135, 34.02262153133706)	(140, 33.943239951278926)	(145, 33.4046984479203)	(150, 31.703033007320222)	(155, 33.208482772759616)	(160, 32.39665223526007)	(165, 30.517494965087252)	(170, 31.692661690042325)	(175, 29.86180340323923)	(180, 28.368688269557772)	(185, 28.02156992800376)	(190, 28.092821142698277)	(195, 25.138409773393313)	(200, 24.508097156226633)	(205, 25.28181576979667)	(210, 24.844434796242023)	(215, 23.051427951179505)	(220, 21.48599787736987)	(225, 20.03264565980259)	(230, 20.435103860814085)	(235, 20.140831585421925)	(240, 19.64417937089927)	(245, 19.059260773325605)	(250, 18.597729228141468)
SRR8438074	(1, 30.375)	(2, 32.625)	(3, 32.625)	(4, 32.875)	(5, 32.125)	(6, 34.75)	(7, 35.5)	(8, 33.5)	(9, 35.125)	(10, 33.875)	(15, 35.025)	(20, 34.7)	(25, 35.0)	(30, 35.375)	(35, 36.75)	(40, 35.925)	(45, 34.9)	(50, 35.2)	(55, 36.6)	(60, 37.4)	(65, 37.125)	(70, 37.7)	(75, 37.35)	(80, 38.125)	(85, 34.7)	(90, 37.95)	(95, 37.15)	(100, 37.175)	(105, 37.275)	(110, 36.825)	(115, 36.425)	(120, 37.2)	(125, 36.65)	(130, 36.575)	(135, 37.9)	(140, 36.275)	(145, 36.85)	(150, 36.15)	(155, 34.6)	(160, 33.55)	(165, 30.425)	(170, 31.45)	(175, 34.25)	(180, 33.25)	(185, 34.65)	(190, 26.35)	(195, 28.7)	(200, 30.725)	(205, 26.4)	(210, 27.375)	(215, 22.6)	(220, 19.725)	(225, 21.55)	(230, 18.5)	(235, 21.5)	(240, 20.425)	(245, 17.360714285714288)	(250, 15.25)
SRR8438074_1	(1, 32.48719339424147)	(2, 32.0425203624564)	(3, 31.747973105660343)	(4, 32.30614286916596)	(5, 32.06029718432348)	(6, 30.874187605786584)	(7, 32.03950924376034)	(8, 31.69182789866931)	(9, 32.67705284419799)	(10, 33.790975995212136)	(15, 35.59972320151117)	(20, 36.201484986487365)	(25, 35.60826093868352)	(30, 37.63984589057109)	(35, 36.70361988834547)	(40, 36.945349130796636)	(45, 36.12808850070602)	(50, 37.31872971936748)	(55, 35.73556767068461)	(60, 37.024578957704065)	(65, 35.825519698514086)	(70, 35.50926994398571)	(75, 36.35404209955394)	(80, 36.82496797179648)	(85, 35.440279790904924)	(90, 37.04030597454576)	(95, 36.24929257413243)	(100, 36.936093213761374)	(105, 36.36225815199604)	(110, 36.95156774549501)	(115, 36.86863854418957)	(120, 35.37734553989732)	(125, 36.5244078289086)	(130, 34.45478178740754)	(135, 33.1597931492374)	(140, 33.013106782498106)	(145, 35.73420425110111)	(150, 32.90608115058399)	(155, 33.15195862984748)	(160, 32.28070359183444)	(165, 32.881053330465605)	(170, 30.220952523448386)	(175, 32.19677193113702)	(180, 31.31530153267812)	(185, 32.523003263603805)	(190, 32.95916100133724)	(195, 30.50841336487839)	(200, 31.711093447543885)	(205, 32.51024996025698)	(210, 29.772791456652044)	(215, 32.28633681513414)	(220, 28.077327772426752)	(225, 25.27847050132321)	(230, 28.89380289329231)	(235, 29.98573458182816)	(240, 31.411648088576346)	(245, 29.926421775422035)	(250, 21.64770384255324)
SRR8438074_2	(1, 31.73522728335375)	(2, 29.77465236541141)	(3, 30.612790708548022)	(4, 31.171661819576013)	(5, 30.335300223496077)	(6, 35.82584138324434)	(7, 33.994464030223405)	(8, 32.40127364710063)	(9, 30.47508346035516)	(10, 33.48574768321536)	(15, 34.79624077728008)	(20, 33.185288534370706)	(25, 32.642348298530905)	(30, 33.25538588140681)	(35, 31.60614193403593)	(40, 35.08820333467368)	(45, 34.08248781993136)	(50, 32.228964717543974)	(55, 34.446133704891665)	(60, 34.453988797142244)	(65, 34.15170053395925)	(70, 31.262088893460636)	(75, 32.87675360258844)	(80, 34.73331961809289)	(85, 35.005711774222206)	(90, 33.03834033122306)	(95, 33.109197003843384)	(100, 30.621132068414113)	(105, 31.675229340639817)	(110, 31.08585615829881)	(115, 32.24308518099442)	(120, 30.200568559058137)	(125, 27.97037695091502)	(130, 33.26097047794496)	(135, 35.21531368936851)	(140, 33.32693455024921)	(145, 29.037205083366842)	(150, 30.598270009444814)	(155, 34.05737583811028)	(160, 32.39600138399244)	(165, 26.213677211816304)	(170, 30.57928312931913)	(175, 32.29912565342211)	(180, 27.436307358538205)	(185, 30.787996670937098)	(190, 30.566701946843693)	(195, 27.444215231540362)	(200, 24.956557344614545)	(205, 25.080509736338463)	(210, 23.546095855901985)	(215, 22.497725614888243)	(220, 22.771106061031155)	(225, 23.6103098408414)	(230, 22.12299463334596)	(235, 22.48286149846151)	(240, 21.289110855475435)	(245, 19.74387781469772)	(250, 21.420757500241848)
SRR8438075	(1, 31.333333333333332)	(2, 27.333333333333332)	(3, 26.666666666666668)	(4, 32.0)	(5, 32.0)	(6, 34.333333333333336)	(7, 34.333333333333336)	(8, 32.333333333333336)	(9, 30.666666666666668)	(10, 34.99999999999999)	(15, 30.46666666666666)	(20, 33.60000000000001)	(25, 35.93333333333333)	(30, 31.46666666666667)	(35, 29.666666666666668)	(40, 36.06666666666667)	(45, 32.0)	(50, 32.0)	(55, 32.733333333333334)	(60, 33.13333333333334)	(65, 37.46666666666667)	(70, 32.2)	(75, 34.13333333333333)	(80, 36.866666666666674)	(85, 30.06666666666667)	(90, 33.4)	(95, 37.06666666666668)	(100, 33.06666666666667)	(105, 37.0)	(110, 33.53333333333334)	(115, 35.2)	(120, 35.266666666666666)	(125, 34.400000000000006)	(130, 33.93333333333334)	(135, 37.06666666666666)	(140, 33.666666666666664)	(145, 37.33333333333333)	(150, 31.733333333333338)	(155, 33.33333333333333)	(160, 26.866666666666664)	(165, 27.6)	(170, 28.53333333333334)	(175, 29.8)	(180, 25.0)	(185, 29.133333333333336)	(190, 19.8)	(195, 21.6)	(200, 23.266666666666666)	(205, 15.133333333333335)	(210, 17.4)	(215, 18.0)	(220, 17.799999999999997)	(225, 16.666666666666664)	(230, 16.8)	(235, 19.599999999999998)	(240, 15.933333333333332)	(245, 19.333333333333336)	(250, 14.666666666666666)
SRR8438075_1	(1, 31.72380496369005)	(2, 31.648790998324156)	(3, 31.705689889075092)	(4, 32.21586465565398)	(5, 31.626526214986832)	(6, 33.17779905833533)	(7, 32.908786210198706)	(8, 31.948767057696912)	(9, 32.339797302689334)	(10, 33.82548878780624)	(15, 35.46965126486314)	(20, 35.70107732822599)	(25, 34.95966802330221)	(30, 36.33681270449286)	(35, 35.886872556060965)	(40, 35.95329981645519)	(45, 35.269842789881096)	(50, 35.64585428138217)	(55, 35.77508578724762)	(60, 36.0256803128242)	(65, 36.336780783656536)	(70, 35.17352166626766)	(75, 35.261910462054104)	(80, 34.747825393025295)	(85, 33.49143723565557)	(90, 33.13826510254569)	(95, 32.26041018274679)	(100, 29.361694996408904)	(105, 27.88052030963211)	(110, 27.90596121618386)	(115, 27.892219296145562)	(120, 27.382347777511768)	(125, 27.287590774878304)	(130, 26.559843587902)	(135, 26.330348735136862)	(140, 25.98806160721411)	(145, 27.123262309472505)	(150, 26.080743755486395)	(155, 26.10733381214588)	(160, 25.38191684622137)	(165, 25.93513686058575)	(170, 24.70476418482164)	(175, 25.847801452398052)	(180, 25.094661240124488)	(185, 25.268486154337246)	(190, 25.467241241720536)	(195, 24.04914212752374)	(200, 24.576266858191683)	(205, 25.164759396696194)	(210, 24.69865134466523)	(215, 25.11528210039103)	(220, 23.960992738009736)	(225, 23.975053866411297)	(230, 23.72487431170697)	(235, 23.62631872955071)	(240, 24.051743675684303)	(245, 23.703649949084753)	(250, 20.699769858518863)
SRR8438075_2	(1, 23.622935120900166)	(2, 26.887239645678715)	(3, 28.423350091772406)	(4, 28.29423030883409)	(5, 28.80632032559253)	(6, 33.5453674886282)	(7, 29.97749581039023)	(8, 31.481924826430454)	(9, 28.631473944617348)	(10, 29.996185460059053)	(15, 30.94070704652462)	(20, 29.00403798579523)	(25, 30.56391349453356)	(30, 30.406017077647437)	(35, 29.13370042295108)	(40, 30.899130157210116)	(45, 31.375404995610886)	(50, 29.731880935280504)	(55, 31.172659803686855)	(60, 30.62992578405554)	(65, 30.821562524938155)	(70, 29.94484079482882)	(75, 28.48661718937036)	(80, 28.94357992179395)	(85, 28.988827707285928)	(90, 26.962572819407864)	(95, 26.822264783337324)	(100, 25.505131274439393)	(105, 24.937259596201418)	(110, 24.401612002234454)	(115, 25.129279387119944)	(120, 24.580320804405073)	(125, 25.135360306440028)	(130, 25.362907988189296)	(135, 25.29290559412657)	(140, 23.671359029606577)	(145, 23.1908227595563)	(150, 23.917580400606493)	(155, 23.802346181469954)	(160, 22.860250578565157)	(165, 21.711754847977016)	(170, 21.484446572500197)	(175, 21.491772404436993)	(180, 21.165445694677203)	(185, 21.56340276115234)	(190, 21.40707046524619)	(195, 20.5788316311541)	(200, 20.27883479648843)	(205, 20.341404628890665)	(210, 18.07738721282347)	(215, 18.245446563971587)	(220, 18.332173357809882)	(225, 18.794971665735495)	(230, 18.42413600446963)	(235, 18.094069758161066)	(240, 17.736020432596376)	(245, 17.07025306782157)	(250, 18.2770207641258)
SRR8438076	(1, 31.333333333333332)	(2, 31.666666666666668)	(3, 29.5)	(4, 26.833333333333332)	(5, 31.333333333333332)	(6, 32.0)	(7, 25.666666666666668)	(8, 28.166666666666668)	(9, 27.666666666666668)	(10, 30.733333333333338)	(15, 29.366666666666664)	(20, 31.9)	(25, 30.73333333333333)	(30, 31.73333333333333)	(35, 32.266666666666666)	(40, 32.266666666666666)	(45, 30.93333333333333)	(50, 28.5)	(55, 33.3)	(60, 31.76666666666667)	(65, 32.900000000000006)	(70, 30.166666666666668)	(75, 31.9)	(80, 29.133333333333333)	(85, 31.4)	(90, 30.366666666666664)	(95, 32.83333333333333)	(100, 32.6)	(105, 33.46666666666666)	(110, 29.5)	(115, 34.4)	(120, 33.0)	(125, 35.2)	(130, 32.93333333333333)	(135, 34.83333333333333)	(140, 32.36666666666667)	(145, 30.96666666666667)	(150, 34.1)	(155, 29.933333333333337)	(160, 30.1)	(165, 24.1)	(170, 28.73333333333333)	(175, 30.3)	(180, 29.133333333333333)	(185, 33.53333333333334)	(190, 25.633333333333333)	(195, 23.366666666666667)	(200, 26.1)	(205, 25.633333333333333)	(210, 25.633333333333336)	(215, 22.933333333333334)	(220, 24.833333333333332)	(225, 24.199999999999996)	(230, 20.699999999999996)	(235, 25.166666666666664)	(240, 21.933333333333334)	(245, 20.999999999999996)	(250, 17.666666666666668)
SRR8438076_1	(1, 32.37684290984992)	(2, 32.04127530096574)	(3, 31.713527656509534)	(4, 32.31528273875145)	(5, 32.03689494495157)	(6, 31.53227205244668)	(7, 32.52158574767385)	(8, 31.705501903543972)	(9, 32.5034910555482)	(10, 33.347717952110074)	(15, 36.224982728462024)	(20, 36.07428378239332)	(25, 35.83807087945202)	(30, 37.68746306830709)	(35, 36.69348973262189)	(40, 36.87240816686511)	(45, 36.36242889271067)	(50, 37.04991253987153)	(55, 36.15056371360115)	(60, 37.35171318957534)	(65, 35.997389425409004)	(70, 36.08860960444503)	(75, 36.6889065279064)	(80, 36.90747747350473)	(85, 35.096035630815365)	(90, 36.77997677529362)	(95, 36.40192559274448)	(100, 36.401796239949434)	(105, 35.13385956402229)	(110, 35.88532286751628)	(115, 35.815516455733416)	(120, 34.46838059120107)	(125, 35.2421013949523)	(130, 33.06728697211565)	(135, 32.75375637576987)	(140, 33.26670488453793)	(145, 35.12794461348503)	(150, 33.23227058252855)	(155, 33.23956725610383)	(160, 32.483414913789304)	(165, 33.24336846437653)	(170, 30.933480325145894)	(175, 32.67253163998765)	(180, 32.06402669371316)	(185, 32.7664447090297)	(190, 33.01414061236788)	(195, 30.57933001131837)	(200, 31.10617512604548)	(205, 32.472613955402686)	(210, 31.348056033278944)	(215, 32.487016213196924)	(220, 29.280895474122094)	(225, 27.909814643324363)	(230, 30.015904514118564)	(235, 30.112613367435436)	(240, 29.161843865296703)	(245, 30.437984992102674)	(250, 29.87376131487451)
SRR8438076_2	(1, 28.96839676030045)	(2, 27.42995105172642)	(3, 28.90904146639032)	(4, 30.592509297232144)	(5, 31.029442460054973)	(6, 32.77930649262836)	(7, 33.62353926886272)	(8, 32.591539151269274)	(9, 34.97906836589202)	(10, 34.71841072452265)	(15, 34.71316311681439)	(20, 33.42647322544134)	(25, 33.65568931810499)	(30, 33.48113066102218)	(35, 32.35457952992018)	(40, 34.423086534080056)	(45, 35.48752480486837)	(50, 34.401807999294434)	(55, 35.02321882671136)	(60, 35.242142552659814)	(65, 35.04079316782055)	(70, 32.68888594905264)	(75, 34.098196410459934)	(80, 35.23088297981803)	(85, 35.319648395584366)	(90, 33.24387705604797)	(95, 33.47812026870103)	(100, 31.55586423836192)	(105, 31.842980405991387)	(110, 31.760958974585115)	(115, 32.32374946715468)	(120, 31.372838852875894)	(125, 30.1665593626435)	(130, 33.30593993914539)	(135, 34.362631741412)	(140, 33.01996442798136)	(145, 30.0674045655657)	(150, 30.296044450324114)	(155, 33.20393056106775)	(160, 31.566527024444735)	(165, 27.935985065631844)	(170, 28.678646499389988)	(175, 30.2735752818568)	(180, 27.21657773662007)	(185, 29.558818773794304)	(190, 27.272331731122573)	(195, 26.319682968888383)	(200, 24.50173602434256)	(205, 25.01569036734334)	(210, 22.917754454048332)	(215, 21.743576174516374)	(220, 21.597750926089255)	(225, 22.462315934233374)	(230, 21.095803276457126)	(235, 21.22395260635639)	(240, 21.331973069120636)	(245, 20.3058170166232)	(250, 20.882394794234337)
SRR8438077	(1, 30.8)	(2, 31.6)	(3, 32.52)	(4, 32.68)	(5, 31.68)	(6, 35.96)	(7, 35.2)	(8, 33.52)	(9, 33.72)	(10, 34.007999999999996)	(15, 34.903999999999996)	(20, 34.28)	(25, 34.12)	(30, 35.296)	(35, 35.888)	(40, 34.616)	(45, 35.328)	(50, 34.088)	(55, 36.0)	(60, 36.616)	(65, 36.808)	(70, 36.74400000000001)	(75, 35.048)	(80, 35.983999999999995)	(85, 35.4)	(90, 35.872)	(95, 35.904)	(100, 36.136)	(105, 36.344)	(110, 34.104)	(115, 36.592)	(120, 35.616)	(125, 36.264)	(130, 35.064)	(135, 36.16)	(140, 35.495999999999995)	(145, 33.536)	(150, 32.104)	(155, 32.0)	(160, 31.032000000000004)	(165, 30.52)	(170, 31.304000000000002)	(175, 32.016000000000005)	(180, 30.671999999999997)	(185, 29.2)	(190, 26.744)	(195, 26.136000000000003)	(200, 25.216)	(205, 23.744)	(210, 24.352)	(215, 24.544)	(220, 20.151999999999997)	(225, 21.672000000000004)	(230, 20.784)	(235, 20.856)	(240, 19.887999999999998)	(245, 19.512)	(250, 17.75)
SRR8438077_1	(1, 31.811215462093372)	(2, 31.75038667607063)	(3, 31.593328136406946)	(4, 32.16450746748828)	(5, 31.756202284172886)	(6, 31.7913186582031)	(7, 32.694680574631576)	(8, 31.854572676540826)	(9, 32.47515992922281)	(10, 33.214365789376004)	(15, 35.98430280757761)	(20, 35.675051041241325)	(25, 35.473630548028254)	(30, 37.15527673633023)	(35, 36.468067362064915)	(40, 36.46424638380539)	(45, 35.89840008909017)	(50, 36.73733001719935)	(55, 35.7754210129057)	(60, 36.953811698033824)	(65, 35.77920487026244)	(70, 36.13633270227798)	(75, 36.35092616652437)	(80, 36.34970365145948)	(85, 34.60520930002351)	(90, 36.120979496888026)	(95, 35.87953277157034)	(100, 35.488899612705254)	(105, 34.16250788819184)	(110, 34.59348899365232)	(115, 34.29720727074749)	(120, 33.44799485256815)	(125, 33.49247559300642)	(130, 32.00677827684769)	(135, 31.737394360097504)	(140, 32.24710395090142)	(145, 33.25649058985115)	(150, 32.04935842706361)	(155, 31.70317136246087)	(160, 30.793122734078224)	(165, 31.186502839749068)	(170, 29.37483202791492)	(175, 30.804506477597535)	(180, 30.37404011532227)	(185, 31.196102305208065)	(190, 31.130863555935015)	(195, 29.03904871499808)	(200, 28.98665874754074)	(205, 30.54862714527884)	(210, 29.391274113119767)	(215, 30.620978259524605)	(220, 28.37592338245666)	(225, 27.0969696969697)	(230, 28.518710172364724)	(235, 28.422782508372784)	(240, 27.673398580074377)	(245, 28.26486941800501)	(250, 27.05229392745549)
SRR8438077_2	(1, 24.867713476125072)	(2, 30.078721061162874)	(3, 29.01156934803321)	(4, 29.886768872885654)	(5, 29.166487248969894)	(6, 34.01733546159843)	(7, 31.315911256295088)	(8, 31.63786084610911)	(9, 31.784587401165595)	(10, 31.520534046054667)	(15, 32.78476063204524)	(20, 31.46442951359244)	(25, 31.561713500872337)	(30, 31.71205563185963)	(35, 30.239506539465708)	(40, 32.23460163084499)	(45, 33.38688147295743)	(50, 32.14022049816252)	(55, 32.93148471237487)	(60, 33.17610898697056)	(65, 32.97041464048406)	(70, 31.20851553509781)	(75, 31.449247064355273)	(80, 32.493225435242586)	(85, 33.130128562059966)	(90, 31.236373535271042)	(95, 31.194476409666283)	(100, 29.460967370726458)	(105, 28.92491926203645)	(110, 29.042060457576998)	(115, 29.10094410829405)	(120, 29.041233898808418)	(125, 28.040382592771323)	(130, 30.22944430008538)	(135, 31.12083101327691)	(140, 29.67698380291275)	(145, 27.1848967420221)	(150, 27.603380476879863)	(155, 29.78145687169778)	(160, 28.676070628704355)	(165, 25.883898189737305)	(170, 25.61907271984855)	(175, 27.015321033940875)	(180, 24.1886929730131)	(185, 25.355883044408976)	(190, 24.300848476292288)	(195, 23.535827042094372)	(200, 22.361175711042822)	(205, 22.741723288286394)	(210, 20.868557426731964)	(215, 20.090012414397656)	(220, 19.968631399775397)	(225, 20.546524445453194)	(230, 19.577166389145297)	(235, 19.742404278203473)	(240, 19.7209667716119)	(245, 18.80468179995746)	(250, 19.785110674879014)
SRR8438078	(1, 31.933333333333334)	(2, 30.866666666666667)	(3, 31.0)	(4, 32.2)	(5, 32.666666666666664)	(6, 32.333333333333336)	(7, 34.2)	(8, 34.86666666666667)	(9, 33.333333333333336)	(10, 34.09333333333334)	(15, 35.373333333333335)	(20, 34.040000000000006)	(25, 32.82666666666667)	(30, 35.093333333333334)	(35, 34.18666666666667)	(40, 35.346666666666664)	(45, 36.266666666666666)	(50, 35.733333333333334)	(55, 36.53333333333333)	(60, 37.89333333333333)	(65, 37.38666666666667)	(70, 36.72)	(75, 36.61333333333333)	(80, 36.85333333333333)	(85, 34.64)	(90, 36.88000000000001)	(95, 37.36)	(100, 37.25333333333333)	(105, 36.86666666666667)	(110, 36.48)	(115, 36.946666666666665)	(120, 35.81333333333333)	(125, 36.30666666666666)	(130, 35.68)	(135, 35.45333333333333)	(140, 36.413333333333334)	(145, 36.13333333333334)	(150, 35.28)	(155, 32.50666666666666)	(160, 34.29333333333334)	(165, 31.080000000000002)	(170, 31.893333333333334)	(175, 34.09333333333334)	(180, 31.813333333333333)	(185, 28.893333333333334)	(190, 28.26666666666667)	(195, 26.226666666666667)	(200, 29.226666666666667)	(205, 27.880000000000003)	(210, 28.880000000000003)	(215, 27.293333333333333)	(220, 21.053333333333335)	(225, 19.466666666666665)	(230, 21.2)	(235, 19.373333333333335)	(240, 17.546666666666663)	(245, 16.866666666666667)	(250, 18.05357142857143)
SRR8438078_1	(1, 32.27977381672639)	(2, 31.901463675710897)	(3, 31.619013822311164)	(4, 32.21603760413273)	(5, 31.55407921068553)	(6, 31.65073067436124)	(7, 32.6708474891795)	(8, 31.44146460650626)	(9, 32.570333224740544)	(10, 33.399618373900495)	(15, 35.91566528598687)	(20, 35.934032205519614)	(25, 35.5486759435938)	(30, 37.49240703681296)	(35, 36.61042723507237)	(40, 36.758549355424215)	(45, 35.91736398752734)	(50, 36.7607343975427)	(55, 35.56290780471913)	(60, 36.89334946711965)	(65, 35.7170149392656)	(70, 35.659224182063575)	(75, 36.32158281751757)	(80, 36.40982919905059)	(85, 34.809463861869965)	(90, 36.29974403127473)	(95, 35.69187881044353)	(100, 35.85484478987295)	(105, 34.67999720761391)	(110, 35.50573602643459)	(115, 35.08897705589426)	(120, 34.14104807558058)	(125, 34.39285847256481)	(130, 32.9741983524922)	(135, 32.058991483222414)	(140, 32.41356634243961)	(145, 34.374666077162935)	(150, 32.53553078605668)	(155, 32.548645692744444)	(160, 31.724100618978916)	(165, 32.26510680876809)	(170, 29.93493507702332)	(175, 31.854165309256757)	(180, 31.32388188206823)	(185, 31.865518685716943)	(190, 32.004593475124494)	(195, 29.97688835109601)	(200, 30.52263694326802)	(205, 31.87543165635035)	(210, 30.060636664029413)	(215, 31.56935588960767)	(220, 28.714480848885376)	(225, 27.288800204774976)	(230, 29.059412668124914)	(235, 29.430728871551032)	(240, 29.832814592697922)	(245, 29.338382077667923)	(250, 27.74575341275407)
SRR8438078_2	(1, 26.835633173546796)	(2, 26.899043607762835)	(3, 29.11186996788756)	(4, 30.83403918648485)	(5, 29.114813608228232)	(6, 34.3260227114069)	(7, 34.560827477079165)	(8, 33.746532787266716)	(9, 33.17667659515055)	(10, 32.459396379206034)	(15, 33.77461488341788)	(20, 32.92454041978871)	(25, 32.58866989342393)	(30, 32.97028668497231)	(35, 31.515064922976684)	(40, 33.534511565132405)	(45, 34.38918415786289)	(50, 32.955119374505514)	(55, 34.48567971331503)	(60, 34.62458230558012)	(65, 34.25489365662959)	(70, 32.2353934937404)	(75, 33.28279890166147)	(80, 34.514862474984874)	(85, 34.76802019825941)	(90, 32.76644715409317)	(95, 33.005966398287335)	(100, 30.68691999813841)	(105, 30.70573369944618)	(110, 30.335821659608133)	(115, 31.34419881788989)	(120, 30.986128822078467)	(125, 29.83570065621073)	(130, 32.55071903941918)	(135, 33.398194256992596)	(140, 31.758665704844795)	(145, 29.050865639689114)	(150, 30.006890212686738)	(155, 32.02763996835296)	(160, 30.48014613487225)	(165, 26.581858798343184)	(170, 27.5430585935682)	(175, 29.29601154186252)	(180, 26.60855168241262)	(185, 28.149411271931864)	(190, 26.675603103637997)	(195, 25.368176956179937)	(200, 23.99597858971375)	(205, 24.305519465552795)	(210, 22.189216176839896)	(215, 21.340423810924182)	(220, 20.986035723104578)	(225, 21.95270801815431)	(230, 20.82017879277347)	(235, 20.928655881306035)	(240, 20.481976068538188)	(245, 19.188744886506374)	(250, 20.09822786006025)
SRR8438079	(1, 30.8)	(2, 30.9)	(3, 30.5)	(4, 32.1)	(5, 32.1)	(6, 33.1)	(7, 34.8)	(8, 35.7)	(9, 34.1)	(10, 35.019999999999996)	(15, 34.379999999999995)	(20, 36.14)	(25, 32.660000000000004)	(30, 35.2)	(35, 35.1)	(40, 34.12)	(45, 34.120000000000005)	(50, 32.900000000000006)	(55, 35.36)	(60, 36.839999999999996)	(65, 36.7)	(70, 34.1)	(75, 35.919999999999995)	(80, 35.06)	(85, 32.04)	(90, 34.38)	(95, 37.02)	(100, 35.1)	(105, 35.78000000000001)	(110, 36.1)	(115, 34.88)	(120, 35.68)	(125, 36.08)	(130, 34.040000000000006)	(135, 36.339999999999996)	(140, 35.339999999999996)	(145, 35.5)	(150, 31.660000000000004)	(155, 32.760000000000005)	(160, 32.16)	(165, 30.82)	(170, 30.380000000000003)	(175, 32.22)	(180, 30.2)	(185, 25.9)	(190, 27.52)	(195, 27.060000000000002)	(200, 24.779999999999998)	(205, 24.339999999999996)	(210, 25.599999999999998)	(215, 23.419999999999998)	(220, 21.76)	(225, 21.66)	(230, 18.4)	(235, 19.86)	(240, 18.42)	(245, 19.8)	(250, 16.732142857142858)
SRR8438079_1	(1, 32.537009325525915)	(2, 31.989449143352854)	(3, 31.343754066363044)	(4, 32.35260247234873)	(5, 31.890457601387986)	(6, 32.194860117111254)	(7, 32.486174365647365)	(8, 32.95258078507916)	(9, 32.47132942962481)	(10, 33.99474734330948)	(15, 36.63286922576448)	(20, 37.20032747777054)	(25, 37.0046345695077)	(30, 37.84139666016049)	(35, 36.69665148557796)	(40, 37.035625677727175)	(45, 36.47273476469313)	(50, 37.682368249837346)	(55, 35.890902190414224)	(60, 37.45284753849491)	(65, 34.890652786814144)	(70, 37.06072001734982)	(75, 37.41104966384732)	(80, 36.83570592062459)	(85, 36.58229885057471)	(90, 37.125673389720234)	(95, 36.649438299718064)	(100, 36.790845803513335)	(105, 36.698436347863804)	(110, 36.85176968119714)	(115, 36.340052049446975)	(120, 36.368312730427235)	(125, 35.76278247668618)	(130, 35.912858382129684)	(135, 32.90729126003036)	(140, 36.31678594664932)	(145, 36.446887876816305)	(150, 35.55075688570808)	(155, 35.42029060941228)	(160, 35.44276946432444)	(165, 35.071930166991976)	(170, 34.52474734330948)	(175, 34.410863153329)	(180, 34.23835176751247)	(185, 34.25060724354803)	(190, 34.61235090002169)	(195, 33.28967902841032)	(200, 31.288779006723054)	(205, 33.1709238776838)	(210, 29.215417479939276)	(215, 32.035135545434834)	(220, 31.991654738668405)	(225, 30.53075471698113)	(230, 30.22635870743873)	(235, 30.410502456942417)	(240, 29.21352111303664)	(245, 29.91735528957482)	(250, 29.91636522715)
SRR8438079_2	(1, 31.898102363912383)	(2, 31.381240511819563)	(3, 30.291411841249186)	(4, 31.43361526783778)	(5, 30.317089568423334)	(6, 32.64459986987638)	(7, 35.297549338538275)	(8, 30.31378225981349)	(9, 34.19364563001518)	(10, 34.72587725005422)	(15, 35.82882021253524)	(20, 35.967098243331165)	(25, 34.95798091520278)	(30, 36.39761873780091)	(35, 36.0571676425938)	(40, 35.29559314682282)	(45, 36.42335718932986)	(50, 36.02720017349816)	(55, 35.88396877033181)	(60, 36.424231186293646)	(65, 36.62137714161787)	(70, 36.2614313597918)	(75, 35.87208848405986)	(80, 36.707928865755804)	(85, 36.385057471264375)	(90, 35.97414443721535)	(95, 36.01780958577315)	(100, 34.14770114942529)	(105, 34.82319236608111)	(110, 35.62421166775103)	(115, 34.568536109303835)	(120, 34.72176534374322)	(125, 30.0758273693342)	(130, 34.92258078507916)	(135, 34.98584471914986)	(140, 34.65586423769247)	(145, 32.921895467360656)	(150, 31.13531338104533)	(155, 33.99253741054001)	(160, 34.09495120364346)	(165, 30.87047495120364)	(170, 31.33053350683149)	(175, 30.554354803730213)	(180, 29.303335502060293)	(185, 29.04778789850358)	(190, 28.24118053912894)	(195, 27.4594691944222)	(200, 26.047062905971785)	(205, 25.977511800870438)	(210, 26.130105404702004)	(215, 23.425759087360113)	(220, 22.391465689251323)	(225, 21.05588834909343)	(230, 20.870055042497484)	(235, 20.769486526053242)	(240, 20.979116959505383)	(245, 20.251378314462883)	(250, 18.86594523205931)
SRR8438080	(1, 31.533333333333335)	(2, 32.4)	(3, 30.266666666666666)	(4, 32.0)	(5, 32.266666666666666)	(6, 32.86666666666667)	(7, 33.333333333333336)	(8, 35.53333333333333)	(9, 34.733333333333334)	(10, 35.56)	(15, 35.53333333333333)	(20, 35.81333333333333)	(25, 34.56)	(30, 35.52)	(35, 36.78666666666667)	(40, 34.89333333333334)	(45, 34.69333333333334)	(50, 33.61333333333333)	(55, 35.6)	(60, 37.586666666666666)	(65, 36.68)	(70, 36.57333333333334)	(75, 35.45333333333333)	(80, 35.18666666666667)	(85, 35.69333333333334)	(90, 36.77333333333333)	(95, 36.49333333333333)	(100, 35.986666666666665)	(105, 36.78666666666667)	(110, 35.78666666666667)	(115, 35.81333333333333)	(120, 36.25333333333333)	(125, 36.986666666666665)	(130, 35.626666666666665)	(135, 36.44)	(140, 36.053333333333335)	(145, 36.480000000000004)	(150, 35.11999999999999)	(155, 32.65333333333333)	(160, 32.66666666666667)	(165, 31.573333333333334)	(170, 32.97333333333333)	(175, 33.14666666666666)	(180, 29.959999999999997)	(185, 28.413333333333334)	(190, 29.639999999999997)	(195, 26.373333333333335)	(200, 29.733333333333338)	(205, 27.360000000000003)	(210, 27.013333333333332)	(215, 26.373333333333328)	(220, 23.720000000000002)	(225, 22.413333333333334)	(230, 21.373333333333335)	(235, 19.466666666666665)	(240, 18.706666666666667)	(245, 17.374285714285712)	(250, 17.31111111111111)
SRR8438080_1	(1, 32.51937961478314)	(2, 31.973286220480233)	(3, 31.338104004592513)	(4, 32.35298018488825)	(5, 31.800106894708712)	(6, 32.08974206702694)	(7, 32.409703664113074)	(8, 32.91294019834907)	(9, 32.407931983292755)	(10, 33.941722588435574)	(15, 36.62031593325019)	(20, 37.144454342102655)	(25, 36.95016727042382)	(30, 37.800415701644994)	(35, 36.673135776075384)	(40, 37.033897499851534)	(45, 36.308244749292314)	(50, 37.62050200922462)	(55, 35.785561296197315)	(60, 37.40608705980165)	(65, 34.80221509590831)	(70, 37.039713363818116)	(75, 37.36714175426094)	(80, 36.69071005800028)	(85, 36.49605083437259)	(90, 36.99507096620939)	(95, 36.56854326266405)	(100, 36.73443593245838)	(105, 36.568345309499776)	(110, 36.75953045509433)	(115, 36.20753013836926)	(120, 36.32462735316824)	(125, 35.53478433002751)	(130, 35.90215570995902)	(135, 32.8426529683077)	(140, 36.23424985648395)	(145, 36.27623176356474)	(150, 35.569911119029236)	(155, 35.42134133064117)	(160, 35.425381554724154)	(165, 35.0193776352515)	(170, 34.50847437496289)	(175, 34.33170615832294)	(180, 34.200455292277844)	(185, 34.20285250509729)	(190, 34.57262307737989)	(195, 33.32088405883168)	(200, 31.18936991507809)	(205, 33.048575726982996)	(210, 29.13128451808302)	(215, 32.01158619870539)	(220, 32.081622028228125)	(225, 30.459811548587606)	(230, 30.191727537264683)	(235, 30.43451709325574)	(240, 29.36980818338381)	(245, 29.89225638601419)	(250, 29.760934286164442)
SRR8438080_2	(1, 31.98656887780351)	(2, 31.305144802739672)	(3, 30.571817408001266)	(4, 31.061682205990063)	(5, 31.137171645188747)	(6, 35.93685294059426)	(7, 34.60599402181444)	(8, 30.892095730150245)	(9, 33.880782706811566)	(10, 35.142753924421484)	(15, 35.808963319278654)	(20, 36.04708909871924)	(25, 34.94966644891819)	(30, 36.376146643704104)	(35, 36.014044777005765)	(40, 35.255409070213986)	(45, 36.40602371478908)	(50, 35.83658768335412)	(55, 35.93053823465368)	(60, 36.37656630441238)	(65, 36.62160856741294)	(70, 36.296482372270724)	(75, 35.86225824969812)	(80, 36.680596630837144)	(85, 36.432143634816)	(90, 36.00947997703743)	(95, 36.028653720529725)	(100, 34.22925945721242)	(105, 34.80930577825287)	(110, 35.66728823960251)	(115, 34.4614802937625)	(120, 34.83224459092979)	(125, 30.334087534889242)	(130, 34.88910861690125)	(135, 34.897935348496546)	(140, 34.575121246313124)	(145, 32.95915830314548)	(150, 31.208343725874453)	(155, 33.9860363837916)	(160, 33.84235405902963)	(165, 31.05897618623434)	(170, 31.4239087831819)	(175, 30.628802185402936)	(180, 29.47854583605519)	(185, 29.09716531068749)	(190, 28.388654224727777)	(195, 27.472261010597652)	(200, 26.186679204196775)	(205, 26.078075819063645)	(210, 26.21625666963654)	(215, 23.582096229795404)	(220, 22.421437632618535)	(225, 21.176444154095897)	(230, 20.974741820809022)	(235, 20.806729094076655)	(240, 20.999861419068736)	(245, 20.233048834109724)	(250, 18.898021963788313)
SRR8438081	(1, 31.463414634146343)	(2, 32.41463414634146)	(3, 32.21951219512195)	(4, 31.73170731707317)	(5, 32.46341463414634)	(6, 34.5609756097561)	(7, 34.78048780487805)	(8, 32.951219512195124)	(9, 35.21951219512195)	(10, 35.2)	(15, 35.619512195121956)	(20, 35.81951219512195)	(25, 35.760975609756095)	(30, 36.37560975609756)	(35, 35.78536585365854)	(40, 36.44878048780488)	(45, 35.73170731707317)	(50, 36.229268292682924)	(55, 36.24878048780488)	(60, 36.829268292682926)	(65, 37.31219512195122)	(70, 37.073170731707314)	(75, 36.03414634146342)	(80, 36.59512195121951)	(85, 34.80487804878049)	(90, 36.6)	(95, 36.33170731707317)	(100, 36.2829268292683)	(105, 36.94146341463414)	(110, 36.09268292682926)	(115, 36.804878048780495)	(120, 36.21951219512196)	(125, 36.482926829268294)	(130, 35.79024390243902)	(135, 35.97560975609756)	(140, 35.458536585365856)	(145, 35.02439024390244)	(150, 34.15121951219512)	(155, 32.33170731707317)	(160, 32.760975609756095)	(165, 32.50243902439024)	(170, 32.60487804878049)	(175, 31.78048780487805)	(180, 30.53170731707317)	(185, 29.541463414634144)	(190, 26.5609756097561)	(195, 25.06341463414634)	(200, 25.90243902439024)	(205, 24.926829268292682)	(210, 24.28292682926829)	(215, 24.824390243902442)	(220, 21.965853658536584)	(225, 20.278048780487808)	(230, 18.897560975609757)	(235, 17.55609756097561)	(240, 17.98536585365854)	(245, 16.836328626444157)	(250, 15.580701754385965)
SRR8438081_1	(1, 32.48089636355504)	(2, 31.999212774522523)	(3, 31.41704164243861)	(4, 32.309227535000225)	(5, 31.71372724426354)	(6, 32.33645837992575)	(7, 32.55155879590285)	(8, 32.92632285190321)	(9, 32.5803014715749)	(10, 34.127031354832944)	(15, 35.9623133694145)	(20, 37.18095808918907)	(25, 36.88348347273785)	(30, 37.7370541664803)	(35, 36.76740349778593)	(40, 37.06868542291005)	(45, 36.28296640873104)	(50, 37.57445095495818)	(55, 35.844701883079125)	(60, 37.31878158965872)	(65, 35.51004159770989)	(70, 37.2028733729928)	(75, 37.29977367267523)	(80, 36.50987878516796)	(85, 36.80165317350271)	(90, 36.965247573466925)	(95, 36.397910274187055)	(100, 36.652872925705594)	(105, 36.63172876504003)	(110, 36.70751174128908)	(115, 36.43264302008319)	(120, 36.45238090978217)	(125, 35.87640738918459)	(130, 36.24136869884153)	(135, 32.65069374245203)	(140, 35.692116115757926)	(145, 35.926335375944895)	(150, 34.97561926913271)	(155, 34.69348123630183)	(160, 34.74839379165362)	(165, 34.053953571588316)	(170, 33.91822874267567)	(175, 33.966838126761196)	(180, 33.76743033501812)	(185, 33.473074204947)	(190, 33.832737844970254)	(195, 32.8762213177081)	(200, 31.436970971060514)	(205, 32.13304110569396)	(210, 28.378440756809947)	(215, 31.593544751084675)	(220, 31.044907635192555)	(225, 29.314199579550028)	(230, 29.100732656438698)	(235, 29.519470774125182)	(240, 31.24582765033596)	(245, 29.22992913632941)	(250, 24.069524204188596)
SRR8438081_2	(1, 29.462611262691773)	(2, 30.29699870286711)	(3, 31.28976159592074)	(4, 31.57481773046473)	(5, 30.48762356308986)	(6, 34.18344142774075)	(7, 34.569253477658)	(8, 33.74777474616451)	(9, 34.265652815672944)	(10, 34.47793174397281)	(15, 35.18209956613141)	(20, 35.64165317350271)	(25, 34.65346155566489)	(30, 36.154888401842825)	(35, 35.621178154493)	(40, 35.656116652502575)	(45, 35.777589121975225)	(50, 34.36415977098895)	(55, 35.734592297714364)	(60, 36.0049720445498)	(65, 36.44028984210762)	(70, 36.177379791564164)	(75, 35.683519255714096)	(80, 36.26877666949949)	(85, 35.846168985105336)	(90, 35.78295477926376)	(95, 35.75155879590285)	(100, 33.7949581786465)	(105, 34.45038421970748)	(110, 35.22277586438252)	(115, 34.22714854408015)	(120, 34.55852395222972)	(125, 31.240676298251106)	(130, 34.64851277004965)	(135, 34.47511920203963)	(140, 33.91149617569442)	(145, 32.48539070537191)	(150, 31.389767857941585)	(155, 33.436779532137585)	(160, 32.52106096524578)	(165, 29.920610099745044)	(170, 31.454400858791427)	(175, 30.48699557185669)	(180, 29.556357293017847)	(185, 29.372039182358993)	(190, 29.82443555986027)	(195, 27.759188011126053)	(200, 25.94736438619974)	(205, 25.939469054048335)	(210, 25.86222021056937)	(215, 23.453624198147608)	(220, 22.747956088788683)	(225, 21.750851256637542)	(230, 21.589592679698406)	(235, 20.948938416527238)	(240, 19.744157879364348)	(245, 19.48901740696188)	(250, 18.915059704021697)
SRR8438082	(1, 32.0)	(2, 31.210526315789473)	(3, 30.473684210526315)	(4, 32.10526315789474)	(5, 30.736842105263158)	(6, 34.05263157894737)	(7, 33.05263157894737)	(8, 33.68421052631579)	(9, 32.89473684210526)	(10, 34.85263157894737)	(15, 35.90526315789474)	(20, 34.23157894736842)	(25, 33.747368421052634)	(30, 35.38947368421053)	(35, 36.10526315789474)	(40, 36.178947368421056)	(45, 35.631578947368425)	(50, 35.305263157894736)	(55, 36.02105263157894)	(60, 35.263157894736835)	(65, 35.463157894736845)	(70, 36.18947368421052)	(75, 35.85263157894737)	(80, 36.29473684210526)	(85, 33.71578947368421)	(90, 34.89473684210527)	(95, 36.09473684210527)	(100, 34.4421052631579)	(105, 35.873684210526314)	(110, 34.736842105263165)	(115, 33.8)	(120, 34.4421052631579)	(125, 34.50526315789473)	(130, 34.4421052631579)	(135, 35.05263157894737)	(140, 33.28421052631579)	(145, 32.93684210526316)	(150, 32.642105263157895)	(155, 30.126315789473686)	(160, 31.210526315789473)	(165, 28.926315789473684)	(170, 29.8)	(175, 30.231578947368423)	(180, 29.789473684210527)	(185, 26.68421052631579)	(190, 24.242105263157896)	(195, 23.505263157894735)	(200, 22.389473684210525)	(205, 23.357894736842105)	(210, 23.094736842105267)	(215, 23.357894736842105)	(220, 21.568421052631578)	(225, 21.63157894736842)	(230, 20.842105263157897)	(235, 20.021052631578947)	(240, 17.526315789473685)	(245, 18.242105263157896)	(250, 18.027272727272727)
SRR8438082_1	(1, 32.46649327189248)	(2, 31.978548669013907)	(3, 31.40509981350305)	(4, 32.34426668227777)	(5, 31.623644133709114)	(6, 32.70390472765591)	(7, 32.93383957916921)	(8, 32.94786448445719)	(9, 32.638781330233414)	(10, 34.20418489123798)	(15, 36.65461266339391)	(20, 37.231853344818646)	(25, 37.0000217440392)	(30, 37.83925969909595)	(35, 36.78904100424008)	(40, 37.05389678271851)	(45, 36.669823455127826)	(50, 37.593267710938086)	(55, 36.05187625969073)	(60, 37.455323526214116)	(65, 35.6454216252833)	(70, 37.22133257507966)	(75, 37.431968755488285)	(80, 36.88669850217022)	(85, 36.63541434939326)	(90, 37.077193011800325)	(95, 36.551838625776725)	(100, 36.69211109531416)	(105, 36.77339867695885)	(110, 36.86666555158773)	(115, 36.323633261689515)	(120, 36.19822033402189)	(125, 35.81311667349652)	(130, 35.83687454525687)	(135, 33.46574393884907)	(140, 36.18587139237118)	(145, 36.20840156222558)	(150, 35.497782944310174)	(155, 35.17143836819349)	(160, 35.1306348423139)	(165, 34.595268162545054)	(170, 34.359577831115715)	(175, 34.524959648081094)	(180, 34.0267317872764)	(185, 34.207772657707004)	(190, 34.20996378781163)	(195, 33.20002676189441)	(200, 31.728878592993404)	(205, 33.16220551462286)	(210, 29.92603012385739)	(215, 32.22692246577405)	(220, 32.154805850819166)	(225, 30.800008363092)	(230, 30.261070643038146)	(235, 30.228263924014037)	(240, 29.52760417728689)	(245, 29.387934821186217)	(250, 28.775341685215007)
SRR8438082_2	(1, 30.242797287012955)	(2, 32.019577998377564)	(3, 31.36791750646049)	(4, 31.652362991645273)	(5, 30.843317471335503)	(6, 33.860052018432256)	(7, 34.451665509772276)	(8, 32.98038854925443)	(9, 34.78089535262978)	(10, 34.99290809798199)	(15, 35.67904460036965)	(20, 35.952597994530535)	(25, 35.387756433308525)	(30, 36.387488814364445)	(35, 36.01030667458373)	(40, 35.80030776178569)	(45, 36.59584521589322)	(50, 35.89011064370719)	(55, 35.98905605780569)	(60, 36.559564450168516)	(65, 36.64258820971289)	(70, 36.32531089794519)	(75, 36.071186639124214)	(80, 36.606118438108936)	(85, 36.45607620449432)	(90, 36.05896816170875)	(95, 36.15548158865296)	(100, 34.54957724569928)	(105, 34.732078311993504)	(110, 35.54745803818588)	(115, 34.77612504495163)	(120, 35.087170180559156)	(125, 31.62400374666522)	(130, 35.087022990139914)	(135, 34.825316752109586)	(140, 34.39845450059796)	(145, 33.16809480401094)	(150, 31.59250834218427)	(155, 33.62301355657213)	(160, 33.32477733267544)	(165, 30.914495747367717)	(170, 31.349244394637584)	(175, 30.249912605688575)	(180, 29.171871576359212)	(185, 29.01482107164661)	(190, 28.374914410534974)	(195, 27.309030030428254)	(200, 26.238686961612444)	(205, 26.15594045329096)	(210, 26.070803713306013)	(215, 23.37421426779293)	(220, 22.30153215689554)	(225, 21.08793677343815)	(230, 21.061921886760892)	(235, 20.75882077444175)	(240, 20.835838421008617)	(245, 20.228637780655642)	(250, 18.98366137496077)
SRR8438083	(1, 31.77777777777778)	(2, 31.48148148148148)	(3, 31.59259259259259)	(4, 32.18518518518518)	(5, 31.85185185185185)	(6, 33.333333333333336)	(7, 34.44444444444444)	(8, 34.55555555555556)	(9, 35.44444444444444)	(10, 34.81481481481482)	(15, 36.303703703703704)	(20, 36.007407407407406)	(25, 35.903703703703705)	(30, 35.577777777777776)	(35, 36.2962962962963)	(40, 36.01481481481481)	(45, 34.629629629629626)	(50, 34.34074074074074)	(55, 35.51111111111111)	(60, 36.08888888888889)	(65, 36.05185185185185)	(70, 35.72592592592593)	(75, 35.251851851851846)	(80, 36.31111111111112)	(85, 34.59259259259259)	(90, 34.629629629629626)	(95, 35.64444444444444)	(100, 34.91851851851852)	(105, 35.162962962962965)	(110, 34.318518518518516)	(115, 34.63703703703704)	(120, 32.70370370370371)	(125, 34.148148148148145)	(130, 34.096296296296295)	(135, 34.53333333333333)	(140, 32.644444444444446)	(145, 32.2)	(150, 31.57037037037037)	(155, 30.08148148148148)	(160, 31.303703703703707)	(165, 31.237037037037037)	(170, 30.088888888888885)	(175, 30.414814814814815)	(180, 29.185185185185183)	(185, 27.155555555555555)	(190, 27.555555555555554)	(195, 25.874074074074077)	(200, 27.414814814814815)	(205, 26.481481481481485)	(210, 26.385185185185186)	(215, 26.762962962962963)	(220, 25.674074074074078)	(225, 23.992592592592594)	(230, 23.466666666666665)	(235, 22.318518518518516)	(240, 20.866666666666667)	(245, 20.105413105413106)	(250, 17.527272727272727)
SRR8438083_1	(1, 32.53451559446959)	(2, 31.995383080639442)	(3, 31.256535826469786)	(4, 32.34325146545967)	(5, 32.00407278243592)	(6, 32.1628700749425)	(7, 32.36002902063598)	(8, 32.89509699652906)	(9, 32.279595689775995)	(10, 34.015133602104)	(15, 36.644131153487834)	(20, 37.19395843123675)	(25, 36.96225503532768)	(30, 37.8639393864444)	(35, 36.88763242726291)	(40, 37.05954341965323)	(45, 36.40256733694443)	(50, 37.07489962322641)	(55, 35.21339895954424)	(60, 37.38824829132761)	(65, 37.125855572869)	(70, 38.123430041304935)	(75, 37.84557558968778)	(80, 36.97476853569456)	(85, 37.15194611395546)	(90, 37.695837352526524)	(95, 37.10394334380385)	(100, 37.11766383880355)	(105, 36.82390080218973)	(110, 37.1039054191091)	(115, 36.2260592119908)	(120, 37.527440165549535)	(125, 34.835632724064865)	(130, 36.12254623102735)	(135, 34.31152828275333)	(140, 36.93590726587685)	(145, 37.06052451501735)	(150, 37.269191132217024)	(155, 36.59279595689776)	(160, 36.071730437865334)	(165, 36.03173307610497)	(170, 35.47374209558673)	(175, 34.752714501249045)	(180, 35.44150940285095)	(185, 35.588479137295636)	(190, 35.194169490407525)	(195, 34.29270609186021)	(200, 31.145683592622824)	(205, 34.286082461477584)	(210, 32.004590536964216)	(215, 34.10932700155821)	(220, 34.40083269438467)	(225, 32.8978325212502)	(230, 32.15448871740331)	(235, 31.990883233162673)	(240, 33.05707992264028)	(245, 31.556080951631923)	(250, 23.296471043405433)
SRR8438083_2	(1, 30.311369988375258)	(2, 30.753679107615444)	(3, 30.829792321073764)	(4, 31.43602681111029)	(5, 31.857073367795337)	(6, 34.45132860099099)	(7, 34.66775494051594)	(8, 35.68031955677574)	(9, 35.868203441253826)	(10, 35.68131879003735)	(15, 35.50153924793681)	(20, 35.665255208462156)	(25, 35.182516715721434)	(30, 36.37788000956362)	(35, 35.839285037059014)	(40, 34.70655355214233)	(45, 35.63477859398317)	(50, 35.9695299811201)	(55, 36.0973263090203)	(60, 35.903130436216436)	(65, 36.874512131780065)	(70, 36.57731443694195)	(75, 36.31208066417683)	(80, 36.21741897718748)	(85, 36.53500861550131)	(90, 35.86554376592219)	(95, 35.79676650754784)	(100, 33.910141558045396)	(105, 32.875509716141906)	(110, 35.405213821077886)	(115, 33.408221414261334)	(120, 35.84985778239469)	(125, 33.97408424228934)	(130, 34.22380186820344)	(135, 32.99312243905254)	(140, 33.565251086212726)	(145, 32.917060341487144)	(150, 31.50069006455443)	(155, 32.5255538242108)	(160, 32.67030578846264)	(165, 30.37333893959256)	(170, 31.384821877602167)	(175, 29.317401663739872)	(180, 27.756160701771744)	(185, 27.033728244828637)	(190, 27.187327958369234)	(195, 23.548480498526935)	(200, 23.649443841832174)	(205, 24.627108531971935)	(210, 23.846315696293523)	(215, 22.465539238343847)	(220, 21.033402061792117)	(225, 19.309764926080753)	(230, 20.115787053502522)	(235, 20.131409979854244)	(240, 19.5612412405203)	(245, 18.47014306328592)	(250, 18.42452705597548)
SRR8438084_1	(1, 32.14347461052893)	(2, 32.0117230013371)	(3, 31.87331695637302)	(4, 32.42097080133089)	(5, 30.929693087471627)	(6, 31.910071830591747)	(7, 32.63251344880127)	(8, 31.233154015983086)	(9, 31.884480238813396)	(10, 33.79549737243074)	(15, 36.244168040051)	(20, 36.27697378649834)	(25, 35.824397524798655)	(30, 37.42969619702105)	(35, 36.68545663733325)	(40, 36.61948443670512)	(45, 36.29259616281601)	(50, 36.54555800864455)	(55, 35.375633570695605)	(60, 36.850057526664386)	(65, 36.37901676047141)	(70, 34.407755216269166)	(75, 35.920470163873254)	(80, 35.358344475885445)	(85, 34.3459311545757)	(90, 35.04671787058055)	(95, 34.75268509592961)	(100, 34.37906029416338)	(105, 32.912727385801794)	(110, 33.03227712304487)	(115, 32.78047824870176)	(120, 32.215927112161445)	(125, 32.23202835909076)	(130, 31.039708946173697)	(135, 30.936447028825523)	(140, 30.79121863242016)	(145, 31.31788301875058)	(150, 30.38791007183059)	(155, 30.583923629466092)	(160, 29.913430143972143)	(165, 30.598501197176528)	(170, 28.864815448241547)	(175, 30.147933704406235)	(180, 29.227743399981343)	(185, 30.162131907086668)	(190, 30.028191175098733)	(195, 28.09892098634908)	(200, 28.944220902391244)	(205, 30.40788581734507)	(210, 29.348798159146742)	(215, 30.02480798532293)	(220, 28.191566901955905)	(225, 28.475114275941415)	(230, 27.45434248577381)	(235, 27.73921452781492)	(240, 28.698732012035457)	(245, 27.737223100645462)	(250, 22.70930014619335)
SRR8438084_2	(1, 28.82107652601138)	(2, 31.2436953885382)	(3, 30.903417394819492)	(4, 30.581952175129825)	(5, 29.267949874063248)	(6, 31.232003482695358)	(7, 32.406697969464226)	(8, 32.98059641157996)	(9, 30.791349233496067)	(10, 31.263627600360707)	(15, 33.18609409496564)	(20, 30.91595509810628)	(25, 32.51948754625455)	(30, 32.53793339345129)	(35, 30.52230479803477)	(40, 32.58253055132311)	(45, 33.90229795702602)	(50, 32.203918032277116)	(55, 33.27842905562984)	(60, 33.1921452781492)	(65, 32.45777542834043)	(70, 31.975179576479366)	(75, 30.635542149942477)	(80, 31.87444883236419)	(85, 31.94819490655804)	(90, 29.154227432445044)	(95, 29.49793214963152)	(100, 28.76033458751827)	(105, 28.882440374389752)	(110, 26.538710780807854)	(115, 28.255729344817933)	(120, 27.835144127615912)	(125, 29.81657389844212)	(130, 30.292907117758638)	(135, 29.316110575577603)	(140, 28.647445505146305)	(145, 26.513666469728538)	(150, 26.897758014863644)	(155, 28.803003824745794)	(160, 26.589931278957682)	(165, 25.153350539506825)	(170, 25.73417705774433)	(175, 25.922659286669365)	(180, 25.27141391212413)	(185, 25.965670574333778)	(190, 24.863845268820548)	(195, 23.936983483248888)	(200, 22.79094471049195)	(205, 22.93063623359662)	(210, 18.536600534859133)	(215, 20.373356539259717)	(220, 20.327176042541282)	(225, 21.32011070684454)	(230, 19.915956090431322)	(235, 19.538891653190696)	(240, 19.40750093295186)	(245, 18.26692580039788)	(250, 19.298622817025116)
SRR8438085	(1, 32.0)	(2, 30.5)	(3, 32.0)	(4, 32.5)	(5, 32.0)	(6, 37.0)	(7, 37.0)	(8, 34.5)	(9, 37.0)	(10, 30.4)	(15, 36.1)	(20, 35.0)	(25, 36.4)	(30, 30.5)	(35, 34.5)	(40, 36.6)	(45, 34.7)	(50, 32.6)	(55, 37.3)	(60, 37.7)	(65, 35.5)	(70, 37.2)	(75, 36.8)	(80, 33.5)	(85, 30.7)	(90, 36.3)	(95, 33.7)	(100, 36.9)	(105, 37.3)	(110, 37.2)	(115, 37.5)	(120, 38.8)	(125, 37.7)	(130, 35.8)	(135, 36.9)	(140, 31.7)	(145, 34.0)	(150, 35.7)	(155, 33.6)	(160, 37.6)	(165, 31.8)	(170, 34.9)	(175, 35.1)	(180, 35.3)	(185, 32.7)	(190, 27.1)	(195, 27.0)	(200, 31.8)	(205, 27.5)	(210, 36.1)	(215, 29.9)	(220, 23.0)	(225, 20.0)	(230, 24.5)	(235, 29.3)	(240, 19.3)	(245, 25.0)	(250, 13.0)
SRR8438085_1	(1, 31.231503579952268)	(2, 31.659290497485923)	(3, 31.61767500057928)	(4, 32.180897652756215)	(5, 31.774127024584654)	(6, 32.88826841532081)	(7, 33.37289431610168)	(8, 32.43508584934078)	(9, 32.729174873137616)	(10, 33.6893157541071)	(15, 35.77582779155178)	(20, 35.892657042889915)	(25, 35.36832031883588)	(30, 36.59354913455523)	(35, 36.18802975183631)	(40, 36.108747132562506)	(45, 36.31790902982135)	(50, 36.58671826123224)	(55, 36.73212225131497)	(60, 36.918460504669)	(65, 36.67179831777)	(70, 36.17784832124568)	(75, 35.848599300229395)	(80, 35.69468220682624)	(85, 33.98303403851055)	(90, 35.02859790995667)	(95, 34.64092962902889)	(100, 33.51815001042705)	(105, 32.746924021595575)	(110, 32.29055773107491)	(115, 31.954700280371668)	(120, 31.187232662140552)	(125, 31.634177537827004)	(130, 30.31772829436708)	(135, 30.328155339805825)	(140, 29.887930115624346)	(145, 30.236545635702203)	(150, 29.342433440693288)	(155, 28.75768009824594)	(160, 28.027879602382)	(165, 27.9889658688046)	(170, 27.32180179345182)	(175, 28.839539356303725)	(180, 27.362926060662232)	(185, 28.460430521120553)	(190, 28.0186203860324)	(195, 26.48687350835322)	(200, 27.765850267627496)	(205, 27.266223324142082)	(210, 27.42394049632737)	(215, 27.858118034154366)	(220, 25.679454086243254)	(225, 25.406937460898583)	(230, 26.470639757165703)	(235, 25.078684562214633)	(240, 24.97819113138906)	(245, 24.38196627829899)	(250, 22.054507793295407)
SRR8438085_2	(1, 27.62522881571935)	(2, 26.494612693189982)	(3, 28.44287137660171)	(4, 27.838125912366475)	(5, 28.35359269643395)	(6, 32.08550177259772)	(7, 29.147415251291797)	(8, 30.725119911022546)	(9, 28.34752183886739)	(10, 30.983386240934266)	(15, 31.311309868619226)	(20, 30.130806126468475)	(25, 30.9548439418866)	(30, 29.88362953866117)	(35, 28.78962393122784)	(40, 32.13373496767616)	(45, 32.3346062052506)	(50, 30.00924531362236)	(55, 31.115768009824592)	(60, 31.772982366707602)	(65, 30.92126422133142)	(70, 29.139212642213312)	(75, 29.648001482957575)	(80, 29.583414046388764)	(85, 30.269522904743145)	(90, 29.07784136988206)	(95, 28.073313715040435)	(100, 27.315656788006578)	(105, 26.838158352063395)	(110, 26.12345158375234)	(115, 26.466404059596357)	(120, 25.16691150914104)	(125, 26.490418703802398)	(130, 27.29282850985935)	(135, 27.761002850059082)	(140, 25.985332622749496)	(145, 23.98782584516996)	(150, 24.90025256621174)	(155, 25.77675464003522)	(160, 24.169149848228564)	(165, 23.084941029265245)	(170, 22.722900108904696)	(175, 22.901489908937133)	(180, 21.379377621243368)	(185, 22.291985077739415)	(190, 21.87199004005991)	(195, 21.583001204930945)	(200, 20.620335526925572)	(205, 20.952088981578033)	(210, 19.677763303932174)	(215, 18.804560411549335)	(220, 18.31808407100153)	(225, 18.712059137044076)	(230, 18.358224034851926)	(235, 17.97157753287114)	(240, 17.89115472852409)	(245, 17.710441866773003)	(250, 18.418681896963918)
SRR8438086	(1, 32.0)	(2, 32.0)	(3, 32.0)	(4, 32.0)	(5, 32.0)	(6, 37.0)	(7, 37.0)	(8, 35.0)	(9, 37.0)	(10, 31.6)	(15, 36.0)	(20, 32.4)	(25, 38.0)	(30, 35.8)	(35, 36.2)	(40, 38.4)	(45, 37.8)	(50, 38.0)	(55, 38.6)	(60, 38.8)	(65, 38.4)	(70, 37.6)	(75, 38.2)	(80, 38.2)	(85, 37.2)	(90, 38.2)	(95, 38.8)	(100, 38.6)	(105, 38.2)	(110, 33.6)	(115, 38.4)	(120, 36.6)	(125, 31.8)	(130, 34.2)	(135, 32.0)	(140, 36.2)	(145, 30.4)	(150, 36.8)	(155, 36.8)	(160, 35.8)	(165, 37.2)	(170, 38.6)	(175, 28.0)	(180, 35.0)	(185, 19.0)	(190, 17.0)	(195, 12.6)	(200, 12.4)	(205, 14.4)	(210, 22.2)	(215, 21.8)	(220, 16.4)	(225, 16.4)	(230, 12.8)	(235, 14.8)	(240, 17.2)	(245, 16.4)	(250, 14.0)
SRR8438086_1	(1, 32.0708482386467)	(2, 31.949160249802947)	(3, 31.805735766688898)	(4, 32.242678712180926)	(5, 30.63963499666525)	(6, 31.805614503122538)	(7, 32.76453647001758)	(8, 30.699508882556238)	(9, 31.293124355787302)	(10, 33.37900927666283)	(15, 36.13668829200266)	(20, 36.07770569332444)	(25, 35.7985569635603)	(30, 37.592978839507666)	(35, 36.71804401867459)	(40, 36.68230158248955)	(45, 36.18615170072152)	(50, 36.65713332929121)	(55, 35.01008306554296)	(60, 37.1021463651246)	(65, 36.5064390953738)	(70, 34.36440308009458)	(75, 36.062808464196934)	(80, 35.36873218941369)	(85, 34.69653792518038)	(90, 35.91035590856727)	(95, 35.874649851452126)	(100, 36.58691566118959)	(105, 35.07575941308434)	(110, 35.16986600375917)	(115, 34.92389498575153)	(120, 34.7707148487237)	(125, 34.67834839022616)	(130, 33.41923846480325)	(135, 32.97962772085127)	(140, 33.30184320620869)	(145, 33.8176438489056)	(150, 32.68783726429395)	(155, 32.89823561510944)	(160, 31.927096343903475)	(165, 33.0343539683502)	(170, 30.96574304250288)	(175, 32.51600679075971)	(180, 31.609652579882372)	(185, 32.72402231249621)	(190, 32.66617352816346)	(195, 30.368338082823016)	(200, 31.249384587400716)	(205, 32.99845995270721)	(210, 31.754483720366217)	(215, 32.61047110895531)	(220, 30.23299581640696)	(225, 30.709798096162007)	(230, 29.589704723215913)	(235, 29.854808285601088)	(240, 31.047688343186298)	(245, 29.998351570414542)	(250, 24.761615524537493)
SRR8438086_2	(1, 25.746741041654037)	(2, 30.44624992421027)	(3, 28.831686169890258)	(4, 30.61410901594616)	(5, 28.258958345964956)	(6, 30.027193354756562)	(7, 33.35551446068029)	(8, 32.73452373734312)	(9, 31.518886800460802)	(10, 32.04636512459831)	(15, 33.11845631480021)	(20, 31.192136057721456)	(25, 31.95157945795186)	(30, 32.272527739040804)	(35, 30.141666161401808)	(40, 32.196562177893654)	(45, 33.63530588734615)	(50, 31.57597768750379)	(55, 33.257509246346935)	(60, 33.69725944340023)	(65, 32.41119869035349)	(70, 32.26274783241375)	(75, 31.19527678409022)	(80, 32.331255684229674)	(85, 32.99002000848845)	(90, 29.90799126902322)	(95, 30.50053355969199)	(100, 29.371933547565636)	(105, 29.436457891226574)	(110, 27.08094343054629)	(115, 29.360552961862606)	(120, 28.872267022373126)	(125, 31.110889468259263)	(130, 31.62444067180016)	(135, 30.547426180803978)	(140, 29.53092220942218)	(145, 27.779179045655734)	(150, 27.987291578245316)	(155, 29.571600072758137)	(160, 26.996374219365787)	(165, 25.835863699751407)	(170, 26.285048202267625)	(175, 26.052228218031892)	(180, 25.61181713454193)	(185, 26.244055053659128)	(190, 25.36111077426787)	(195, 24.03813132844237)	(200, 22.953113442066332)	(205, 23.11513975626023)	(210, 18.90864002910326)	(215, 20.65006972655066)	(220, 20.415721821378764)	(225, 21.39090523252289)	(230, 20.011227685709283)	(235, 19.60636653024102)	(240, 19.476077004699107)	(245, 18.227659077804457)	(250, 19.04825449520117)
SRR8438087	(1, 29.727272727272727)	(2, 32.45454545454545)	(3, 31.181818181818183)	(4, 32.45454545454545)	(5, 32.63636363636363)	(6, 35.63636363636363)	(7, 35.81818181818182)	(8, 35.45454545454545)	(9, 33.54545454545455)	(10, 35.763636363636365)	(15, 35.94545454545455)	(20, 34.85454545454546)	(25, 34.50909090909091)	(30, 34.054545454545455)	(35, 36.61818181818182)	(40, 35.21818181818182)	(45, 35.963636363636354)	(50, 34.34545454545455)	(55, 36.94545454545455)	(60, 36.981818181818184)	(65, 37.69090909090909)	(70, 37.090909090909086)	(75, 36.25454545454546)	(80, 36.07272727272728)	(85, 33.70909090909091)	(90, 36.0)	(95, 35.527272727272724)	(100, 35.83636363636363)	(105, 37.345454545454544)	(110, 35.56363636363636)	(115, 37.236363636363635)	(120, 37.45454545454545)	(125, 36.70909090909091)	(130, 36.14545454545454)	(135, 37.2)	(140, 34.527272727272724)	(145, 32.8)	(150, 32.090909090909086)	(155, 32.090909090909086)	(160, 32.85454545454546)	(165, 30.327272727272724)	(170, 29.618181818181817)	(175, 32.14545454545454)	(180, 31.01818181818182)	(185, 29.418181818181818)	(190, 28.2)	(195, 27.436363636363637)	(200, 25.945454545454545)	(205, 24.87272727272727)	(210, 26.381818181818183)	(215, 24.81818181818182)	(220, 24.163636363636364)	(225, 20.963636363636365)	(230, 19.6)	(235, 18.745454545454542)	(240, 16.418181818181818)	(245, 18.09090909090909)	(250, 18.53174603174603)
SRR8438087_1	(1, 32.330884691542956)	(2, 31.956478470077666)	(3, 31.638787717120316)	(4, 32.21676635648257)	(5, 31.981645446244446)	(6, 31.31275585057813)	(7, 32.43568724414942)	(8, 31.60001641547569)	(9, 32.36255629995178)	(10, 33.06364279924899)	(15, 36.1893873949666)	(20, 35.90586135078845)	(25, 35.745964357898416)	(30, 37.64375339851646)	(35, 36.64370620402384)	(40, 36.73938995988468)	(45, 36.14494249453672)	(50, 37.068300690475944)	(55, 35.80048220459838)	(60, 37.258032810432034)	(65, 35.386126871107734)	(70, 35.80691501913429)	(75, 36.55212426515097)	(80, 36.76577373318696)	(85, 34.898347166791496)	(90, 36.84444695236434)	(95, 36.58060306353815)	(100, 36.85961690383609)	(105, 35.510248386666525)	(110, 36.343793411238444)	(115, 36.13532507771701)	(120, 34.747979357539315)	(125, 35.58352912207984)	(130, 33.372341975397305)	(135, 32.77483097189876)	(140, 33.79275051554853)	(145, 35.498556464106535)	(150, 33.64006402035519)	(155, 33.6226266813038)	(160, 32.924757615241774)	(165, 33.58349218725954)	(170, 31.079171839251455)	(175, 32.629621725882075)	(180, 32.21944207902)	(185, 33.125348572366605)	(190, 33.453672449701955)	(195, 30.89687798171726)	(200, 31.070851245011237)	(205, 32.75147174999231)	(210, 31.1762570663493)	(215, 32.600876176014935)	(220, 29.59309524053802)	(225, 27.62933650699197)	(230, 30.25386943541023)	(235, 30.59064728272579)	(240, 29.06688291079131)	(245, 30.780222251273436)	(250, 30.411008434680113)
SRR8438087_2	(1, 31.224840718587448)	(2, 30.742779755614606)	(3, 29.39492556607742)	(4, 29.981204280335287)	(5, 31.069540058890517)	(6, 35.55616657603956)	(7, 34.46602509515846)	(8, 32.76620258748935)	(9, 33.90656516430865)	(10, 31.973819368209377)	(15, 34.37419692415024)	(20, 32.8288850814105)	(25, 32.812104361386695)	(30, 33.386340272291704)	(35, 31.921966984374517)	(40, 33.781739835229665)	(45, 35.107942012332124)	(50, 34.18812750720742)	(55, 34.56527921698181)	(60, 34.84757820435216)	(65, 34.3076896243934)	(70, 31.778481363305257)	(75, 33.22694600334465)	(80, 35.080119832972535)	(85, 35.29451004934903)	(90, 32.79153987421641)	(95, 33.21827042444264)	(100, 31.329659686669608)	(105, 31.558692507361314)	(110, 31.55756599534211)	(115, 31.898115298197375)	(120, 30.47914516410346)	(125, 29.062362392145197)	(130, 33.2362966686844)	(135, 34.56879007684494)	(140, 33.00703403133304)	(145, 29.60627276364793)	(150, 29.83287814587202)	(155, 33.36204947213986)	(160, 32.083199786598826)	(165, 27.663193425601985)	(170, 28.419323066821242)	(175, 30.517846699976406)	(180, 26.356379977223533)	(185, 29.220334670510624)	(190, 26.861320907292985)	(195, 25.84141504304021)	(200, 24.16445302514119)	(205, 24.81834504693993)	(210, 22.44956035499923)	(215, 21.321900169291542)	(220, 21.517599138152157)	(225, 22.350985481967886)	(230, 20.837338328416813)	(235, 21.140058038499397)	(240, 21.33103363362131)	(245, 20.266448395560136)	(250, 20.95559362317002)
SRR8438088	(1, 31.666666666666668)	(2, 31.333333333333332)	(3, 31.48148148148148)	(4, 30.814814814814813)	(5, 31.666666666666668)	(6, 34.592592592592595)	(7, 34.629629629629626)	(8, 33.74074074074074)	(9, 34.370370370370374)	(10, 35.08148148148148)	(15, 35.91851851851852)	(20, 35.4962962962963)	(25, 35.23703703703704)	(30, 35.474074074074075)	(35, 35.37777777777778)	(40, 35.23703703703704)	(45, 34.46666666666666)	(50, 35.60740740740741)	(55, 36.12592592592593)	(60, 36.733333333333334)	(65, 36.8)	(70, 35.711111111111116)	(75, 36.02962962962963)	(80, 35.82962962962963)	(85, 33.8)	(90, 34.37777777777778)	(95, 35.55555555555556)	(100, 34.940740740740736)	(105, 35.36296296296296)	(110, 34.63703703703704)	(115, 35.162962962962965)	(120, 35.24444444444445)	(125, 35.58518518518518)	(130, 35.97777777777778)	(135, 34.7925925925926)	(140, 34.785185185185185)	(145, 34.53333333333334)	(150, 33.777777777777786)	(155, 32.08888888888889)	(160, 32.940740740740736)	(165, 32.13333333333333)	(170, 33.11111111111111)	(175, 33.12592592592593)	(180, 30.718518518518515)	(185, 30.014814814814816)	(190, 28.37037037037037)	(195, 29.16296296296296)	(200, 26.918518518518518)	(205, 25.251851851851853)	(210, 26.17037037037037)	(215, 25.496296296296293)	(220, 23.770370370370372)	(225, 24.525925925925925)	(230, 22.73333333333333)	(235, 19.992592592592594)	(240, 17.54074074074074)	(245, 16.903703703703705)	(250, 16.201680672268907)
SRR8438088_1	(1, 32.53768521164129)	(2, 32.00516347606025)	(3, 31.292216008816688)	(4, 32.34123841789461)	(5, 31.97435609616719)	(6, 32.145975345932484)	(7, 32.37073962202539)	(8, 32.91902730723703)	(9, 32.37599493856892)	(10, 33.881221682517655)	(15, 36.58564227111311)	(20, 37.16361892322136)	(25, 36.98919139556716)	(30, 37.81514959794278)	(35, 36.67703987917874)	(40, 37.01305155312462)	(45, 36.410363688313815)	(50, 37.671111065757785)	(55, 35.99723662190293)	(60, 37.50397159067717)	(65, 35.247779501204135)	(70, 37.21822931548227)	(75, 37.462680109392224)	(80, 36.72887668884444)	(85, 36.5563390342463)	(90, 37.14950406139026)	(95, 36.65722070288583)	(100, 36.99571819257929)	(105, 36.90613290338381)	(110, 36.88305849218336)	(115, 36.47921751908241)	(120, 36.577666435364705)	(125, 35.87473978529736)	(130, 36.21006367606841)	(135, 33.10580023674436)	(140, 36.20787787256622)	(145, 36.3205253275644)	(150, 35.61932323768317)	(155, 35.47441732315605)	(160, 35.451926609249355)	(165, 35.13658924854075)	(170, 34.626250051022495)	(175, 34.55970651863341)	(180, 34.44237315808808)	(185, 34.465890444507934)	(190, 34.82085391240459)	(195, 33.49766112902567)	(200, 31.417000693905873)	(205, 33.313355647169274)	(210, 29.52947263153598)	(215, 32.256036981101275)	(220, 32.248040736356586)	(225, 30.837864810808604)	(230, 30.55515735336136)	(235, 30.69033578518694)	(240, 29.80833822893918)	(245, 30.347771808334436)	(250, 29.565385429357576)
SRR8438088_2	(1, 30.044195681456387)	(2, 30.120474305073678)	(3, 30.607045185517777)	(4, 31.01251071472305)	(5, 30.717661945385526)	(6, 34.45101840891465)	(7, 34.050971468223196)	(8, 32.990305726764355)	(9, 36.06262500510225)	(10, 34.8815461855586)	(15, 35.64627739907751)	(20, 36.15053471570268)	(25, 35.19622637658681)	(30, 36.368917098657086)	(35, 36.128437895424305)	(40, 35.67103759337116)	(45, 36.683625862280095)	(50, 35.764706722723375)	(55, 35.97456222702968)	(60, 36.54923466263929)	(65, 36.86769459977958)	(70, 36.500549002000085)	(75, 36.1123290746561)	(80, 36.730566553736885)	(85, 36.55226743948732)	(90, 36.12455202253153)	(95, 36.01647822360096)	(100, 34.31232499285686)	(105, 35.09147720315114)	(110, 35.83809135066737)	(115, 34.8547103963427)	(120, 34.90067349687742)	(125, 31.079356300257153)	(130, 35.118074207110496)	(135, 35.22179884893261)	(140, 34.73004816523123)	(145, 33.42791950691865)	(150, 31.583570757990117)	(155, 34.28647699906118)	(160, 33.31729662435201)	(165, 31.05674313237275)	(170, 31.79525286746398)	(175, 30.841277194987548)	(180, 29.684536103514425)	(185, 29.4667741540471)	(190, 28.787686421520355)	(195, 27.517846945869103)	(200, 26.218581298282494)	(205, 26.28330560969885)	(210, 26.48678143911176)	(215, 23.91007133308161)	(220, 22.497221173373063)	(225, 21.30424121788112)	(230, 21.158026357741658)	(235, 20.9080164820442)	(240, 20.77637333265025)	(245, 20.26441277718124)	(250, 18.982051214435643)
SRR8438089	(1, 31.8)	(2, 30.9)	(3, 30.2)	(4, 30.6)	(5, 31.9)	(6, 32.9)	(7, 33.5)	(8, 33.7)	(9, 33.6)	(10, 33.44)	(15, 35.660000000000004)	(20, 33.74)	(25, 35.58)	(30, 35.96)	(35, 34.88)	(40, 34.98)	(45, 34.519999999999996)	(50, 34.519999999999996)	(55, 35.86)	(60, 37.199999999999996)	(65, 36.0)	(70, 36.78)	(75, 34.22)	(80, 36.459999999999994)	(85, 33.86)	(90, 35.2)	(95, 36.339999999999996)	(100, 34.6)	(105, 36.06)	(110, 36.04)	(115, 35.17999999999999)	(120, 36.2)	(125, 36.800000000000004)	(130, 36.339999999999996)	(135, 37.08)	(140, 34.959999999999994)	(145, 34.72)	(150, 33.62)	(155, 33.059999999999995)	(160, 32.48)	(165, 33.040000000000006)	(170, 28.9)	(175, 30.659999999999997)	(180, 29.3)	(185, 30.619999999999997)	(190, 32.019999999999996)	(195, 29.1)	(200, 27.380000000000003)	(205, 23.580000000000002)	(210, 24.04)	(215, 22.540000000000003)	(220, 21.000000000000004)	(225, 21.840000000000003)	(230, 18.52)	(235, 19.240000000000002)	(240, 17.02)	(245, 16.44)	(250, 18.506944444444443)
SRR8438089_1	(1, 32.25408517795538)	(2, 31.90563883466539)	(3, 31.300099443851057)	(4, 32.22356450959449)	(5, 31.62143812996452)	(6, 32.70633371392091)	(7, 32.99044847949124)	(8, 32.99258468073613)	(9, 32.55935324665758)	(10, 34.05474077075123)	(15, 36.53839883122782)	(20, 37.107114532306966)	(25, 36.81486746958368)	(30, 37.57568168146047)	(35, 36.65010987931691)	(40, 36.89759738745043)	(45, 36.61870281020957)	(50, 37.45146526217574)	(55, 36.22090530735516)	(60, 37.49273814346924)	(65, 36.23685560998367)	(70, 37.392209003965476)	(75, 37.415471498901205)	(80, 36.88762599290389)	(85, 36.59196591899623)	(90, 37.131698034449315)	(95, 36.60674744944937)	(100, 36.862934452997436)	(105, 36.99295544669933)	(110, 36.92304519170565)	(115, 36.324830270217184)	(120, 36.406663965722565)	(125, 36.07728137699041)	(130, 36.18945158557696)	(135, 33.91033111119295)	(140, 35.786937252157685)	(145, 35.752264496089765)	(150, 35.33705572538765)	(155, 35.08725768234442)	(160, 35.024470553570765)	(165, 34.78584459749794)	(170, 34.57806342307834)	(175, 34.53650817035591)	(180, 34.026547825126144)	(185, 34.24945674192479)	(190, 34.19911359925356)	(195, 33.20642088075331)	(200, 31.583998133893164)	(205, 33.24281733023953)	(210, 30.475331786428985)	(215, 32.361985439455886)	(220, 32.16372386529655)	(225, 31.28654807066652)	(230, 30.774539918726134)	(235, 29.944979313223577)	(240, 29.765128695395948)	(245, 28.832389303570174)	(250, 26.283106292642827)
SRR8438089_2	(1, 29.86550526070249)	(2, 31.5571188292635)	(3, 30.359434274980664)	(4, 30.340208463776655)	(5, 31.303475623979473)	(6, 33.09814248707844)	(7, 33.62784673369919)	(8, 32.18922568843382)	(9, 34.02711993419518)	(10, 34.6505223871435)	(15, 35.11564460486416)	(20, 35.19272954955619)	(25, 34.579043129166514)	(30, 35.16958982480695)	(35, 34.94665389856728)	(40, 35.41796127828319)	(45, 35.987435699114826)	(50, 34.811530575914944)	(55, 35.19537401937314)	(60, 35.737581181785814)	(65, 35.657016930008716)	(70, 35.14540409806882)	(75, 35.06065583833622)	(80, 35.52514947270205)	(85, 35.57315016021509)	(90, 35.13179133979104)	(95, 34.85033332105631)	(100, 33.60392864596761)	(105, 33.885077283832395)	(110, 34.47926779860778)	(115, 33.8473622825433)	(120, 33.80719924373565)	(125, 31.891775625207174)	(130, 34.49047180582668)	(135, 33.743776165396)	(140, 32.69111512160387)	(145, 32.309773734546305)	(150, 30.711509704983246)	(155, 32.391894712288064)	(160, 30.95946128442169)	(165, 29.535641412839304)	(170, 30.616009232318028)	(175, 28.76448504045278)	(180, 27.811893975666948)	(185, 27.906075896529284)	(190, 27.555481074975752)	(195, 25.825606417270897)	(200, 25.081874268969862)	(205, 25.266881115790248)	(210, 24.930773858488134)	(215, 22.69599816297067)	(220, 21.48376395374771)	(225, 20.316441366778395)	(230, 20.456964651859494)	(235, 19.915543158994844)	(240, 19.42789332809469)	(245, 19.38880407280316)	(250, 18.35928309870328)
SRR8438090	(1, 31.708333333333332)	(2, 31.75)	(3, 31.625)	(4, 32.5)	(5, 32.166666666666664)	(6, 34.083333333333336)	(7, 34.958333333333336)	(8, 34.625)	(9, 34.875)	(10, 34.25833333333334)	(15, 35.199999999999996)	(20, 35.225)	(25, 34.8)	(30, 35.13333333333333)	(35, 34.74166666666667)	(40, 35.491666666666674)	(45, 34.95833333333333)	(50, 35.141666666666666)	(55, 35.325)	(60, 37.3)	(65, 35.05)	(70, 35.94166666666666)	(75, 35.400000000000006)	(80, 36.04166666666667)	(85, 34.46666666666667)	(90, 34.65)	(95, 35.975)	(100, 35.725)	(105, 35.391666666666666)	(110, 33.86666666666666)	(115, 35.36666666666666)	(120, 33.90833333333333)	(125, 35.13333333333333)	(130, 33.78333333333333)	(135, 35.58333333333333)	(140, 33.90833333333333)	(145, 31.816666666666663)	(150, 32.03333333333333)	(155, 31.26666666666667)	(160, 31.625)	(165, 30.175)	(170, 32.31666666666667)	(175, 29.483333333333338)	(180, 29.43333333333333)	(185, 26.05)	(190, 25.325)	(195, 25.96666666666667)	(200, 24.98333333333333)	(205, 24.766666666666666)	(210, 24.21666666666667)	(215, 24.633333333333333)	(220, 21.383333333333333)	(225, 22.45)	(230, 22.0)	(235, 20.291666666666668)	(240, 19.55)	(245, 18.225)	(250, 17.61293859649123)
SRR8438090_1	(1, 32.47056999237598)	(2, 31.9176476669208)	(3, 31.13794306537274)	(4, 32.23360512747619)	(5, 31.878209518394563)	(6, 32.13953247961544)	(7, 32.391202656776976)	(8, 32.90004781164795)	(9, 32.31033636140437)	(10, 33.8169925181232)	(15, 36.52842983963715)	(20, 37.102329848682594)	(25, 36.95152415780428)	(30, 37.775187046920024)	(35, 36.66705777456161)	(40, 37.0124181064003)	(45, 36.252941708555696)	(50, 37.532781991807404)	(55, 35.942339152570845)	(60, 37.479687802860944)	(65, 35.38874746404435)	(70, 37.252223241629736)	(75, 37.42666080866295)	(80, 36.735821261969065)	(85, 36.62721645754455)	(90, 37.05301407213098)	(95, 36.60296173775957)	(100, 36.95073074288963)	(105, 36.76304547275382)	(110, 36.84687092147259)	(115, 36.36521379559874)	(120, 36.61996976236319)	(125, 35.64847067336891)	(130, 36.21846821817618)	(135, 33.1186762634551)	(140, 36.05240415056793)	(145, 36.09350407691214)	(150, 35.56790933877783)	(155, 35.39379482341995)	(160, 35.42587773140192)	(165, 35.146585343791585)	(170, 34.63395660769897)	(175, 34.443260495948934)	(180, 34.38433845477923)	(185, 34.28024345174254)	(190, 34.63103880496725)	(195, 33.513179216147414)	(200, 31.3508883921072)	(205, 33.24870068616176)	(210, 29.804339230103245)	(215, 32.25511261581403)	(220, 32.2951374261827)	(225, 31.02208381252665)	(230, 30.649109023479394)	(235, 30.567010817727787)	(240, 30.258318584538966)	(245, 30.324373883377245)	(250, 28.200482767393726)
SRR8438090_2	(1, 29.647369713259334)	(2, 30.29656143796762)	(3, 30.558091152260715)	(4, 31.36768449481179)	(5, 30.530631759856306)	(6, 34.85964050809567)	(7, 34.433302751108066)	(8, 32.81937534728055)	(9, 35.70778037654903)	(10, 34.841942445113524)	(15, 35.714758292736505)	(20, 36.113680592347556)	(25, 35.05143499554189)	(30, 36.195138718389394)	(35, 35.97737346065877)	(40, 35.62555984855338)	(45, 36.74751056378979)	(50, 35.57406541150322)	(55, 36.16836936436353)	(60, 36.667804670035025)	(65, 36.790274852365386)	(70, 36.45869719720366)	(75, 36.07331463940972)	(80, 36.64795120627495)	(85, 36.56065747476966)	(90, 36.10465582074509)	(95, 35.97503715094267)	(100, 34.36508199051521)	(105, 34.94968922428832)	(110, 35.71683099228553)	(115, 34.6577978213395)	(120, 34.80960626461808)	(125, 31.593815498727178)	(130, 35.263710959205035)	(135, 35.022326747386515)	(140, 34.48898652228411)	(145, 33.349567756858384)	(150, 31.39688319743626)	(155, 34.01830798454521)	(160, 32.710080504477496)	(165, 30.68116867174073)	(170, 31.605706384793315)	(175, 30.431012960833215)	(180, 29.460736299378446)	(185, 29.26982826572938)	(190, 28.60164370816427)	(195, 27.074822319282553)	(200, 25.934106831925128)	(205, 25.998167883666547)	(210, 26.048430493273543)	(215, 23.69618640234683)	(220, 22.317517219989405)	(225, 21.079731461031706)	(230, 20.989728612044456)	(235, 20.64262138306259)	(240, 20.242322107058854)	(245, 19.973621389818216)	(250, 18.775321988623478)
SRR8438091	(1, 32.142857142857146)	(2, 32.57142857142857)	(3, 32.714285714285715)	(4, 32.57142857142857)	(5, 31.857142857142858)	(6, 35.0)	(7, 35.57142857142857)	(8, 35.857142857142854)	(9, 32.57142857142857)	(10, 34.17142857142857)	(15, 37.371428571428574)	(20, 36.28571428571429)	(25, 35.51428571428571)	(30, 37.17142857142857)	(35, 36.28571428571429)	(40, 36.857142857142854)	(45, 37.371428571428574)	(50, 36.114285714285714)	(55, 37.05714285714286)	(60, 37.628571428571426)	(65, 35.97142857142857)	(70, 37.31428571428571)	(75, 37.25714285714285)	(80, 36.6)	(85, 34.48571428571428)	(90, 36.0)	(95, 36.457142857142856)	(100, 36.885714285714286)	(105, 35.51428571428572)	(110, 35.828571428571436)	(115, 37.51428571428571)	(120, 33.885714285714286)	(125, 35.94285714285714)	(130, 32.57142857142857)	(135, 36.0)	(140, 33.65714285714286)	(145, 33.51428571428572)	(150, 34.371428571428574)	(155, 30.257142857142856)	(160, 30.17142857142857)	(165, 28.8)	(170, 27.742857142857144)	(175, 31.057142857142857)	(180, 27.485714285714284)	(185, 28.82857142857143)	(190, 23.657142857142855)	(195, 24.0)	(200, 22.228571428571428)	(205, 23.085714285714285)	(210, 23.342857142857145)	(215, 25.228571428571428)	(220, 26.885714285714283)	(225, 22.285714285714285)	(230, 23.28571428571429)	(235, 17.914285714285715)	(240, 18.857142857142858)	(245, 17.371428571428574)	(250, 15.7)
SRR8438091_1	(1, 32.51696342637151)	(2, 31.96987487969201)	(3, 31.07361645813282)	(4, 32.29769008662175)	(5, 32.03958132820019)	(6, 32.116975457170355)	(7, 32.37684071222329)	(8, 32.95129932627526)	(9, 32.46104427333975)	(10, 33.702295476419636)	(15, 36.46951154956689)	(20, 37.25082771896054)	(25, 36.95686477382098)	(30, 37.84992059672762)	(35, 36.90782483156882)	(40, 37.150897497593846)	(45, 36.38914340712223)	(50, 37.21839268527431)	(55, 35.87332771896054)	(60, 37.49952117420597)	(65, 35.27627526467757)	(70, 37.1991000962464)	(75, 37.44320500481232)	(80, 36.8257844080847)	(85, 36.33412175168431)	(90, 37.17815447545717)	(95, 36.596999518768044)	(100, 36.902129451395574)	(105, 36.914600577478346)	(110, 36.70631376323388)	(115, 36.14858758421559)	(120, 36.25778633301251)	(125, 34.86495187680462)	(130, 36.451908084696825)	(135, 32.921864773820985)	(140, 35.987593840230986)	(145, 36.152757459095284)	(150, 35.22363570741097)	(155, 35.1104427333975)	(160, 34.86444658325313)	(165, 34.80309432146294)	(170, 34.246407603464874)	(175, 34.38276227141482)	(180, 34.106782964388835)	(185, 33.20777430221367)	(190, 33.654896535129936)	(195, 33.325517324350336)	(200, 31.548096727622713)	(205, 33.33028392685274)	(210, 30.02395813282002)	(215, 31.950630413859482)	(220, 32.215397016361884)	(225, 31.06716313763234)	(230, 30.748392685274304)	(235, 30.871438883541867)	(240, 32.56354803137097)	(245, 30.44690038291799)	(250, 24.684087362900986)
SRR8438091_2	(1, 28.730305582290665)	(2, 30.75167228103946)	(3, 29.928236284889316)	(4, 31.550613570741096)	(5, 30.10674927815207)	(6, 33.68249518768046)	(7, 35.62989653512993)	(8, 33.70232194417709)	(9, 33.99593358999037)	(10, 34.72073147256978)	(15, 35.735570259865256)	(20, 35.6640688161694)	(25, 34.89748315688162)	(30, 36.22197545717035)	(35, 35.915791626564)	(40, 36.05299326275265)	(45, 36.70512271414822)	(50, 35.90501684311839)	(55, 36.552249759384026)	(60, 36.4613041385948)	(65, 36.27159528392686)	(70, 35.66747593840231)	(75, 35.88384023099134)	(80, 36.31960538979788)	(85, 36.47545717035611)	(90, 35.85718238691049)	(95, 35.61417228103946)	(100, 33.96335899903754)	(105, 34.97337343599615)	(110, 35.048457651588066)	(115, 34.49371511068335)	(120, 34.47899422521656)	(125, 33.59450673724735)	(130, 35.6770957651588)	(135, 34.94166506256015)	(140, 34.131051491819065)	(145, 33.093046198267565)	(150, 31.217974013474493)	(155, 33.78908084696824)	(160, 33.346809432146294)	(165, 30.531831087584216)	(170, 31.183209817131853)	(175, 30.069860442733397)	(180, 28.940016843118382)	(185, 29.241775745909525)	(190, 28.249969025125694)	(195, 27.04567546638494)	(200, 25.60574123535215)	(205, 26.14412040713203)	(210, 25.444043853790447)	(215, 23.22246953090222)	(220, 22.220936751807695)	(225, 20.96863457535763)	(230, 20.73351345791736)	(235, 20.440592278675346)	(240, 18.716122434246937)	(245, 19.53055535342247)	(250, 19.017700367699927)
SRR8438092	(1, 30.5)	(2, 32.0)	(3, 32.0)	(4, 32.5)	(5, 32.5)	(6, 35.0)	(7, 37.0)	(8, 35.0)	(9, 27.5)	(10, 36.3)	(15, 34.8)	(20, 34.0)	(25, 36.2)	(30, 37.3)	(35, 36.5)	(40, 34.7)	(45, 38.3)	(50, 34.4)	(55, 36.3)	(60, 37.2)	(65, 35.9)	(70, 35.4)	(75, 37.5)	(80, 37.2)	(85, 36.6)	(90, 36.2)	(95, 34.4)	(100, 34.3)	(105, 37.1)	(110, 33.4)	(115, 34.3)	(120, 36.6)	(125, 33.3)	(130, 36.2)	(135, 29.7)	(140, 34.6)	(145, 33.0)	(150, 36.2)	(155, 28.1)	(160, 32.6)	(165, 28.5)	(170, 26.3)	(175, 36.5)	(180, 24.8)	(185, 29.8)	(190, 27.0)	(195, 28.2)	(200, 23.3)	(205, 18.2)	(210, 18.2)	(215, 17.8)	(220, 25.1)	(225, 20.2)	(230, 23.0)	(235, 22.1)	(240, 16.9)	(245, 15.2)	(250, 16.25)
SRR8438092_1	(1, 32.37615464752865)	(2, 31.976085195045723)	(3, 31.584222710961917)	(4, 32.147412895010994)	(5, 31.913300150480378)	(6, 31.44381294131265)	(7, 32.61305706679014)	(8, 31.392198171084615)	(9, 32.22673920592661)	(10, 33.10654936913995)	(15, 36.16884130107651)	(20, 36.0476258826253)	(25, 35.710471119342515)	(30, 37.684618590114596)	(35, 36.77506424354671)	(40, 36.893242273411275)	(45, 36.14953814098855)	(50, 36.753193656673226)	(55, 36.03791179534669)	(60, 37.14837828452367)	(65, 36.507206852644984)	(70, 36.31172589420071)	(75, 36.833577960412086)	(80, 36.76800092603311)	(85, 34.997622410001156)	(90, 36.951607824979746)	(95, 36.50482000231508)	(100, 37.12846162750318)	(105, 36.11430258131728)	(110, 36.47109387660609)	(115, 36.22934135895359)	(120, 35.38548674615117)	(125, 35.34228267160551)	(130, 34.201245514527145)	(135, 33.662622988771844)	(140, 34.53731681907628)	(145, 35.79084384766756)	(150, 34.46391017478875)	(155, 34.33736312073157)	(160, 33.694936913994674)	(165, 34.33956707952309)	(170, 32.11513832619516)	(175, 34.14461395994907)	(180, 33.43690241926149)	(185, 33.398884130107646)	(190, 33.871019793957636)	(195, 31.69587452251418)	(200, 32.06511401782614)	(205, 33.64036115291121)	(210, 32.48837828452367)	(215, 33.28271559208242)	(220, 30.840377358490564)	(225, 30.604412547748588)	(230, 31.333911332330132)	(235, 30.900648223173977)	(240, 31.731781762947787)	(245, 31.26909225657638)	(250, 26.95041285978376)
SRR8438092_2	(1, 25.453999305475172)	(2, 25.193645097812247)	(3, 30.423440212987614)	(4, 31.401551105452018)	(5, 28.786746151174903)	(6, 31.44292163444843)	(7, 34.232098622525754)	(8, 33.48724389396921)	(9, 34.70777867808774)	(10, 31.92239611066095)	(15, 33.78305359416599)	(20, 32.93636995022572)	(25, 32.50819076281977)	(30, 33.12002083574488)	(35, 31.345989119111003)	(40, 34.10636416251881)	(45, 35.18701470077555)	(50, 33.77207315661535)	(55, 35.07369602963306)	(60, 34.91590230350735)	(65, 34.635587452251414)	(70, 32.38516494964695)	(75, 33.5488551915731)	(80, 34.634633638152565)	(85, 35.07149207084153)	(90, 32.619391133233016)	(95, 33.01878689663155)	(100, 31.14576224100012)	(105, 31.965465910406294)	(110, 30.856939460585714)	(115, 32.209811320754724)	(120, 31.635719411968978)	(125, 31.99784234286376)	(130, 33.75812941312652)	(135, 34.20776247250839)	(140, 32.197844657946526)	(145, 30.6991202685496)	(150, 30.380504688042596)	(155, 33.066134969325155)	(160, 30.65952077786781)	(165, 27.44322954045607)	(170, 27.885968283366132)	(175, 29.589450167843502)	(180, 26.975872207431415)	(185, 28.718071536057415)	(190, 27.29795018038923)	(195, 25.76488360016055)	(200, 23.79864562955074)	(205, 25.11472513468936)	(210, 21.958649453013518)	(215, 21.492761307201647)	(220, 21.164266117175835)	(225, 22.120557523558148)	(230, 20.729474479109864)	(235, 20.681483301767667)	(240, 19.926688817625063)	(245, 19.551966485638328)	(250, 20.42200422683731)
SRR8438093	(1, 32.0)	(2, 33.0)	(3, 30.0)	(4, 32.0)	(5, 32.0)	(6, 19.0)	(7, 34.0)	(8, 33.0)	(9, 34.0)	(10, 32.4)	(15, 36.6)	(20, 37.6)	(25, 34.4)	(30, 32.4)	(35, 36.2)	(40, 37.4)	(45, 38.6)	(50, 34.8)	(55, 38.6)	(60, 36.6)	(65, 37.2)	(70, 37.0)	(75, 38.6)	(80, 37.0)	(85, 36.6)	(90, 35.2)	(95, 36.0)	(100, 35.6)	(105, 38.6)	(110, 36.4)	(115, 36.2)	(120, 23.4)	(125, 36.8)	(130, 28.6)	(135, 33.4)	(140, 35.2)	(145, 23.2)	(150, 19.6)	(155, 24.4)	(160, 23.6)	(165, 27.2)	(170, 32.0)	(175, 19.4)	(180, 15.8)	(185, 22.0)	(190, 27.8)	(195, 26.6)	(200, 21.8)	(205, 18.8)	(210, 13.6)	(215, 17.8)	(220, 25.4)	(225, 21.8)	(230, 14.8)	(235, 21.4)	(240, 26.2)	(245, 22.0)	(250, 13.0)
SRR8438093_1	(1, 32.30974700131035)	(2, 31.91008970869872)	(3, 31.377986090111882)	(4, 32.301481705473236)	(5, 31.11611732688237)	(6, 32.57584920874912)	(7, 32.86100191512952)	(8, 32.73540973692168)	(9, 32.300675335147666)	(10, 34.28753149884084)	(15, 36.51019050498942)	(20, 37.248825723213386)	(25, 36.9095655679871)	(30, 37.73974397742163)	(35, 36.74264691059369)	(40, 37.04757584920875)	(45, 36.54889628061687)	(50, 37.295958068743076)	(55, 36.14550952524947)	(60, 37.397701844572126)	(65, 36.35357322850519)	(70, 37.29430500957565)	(75, 37.42991633907872)	(80, 36.86975103316198)	(85, 36.77012397943756)	(90, 36.95875415784699)	(95, 36.452575345227295)	(100, 36.55312972482613)	(105, 36.590001007962904)	(110, 36.85680878943655)	(115, 36.26709001108759)	(120, 36.50277189799415)	(125, 35.19187581896987)	(130, 36.06626348150388)	(135, 33.78020360850721)	(140, 36.03185162786009)	(145, 36.0403185162786)	(150, 35.68747102106643)	(155, 35.30087692772906)	(160, 35.232799112992645)	(165, 35.06862211470617)	(170, 34.80633000705574)	(175, 34.54839229916339)	(180, 34.60552363673016)	(185, 33.91519000100796)	(190, 34.02493700231832)	(195, 33.256042737627254)	(200, 32.00437455901623)	(205, 33.52664045963108)	(210, 31.294506602157043)	(215, 32.68390283237577)	(220, 32.99463763733495)	(225, 31.655498437657492)	(230, 30.793528878137288)	(235, 30.860114907771397)	(240, 31.96337062796089)	(245, 30.280423346721886)	(250, 25.773558561667627)
SRR8438093_2	(1, 29.041427275476263)	(2, 29.850922286059873)	(3, 30.75012599536337)	(4, 31.190001007962906)	(5, 30.63723414978329)	(6, 32.82542082451366)	(7, 35.040520108859994)	(8, 34.03114605382522)	(9, 35.040116923697205)	(10, 34.76034673923999)	(15, 35.45896583005746)	(20, 35.595746396532604)	(25, 35.07348049591776)	(30, 36.181251889930444)	(35, 35.22747706884387)	(40, 35.410724725330105)	(45, 36.247051708497125)	(50, 35.058925511541176)	(55, 36.087652454389676)	(60, 36.03306118334846)	(65, 35.95131539159358)	(70, 35.802499748009275)	(75, 35.71924201189397)	(80, 36.10599737929645)	(85, 35.991452474548936)	(90, 35.560669287370224)	(95, 35.60778147364177)	(100, 34.07138393307126)	(105, 34.054329200685416)	(110, 34.996532607600045)	(115, 34.010160266102204)	(120, 34.84229412357625)	(125, 33.65668783388771)	(130, 34.89238988005241)	(135, 34.01070456607197)	(140, 33.1405503477472)	(145, 33.16695897590969)	(150, 31.551557302691265)	(155, 32.7741961495817)	(160, 32.0578570708598)	(165, 30.266767462957365)	(170, 30.698236064912816)	(175, 29.263804052010887)	(180, 28.734522729563555)	(185, 28.292651950408224)	(190, 28.030763027920568)	(195, 25.96128004220305)	(200, 25.594192963000303)	(205, 25.721443693920758)	(210, 24.804718217562254)	(215, 22.99348724669826)	(220, 21.70176429075512)	(225, 21.093860268172193)	(230, 20.848230668414153)	(235, 20.21411432604093)	(240, 19.771005141647343)	(245, 19.391092666520684)	(250, 18.38878712478644)
SRR8438094	(1, 31.62857142857143)	(2, 31.82857142857143)	(3, 31.65714285714286)	(4, 32.34285714285714)	(5, 31.2)	(6, 33.94285714285714)	(7, 34.142857142857146)	(8, 32.97142857142857)	(9, 34.114285714285714)	(10, 35.160000000000004)	(15, 35.38857142857143)	(20, 34.965714285714284)	(25, 35.05714285714286)	(30, 34.71428571428571)	(35, 35.325714285714284)	(40, 34.771428571428565)	(45, 35.08)	(50, 35.279999999999994)	(55, 36.519999999999996)	(60, 36.38285714285714)	(65, 37.19428571428572)	(70, 36.902857142857144)	(75, 36.26285714285714)	(80, 36.28571428571429)	(85, 33.862857142857145)	(90, 35.29714285714285)	(95, 36.08571428571429)	(100, 36.74285714285715)	(105, 36.171428571428564)	(110, 35.46857142857143)	(115, 35.51428571428572)	(120, 35.36)	(125, 35.70857142857143)	(130, 35.137142857142855)	(135, 35.839999999999996)	(140, 35.08)	(145, 34.05714285714286)	(150, 33.72571428571428)	(155, 32.19428571428572)	(160, 33.04)	(165, 32.28571428571429)	(170, 31.685714285714283)	(175, 32.737142857142864)	(180, 29.565714285714286)	(185, 30.52)	(190, 28.04)	(195, 26.77714285714286)	(200, 26.297142857142852)	(205, 24.6)	(210, 25.080000000000002)	(215, 24.560000000000002)	(220, 23.571428571428573)	(225, 22.702857142857145)	(230, 22.39428571428571)	(235, 20.70285714285714)	(240, 17.451428571428572)	(245, 16.96)	(250, 15.188854489164086)
SRR8438094_1	(1, 32.52724128968097)	(2, 32.02670448766485)	(3, 31.42748652344412)	(4, 32.31819363296304)	(5, 32.02011594923548)	(6, 32.17033010498717)	(7, 32.35172398205386)	(8, 32.9868003209511)	(9, 32.709810480635575)	(10, 34.097872003797164)	(15, 35.69185530077864)	(20, 37.225942793856724)	(25, 36.88855990145445)	(30, 37.74742278526789)	(35, 36.80034355329031)	(40, 37.113435871936)	(45, 36.267295760959236)	(50, 37.61990574886706)	(55, 35.89416976505023)	(60, 37.32103020782714)	(65, 35.51244363578831)	(70, 37.19824380982517)	(75, 37.31610067015494)	(80, 36.427448099720856)	(85, 36.93089832404759)	(90, 37.08551990687898)	(95, 36.48472430978562)	(100, 36.69747872568852)	(105, 36.768745691457504)	(110, 36.79766067331924)	(115, 36.56562884943551)	(120, 36.62257958796207)	(125, 36.1008464520212)	(130, 36.44286957406173)	(135, 32.36820323889385)	(140, 35.66374721710534)	(145, 35.92451546554861)	(150, 34.998313876614645)	(155, 34.65874309220563)	(160, 34.80370675918496)	(165, 33.98371964243335)	(170, 33.94652773853786)	(175, 33.95376043938658)	(180, 33.72389616553844)	(185, 33.40795597093358)	(190, 33.87420299026976)	(195, 33.07468667713901)	(200, 31.574161176217974)	(205, 31.925256817385606)	(210, 27.920001808175208)	(215, 31.520725078260085)	(220, 30.612119294359626)	(225, 29.058578096217524)	(230, 28.805514934397145)	(235, 29.280052437081157)	(240, 31.580673494459717)	(245, 29.365023932386663)	(250, 21.3806487474256)
SRR8438094_2	(1, 29.250533976742346)	(2, 30.575587374416582)	(3, 31.64359736458463)	(4, 30.727225468147864)	(5, 30.816820549911288)	(6, 33.98282233548431)	(7, 34.25611671770994)	(8, 33.988902324635255)	(9, 34.353724275882335)	(10, 34.566062811486425)	(15, 35.31095867189531)	(20, 35.610632070247604)	(25, 34.377999028105826)	(30, 36.01371726920338)	(35, 35.50570818312294)	(40, 35.76842248013833)	(45, 35.52102342717009)	(50, 34.03807564953044)	(55, 35.54632205860748)	(60, 35.89476420265124)	(65, 36.41333981262784)	(70, 36.084536711607356)	(75, 35.51008396713642)	(80, 36.06011278492886)	(85, 35.62693955044244)	(90, 35.67394080486399)	(95, 35.51787494208189)	(100, 33.41261428232396)	(105, 34.35934092013516)	(110, 35.03001344830314)	(115, 34.08124131228316)	(120, 34.38561370596811)	(125, 30.887050075152285)	(130, 34.47980155277047)	(135, 34.40757851435804)	(140, 33.818599342276265)	(145, 32.3089538576288)	(150, 31.357214054041833)	(155, 33.66100105100184)	(160, 32.61003085198956)	(165, 29.745388588154192)	(170, 31.697887825330277)	(175, 30.92781086487281)	(180, 29.726637811203908)	(185, 29.723254263338116)	(190, 30.5405352687148)	(195, 28.27796744202049)	(200, 26.166556665611857)	(205, 26.125002433245392)	(210, 26.117110824800527)	(215, 23.681521665423475)	(220, 23.03423818247399)	(225, 21.95603440095623)	(230, 21.856595126663166)	(235, 21.040768847151806)	(240, 19.503160165796764)	(245, 19.428120487279003)	(250, 18.95417514294423)
SRR8438095	(1, 31.413793103448278)	(2, 30.93103448275862)	(3, 30.137931034482758)	(4, 30.275862068965516)	(5, 31.620689655172413)	(6, 33.86206896551724)	(7, 33.86206896551724)	(8, 33.96551724137931)	(9, 32.86206896551724)	(10, 33.98620689655172)	(15, 33.71034482758621)	(20, 33.80689655172414)	(25, 33.62758620689655)	(30, 34.027586206896544)	(35, 34.889655172413796)	(40, 34.0896551724138)	(45, 33.87586206896552)	(50, 33.93103448275862)	(55, 34.57931034482758)	(60, 34.97931034482758)	(65, 35.51034482758621)	(70, 35.01379310344827)	(75, 35.20689655172414)	(80, 34.03448275862069)	(85, 33.51034482758621)	(90, 34.186206896551724)	(95, 34.53103448275861)	(100, 35.54482758620689)	(105, 35.606896551724134)	(110, 34.758620689655174)	(115, 34.220689655172414)	(120, 33.324137931034485)	(125, 34.55862068965517)	(130, 33.20689655172414)	(135, 33.02068965517241)	(140, 34.50344827586207)	(145, 33.29655172413793)	(150, 31.00689655172414)	(155, 29.924137931034483)	(160, 28.38620689655172)	(165, 29.220689655172418)	(170, 30.413793103448274)	(175, 29.84137931034483)	(180, 30.013793103448272)	(185, 26.310344827586203)	(190, 25.662068965517243)	(195, 26.089655172413792)	(200, 24.303448275862067)	(205, 25.110344827586207)	(210, 24.20689655172414)	(215, 24.310344827586206)	(220, 22.448275862068968)	(225, 21.662068965517243)	(230, 20.6)	(235, 19.841379310344827)	(240, 18.820689655172412)	(245, 18.479556650246302)	(250, 16.153623188405795)
SRR8438095_1	(1, 32.48747877520269)	(2, 31.95101710353203)	(3, 31.17256463021062)	(4, 32.27870548415028)	(5, 31.911940986629784)	(6, 32.10691675381484)	(7, 32.34825534977342)	(8, 32.91158114900651)	(9, 32.33624576909669)	(10, 33.70121332748597)	(15, 36.52206141978432)	(20, 37.06746955436359)	(25, 36.959632965624266)	(30, 37.776597060576414)	(35, 36.66884368428747)	(40, 37.023906712096164)	(45, 36.07107917552205)	(50, 37.54481215351573)	(55, 35.90046666441768)	(60, 37.537883030282586)	(65, 35.598020893072004)	(70, 37.3870166087553)	(75, 37.452493562280026)	(80, 36.585003767050125)	(85, 36.64504492347828)	(90, 37.02101676618425)	(95, 36.54734675977465)	(100, 37.000998549404585)	(105, 36.765030529973345)	(110, 36.82478831427319)	(115, 36.314781454868495)	(120, 36.772991937388255)	(125, 35.70104015562977)	(130, 36.404770097493504)	(135, 33.09739455070899)	(140, 35.92480068369149)	(145, 35.94550708992567)	(150, 35.53831933340081)	(155, 35.327976250716866)	(160, 35.37451225134659)	(165, 35.15037614276558)	(170, 34.59168999988755)	(175, 34.405865353259344)	(180, 34.42151379190141)	(185, 34.452754444556895)	(190, 34.782212776484606)	(195, 33.552265290287764)	(200, 31.371442386623034)	(205, 33.32103363357285)	(210, 29.879164277119948)	(215, 32.400904092028476)	(220, 32.35458849194301)	(225, 31.102886572434187)	(230, 30.766827469104566)	(235, 30.71179871717693)	(240, 30.526229379153694)	(245, 30.34914694000409)	(250, 28.02663472956614)
SRR8438095_2	(1, 29.924962610621957)	(2, 30.485038626319874)	(3, 30.083043776495856)	(4, 31.211607012335683)	(5, 31.41033858471365)	(6, 34.817832203218295)	(7, 34.635731875990956)	(8, 32.39429207570084)	(9, 35.056438282225145)	(10, 34.84293537541185)	(15, 35.521065119364884)	(20, 35.92827086777092)	(25, 34.65241034982964)	(30, 35.77087114439609)	(35, 35.85878847170214)	(40, 35.25264199529962)	(45, 36.51318467541522)	(50, 34.97778002676292)	(55, 35.81679767005139)	(60, 36.47603593878263)	(65, 36.5884762001147)	(70, 36.18984583206828)	(75, 35.768181358162124)	(80, 36.32421369856852)	(85, 36.35902573963499)	(90, 35.8701368507461)	(95, 35.64820474760764)	(100, 33.93435437258937)	(105, 34.45754703190185)	(110, 35.34842402365932)	(115, 34.32450831562257)	(120, 34.46958809837061)	(125, 31.141641084460638)	(130, 34.882762653352685)	(135, 34.574653937410744)	(140, 33.97159531761293)	(145, 33.049104341665824)	(150, 31.052185451315097)	(155, 33.52483891643895)	(160, 31.580208930720012)	(165, 29.898361614321537)	(170, 31.39303939097482)	(175, 29.97425136906971)	(180, 28.995245645402512)	(185, 28.848897435032445)	(190, 28.126353147202014)	(195, 26.270045269441262)	(200, 25.622060791435672)	(205, 25.61812378272247)	(210, 25.851557474754294)	(215, 23.645893577632073)	(220, 22.11950978505183)	(225, 20.652051189780035)	(230, 20.756346368989718)	(235, 20.417380442319768)	(240, 19.774840588837282)	(245, 19.720239914288975)	(250, 18.570482670985)
SRR8438096	(1, 32.55555555555556)	(2, 32.77777777777778)	(3, 32.666666666666664)	(4, 32.666666666666664)	(5, 32.44444444444444)	(6, 34.55555555555556)	(7, 35.666666666666664)	(8, 34.44444444444444)	(9, 35.666666666666664)	(10, 35.77777777777778)	(15, 35.955555555555556)	(20, 37.13333333333334)	(25, 37.22222222222222)	(30, 36.28888888888889)	(35, 37.35555555555556)	(40, 36.777777777777786)	(45, 37.46666666666666)	(50, 36.733333333333334)	(55, 36.62222222222223)	(60, 36.8)	(65, 37.266666666666666)	(70, 38.0)	(75, 37.17777777777778)	(80, 36.84444444444445)	(85, 35.75555555555555)	(90, 37.22222222222222)	(95, 36.75555555555555)	(100, 37.91111111111111)	(105, 38.0)	(110, 36.977777777777774)	(115, 36.82222222222222)	(120, 35.644444444444446)	(125, 35.44444444444444)	(130, 34.24444444444445)	(135, 35.0)	(140, 34.82222222222223)	(145, 35.6)	(150, 34.08888888888889)	(155, 32.8)	(160, 33.488888888888894)	(165, 36.022222222222226)	(170, 32.4)	(175, 34.46666666666666)	(180, 32.46666666666667)	(185, 32.42222222222223)	(190, 25.46666666666667)	(195, 26.0)	(200, 27.06666666666667)	(205, 26.0)	(210, 25.71111111111111)	(215, 22.955555555555556)	(220, 20.17777777777778)	(225, 20.377777777777776)	(230, 18.955555555555556)	(235, 18.555555555555554)	(240, 15.244444444444445)	(245, 17.08888888888889)	(250, 17.17142857142857)
SRR8438096_1	(1, 32.332383076011176)	(2, 31.89421095712552)	(3, 31.38437438256795)	(4, 32.069039487425556)	(5, 31.010443422055378)	(6, 32.564085918315506)	(7, 32.78836546332101)	(8, 32.753309435772955)	(9, 33.17782042959158)	(10, 33.83724067854018)	(15, 36.29452708233369)	(20, 36.80003951565102)	(25, 36.42255779163962)	(30, 36.731688729571815)	(35, 35.95363120607412)	(40, 35.925812187755795)	(45, 36.33837251968726)	(50, 36.92403398345988)	(55, 35.94086200570155)	(60, 36.813288548928846)	(65, 36.18603403991081)	(70, 37.16558751305428)	(75, 37.149149002229805)	(80, 36.529893589996895)	(85, 35.81625786784837)	(90, 36.31226396454882)	(95, 35.911541392644445)	(100, 35.8531993564594)	(105, 36.063309718027604)	(110, 36.12400011290186)	(115, 35.586575968839085)	(120, 36.04269383838099)	(125, 35.48667475796664)	(130, 35.62943351491716)	(135, 34.24937198340343)	(140, 35.0034773772898)	(145, 34.31547037737447)	(150, 34.628276270851565)	(155, 34.1997911315589)	(160, 33.9586496937537)	(165, 34.37520675153123)	(170, 34.41779897823817)	(175, 33.79582263117785)	(180, 33.00031048011516)	(185, 32.838680177255924)	(190, 33.003663665358886)	(195, 32.2988342882949)	(200, 31.383132462107312)	(205, 32.4211690987609)	(210, 29.291377120438064)	(215, 31.364819780405885)	(220, 31.32501622964238)	(225, 29.87552005419289)	(230, 29.387050156651334)	(235, 27.47365717350193)	(240, 27.0096711665447)	(245, 25.307673683594487)	(250, 22.171924842652672)
SRR8438096_2	(1, 29.388692878715176)	(2, 29.677157131163735)	(3, 30.17982443760761)	(4, 30.553416692540008)	(5, 30.852437268904005)	(6, 35.179344604702365)	(7, 34.73098309294646)	(8, 34.11092607750712)	(9, 33.64314544582122)	(10, 34.31360749668351)	(15, 34.73474836997939)	(20, 35.40271528973439)	(25, 34.373089841655144)	(30, 34.460447655875136)	(35, 34.13910638177764)	(40, 34.95002963673827)	(45, 35.61119421942477)	(50, 34.33057664625024)	(55, 34.696350447373625)	(60, 35.14716757458579)	(65, 35.09672866860482)	(70, 34.08177481724012)	(75, 34.17818171554376)	(80, 33.43511812357109)	(85, 34.62762708515622)	(90, 32.75477151486071)	(95, 33.58246069603997)	(100, 32.62534082249005)	(105, 33.52004290270683)	(110, 33.41916509074487)	(115, 31.699562505292278)	(120, 32.00600073386209)	(125, 32.401936266899995)	(130, 33.2027039995484)	(135, 32.42416664314545)	(140, 30.84055434813289)	(145, 31.778351068333848)	(150, 30.398752434446358)	(155, 30.68552880408705)	(160, 30.1815461909735)	(165, 29.11401394337971)	(170, 29.901972960004514)	(175, 26.66372745490982)	(180, 26.199113720398543)	(185, 25.543814389342064)	(190, 26.119094527082336)	(195, 24.439666639890135)	(200, 23.220216156803037)	(205, 23.991345583876704)	(210, 23.62521805402659)	(215, 21.99650539152035)	(220, 19.78095748885)	(225, 18.976881177144197)	(230, 19.042715596330275)	(235, 18.525719124911785)	(240, 18.087926605504585)	(245, 18.044294311573974)	(250, 17.07395595467254)
SRR8438097	(1, 32.8)	(2, 32.9)	(3, 32.8)	(4, 33.0)	(5, 32.4)	(6, 35.1)	(7, 34.7)	(8, 34.1)	(9, 36.1)	(10, 35.120000000000005)	(15, 37.160000000000004)	(20, 37.08)	(25, 34.22)	(30, 35.3)	(35, 36.52)	(40, 37.32000000000001)	(45, 36.28)	(50, 37.22)	(55, 36.02)	(60, 36.1)	(65, 36.56)	(70, 37.16)	(75, 37.620000000000005)	(80, 37.52)	(85, 34.78)	(90, 35.9)	(95, 35.84)	(100, 35.239999999999995)	(105, 36.239999999999995)	(110, 35.260000000000005)	(115, 36.5)	(120, 35.519999999999996)	(125, 34.32)	(130, 33.72)	(135, 34.82)	(140, 33.0)	(145, 34.559999999999995)	(150, 33.9)	(155, 32.660000000000004)	(160, 33.160000000000004)	(165, 31.9)	(170, 29.18)	(175, 30.119999999999997)	(180, 30.32)	(185, 28.639999999999997)	(190, 30.339999999999996)	(195, 26.4)	(200, 25.9)	(205, 22.060000000000002)	(210, 20.860000000000003)	(215, 20.04)	(220, 22.36)	(225, 18.6)	(230, 18.46)	(235, 18.56)	(240, 15.979999999999999)	(245, 16.8)	(250, 17.11111111111111)
SRR8438097_1	(1, 32.18420311179288)	(2, 31.823122436840624)	(3, 31.620355007356853)	(4, 32.30967661146417)	(5, 30.440159033278025)	(6, 32.29552640641142)	(7, 32.427668033685)	(8, 32.893341264126725)	(9, 34.61625395235263)	(10, 34.02886391384654)	(15, 35.982775568982255)	(20, 36.34777572551106)	(25, 35.00368781892746)	(30, 34.76551357104843)	(35, 34.6021538365213)	(40, 34.21597846163478)	(45, 35.97161819490968)	(50, 36.1700028175187)	(55, 35.61388097548759)	(60, 36.15472560498388)	(65, 35.426503459286856)	(70, 36.44202485677613)	(75, 36.53100835863883)	(80, 35.862511348339225)	(85, 34.29370441098206)	(90, 34.84352127226622)	(95, 34.61972263093635)	(100, 33.72464702751777)	(105, 34.2723163134333)	(110, 34.4091099771468)	(115, 33.84742823153742)	(120, 34.46832169802461)	(125, 34.69648436277119)	(130, 34.17822997213787)	(135, 34.20586043890681)	(140, 33.19518517359046)	(145, 31.67270450489935)	(150, 33.10063550699684)	(155, 32.43168769370441)	(160, 31.929687255423723)	(165, 33.12701374323012)	(170, 33.55516388567135)	(175, 32.53936073631156)	(180, 30.94974172745202)	(185, 30.832370159346333)	(190, 30.484099802773688)	(195, 30.388448173308706)	(200, 30.363259556084273)	(205, 27.307140844629497)	(210, 25.855098143568235)	(215, 29.19909839401434)	(220, 29.12494756284632)	(225, 27.49101837648311)	(230, 27.595761199636854)	(235, 23.461866449613375)	(240, 21.02681900158188)	(245, 18.557167194542874)	(250, 17.867167671272654)
SRR8438097_2	(1, 29.145383965187992)	(2, 30.22424318317002)	(3, 30.820211000845255)	(4, 29.033497166828415)	(5, 30.35109413643052)	(6, 32.89966502833172)	(7, 34.33390727232884)	(8, 33.79591772845381)	(9, 30.144225651942524)	(10, 32.78717715931503)	(15, 33.88669191998246)	(20, 34.5569044861159)	(25, 33.28962840058855)	(30, 32.06897285790314)	(35, 31.981466988072505)	(40, 33.834461384340855)	(45, 34.064890586356945)	(50, 33.42393638668879)	(55, 32.458297592586796)	(60, 33.15019879159753)	(65, 33.06486554174624)	(70, 30.871953166577963)	(75, 31.52199855993488)	(80, 29.720351876780512)	(85, 32.54316125598723)	(90, 28.388579657514946)	(95, 30.318517359045803)	(100, 30.282478164230035)	(105, 32.12948689853802)	(110, 30.78146072691983)	(115, 28.18221206524121)	(120, 27.939523526281185)	(125, 31.432420248567762)	(130, 30.666149078045272)	(135, 30.222170741633533)	(140, 27.906264283254547)	(145, 29.749766772062735)	(150, 29.25280030053533)	(155, 28.019090254515856)	(160, 28.75098143568231)	(165, 28.797144914378737)	(170, 28.545722067432614)	(175, 23.93549134395642)	(180, 22.794283567604793)	(185, 21.94711830447985)	(190, 23.545859812791534)	(195, 22.832918913832877)	(200, 20.601233562930496)	(205, 22.077871008140264)	(210, 22.026537257357546)	(215, 20.373700688791487)	(220, 17.44025673137132)	(225, 16.824852849092046)	(230, 17.044070131496557)	(235, 16.54705072010019)	(240, 16.30581420833464)	(245, 16.138328372155847)	(250, 16.08979917700597)
SRR8438098	(1, 31.333333333333332)	(2, 32.4)	(3, 32.13333333333333)	(4, 32.13333333333333)	(5, 31.066666666666666)	(6, 30.266666666666666)	(7, 31.0)	(8, 32.93333333333333)	(9, 33.0)	(10, 31.826666666666664)	(15, 35.66666666666667)	(20, 32.973333333333336)	(25, 33.77333333333333)	(30, 33.13333333333334)	(35, 34.16)	(40, 36.120000000000005)	(45, 34.10666666666667)	(50, 35.986666666666665)	(55, 35.83999999999999)	(60, 37.13333333333334)	(65, 35.45333333333333)	(70, 36.24)	(75, 35.78666666666667)	(80, 35.56)	(85, 32.62666666666667)	(90, 34.22666666666667)	(95, 35.68)	(100, 34.986666666666665)	(105, 36.333333333333336)	(110, 35.266666666666666)	(115, 35.2)	(120, 34.68)	(125, 34.0)	(130, 34.05333333333333)	(135, 33.586666666666666)	(140, 33.506666666666675)	(145, 33.08)	(150, 34.61333333333333)	(155, 32.74666666666666)	(160, 31.46666666666667)	(165, 28.04)	(170, 28.893333333333334)	(175, 29.453333333333337)	(180, 24.573333333333334)	(185, 25.06666666666667)	(190, 25.68)	(195, 24.866666666666667)	(200, 24.240000000000002)	(205, 23.04)	(210, 22.293333333333337)	(215, 25.266666666666666)	(220, 23.373333333333335)	(225, 21.21333333333334)	(230, 19.84)	(235, 20.026666666666664)	(240, 19.119999999999997)	(245, 17.61714285714286)	(250, 17.115384615384613)
SRR8438098_1	(1, 32.14428280977062)	(2, 31.912831820394604)	(3, 31.70297242347012)	(4, 31.771598751467597)	(5, 29.72172904555998)	(6, 29.897926748947626)	(7, 31.42284012485324)	(8, 30.292660576730334)	(9, 30.501002262249077)	(10, 32.50663783969531)	(15, 36.01673777955958)	(20, 35.647212279144355)	(25, 34.87049053578077)	(30, 35.00272042610464)	(35, 35.310397754932566)	(40, 35.94011053520804)	(45, 35.39562440938117)	(50, 36.29528936742935)	(55, 34.382635090633144)	(60, 36.49176713152544)	(65, 35.46048223132213)	(70, 34.49486841728473)	(75, 36.2683857850577)	(80, 35.17501503393373)	(85, 35.07089430428682)	(90, 35.796509263766794)	(95, 35.59341943243321)	(100, 36.465659631740216)	(105, 35.47151284327482)	(110, 35.81635978351135)	(115, 34.713310042667736)	(120, 35.209701898571055)	(125, 34.7243263365883)	(130, 34.4518112310644)	(135, 33.141894562011394)	(140, 34.11598465106955)	(145, 34.193024254746426)	(150, 33.157724578333955)	(155, 33.68461097906704)	(160, 32.50123135076315)	(165, 34.1271756249821)	(170, 33.6662438074511)	(175, 33.59015492110764)	(180, 32.12959537241202)	(185, 33.80824432290026)	(190, 33.55521319549841)	(195, 31.329747143552588)	(200, 31.94089229976232)	(205, 33.949949886887545)	(210, 33.153907390968186)	(215, 33.46686807365196)	(220, 32.62471865066865)	(225, 31.773422868760917)	(230, 30.187317087139547)	(235, 30.152439582397182)	(240, 31.989827682476214)	(245, 31.355567329920973)	(250, 29.24524208313997)
SRR8438098_2	(1, 28.897153575212624)	(2, 29.774734400503995)	(3, 31.066321124824604)	(4, 30.090232238481143)	(5, 28.10366255261877)	(6, 32.719667248933305)	(7, 32.32060937544744)	(8, 31.777325964319463)	(9, 33.80432977291601)	(10, 33.03299160963317)	(15, 33.00884281664328)	(20, 32.34957761805217)	(25, 32.75717190229375)	(30, 31.552965264454052)	(35, 32.503951776867794)	(40, 34.62040033217835)	(45, 36.193995017324816)	(50, 33.42325821139143)	(55, 34.957521262277716)	(60, 35.77041608201369)	(65, 33.864860685547384)	(70, 34.57417027003809)	(75, 33.54248732854156)	(80, 34.39912946364651)	(85, 33.95989805561124)	(90, 31.624037112339277)	(95, 33.23474413676585)	(100, 32.790318146673926)	(105, 33.04340654620429)	(110, 32.43230434409095)	(115, 33.260656911314115)	(120, 33.81176942241059)	(125, 34.10257438217691)	(130, 34.710105667077116)	(135, 33.33037427335987)	(140, 33.312725866956846)	(145, 31.725761003407694)	(150, 31.517691360499413)	(155, 33.05413647948227)	(160, 29.802245067437934)	(165, 29.56123535981215)	(170, 31.510778614587206)	(175, 29.67727728301022)	(180, 32.162105896165635)	(185, 30.87368059333925)	(190, 31.10421198455588)	(195, 28.54365979381443)	(200, 29.094266977528697)	(205, 28.226656796001976)	(210, 24.95069584143043)	(215, 27.59010825362277)	(220, 25.61488481183931)	(225, 26.458588552113866)	(230, 25.136749928319)	(235, 23.592035882896887)	(240, 23.76341166530624)	(245, 25.011256915315887)	(250, 20.353344682003634)
SRR8438099	(1, 31.285714285714285)	(2, 31.285714285714285)	(3, 31.65714285714286)	(4, 32.42857142857143)	(5, 32.17142857142857)	(6, 34.05714285714286)	(7, 33.77142857142857)	(8, 33.94285714285714)	(9, 34.42857142857143)	(10, 34.617142857142866)	(15, 34.89142857142857)	(20, 35.98285714285714)	(25, 35.10857142857143)	(30, 35.931428571428576)	(35, 35.85142857142857)	(40, 34.02285714285715)	(45, 33.93714285714286)	(50, 34.537142857142854)	(55, 35.57142857142857)	(60, 35.77142857142858)	(65, 35.94857142857143)	(70, 34.64)	(75, 34.885714285714286)	(80, 35.68571428571429)	(85, 34.51428571428572)	(90, 34.91428571428571)	(95, 35.6)	(100, 35.57714285714285)	(105, 34.90857142857143)	(110, 33.63428571428571)	(115, 34.47428571428571)	(120, 34.794285714285714)	(125, 34.80571428571428)	(130, 34.228571428571435)	(135, 35.537142857142854)	(140, 34.182857142857145)	(145, 33.228571428571435)	(150, 32.14857142857143)	(155, 30.234285714285715)	(160, 31.468571428571426)	(165, 31.017142857142858)	(170, 30.754285714285714)	(175, 30.571428571428573)	(180, 28.862857142857145)	(185, 28.468571428571426)	(190, 25.319999999999997)	(195, 25.074285714285715)	(200, 26.034285714285716)	(205, 24.42285714285714)	(210, 25.159999999999997)	(215, 23.045714285714286)	(220, 21.331428571428567)	(225, 21.068571428571428)	(230, 19.57714285714286)	(235, 19.868571428571432)	(240, 18.85142857142857)	(245, 17.697142857142858)	(250, 15.275252525252526)
SRR8438099_1	(1, 32.52862210914722)	(2, 31.957404612722517)	(3, 31.275341134454777)	(4, 32.29740129421711)	(5, 31.955176473376895)	(6, 32.1228400085333)	(7, 32.25610170428956)	(8, 32.797958329053515)	(9, 32.16091590749271)	(10, 33.4578984379321)	(15, 36.27175872885441)	(20, 37.11705000671602)	(25, 36.92832344366047)	(30, 37.77937153828528)	(35, 36.695791028973716)	(40, 37.07378933811619)	(45, 36.378587738912636)	(50, 37.65169915378112)	(55, 36.29303666948476)	(60, 37.99525927798804)	(65, 36.42472760601439)	(70, 37.99482629204428)	(75, 37.802392484375375)	(80, 36.901895498684446)	(85, 37.39088833229301)	(90, 37.231227135892794)	(95, 37.69150857675624)	(100, 37.73466020874979)	(105, 37.2061819015036)	(110, 37.462726073180946)	(115, 36.46081240172878)	(120, 37.57746892851782)	(125, 36.817831435727655)	(130, 37.271766630057755)	(135, 34.00003792577609)	(140, 35.48114377819742)	(145, 35.59500169875872)	(150, 35.26707647574725)	(155, 35.018713210021886)	(160, 34.96647993489409)	(165, 35.004750203455984)	(170, 34.62394854736376)	(175, 34.72212257926882)	(180, 34.70059338037183)	(185, 34.78410277885322)	(190, 34.93234831664863)	(195, 33.90227791692675)	(200, 32.30082883623176)	(205, 33.8159446283669)	(210, 30.540965369025702)	(215, 32.61297377590607)	(220, 33.15545143525359)	(225, 31.57066915291199)	(230, 31.343795580066843)	(235, 31.014816148190715)	(240, 32.701990650661706)	(245, 30.791345204960226)	(250, 23.04770810349402)
SRR8438099_2	(1, 29.36504349612446)	(2, 31.762466123590624)	(3, 30.492545214636188)	(4, 32.099752692335045)	(5, 30.420857596611963)	(6, 33.28638701674265)	(7, 35.335342872719515)	(8, 34.50287998862227)	(9, 33.91668181063976)	(10, 34.44151134217741)	(15, 35.24176734116607)	(20, 35.5324304891635)	(25, 34.371138484391174)	(30, 36.095625103703284)	(35, 35.21240330902397)	(40, 36.278294604268225)	(45, 36.460499514076)	(50, 33.777555841754705)	(55, 35.547920008217254)	(60, 36.0298918325261)	(65, 36.40806396814234)	(70, 35.86666087245088)	(75, 35.40212068298001)	(80, 36.052606211926076)	(85, 35.72332356217852)	(90, 35.531450739947694)	(95, 35.10616372873589)	(100, 33.18121725938861)	(105, 34.279072082678184)	(110, 34.91096449989334)	(115, 34.391958155227044)	(120, 33.39231686985928)	(125, 31.201139353523548)	(130, 34.35539296634878)	(135, 33.30986465238656)	(140, 33.66974550223999)	(145, 31.40792806744467)	(150, 30.208035523810274)	(155, 32.79537779603834)	(160, 29.935515118952615)	(165, 27.469107085009046)	(170, 28.468952221423326)	(175, 30.901577870309648)	(180, 29.27146164360832)	(185, 28.736640250310124)	(190, 29.289549078324626)	(195, 27.491481452819006)	(200, 25.756378347200165)	(205, 25.82601132328252)	(210, 25.689397040115676)	(215, 23.343925313476046)	(220, 22.69699884632292)	(225, 22.024327570403617)	(230, 21.381058187679763)	(235, 20.565162448820757)	(240, 18.657384199630194)	(245, 19.16162433591893)	(250, 18.659781009073257)
SRR8438100	(1, 32.142857142857146)	(2, 29.80952380952381)	(3, 29.857142857142858)	(4, 32.23809523809524)	(5, 32.095238095238095)	(6, 32.285714285714285)	(7, 34.095238095238095)	(8, 33.38095238095238)	(9, 33.76190476190476)	(10, 34.68571428571429)	(15, 35.15238095238095)	(20, 34.990476190476194)	(25, 33.199999999999996)	(30, 35.142857142857146)	(35, 35.78095238095238)	(40, 34.904761904761905)	(45, 35.46666666666667)	(50, 35.733333333333334)	(55, 36.09523809523809)	(60, 34.92380952380953)	(65, 36.36190476190477)	(70, 35.32380952380952)	(75, 35.07619047619047)	(80, 35.98095238095238)	(85, 33.238095238095234)	(90, 34.74285714285715)	(95, 34.2952380952381)	(100, 33.98095238095238)	(105, 34.390476190476186)	(110, 35.16190476190476)	(115, 35.990476190476194)	(120, 32.8)	(125, 33.923809523809524)	(130, 32.87619047619047)	(135, 33.84761904761905)	(140, 32.91428571428572)	(145, 32.96190476190476)	(150, 33.24761904761905)	(155, 29.019047619047615)	(160, 29.580952380952386)	(165, 29.123809523809523)	(170, 27.676190476190477)	(175, 28.25714285714286)	(180, 26.771428571428572)	(185, 26.247619047619047)	(190, 26.514285714285716)	(195, 26.161904761904758)	(200, 24.44761904761905)	(205, 23.314285714285717)	(210, 22.876190476190477)	(215, 23.58095238095238)	(220, 23.6)	(225, 20.44761904761905)	(230, 19.752380952380953)	(235, 20.361904761904764)	(240, 19.409523809523808)	(245, 19.337142857142858)	(250, 16.957386363636363)
SRR8438100_1	(1, 32.41043587437223)	(2, 31.93191102615996)	(3, 31.279935911850686)	(4, 32.00495652499813)	(5, 31.6096900532194)	(6, 32.72412113035005)	(7, 32.93674574619594)	(8, 32.82520987931939)	(9, 32.593649276665914)	(10, 33.92302113784574)	(15, 36.51676223671389)	(20, 37.130383779326884)	(25, 36.852567273817556)	(30, 37.51528558578817)	(35, 36.54660445243985)	(40, 36.75643504984633)	(45, 36.47032643729855)	(50, 37.37785023611424)	(55, 36.40435499587737)	(60, 37.64360055468106)	(65, 36.951995727456705)	(70, 37.768608050371036)	(75, 37.664539764635336)	(80, 36.95071209054794)	(85, 36.72514991379957)	(90, 37.260653249381605)	(95, 36.77746795592534)	(100, 37.16146840566674)	(105, 37.22861479649202)	(110, 37.20397084176598)	(115, 36.74453189416086)	(120, 37.24362116782849)	(125, 36.42209167228843)	(130, 36.87378382430103)	(135, 34.779699797616374)	(140, 36.22428416160707)	(145, 35.98991829697924)	(150, 35.958828048871894)	(155, 35.6301045648752)	(160, 35.51308372685706)	(165, 35.65187579641706)	(170, 35.40998051120606)	(175, 35.16007795517577)	(180, 34.77264260550184)	(185, 34.63410164155611)	(190, 34.85125740199385)	(195, 33.982482572520794)	(200, 32.56924705794169)	(205, 33.9680346300877)	(210, 31.638349823851286)	(215, 33.296653174424705)	(220, 33.13949666441796)	(225, 32.06849186717638)	(230, 31.221411438422912)	(235, 30.284510156659923)	(240, 30.471922578801628)	(245, 29.250178517390157)	(250, 24.26621633841841)
SRR8438100_2	(1, 28.605070834270293)	(2, 30.733190915223748)	(3, 31.40166591709767)	(4, 30.859305899108012)	(5, 30.644123379057042)	(6, 35.81211116108238)	(7, 35.45511018664268)	(8, 35.11740124428454)	(9, 34.56496889288659)	(10, 34.83090285585788)	(15, 35.463733977962676)	(20, 35.80209691927142)	(25, 35.16144404467432)	(30, 35.510613897009215)	(35, 35.6828967093921)	(40, 35.900091822202235)	(45, 36.70850760812533)	(50, 35.02117719811109)	(55, 35.92111910651376)	(60, 36.34411963121205)	(65, 36.34067161382205)	(70, 35.67132523798816)	(75, 35.609538265497335)	(80, 35.64722097294056)	(85, 36.15629450565924)	(90, 34.97112285435874)	(95, 35.35413199910052)	(100, 33.94907615621018)	(105, 34.73460947455213)	(110, 35.096958623791316)	(115, 34.24329135746946)	(120, 34.05028108837418)	(125, 33.70767371261525)	(130, 35.35560302825875)	(135, 34.294413837043706)	(140, 33.235319691177565)	(145, 33.4841053894011)	(150, 31.58336144217075)	(155, 32.941773480248855)	(160, 31.105640506708642)	(165, 29.92948617045199)	(170, 31.644067161382203)	(175, 29.06981673038003)	(180, 28.397651975114307)	(185, 28.523545836144216)	(190, 28.703489243684878)	(195, 26.16633019894631)	(200, 25.276596349557316)	(205, 25.767019886965358)	(210, 25.336355258728446)	(215, 23.51440083206057)	(220, 21.710109348500325)	(225, 20.675385811868107)	(230, 20.768677377590404)	(235, 20.100800224887557)	(240, 19.472480064468368)	(245, 19.692143734316254)	(250, 18.055162319460226)
SRR8438101	(1, 32.333333333333336)	(2, 31.666666666666668)	(3, 30.952380952380953)	(4, 32.523809523809526)	(5, 32.666666666666664)	(6, 34.095238095238095)	(7, 34.42857142857143)	(8, 34.80952380952381)	(9, 34.38095238095238)	(10, 35.48571428571429)	(15, 36.857142857142854)	(20, 36.647619047619045)	(25, 35.57142857142857)	(30, 36.04761904761905)	(35, 36.714285714285715)	(40, 36.49523809523809)	(45, 36.53333333333334)	(50, 36.49523809523809)	(55, 36.59047619047619)	(60, 36.590476190476195)	(65, 36.24761904761905)	(70, 35.18095238095238)	(75, 37.12380952380953)	(80, 37.66666666666667)	(85, 35.72380952380952)	(90, 36.18095238095238)	(95, 37.23809523809524)	(100, 35.8952380952381)	(105, 36.076190476190476)	(110, 36.866666666666674)	(115, 36.98095238095238)	(120, 35.96190476190476)	(125, 37.48571428571428)	(130, 35.68571428571429)	(135, 35.27619047619048)	(140, 35.209523809523816)	(145, 35.24761904761905)	(150, 33.885714285714286)	(155, 31.247619047619043)	(160, 31.571428571428573)	(165, 30.295238095238098)	(170, 29.695238095238096)	(175, 30.44761904761905)	(180, 27.314285714285717)	(185, 26.6)	(190, 24.923809523809524)	(195, 23.628571428571426)	(200, 22.666666666666668)	(205, 22.26666666666667)	(210, 22.428571428571427)	(215, 20.571428571428573)	(220, 18.238095238095237)	(225, 18.390476190476193)	(230, 18.561904761904763)	(235, 18.57142857142857)	(240, 17.26666666666667)	(245, 16.495238095238097)	(250, 15.837301587301589)
SRR8438101_1	(1, 32.419910157373344)	(2, 31.919806035123905)	(3, 31.20095594141388)	(4, 31.719137669446564)	(5, 31.759467687395258)	(6, 32.91064327717343)	(7, 33.15387285185883)	(8, 32.80595579266781)	(9, 32.28029709548506)	(10, 33.79229693682258)	(15, 36.5749551282687)	(20, 37.19381216346201)	(25, 36.96330533601737)	(30, 37.79636464603393)	(35, 36.76610771198794)	(40, 37.063228979701115)	(45, 36.21197901688764)	(50, 37.423099273127534)	(55, 36.41253433555131)	(60, 37.7344109159783)	(65, 37.07550548873)	(70, 37.798988526719754)	(75, 37.70056226014696)	(80, 36.87288755788701)	(85, 36.88939440516446)	(90, 37.32403240681058)	(95, 36.871023273801846)	(100, 37.362609204406844)	(105, 37.320936505260654)	(110, 37.26736412046448)	(115, 36.793199329651046)	(120, 37.36693275685967)	(125, 36.19037315430917)	(130, 36.88167150917763)	(135, 34.42531459793937)	(140, 36.371744196424146)	(145, 36.27640391499658)	(150, 36.12566464702557)	(155, 35.82048332556549)	(160, 35.74072171593467)	(165, 35.759664032208484)	(170, 35.39673155300814)	(175, 35.28645319952798)	(180, 35.15707188401773)	(185, 34.88935077298375)	(190, 35.11520878990113)	(195, 34.224985373303056)	(200, 32.69710341818471)	(205, 34.22226232857015)	(210, 31.81083069722241)	(215, 33.568043394187)	(220, 33.44175798022668)	(225, 32.449046537687295)	(230, 31.39371299941493)	(235, 30.938218815386296)	(240, 31.489574883730153)	(245, 30.93078883017541)	(250, 24.668420573556087)
SRR8438101_2	(1, 28.86019852642226)	(2, 30.750850331703738)	(3, 31.572424461787133)	(4, 31.727655861091)	(5, 30.814592981168747)	(6, 33.63282528286545)	(7, 34.45786023819204)	(8, 32.17969516971927)	(9, 33.89710738474658)	(10, 35.5640351834039)	(15, 35.53353232252115)	(20, 35.5483970131789)	(25, 35.01010481639777)	(30, 35.69425344347153)	(35, 35.978433803040375)	(40, 35.693305435181415)	(45, 36.77590313655882)	(50, 34.68035857719425)	(55, 36.26880596570907)	(60, 36.5947443055046)	(65, 36.33514472992672)	(70, 36.03119899249328)	(75, 35.754025564491336)	(80, 36.268569955277016)	(85, 36.3455311722182)	(90, 35.61968802990788)	(95, 35.8202651646619)	(100, 34.14429955475343)	(105, 34.75544162708369)	(110, 35.33575954701863)	(115, 34.780724492527995)	(120, 34.6360838134526)	(125, 33.46062294854378)	(130, 35.70737681346251)	(135, 34.447243735311325)	(140, 33.537108178058965)	(145, 33.64911793580119)	(150, 31.346883769820415)	(155, 33.307924199002414)	(160, 31.07824638299138)	(165, 29.55829755163968)	(170, 31.721267713177905)	(175, 29.25854248683597)	(180, 28.97447715756175)	(185, 29.270105014725864)	(190, 29.269569528871614)	(195, 26.24817919186906)	(200, 25.679860965401637)	(205, 25.965635009569517)	(210, 25.46574111720431)	(215, 23.675350303943834)	(220, 22.30162731428685)	(225, 21.155601392290833)	(230, 21.20830821102737)	(235, 20.515353034510117)	(240, 19.85203887346291)	(245, 20.293898975869062)	(250, 18.099112675448378)
SRR8438102	(1, 31.428571428571427)	(2, 31.571428571428573)	(3, 29.714285714285715)	(4, 32.0)	(5, 32.42857142857143)	(6, 36.142857142857146)	(7, 34.857142857142854)	(8, 31.285714285714285)	(9, 33.42857142857143)	(10, 33.457142857142856)	(15, 34.028571428571425)	(20, 32.885714285714286)	(25, 33.057142857142864)	(30, 34.228571428571435)	(35, 35.91428571428571)	(40, 35.2)	(45, 35.57142857142857)	(50, 34.885714285714286)	(55, 35.34285714285714)	(60, 37.171428571428564)	(65, 37.91428571428571)	(70, 36.8)	(75, 32.48571428571429)	(80, 34.828571428571436)	(85, 35.31428571428572)	(90, 36.68571428571428)	(95, 35.77142857142857)	(100, 35.22857142857143)	(105, 36.48571428571428)	(110, 34.885714285714286)	(115, 36.57142857142857)	(120, 35.114285714285714)	(125, 34.51428571428572)	(130, 33.57142857142857)	(135, 36.85714285714286)	(140, 34.68571428571428)	(145, 33.114285714285714)	(150, 30.342857142857145)	(155, 29.542857142857144)	(160, 30.628571428571426)	(165, 30.68571428571429)	(170, 32.22857142857143)	(175, 29.942857142857143)	(180, 31.17142857142857)	(185, 31.885714285714283)	(190, 27.257142857142856)	(195, 28.257142857142856)	(200, 28.257142857142856)	(205, 26.057142857142857)	(210, 29.514285714285716)	(215, 25.428571428571427)	(220, 21.142857142857142)	(225, 21.685714285714283)	(230, 24.34285714285714)	(235, 19.285714285714285)	(240, 23.142857142857142)	(245, 21.942857142857143)	(250, 17.392857142857142)
SRR8438102_1	(1, 32.48123469387755)	(2, 32.02232653061225)	(3, 31.67276530612245)	(4, 32.21797959183674)	(5, 31.829204081632653)	(6, 31.169724489795918)	(7, 32.45447959183674)	(8, 31.505469387755102)	(9, 32.38033673469388)	(10, 33.09691632653061)	(15, 36.29077959183673)	(20, 36.02195102040817)	(25, 35.796155102040814)	(30, 37.770042857142855)	(35, 36.81197551020408)	(40, 36.9339306122449)	(45, 36.170573469387755)	(50, 36.917910204081636)	(55, 35.97644693877551)	(60, 37.33004693877551)	(65, 35.969197959183674)	(70, 36.19464897959184)	(75, 36.81591224489796)	(80, 36.92274285714285)	(85, 35.079810204081625)	(90, 37.11591632653061)	(95, 36.79440612244898)	(100, 37.32469183673469)	(105, 36.17399591836734)	(110, 36.83123877551021)	(115, 36.60305102040817)	(120, 35.33070816326531)	(125, 35.78721020408163)	(130, 34.14487551020409)	(135, 33.49920612244898)	(140, 34.5068)	(145, 36.16363877551021)	(150, 34.45996326530612)	(155, 34.42356326530613)	(160, 33.59750204081632)	(165, 34.42531020408164)	(170, 31.98747142857143)	(175, 33.79453265306123)	(180, 33.27050408163266)	(185, 33.6766387755102)	(190, 34.14369591836735)	(195, 31.649332653061226)	(200, 32.16622653061224)	(205, 33.725028571428574)	(210, 32.29740408163265)	(215, 33.589840816326536)	(220, 30.364267346938778)	(225, 29.170038775510204)	(230, 31.062418367346943)	(235, 31.297297959183673)	(240, 30.648891036913955)	(245, 31.497682727451313)	(250, 30.899338257420116)
SRR8438102_2	(1, 31.56076530612245)	(2, 30.732612244897958)	(3, 30.71226530612245)	(4, 31.43877551020408)	(5, 29.49445918367347)	(6, 31.18184693877551)	(7, 31.339193877551022)	(8, 30.156438775510203)	(9, 32.23458163265306)	(10, 32.81280408163265)	(15, 34.558716326530615)	(20, 32.4598)	(25, 32.658851020408164)	(30, 33.169428571428575)	(35, 31.93112040816327)	(40, 34.00341428571429)	(45, 35.33919591836735)	(50, 33.96122857142858)	(55, 34.9087081632653)	(60, 34.98167346938776)	(65, 34.414530612244896)	(70, 31.62536530612245)	(75, 33.27090612244898)	(80, 35.022195918367345)	(85, 35.46215102040817)	(90, 32.67685306122449)	(95, 33.383361224489796)	(100, 31.33670612244898)	(105, 31.888781632653057)	(110, 31.34510816326531)	(115, 32.45831020408163)	(120, 30.942379591836733)	(125, 30.396297959183677)	(130, 34.00802040816326)	(135, 34.979491836734695)	(140, 32.95403061224489)	(145, 30.422669387755104)	(150, 30.16672857142857)	(155, 33.757769387755104)	(160, 31.830455102040816)	(165, 27.437020408163267)	(170, 28.454230612244896)	(175, 30.533748979591838)	(180, 26.62157755102041)	(185, 29.597616326530613)	(190, 27.463140930925782)	(195, 26.040164937706795)	(200, 23.87590395739316)	(205, 25.17655006326789)	(210, 22.313863831176782)	(215, 21.540610400327402)	(220, 21.643811292643353)	(225, 22.53925142777785)	(230, 21.03692417593632)	(235, 21.108438702303317)	(240, 21.148979987549623)	(245, 20.15382554029855)	(250, 20.85570798875016)
SRR8438103	(1, 31.62)	(2, 31.26)	(3, 31.18)	(4, 31.08)	(5, 31.88)	(6, 34.26)	(7, 34.74)	(8, 34.46)	(9, 33.16)	(10, 35.272)	(15, 35.976)	(20, 36.384)	(25, 36.13199999999999)	(30, 35.664)	(35, 36.444)	(40, 35.879999999999995)	(45, 36.14)	(50, 36.132000000000005)	(55, 36.984)	(60, 37.32000000000001)	(65, 36.444)	(70, 36.355999999999995)	(75, 36.879999999999995)	(80, 36.65599999999999)	(85, 35.184)	(90, 35.936)	(95, 36.459999999999994)	(100, 35.668)	(105, 36.291999999999994)	(110, 35.524)	(115, 34.94)	(120, 35.867999999999995)	(125, 36.012)	(130, 34.88)	(135, 35.192)	(140, 33.876)	(145, 32.7)	(150, 31.656)	(155, 31.236)	(160, 31.700000000000006)	(165, 30.895999999999997)	(170, 30.68)	(175, 30.139999999999997)	(180, 27.860000000000003)	(185, 26.672000000000004)	(190, 25.556)	(195, 25.328)	(200, 24.683999999999997)	(205, 25.291999999999998)	(210, 23.688)	(215, 22.404000000000003)	(220, 21.959999999999997)	(225, 20.432)	(230, 19.639999999999997)	(235, 19.508000000000003)	(240, 17.724)	(245, 17.410775510204083)	(250, 16.53333333333333)
SRR8438103_1	(1, 32.32833255681524)	(2, 31.907387275456852)	(3, 31.36472537143449)	(4, 32.219816741730085)	(5, 31.113040327172957)	(6, 32.20275405083605)	(7, 32.46988662835844)	(8, 32.75356421804628)	(9, 32.05544339183103)	(10, 33.837653880002065)	(15, 36.51568463011855)	(20, 36.93337474763162)	(25, 36.778934617176574)	(30, 37.68254697934462)	(35, 36.66526065123985)	(40, 36.86705596107056)	(45, 36.078651964590776)	(50, 37.35377128953771)	(55, 35.398351710928196)	(60, 37.419348760159444)	(65, 35.973275353315735)	(70, 37.0747528084071)	(75, 37.298762747838694)	(80, 36.28830149609153)	(85, 36.616836982968366)	(90, 36.6658321685562)	(95, 36.37100377905472)	(100, 36.898085624061714)	(105, 36.62937102034478)	(110, 36.48065434591293)	(115, 35.85331676761402)	(120, 36.72050732515401)	(125, 35.453867577781224)	(130, 36.2884423047057)	(135, 33.34785111559766)	(140, 35.819448154475324)	(145, 35.350331832065024)	(150, 35.27630584459284)	(155, 35.24406481337682)	(160, 35.31804524512088)	(165, 35.039699746337426)	(170, 34.707766216286174)	(175, 33.917372262773725)	(180, 34.188702179427445)	(185, 34.29596521198944)	(190, 34.52028368794326)	(195, 33.47086607651292)	(200, 31.44987523942641)	(205, 33.32690169280944)	(210, 30.32992079515453)	(215, 32.52470880571518)	(220, 32.54810995496196)	(225, 31.204454107780712)	(230, 30.508720815861682)	(235, 30.616515231437404)	(240, 31.09116967860332)	(245, 30.25487049712688)	(250, 26.617132061715076)
SRR8438103_2	(1, 29.4176217839209)	(2, 30.00760987731014)	(3, 29.33175958999845)	(4, 31.26363306931718)	(5, 29.58890096805922)	(6, 34.826556918776205)	(7, 34.10743904332971)	(8, 34.11049334782834)	(9, 34.152829114251695)	(10, 33.25333954547808)	(15, 34.88223430139256)	(20, 35.52244965574364)	(25, 34.520962882435164)	(30, 35.8204110369105)	(35, 35.50784697416783)	(40, 35.10253144898276)	(45, 36.3143324532795)	(50, 34.758480095252885)	(55, 35.76724336077031)	(60, 36.24337526531035)	(65, 36.263146451312316)	(70, 35.891846560024845)	(75, 35.098915980742355)	(80, 35.80722472433608)	(85, 35.89222550085417)	(90, 35.34746803333851)	(95, 35.395964176631985)	(100, 34.02640782730237)	(105, 33.749975669099754)	(110, 34.68513744370244)	(115, 33.80907387275457)	(120, 34.20650204483098)	(125, 32.300986695656675)	(130, 34.82634777656987)	(135, 33.77442252937827)	(140, 33.1972397370192)	(145, 32.73970906455454)	(150, 30.875090334938143)	(155, 32.723526427499095)	(160, 30.553812703835995)	(165, 29.898236786250454)	(170, 30.763337992441894)	(175, 29.26349226070301)	(180, 28.76834498110473)	(185, 28.553823057410575)	(190, 28.257577472332645)	(195, 25.696578001884426)	(200, 25.288982305008233)	(205, 25.331432699046204)	(210, 24.769503803394297)	(215, 23.469565748843664)	(220, 21.940773123070144)	(225, 20.886559590750462)	(230, 20.591921889649342)	(235, 20.148152838602147)	(240, 19.744059333951036)	(245, 19.408768309588673)	(250, 18.31071854801741)
SRR8438104	(1, 29.2)	(2, 29.0)	(3, 26.4)	(4, 31.8)	(5, 29.0)	(6, 34.4)	(7, 35.2)	(8, 32.0)	(9, 34.6)	(10, 34.120000000000005)	(15, 32.6)	(20, 37.28)	(25, 33.0)	(30, 34.480000000000004)	(35, 35.239999999999995)	(40, 35.559999999999995)	(45, 33.72)	(50, 31.2)	(55, 35.959999999999994)	(60, 35.52)	(65, 36.4)	(70, 37.519999999999996)	(75, 34.239999999999995)	(80, 35.0)	(85, 34.16)	(90, 35.88)	(95, 35.6)	(100, 37.04)	(105, 38.12)	(110, 36.92)	(115, 36.959999999999994)	(120, 35.519999999999996)	(125, 37.120000000000005)	(130, 36.519999999999996)	(135, 36.36)	(140, 35.0)	(145, 35.160000000000004)	(150, 31.919999999999995)	(155, 35.0)	(160, 32.6)	(165, 27.32)	(170, 26.400000000000006)	(175, 27.279999999999994)	(180, 29.880000000000003)	(185, 27.160000000000004)	(190, 24.84)	(195, 28.119999999999997)	(200, 27.48)	(205, 22.92)	(210, 25.24)	(215, 25.76)	(220, 21.8)	(225, 26.0)	(230, 24.839999999999996)	(235, 19.2)	(240, 18.52)	(245, 17.080000000000002)	(250, 16.0)
SRR8438104_1	(1, 32.02250893211592)	(2, 31.80198491464867)	(3, 31.597935688765382)	(4, 32.21409289400556)	(5, 31.432830488289003)	(6, 32.77764986105598)	(7, 33.47502977371973)	(8, 31.603572846367605)	(9, 32.91234616911473)	(10, 33.62115125049623)	(15, 36.01379118697896)	(20, 36.03526002381898)	(25, 35.473981738785234)	(30, 37.33210003969829)	(35, 36.57022628026995)	(40, 36.66146883684002)	(45, 36.02935291782453)	(50, 36.40634378721715)	(55, 35.69826121476776)	(60, 36.699198094481936)	(65, 36.19540293767368)	(70, 35.61042477173481)	(75, 36.116482731242556)	(80, 36.03425168717745)	(85, 34.27385470424772)	(90, 35.429376736800315)	(95, 34.750448590710604)	(100, 34.23292576419214)	(105, 33.17181421198889)	(110, 33.9622389837237)	(115, 33.48743152044462)	(120, 32.981365621278286)	(125, 32.893489479952365)	(130, 31.855291782453357)	(135, 31.20828900357285)	(140, 31.31568876538309)	(145, 33.00634378721715)	(150, 31.557300516077806)	(155, 31.288106391425167)	(160, 30.515537911869785)	(165, 31.05197300516078)	(170, 28.870361254466058)	(175, 31.1755220325526)	(180, 30.39591901548233)	(185, 30.55474394601032)	(190, 30.676689162366017)	(195, 28.86486701071854)	(200, 29.59270345375149)	(205, 31.008932115919016)	(210, 29.749940452560544)	(215, 30.40717745136959)	(220, 28.312171496625645)	(225, 28.119198094481938)	(230, 28.454426359666535)	(235, 28.383350535926958)	(240, 29.179078999603018)	(245, 28.255580808666814)	(250, 24.4790008405393)
SRR8438104_2	(1, 26.691186978959905)	(2, 30.927669710202462)	(3, 29.90011909487892)	(4, 30.871099642715365)	(5, 29.53870583564907)	(6, 32.914410480349346)	(7, 34.30039698292973)	(8, 33.21881699086939)	(9, 32.43636363636364)	(10, 32.3679158396189)	(15, 33.69337038507344)	(20, 32.312925764192144)	(25, 32.81901548233426)	(30, 32.77258435887257)	(35, 31.453148074632786)	(40, 33.06647082175466)	(45, 33.86607383882493)	(50, 32.05436284239778)	(55, 34.00575625248114)	(60, 33.84556570067487)	(65, 33.263755458515284)	(70, 31.970424771734816)	(75, 32.5153711790393)	(80, 33.522238983723696)	(85, 33.821254466057965)	(90, 31.46431123461691)	(95, 31.996554188169917)	(100, 30.005724493846763)	(105, 29.38550218340611)	(110, 28.78518459706233)	(115, 30.59674473997618)	(120, 30.55804684398571)	(125, 30.051718936085745)	(130, 31.474767764986105)	(135, 31.36990075426757)	(140, 29.67011512504962)	(145, 28.424890829694327)	(150, 28.482945613338625)	(155, 29.85137753076618)	(160, 28.31077411671298)	(165, 24.973243350535927)	(170, 25.496252481143312)	(175, 26.930186581976976)	(180, 24.940658991663362)	(185, 26.048947995236205)	(190, 24.81398173878523)	(195, 23.713711790393013)	(200, 23.196423140462628)	(205, 23.561507007026876)	(210, 20.578760570090118)	(215, 20.345544882301397)	(220, 19.890546710604678)	(225, 21.062675189581928)	(230, 20.28351133521261)	(235, 19.958621511096997)	(240, 19.81499980148489)	(245, 18.548953718543277)	(250, 19.5559304858645)
SRR8438105	(1, 30.555555555555557)	(2, 32.22222222222222)	(3, 30.77777777777778)	(4, 30.88888888888889)	(5, 32.333333333333336)	(6, 35.333333333333336)	(7, 33.333333333333336)	(8, 33.44444444444444)	(9, 34.77777777777778)	(10, 33.91111111111111)	(15, 35.266666666666666)	(20, 35.62222222222222)	(25, 33.733333333333334)	(30, 34.77777777777778)	(35, 33.91111111111111)	(40, 34.22222222222222)	(45, 34.68888888888889)	(50, 33.511111111111106)	(55, 35.62222222222222)	(60, 34.17777777777778)	(65, 35.84444444444444)	(70, 34.88888888888889)	(75, 34.44444444444444)	(80, 33.777777777777786)	(85, 35.37777777777778)	(90, 34.08888888888889)	(95, 33.711111111111116)	(100, 33.75555555555555)	(105, 34.2)	(110, 32.46666666666667)	(115, 34.91111111111111)	(120, 34.46666666666667)	(125, 34.955555555555556)	(130, 32.66666666666667)	(135, 33.28888888888889)	(140, 33.44444444444444)	(145, 32.97777777777778)	(150, 32.06666666666667)	(155, 33.08888888888889)	(160, 30.755555555555553)	(165, 29.35555555555556)	(170, 28.911111111111108)	(175, 28.555555555555554)	(180, 28.51111111111111)	(185, 29.0)	(190, 26.51111111111111)	(195, 27.48888888888889)	(200, 29.511111111111113)	(205, 28.666666666666668)	(210, 27.48888888888889)	(215, 28.488888888888887)	(220, 24.644444444444446)	(225, 26.155555555555555)	(230, 25.022222222222222)	(235, 24.68888888888889)	(240, 25.755555555555553)	(245, 21.46666666666667)	(250, 17.333333333333336)
SRR8438105_1	(1, 31.980500329620764)	(2, 31.776031366017833)	(3, 31.592935706602823)	(4, 32.15346448769994)	(5, 31.49255751014885)	(6, 32.34915512993997)	(7, 33.06588945560529)	(8, 31.741334443634848)	(9, 32.699767530620036)	(10, 33.44991499254016)	(15, 35.86706915096631)	(20, 35.78580895874536)	(25, 35.34084174733701)	(30, 37.03742410048229)	(35, 36.379272058568404)	(40, 36.43067207938656)	(45, 35.74073071718538)	(50, 36.38483050553416)	(55, 35.588258561465594)	(60, 36.70948266888727)	(65, 35.84792338919538)	(70, 35.53549842129003)	(75, 35.735331876062595)	(80, 35.56356129211339)	(85, 33.850719961139454)	(90, 34.83915200721695)	(95, 34.30812948891433)	(100, 33.51225842267791)	(105, 32.3753582457236)	(110, 32.71209881683494)	(115, 32.302099163804165)	(120, 31.530286943548106)	(125, 31.584358627389747)	(130, 30.39433052288262)	(135, 29.872252871170325)	(140, 30.13228548627736)	(145, 31.49467402241421)	(150, 30.14672634537316)	(155, 30.046840845217027)	(160, 29.359515630963536)	(165, 29.757947330071822)	(170, 27.877013288921273)	(175, 29.598688456333925)	(180, 28.936303389889314)	(185, 29.285791610284168)	(190, 29.357107664550153)	(195, 27.75061240068006)	(200, 28.17724575830124)	(205, 29.376690607543118)	(210, 28.072939870233512)	(215, 29.025307935186152)	(220, 26.873127233614376)	(225, 26.21460740432324)	(230, 27.231671350751192)	(235, 27.078172166128866)	(240, 27.091848456117155)	(245, 27.10281038548077)	(250, 25.639541280992)
SRR8438105_2	(1, 28.372644946393255)	(2, 31.025745116408174)	(3, 29.65951910065577)	(4, 29.35946011588772)	(5, 30.16519204746539)	(6, 32.07685368307831)	(7, 30.92789979528816)	(8, 31.103188647166995)	(9, 31.42979077755803)	(10, 31.4267166302349)	(15, 32.85516810658895)	(20, 30.88862287915062)	(25, 31.35028624960966)	(30, 31.5672946809618)	(35, 30.209888622879152)	(40, 32.07548662433642)	(45, 32.90789354984213)	(50, 31.466069879601683)	(55, 32.5464487699941)	(60, 32.56959161722355)	(65, 32.041559973630335)	(70, 30.397508760972904)	(75, 30.77779396967489)	(80, 31.90443079698831)	(85, 32.17778009090594)	(90, 30.01632837167343)	(95, 30.1945734013393)	(100, 28.5578640574581)	(105, 28.1708823427362)	(110, 27.747683980430935)	(115, 28.750556885604247)	(120, 28.210568682557856)	(125, 27.71041948579161)	(130, 29.67713819784185)	(135, 29.91562402414906)	(140, 28.304992887130915)	(145, 26.63591131466639)	(150, 26.744019985427293)	(155, 28.408577079213075)	(160, 27.376635092467296)	(165, 24.35055688560425)	(170, 24.706165643107457)	(175, 25.988189167620835)	(180, 23.708115610145377)	(185, 25.128621491273726)	(190, 23.748387333680462)	(195, 22.989493042784275)	(200, 21.99120024983518)	(205, 22.53669682182207)	(210, 20.269507582329872)	(215, 19.75704968423626)	(220, 19.58026028110359)	(225, 20.383100383589102)	(230, 19.547731926560925)	(235, 19.468663450525803)	(240, 19.44679946557254)	(245, 18.4343398344214)	(250, 19.185393451626936)
SRR8438106	(1, 29.866666666666667)	(2, 32.0)	(3, 29.866666666666667)	(4, 30.266666666666666)	(5, 29.733333333333334)	(6, 32.8)	(7, 31.6)	(8, 33.0)	(9, 33.06666666666667)	(10, 33.92)	(15, 34.6)	(20, 34.480000000000004)	(25, 34.6)	(30, 34.25333333333333)	(35, 34.480000000000004)	(40, 34.61333333333333)	(45, 32.68000000000001)	(50, 33.053333333333335)	(55, 35.09333333333333)	(60, 35.8)	(65, 35.653333333333336)	(70, 35.96)	(75, 35.93333333333333)	(80, 35.64)	(85, 33.76)	(90, 34.13333333333334)	(95, 34.58666666666666)	(100, 34.82666666666667)	(105, 34.279999999999994)	(110, 33.38666666666667)	(115, 35.506666666666675)	(120, 34.62666666666667)	(125, 32.61333333333333)	(130, 32.29333333333334)	(135, 33.29333333333334)	(140, 33.266666666666666)	(145, 31.46666666666666)	(150, 31.880000000000003)	(155, 30.586666666666666)	(160, 30.46666666666666)	(165, 29.439999999999998)	(170, 31.293333333333333)	(175, 31.853333333333335)	(180, 29.386666666666667)	(185, 29.880000000000003)	(190, 27.52)	(195, 24.653333333333332)	(200, 25.693333333333335)	(205, 25.52)	(210, 25.546666666666667)	(215, 26.053333333333335)	(220, 24.439999999999998)	(225, 23.693333333333335)	(230, 21.333333333333336)	(235, 20.346666666666668)	(240, 18.93333333333333)	(245, 18.190476190476186)	(250, 15.071428571428571)
SRR8438106_1	(1, 32.5838949035204)	(2, 32.10382604212697)	(3, 31.472961776403004)	(4, 32.374889527176315)	(5, 32.09164641331566)	(6, 32.21464869642068)	(7, 32.40560097216085)	(8, 32.98296877301517)	(9, 32.72927713949035)	(10, 34.24714795993519)	(15, 35.936373177198405)	(20, 37.308712623361316)	(25, 36.955391073795845)	(30, 37.82228052732361)	(35, 36.8787818529975)	(40, 37.16390668728826)	(45, 36.50218183826779)	(50, 37.70735933127117)	(55, 36.08049049933716)	(60, 37.453514877006924)	(65, 35.74492377375166)	(70, 37.30126123140374)	(75, 37.41965311533363)	(80, 36.62772131389012)	(85, 37.021532994550014)	(90, 37.21696126086316)	(95, 36.65729120636324)	(100, 36.856733318603624)	(105, 37.01781006039181)	(110, 36.97233576373546)	(115, 36.754522020916184)	(120, 36.71722823685373)	(125, 36.38283068198557)	(130, 36.55252062159376)	(135, 32.73199661216674)	(140, 35.84026918544704)	(145, 36.152551922227126)	(150, 35.13363160995728)	(155, 34.855926866990714)	(160, 34.925180438945354)	(165, 34.19021947267639)	(170, 34.14015318898218)	(175, 34.25996464869642)	(180, 33.93151605538371)	(185, 33.66481808808366)	(190, 34.05920606864045)	(195, 33.15269553689792)	(200, 31.810183753130065)	(205, 32.23630873471792)	(210, 28.243577846516423)	(215, 31.724790101634994)	(220, 30.891631683605834)	(225, 29.374648328177937)	(230, 29.05201981145971)	(235, 29.562297466489905)	(240, 31.634105990928795)	(245, 29.478554305591985)	(250, 22.974350514334283)
SRR8438106_2	(1, 29.95088562380321)	(2, 30.496345190749743)	(3, 30.958360951539255)	(4, 31.153078509353367)	(5, 29.784439902783916)	(6, 33.51448114597142)	(7, 33.08629768743556)	(8, 33.448050154661956)	(9, 33.87829577257328)	(10, 35.7268614670791)	(15, 35.79424988952718)	(20, 36.022527249963176)	(25, 35.12275924289292)	(30, 36.47786308734718)	(35, 35.97849278244219)	(40, 36.4647020916188)	(45, 36.29126159964649)	(50, 34.758548755339525)	(55, 36.07259537487111)	(60, 36.56731845632642)	(65, 36.919492929739285)	(70, 36.579174031521575)	(75, 36.15362350861689)	(80, 36.66182059213433)	(85, 36.13668618353218)	(90, 36.129619605243775)	(95, 35.9023272941523)	(100, 34.07405361614376)	(105, 35.06412947414936)	(110, 35.55057814111062)	(115, 34.801167329503606)	(120, 34.67025335100899)	(125, 31.29442664604507)	(130, 35.19091729267933)	(135, 35.14691964943291)	(140, 34.50086721166593)	(145, 32.91003829724554)	(150, 31.753905214317278)	(155, 34.148819782000295)	(160, 33.168106495802036)	(165, 30.07629621446457)	(170, 32.28916077478274)	(175, 31.508926204153784)	(180, 29.990134776844894)	(185, 30.2569874060981)	(190, 30.896219988216227)	(195, 28.59611872146119)	(200, 26.366283694211223)	(205, 26.506441776174434)	(210, 26.374981357539383)	(215, 23.858653119217628)	(220, 23.345646569511935)	(225, 22.042573719630646)	(230, 22.019552388580475)	(235, 21.157538206591788)	(240, 19.781631375437307)	(245, 19.697428733293883)	(250, 19.138721508812104)
SRR8438107	(1, 29.071428571428573)	(2, 30.642857142857142)	(3, 31.5)	(4, 31.285714285714285)	(5, 32.357142857142854)	(6, 33.357142857142854)	(7, 32.42857142857143)	(8, 32.57142857142857)	(9, 33.92857142857143)	(10, 34.028571428571425)	(15, 35.24285714285715)	(20, 33.49999999999999)	(25, 34.92857142857143)	(30, 35.51428571428571)	(35, 34.628571428571426)	(40, 35.05714285714286)	(45, 35.6)	(50, 33.75714285714285)	(55, 36.54285714285714)	(60, 36.728571428571435)	(65, 35.9)	(70, 35.78571428571429)	(75, 36.47142857142857)	(80, 36.1)	(85, 35.22857142857143)	(90, 34.91428571428572)	(95, 35.34285714285714)	(100, 35.728571428571435)	(105, 35.957142857142856)	(110, 34.44285714285714)	(115, 36.55714285714286)	(120, 34.01428571428572)	(125, 34.65714285714286)	(130, 34.142857142857146)	(135, 33.31428571428572)	(140, 33.614285714285714)	(145, 32.24285714285715)	(150, 30.571428571428573)	(155, 28.342857142857145)	(160, 30.457142857142856)	(165, 26.957142857142856)	(170, 29.271428571428572)	(175, 31.58571428571429)	(180, 30.185714285714283)	(185, 29.571428571428566)	(190, 27.971428571428568)	(195, 28.114285714285717)	(200, 27.942857142857143)	(205, 25.414285714285718)	(210, 29.428571428571427)	(215, 27.342857142857145)	(220, 25.071428571428573)	(225, 21.32857142857143)	(230, 24.2)	(235, 21.24285714285714)	(240, 21.842857142857145)	(245, 22.94285714285714)	(250, 15.278571428571428)
SRR8438107_1	(1, 32.343317452073975)	(2, 31.92513604443742)	(3, 31.532278095152076)	(4, 32.21979361889493)	(5, 31.687413913789598)	(6, 31.270259895680447)	(7, 32.478108700069996)	(8, 31.53794567254499)	(9, 32.44777248402466)	(10, 33.13494704992436)	(15, 36.12388285501389)	(20, 35.96133628378531)	(25, 35.61906654322938)	(30, 37.56841285253008)	(35, 36.63381127644682)	(40, 36.762246257366726)	(45, 36.10388150021451)	(50, 36.7724749926615)	(55, 35.866945153205236)	(60, 37.23472802402511)	(65, 35.89894777248402)	(70, 36.02265224557997)	(75, 36.55922053875855)	(80, 36.580009935195434)	(85, 34.80958294759184)	(90, 36.57898931966491)	(95, 36.212802854110684)	(100, 36.41505859507305)	(105, 35.14991758303792)	(110, 35.864655542258454)	(115, 35.63526768577687)	(120, 34.54183620475534)	(125, 34.84747894415968)	(130, 33.2042382640504)	(135, 32.55184817214984)	(140, 33.18625330232348)	(145, 34.98850904328584)	(150, 33.265515839862715)	(155, 33.260381150224674)	(160, 32.485517194662094)	(165, 33.23638539526272)	(170, 30.95498227470815)	(175, 32.67748549235667)	(180, 32.21688757423171)	(185, 32.55568225438616)	(190, 32.91094677896448)	(195, 30.73501930589112)	(200, 31.11672274030754)	(205, 32.646049630817174)	(210, 31.317228532074875)	(215, 32.43640120125545)	(220, 29.45997019441371)	(225, 28.338923386095246)	(230, 30.204502449928874)	(235, 30.442265224557996)	(240, 29.896576799440748)	(245, 30.499457370002425)	(250, 29.735753003272173)
SRR8438107_2	(1, 27.066994829182377)	(2, 27.151387540361732)	(3, 30.331011357734777)	(4, 30.90196897509427)	(5, 28.793505994987243)	(6, 34.52995235622192)	(7, 34.27284530449116)	(8, 32.48384401743175)	(9, 33.48641813624766)	(10, 33.912590602208326)	(15, 34.59442274256554)	(20, 33.35619707814934)	(25, 33.1819676202949)	(30, 33.25713188971933)	(35, 32.178300629981706)	(40, 34.20023031589405)	(45, 35.30803847630231)	(50, 34.038950482082775)	(55, 35.01952491701854)	(60, 35.10261476279721)	(65, 34.80174994919502)	(70, 32.32159550206607)	(75, 33.83429223022557)	(80, 35.080084449161156)	(85, 35.36567841578793)	(90, 33.07392914399259)	(95, 33.42132002619279)	(100, 31.47847449590173)	(105, 31.679488337435362)	(110, 31.51371960168898)	(115, 32.26435297039764)	(120, 31.444688057443493)	(125, 30.577598392304743)	(130, 33.44632059069253)	(135, 34.309305213719604)	(140, 32.75419874906858)	(145, 30.19025447648294)	(150, 30.387199403888275)	(155, 33.14109558109603)	(160, 31.082015038273084)	(165, 27.71204190846072)	(170, 28.331939395307877)	(175, 30.22689050963037)	(180, 27.072544990629304)	(185, 29.308564590060293)	(190, 27.12649812443516)	(195, 26.027744843985666)	(200, 24.26484737639713)	(205, 25.04639094942926)	(210, 22.67282539969289)	(215, 21.647951856200887)	(220, 21.499353724679217)	(225, 22.419519685661705)	(230, 21.032575999686504)	(235, 21.16368994523796)	(240, 20.99300075916242)	(245, 19.895442386663444)	(250, 20.69174658062327)
SRR8438108	(1, 30.636363636363637)	(2, 30.454545454545453)	(3, 31.727272727272727)	(4, 30.636363636363637)	(5, 30.90909090909091)	(6, 30.09090909090909)	(7, 32.54545454545455)	(8, 32.09090909090909)	(9, 33.18181818181818)	(10, 29.563636363636363)	(15, 32.05454545454545)	(20, 31.527272727272724)	(25, 30.727272727272727)	(30, 32.127272727272725)	(35, 33.18181818181819)	(40, 32.018181818181816)	(45, 33.27272727272727)	(50, 33.03636363636364)	(55, 33.4)	(60, 33.32727272727273)	(65, 34.78181818181818)	(70, 33.34545454545455)	(75, 34.2)	(80, 34.10909090909091)	(85, 33.03636363636364)	(90, 33.70909090909091)	(95, 32.09090909090909)	(100, 34.054545454545455)	(105, 34.472727272727276)	(110, 32.61818181818182)	(115, 34.509090909090915)	(120, 33.527272727272724)	(125, 33.78181818181819)	(130, 34.38181818181818)	(135, 34.92727272727273)	(140, 31.909090909090907)	(145, 33.25454545454546)	(150, 28.4)	(155, 31.636363636363637)	(160, 31.43636363636363)	(165, 29.67272727272727)	(170, 29.763636363636362)	(175, 28.909090909090914)	(180, 29.636363636363637)	(185, 30.727272727272727)	(190, 28.745454545454542)	(195, 28.254545454545458)	(200, 25.163636363636364)	(205, 22.29090909090909)	(210, 24.254545454545454)	(215, 23.87272727272727)	(220, 21.618181818181817)	(225, 22.272727272727273)	(230, 22.0)	(235, 17.672727272727272)	(240, 18.781818181818185)	(245, 17.672727272727272)	(250, 16.94642857142857)
SRR8438108_1	(1, 31.505765957987247)	(2, 31.765678579593082)	(3, 31.52460057405573)	(4, 32.15514745104016)	(5, 31.28208742919556)	(6, 31.988480784373493)	(7, 32.86645584089004)	(8, 31.663618583149177)	(9, 32.380807234118215)	(10, 33.30176026823135)	(15, 36.03066880032513)	(20, 35.88984226167797)	(25, 35.47846274987935)	(30, 37.06009296654729)	(35, 36.4563184231248)	(40, 36.461251238283936)	(45, 36.10719093703167)	(50, 36.45272422464375)	(55, 35.84322182427799)	(60, 36.82077776931088)	(65, 36.22991439965455)	(70, 36.073082882470985)	(75, 36.25531001549442)	(80, 36.477111432853256)	(85, 34.6882318575529)	(90, 36.41682542101654)	(95, 35.90560593360258)	(100, 36.19586222662501)	(105, 35.57389316467271)	(110, 36.05378851380527)	(115, 35.46932865960527)	(120, 34.8378698976352)	(125, 34.90345195458356)	(130, 33.96667428687546)	(135, 33.555116970204985)	(140, 33.57473138764002)	(145, 34.612827351469434)	(150, 33.544860169168636)	(155, 33.04288399502146)	(160, 32.44248774416419)	(165, 32.62423988417283)	(170, 30.88729711194087)	(175, 33.2358022809825)	(180, 32.00708171403896)	(185, 31.99726180497346)	(190, 32.06789352028245)	(195, 30.59853437984201)	(200, 31.397447230054105)	(205, 31.9628692626178)	(210, 30.609502400365766)	(215, 31.777149533897227)	(220, 29.405710076456096)	(225, 29.089087861007393)	(230, 30.21891335822602)	(235, 28.65037974040489)	(240, 28.88658750032112)	(245, 27.72315190661651)	(250, 24.227249215230444)
SRR8438108_2	(1, 25.88250908074881)	(2, 26.087251390688106)	(3, 29.981228885671467)	(4, 29.893672686631614)	(5, 28.603952348294342)	(6, 31.82034087734004)	(7, 33.119268967969724)	(8, 32.406423836013104)	(9, 30.93225634382382)	(10, 31.83069166095151)	(15, 33.04507607508445)	(20, 32.04985648606772)	(25, 32.184891666031646)	(30, 31.988871955091565)	(35, 30.792412812111053)	(40, 33.09886458888973)	(45, 34.39165333130128)	(50, 32.68765272168457)	(55, 34.01902258121872)	(60, 34.285356498768074)	(65, 32.84192892885265)	(70, 31.60573293708248)	(75, 32.98111458253956)	(80, 33.26907719271507)	(85, 34.15463181691178)	(90, 32.55511697020498)	(95, 32.19493510122178)	(100, 31.071871269272776)	(105, 31.088087073585815)	(110, 29.993184993268812)	(115, 30.902103177627065)	(120, 30.082112829891535)	(125, 31.262226625009525)	(130, 32.57250120653306)	(135, 32.2927252406716)	(140, 30.08068531077752)	(145, 28.752675963321394)	(150, 29.55268358353019)	(155, 30.495227209225533)	(160, 28.594683634331584)	(165, 26.512403159846578)	(170, 26.622200208285705)	(175, 27.168990830348754)	(180, 25.166466001168434)	(185, 25.927559755137292)	(190, 24.943169758577408)	(195, 24.62572181399859)	(200, 23.03124554674813)	(205, 23.758604858867805)	(210, 21.279901214199946)	(215, 20.36761485130534)	(220, 19.866088285866784)	(225, 20.777295288273255)	(230, 20.023184275157845)	(235, 19.69049777873587)	(240, 19.159613978011404)	(245, 18.552764211935674)	(250, 19.431404350710856)
SRR8438109	(1, 28.818181818181817)	(2, 30.363636363636363)	(3, 30.181818181818183)	(4, 31.818181818181817)	(5, 30.545454545454547)	(6, 33.0)	(7, 36.54545454545455)	(8, 35.54545454545455)	(9, 32.72727272727273)	(10, 33.290909090909096)	(15, 33.30909090909091)	(20, 32.41818181818182)	(25, 32.50909090909091)	(30, 32.54545454545455)	(35, 35.163636363636364)	(40, 32.83636363636363)	(45, 34.4)	(50, 34.727272727272734)	(55, 33.8)	(60, 36.16363636363637)	(65, 34.72727272727273)	(70, 33.85454545454546)	(75, 35.090909090909086)	(80, 34.054545454545455)	(85, 32.945454545454545)	(90, 35.054545454545455)	(95, 34.163636363636364)	(100, 34.89090909090909)	(105, 34.61818181818182)	(110, 33.36363636363636)	(115, 34.34545454545455)	(120, 34.30909090909091)	(125, 32.83636363636364)	(130, 34.70909090909091)	(135, 34.69090909090909)	(140, 32.63636363636364)	(145, 27.672727272727276)	(150, 30.74545454545455)	(155, 28.01818181818182)	(160, 29.81818181818182)	(165, 27.890909090909087)	(170, 28.472727272727276)	(175, 28.072727272727274)	(180, 28.236363636363638)	(185, 28.309090909090905)	(190, 26.78181818181818)	(195, 26.672727272727276)	(200, 24.89090909090909)	(205, 26.18181818181818)	(210, 26.01818181818182)	(215, 26.254545454545458)	(220, 25.418181818181818)	(225, 21.181818181818183)	(230, 23.254545454545454)	(235, 21.709090909090907)	(240, 18.836363636363636)	(245, 20.556363636363635)	(250, 19.983333333333334)
SRR8438109_1	(1, 32.401036972633676)	(2, 31.99973492519589)	(3, 31.590756311431086)	(4, 32.22241896663238)	(5, 31.857718448146066)	(6, 31.308239585210945)	(7, 32.52175203842524)	(8, 31.595633687826705)	(9, 32.387571172584906)	(10, 33.146297965285804)	(15, 36.16562934059992)	(20, 36.05858365230668)	(25, 35.70344279155577)	(30, 37.67457084389215)	(35, 36.746912938831336)	(40, 36.886876676598135)	(45, 36.15449831942574)	(50, 36.670459003530794)	(55, 35.96951851812582)	(60, 37.26596757604996)	(65, 36.23031183399955)	(70, 36.21950950558248)	(75, 36.745736006701094)	(80, 36.8116293618059)	(85, 34.94259752102043)	(90, 36.94406921633285)	(95, 36.51736452026762)	(100, 37.144718119453316)	(105, 36.19057606056429)	(110, 36.68469458081071)	(115, 36.47532789753268)	(120, 35.25800048773764)	(125, 35.12530616139874)	(130, 34.15070244823089)	(135, 33.4235492455971)	(140, 34.21305864514966)	(145, 35.72654883208041)	(150, 34.27599800663747)	(155, 34.05314643792478)	(160, 33.1889771293459)	(165, 34.03690901572424)	(170, 31.782606851653536)	(175, 33.74863062356197)	(180, 33.37709329572806)	(185, 33.07295282728786)	(190, 33.64309904254981)	(195, 31.605216672144877)	(200, 31.87190525166202)	(205, 33.38090613171037)	(210, 32.33041892422041)	(215, 33.217439801511986)	(220, 30.388690848557463)	(225, 29.845033028320586)	(230, 31.051755325352815)	(235, 31.007487833066495)	(240, 31.443674326673516)	(245, 30.97813857554275)	(250, 28.092309344357012)
SRR8438109_2	(1, 24.355369885381656)	(2, 27.312650429951333)	(3, 30.152471027323912)	(4, 31.003594414343727)	(5, 29.106676704165917)	(6, 31.52017219259275)	(7, 33.02508667946094)	(8, 33.605579294476904)	(9, 33.534019700359444)	(10, 30.2457625141815)	(15, 33.84742506335287)	(20, 32.60264862744267)	(25, 32.36658360989471)	(30, 33.14276080709976)	(35, 31.74949158652572)	(40, 34.08516747426124)	(45, 35.29062589462747)	(50, 33.991931122962896)	(55, 35.15734204192423)	(60, 34.84055220383192)	(65, 34.57251280311304)	(70, 31.94280109846999)	(75, 33.46124500333995)	(80, 34.63362632935014)	(85, 35.38307338330877)	(90, 32.80176645849458)	(95, 33.29994380414153)	(100, 31.411476678718735)	(105, 31.91009086764285)	(110, 31.116367839004162)	(115, 32.32041182021567)	(120, 31.367264321991666)	(125, 31.986010412138306)	(130, 33.93777528018407)	(135, 34.420624940358174)	(140, 32.55795489487133)	(145, 30.482930242914552)	(150, 30.587904106538865)	(155, 33.1812114978847)	(160, 31.112306893005204)	(165, 27.696875298209154)	(170, 28.18577078451539)	(175, 30.042666440469503)	(180, 26.871052771092003)	(185, 29.20015904488247)	(190, 27.351808673172787)	(195, 26.110210295849594)	(200, 23.982310883098705)	(205, 25.19353848994337)	(210, 21.978810736594372)	(215, 21.503646614852244)	(220, 21.376156596649874)	(225, 22.41063236370192)	(230, 21.04631515686599)	(235, 21.011894586139245)	(240, 20.34443392880284)	(245, 19.952485313008303)	(250, 20.958345562766503)
SRR8438110	(1, 31.0)	(2, 32.333333333333336)	(3, 32.0)	(4, 32.0)	(5, 27.0)	(6, 29.333333333333332)	(7, 27.0)	(8, 28.0)	(9, 35.0)	(10, 27.46666666666667)	(15, 33.6)	(20, 35.53333333333333)	(25, 34.4)	(30, 32.266666666666666)	(35, 33.33333333333333)	(40, 29.8)	(45, 31.266666666666662)	(50, 35.266666666666666)	(55, 35.666666666666664)	(60, 33.66666666666667)	(65, 35.6)	(70, 34.333333333333336)	(75, 29.8)	(80, 32.8)	(85, 28.06666666666667)	(90, 32.86666666666667)	(95, 32.66666666666667)	(100, 31.0)	(105, 32.93333333333332)	(110, 34.2)	(115, 32.0)	(120, 36.66666666666667)	(125, 35.33333333333333)	(130, 34.8)	(135, 33.60000000000001)	(140, 31.46666666666666)	(145, 32.86666666666666)	(150, 35.60000000000001)	(155, 31.8)	(160, 30.333333333333332)	(165, 31.46666666666666)	(170, 31.2)	(175, 31.53333333333334)	(180, 29.4)	(185, 27.866666666666667)	(190, 25.866666666666667)	(195, 25.866666666666664)	(200, 27.6)	(205, 25.4)	(210, 28.53333333333333)	(215, 26.333333333333336)	(220, 24.133333333333333)	(225, 18.333333333333336)	(230, 19.4)	(235, 20.6)	(240, 20.2)	(245, 18.8)	(250, 15.666666666666668)
SRR8438110_1	(1, 32.329484113426716)	(2, 32.06434916296549)	(3, 31.786573283225145)	(4, 31.921182097710968)	(5, 31.635172531602322)	(6, 30.535548343013325)	(7, 31.923385719166383)	(8, 31.205124701059106)	(9, 31.813853775196446)	(10, 32.74011957635805)	(15, 35.88586265801162)	(20, 36.23050222070379)	(25, 34.70404509736932)	(30, 35.11870515886574)	(35, 35.3460642295866)	(40, 36.578056030064914)	(45, 35.96793987017424)	(50, 36.28778954560984)	(55, 35.92895114451657)	(60, 36.92674752306116)	(65, 35.43778612914247)	(70, 36.12437991117185)	(75, 36.6745746498121)	(80, 36.38006491288009)	(85, 35.09721216262385)	(90, 36.744291083020165)	(95, 36.120051247010586)	(100, 36.709948752989405)	(105, 36.15247352237786)	(110, 36.73359754014349)	(115, 36.23995900239153)	(120, 35.267058421592075)	(125, 34.68097027673385)	(130, 35.003553126067644)	(135, 33.60253501879057)	(140, 34.900304065596174)	(145, 36.12415442432525)	(150, 34.23516569866758)	(155, 34.500703792278784)	(160, 33.06512128459174)	(165, 34.30927229244961)	(170, 33.78020498804237)	(175, 35.25200888281516)	(180, 32.60282200204988)	(185, 33.75949777929621)	(190, 33.79988042364196)	(195, 31.834564400409977)	(200, 33.35846600614964)	(205, 34.53604373078237)	(210, 33.464291083020164)	(215, 33.92827468397677)	(220, 32.98553126067646)	(225, 32.78720874615647)	(230, 31.527519644687395)	(235, 31.01415442432525)	(240, 32.476764605398024)	(245, 31.913911991635853)	(250, 29.98677867320071)
SRR8438110_2	(1, 29.51159890673044)	(2, 31.816894431158182)	(3, 31.66827810044414)	(4, 29.984899214212504)	(5, 28.43196105227195)	(6, 30.433105568841818)	(7, 31.395439016057395)	(8, 33.77625555175948)	(9, 33.5864537068671)	(10, 32.8387461564742)	(15, 33.18046122309532)	(20, 32.08357704133925)	(25, 32.494376494704476)	(30, 31.25763580457807)	(35, 32.90059446532286)	(40, 35.61699009224462)	(45, 36.26022207037923)	(50, 34.31449607106252)	(55, 35.33009907755381)	(60, 35.60438332763922)	(65, 34.43065254526819)	(70, 34.982029381619405)	(75, 34.99886231636488)	(80, 35.246880765288694)	(85, 35.399812094294504)	(90, 33.049388452340274)	(95, 33.789443115818244)	(100, 32.54325930987359)	(105, 34.457229244960715)	(110, 34.2341475913905)	(115, 34.38012299282541)	(120, 34.41209087803212)	(125, 34.3162282200205)	(130, 35.197874957294154)	(135, 34.94916979842843)	(140, 34.49432866416125)	(145, 32.59167065254527)	(150, 32.90800819952169)	(155, 34.16564400409976)	(160, 32.67269900922446)	(165, 30.24903655620089)	(170, 31.23370686709942)	(175, 31.13158182439357)	(180, 31.989965835326274)	(185, 31.71201913221729)	(190, 31.225517594806966)	(195, 30.66288691492996)	(200, 29.614021182097712)	(205, 29.504396993508713)	(210, 26.56901693691566)	(215, 27.150597037872195)	(220, 25.90981397017373)	(225, 27.44364193003107)	(230, 25.79994914684483)	(235, 24.46380326100896)	(240, 23.735000683340168)	(245, 26.091362373327115)	(250, 21.37863426202607)
SRR8438111	(1, 31.05)	(2, 30.4)	(3, 31.1)	(4, 32.2)	(5, 32.1)	(6, 34.55)	(7, 33.6)	(8, 33.85)	(9, 33.3)	(10, 32.54)	(15, 33.39)	(20, 33.85)	(25, 32.64)	(30, 31.43)	(35, 34.31)	(40, 34.6)	(45, 35.36)	(50, 34.010000000000005)	(55, 35.62)	(60, 35.54)	(65, 35.2)	(70, 35.589999999999996)	(75, 33.36)	(80, 36.14)	(85, 34.879999999999995)	(90, 35.12)	(95, 34.98)	(100, 35.13)	(105, 36.489999999999995)	(110, 35.15)	(115, 34.760000000000005)	(120, 35.31)	(125, 36.45)	(130, 36.089999999999996)	(135, 35.71)	(140, 34.79)	(145, 36.2)	(150, 35.28)	(155, 34.17999999999999)	(160, 34.22)	(165, 33.120000000000005)	(170, 32.93)	(175, 32.239999999999995)	(180, 29.859999999999996)	(185, 28.27)	(190, 27.02)	(195, 26.660000000000004)	(200, 25.490000000000002)	(205, 25.520000000000003)	(210, 29.089999999999996)	(215, 26.879999999999995)	(220, 25.110000000000003)	(225, 23.060000000000002)	(230, 20.439999999999998)	(235, 17.919999999999998)	(240, 17.66)	(245, 18.41)	(250, 18.175)
SRR8438111_1	(1, 32.30345467909784)	(2, 31.855739100158612)	(3, 31.48814267476498)	(4, 31.512321559828234)	(5, 31.59153803499813)	(6, 29.744722555353526)	(7, 31.404928623931294)	(8, 30.648380981856164)	(9, 31.359407842985544)	(10, 32.065356493481374)	(15, 35.5585206390963)	(20, 35.83242678633603)	(25, 34.535187692625115)	(30, 35.09349426799231)	(35, 35.17255599829781)	(40, 36.61368976233768)	(45, 35.393098379047544)	(50, 36.575604472126585)	(55, 35.681694972081445)	(60, 37.26015964511845)	(65, 35.548988355448955)	(70, 36.360676750873665)	(75, 37.04549499013501)	(80, 36.08440300720853)	(85, 35.703642952016196)	(90, 36.70260616142468)	(95, 36.92811843140289)	(100, 37.444600049002545)	(105, 36.09430667853044)	(110, 36.752132255277445)	(115, 35.67733632506738)	(120, 36.523218177363404)	(125, 35.949504171663634)	(130, 35.81107973229139)	(135, 33.302077449804635)	(140, 34.603435335989786)	(145, 35.420573329722615)	(150, 33.92863424761757)	(155, 34.0937470179375)	(160, 33.108863012108785)	(165, 34.45453209021626)	(170, 34.13145834139296)	(175, 35.05889589539247)	(180, 33.026804389595995)	(185, 34.58292390421293)	(190, 34.58451261815415)	(195, 32.110376932698884)	(200, 32.50077243478149)	(205, 34.0255612725186)	(210, 33.409986201916254)	(215, 33.47017421692651)	(220, 33.18417733761461)	(225, 32.08441074445175)	(230, 31.34351812449225)	(235, 30.870942783086388)	(240, 32.73998194436436)	(245, 32.04542079819834)	(250, 28.28798069356438)
SRR8438111_2	(1, 31.43862431815544)	(2, 30.916231446735527)	(3, 30.254116858163435)	(4, 30.072820354107833)	(5, 29.67561607799141)	(6, 35.26445897326782)	(7, 32.43260216384902)	(8, 29.651101912388615)	(9, 31.209176370459204)	(10, 33.584963957342)	(15, 33.118170915702734)	(20, 32.883807239480575)	(25, 32.051174126658665)	(30, 31.53100184404297)	(35, 32.44765626007454)	(40, 35.45594800572557)	(45, 36.15673333591242)	(50, 31.99148645337666)	(55, 34.562791597353865)	(60, 35.342259532928416)	(65, 34.244151288895765)	(70, 34.68694340206584)	(75, 34.13304705533418)	(80, 35.21215005093685)	(85, 34.639532154693285)	(90, 32.66470914413195)	(95, 32.76868479760661)	(100, 31.483879453750625)	(105, 34.34650727945633)	(110, 34.287629437631374)	(115, 33.802483655073694)	(120, 33.13535791197596)	(125, 31.643681896140407)	(130, 33.80893651591938)	(135, 33.28749790449663)	(140, 34.11867383651205)	(145, 30.50905386410822)	(150, 31.926681883245003)	(155, 33.54693024875237)	(160, 29.8291797232646)	(165, 27.665268804724878)	(170, 28.831516370717118)	(175, 31.734666718248285)	(180, 32.28602782828479)	(185, 30.812168104504366)	(190, 31.44469031684011)	(195, 30.361041545713693)	(200, 29.584538010187636)	(205, 29.021370294802033)	(210, 27.15248376295124)	(215, 27.578716050656418)	(220, 26.50912537721493)	(225, 27.856893594920585)	(230, 26.149767358723267)	(235, 24.376192078887062)	(240, 23.428869556150982)	(245, 26.015334782275307)	(250, 20.901536994538155)
SRR8438112	(1, 27.428571428571427)	(2, 27.857142857142858)	(3, 29.428571428571427)	(4, 32.0)	(5, 32.57142857142857)	(6, 34.857142857142854)	(7, 34.142857142857146)	(8, 35.0)	(9, 32.57142857142857)	(10, 33.51428571428572)	(15, 34.542857142857144)	(20, 35.65714285714286)	(25, 34.8)	(30, 33.65714285714286)	(35, 34.68571428571429)	(40, 35.171428571428564)	(45, 34.57142857142857)	(50, 33.8)	(55, 35.828571428571436)	(60, 37.71428571428571)	(65, 34.114285714285714)	(70, 35.142857142857146)	(75, 36.57142857142857)	(80, 34.542857142857144)	(85, 34.17142857142858)	(90, 35.57142857142857)	(95, 37.628571428571426)	(100, 35.457142857142856)	(105, 36.97142857142857)	(110, 35.94285714285714)	(115, 36.51428571428571)	(120, 36.54285714285714)	(125, 37.371428571428574)	(130, 36.08571428571429)	(135, 36.51428571428572)	(140, 34.8)	(145, 36.34285714285714)	(150, 31.82857142857143)	(155, 33.22857142857143)	(160, 32.628571428571426)	(165, 29.657142857142855)	(170, 28.914285714285718)	(175, 35.4)	(180, 36.11428571428572)	(185, 33.8)	(190, 28.485714285714288)	(195, 29.942857142857143)	(200, 30.828571428571433)	(205, 28.4)	(210, 31.71428571428571)	(215, 31.085714285714282)	(220, 27.8)	(225, 26.2)	(230, 29.8)	(235, 27.88571428571429)	(240, 23.97142857142857)	(245, 24.942857142857143)	(250, 15.595238095238095)
SRR8438112_1	(1, 32.23907237436052)	(2, 31.882203581101415)	(3, 31.58975323502859)	(4, 32.014237887451095)	(5, 31.649695305446887)	(6, 32.16455386698766)	(7, 33.13589000902799)	(8, 31.37721938007824)	(9, 32.31370373156786)	(10, 33.19836743906109)	(15, 36.06084110743304)	(20, 35.934532049352995)	(25, 35.559426722840804)	(30, 37.48481417393922)	(35, 36.62483824857056)	(40, 36.7499699067108)	(45, 35.84239015949443)	(50, 36.4284306349684)	(55, 35.728592386397835)	(60, 36.86082229912729)	(65, 36.438267378874514)	(70, 36.10630078242552)	(75, 36.53910246764972)	(80, 36.30279115257298)	(85, 34.828430634968406)	(90, 36.22651218778212)	(95, 35.776767980740296)	(100, 35.86282350285886)	(105, 34.72853219981945)	(110, 35.18334336442973)	(115, 34.75658290701173)	(120, 34.134772795666564)	(125, 33.99078016852242)	(130, 33.099819440264824)	(135, 32.47147532350286)	(140, 33.223784983448695)	(145, 34.40941919951851)	(150, 33.33310261811616)	(155, 33.156424917243456)	(160, 32.468642792657235)	(165, 32.86432816731869)	(170, 30.825530394222092)	(175, 32.802539121275956)	(180, 32.12208471260909)	(185, 32.05653776707794)	(190, 32.3725022569967)	(195, 30.588049202527834)	(200, 30.903968552512787)	(205, 32.29692672284081)	(210, 31.132410472464635)	(215, 31.938083057478185)	(220, 29.963049202527838)	(225, 29.789711856755947)	(230, 30.034426722840806)	(235, 29.722858478418992)	(240, 30.568013392017455)	(245, 29.89135997627765)	(250, 25.24740363772722)
SRR8438112_2	(1, 30.84454935299428)	(2, 30.28825609389106)	(3, 30.799672735479987)	(4, 30.490915588323805)	(5, 29.598216972615106)	(6, 31.020801986157085)	(7, 33.97837044839001)	(8, 34.39059208546494)	(9, 31.01395576286488)	(10, 29.911616009629846)	(15, 32.99507222389407)	(20, 31.31778513391514)	(25, 31.305476978633767)	(30, 32.35536036713813)	(35, 30.267085464941317)	(40, 32.70156485103822)	(45, 33.956492627144144)	(50, 31.910077490219685)	(55, 33.9736570869696)	(60, 33.716957568462234)	(65, 33.17145275353596)	(70, 31.442239693048453)	(75, 31.86760081251881)	(80, 33.23640535660548)	(85, 33.87308155281372)	(90, 31.149168672885946)	(95, 31.924597502257)	(100, 29.800109088173336)	(105, 29.8758651820644)	(110, 28.780823051459528)	(115, 30.40799729160397)	(120, 30.23899337947638)	(125, 30.32700872705386)	(130, 32.0870147457117)	(135, 32.00452527836293)	(140, 29.91195832079446)	(145, 28.841212759554615)	(150, 28.55505191092386)	(155, 30.551271441468554)	(160, 28.644244658441163)	(165, 25.45052663256094)	(170, 25.909588474270237)	(175, 27.389030996087875)	(180, 25.31267679807403)	(185, 26.70616912428528)	(190, 25.66960577791152)	(195, 24.24307321530797)	(200, 22.765203270103555)	(205, 23.724441441472585)	(210, 20.5579971032485)	(215, 20.55784154089026)	(220, 20.34957863054928)	(225, 21.31097441685478)	(230, 20.24828790577881)	(235, 19.863477145958665)	(240, 19.50863087399827)	(245, 18.89616946255206)	(250, 19.59552559648152)
SRR8438113	(1, 30.53846153846154)	(2, 28.76923076923077)	(3, 31.76923076923077)	(4, 31.846153846153847)	(5, 31.615384615384617)	(6, 36.38461538461539)	(7, 34.76923076923077)	(8, 32.23076923076923)	(9, 34.07692307692308)	(10, 34.69230769230769)	(15, 34.87692307692308)	(20, 34.98461538461539)	(25, 36.95384615384616)	(30, 35.36923076923077)	(35, 35.400000000000006)	(40, 35.46153846153847)	(45, 36.89230769230769)	(50, 35.46153846153847)	(55, 36.69230769230769)	(60, 36.2)	(65, 37.276923076923076)	(70, 36.55384615384615)	(75, 36.6)	(80, 36.55384615384615)	(85, 34.676923076923075)	(90, 37.261538461538464)	(95, 36.04615384615384)	(100, 35.86153846153846)	(105, 36.36923076923076)	(110, 36.49230769230769)	(115, 37.138461538461534)	(120, 35.56923076923077)	(125, 36.61538461538462)	(130, 35.63076923076923)	(135, 35.90769230769231)	(140, 35.8)	(145, 34.69230769230769)	(150, 31.969230769230773)	(155, 31.923076923076927)	(160, 33.184615384615384)	(165, 29.69230769230769)	(170, 31.907692307692308)	(175, 32.92307692307692)	(180, 30.538461538461537)	(185, 29.89230769230769)	(190, 27.507692307692302)	(195, 25.246153846153845)	(200, 25.923076923076923)	(205, 25.52307692307692)	(210, 26.046153846153846)	(215, 27.10769230769231)	(220, 22.52307692307692)	(225, 21.707692307692305)	(230, 23.015384615384615)	(235, 21.692307692307693)	(240, 21.430769230769233)	(245, 19.784615384615385)	(250, 15.39423076923077)
SRR8438113_1	(1, 31.99360008235819)	(2, 31.87819566933187)	(3, 31.700113242510554)	(4, 32.22892145087677)	(5, 30.399454376994612)	(6, 31.550718918362445)	(7, 32.6693147112316)	(8, 30.88025462406918)	(9, 31.459816066710133)	(10, 33.32195188909097)	(15, 36.29388833602142)	(20, 35.97537833293298)	(25, 35.68309598160668)	(30, 37.46613362616246)	(35, 36.63313887649703)	(40, 36.55429463642291)	(45, 35.93991283758278)	(50, 36.60440959472908)	(55, 34.83262413781271)	(60, 36.93745924985416)	(65, 36.23364332040767)	(70, 34.42868123949076)	(75, 36.04152911705158)	(80, 35.31303661507841)	(85, 34.657585532411375)	(90, 35.73694107957861)	(95, 35.74005696441439)	(100, 36.233173192409325)	(105, 34.77157269826019)	(110, 35.09095432552074)	(115, 34.63884561271061)	(120, 34.82695514910264)	(125, 34.1528293469682)	(130, 33.28131841735012)	(135, 32.795943859167494)	(140, 33.16887546755431)	(145, 33.66264712947394)	(150, 32.72826944854329)	(155, 32.94639854500532)	(160, 32.17132905528293)	(165, 32.99712432655023)	(170, 30.944789128718988)	(175, 32.39886414330325)	(180, 31.686654541710993)	(185, 32.40343159122885)	(190, 32.599251913112106)	(195, 30.388425242785075)	(200, 30.93948045708795)	(205, 32.7419717923201)	(210, 31.420304725301122)	(215, 32.40710339384373)	(220, 30.297800350022307)	(225, 30.51471809478055)	(230, 29.582677327476752)	(235, 29.729814556527366)	(240, 30.733299587193205)	(245, 29.616539807643328)	(250, 24.882808282441143)
SRR8438113_2	(1, 26.06003568854878)	(2, 29.175508733399678)	(3, 28.798720016471638)	(4, 29.636337119522324)	(5, 28.953622044542055)	(6, 33.07546069112247)	(7, 32.14392093613809)	(8, 34.03488212484129)	(9, 32.994629559726846)	(10, 32.6240245701932)	(15, 33.45798702858516)	(20, 32.14243505713599)	(25, 32.68965718403624)	(30, 32.90141038399506)	(35, 30.90222023952507)	(40, 32.62649188428675)	(45, 34.46937991146495)	(50, 32.63054116193679)	(55, 34.08629079304073)	(60, 34.35094540338355)	(65, 33.407412237054324)	(70, 32.887406060190116)	(75, 32.09350399780378)	(80, 33.10192512267938)	(85, 33.65679283483752)	(90, 31.081061048007957)	(95, 31.58383034212965)	(100, 30.297673381146843)	(105, 30.31919975292543)	(110, 28.128907724511855)	(115, 29.955701588826734)	(120, 29.79064205071892)	(125, 31.768487697745446)	(130, 32.18826395799732)	(135, 31.270622147489792)	(140, 30.4358944442538)	(145, 28.359164064376653)	(150, 28.890751861638243)	(155, 30.360334236985693)	(160, 27.866267458220374)	(165, 26.667372430596068)	(170, 26.668360728869978)	(175, 26.877210802649188)	(180, 26.434985072578154)	(185, 26.67841872276174)	(190, 25.413711432303543)	(195, 24.26213665534164)	(200, 23.45089055904458)	(205, 23.498860635281865)	(210, 19.523734322852313)	(215, 20.93596098766235)	(220, 20.653922325764988)	(225, 21.375928468456102)	(230, 19.961570009365573)	(235, 19.86398819228723)	(240, 19.52051075222682)	(245, 18.195186388172434)	(250, 18.957079083828763)
SRR8438114	(1, 27.833333333333332)	(2, 30.25)	(3, 28.166666666666668)	(4, 32.166666666666664)	(5, 32.25)	(6, 35.833333333333336)	(7, 32.833333333333336)	(8, 34.583333333333336)	(9, 33.916666666666664)	(10, 34.25000000000001)	(15, 36.63333333333333)	(20, 35.06666666666667)	(25, 32.53333333333333)	(30, 34.93333333333333)	(35, 34.06666666666667)	(40, 35.516666666666666)	(45, 34.78333333333333)	(50, 34.91666666666667)	(55, 35.85)	(60, 36.18333333333333)	(65, 35.14999999999999)	(70, 37.00000000000001)	(75, 36.11666666666666)	(80, 36.68333333333333)	(85, 33.21666666666667)	(90, 35.733333333333334)	(95, 36.56666666666667)	(100, 35.31666666666666)	(105, 34.65)	(110, 35.86666666666666)	(115, 34.86666666666667)	(120, 35.983333333333334)	(125, 36.1)	(130, 34.31666666666667)	(135, 32.900000000000006)	(140, 34.4)	(145, 30.2)	(150, 30.7)	(155, 29.116666666666664)	(160, 31.883333333333336)	(165, 32.46666666666667)	(170, 29.083333333333336)	(175, 29.916666666666664)	(180, 29.95)	(185, 29.0)	(190, 24.483333333333334)	(195, 28.2)	(200, 26.25)	(205, 23.583333333333332)	(210, 24.833333333333336)	(215, 26.666666666666668)	(220, 22.45)	(225, 23.8)	(230, 23.6)	(235, 18.433333333333334)	(240, 18.7)	(245, 18.800000000000004)	(250, 14.675)
SRR8438114_1	(1, 32.353701639866266)	(2, 31.964135222629093)	(3, 31.512285729448603)	(4, 32.221779971342144)	(5, 31.87406463938863)	(6, 31.153160324789045)	(7, 32.36182136602452)	(8, 31.535859470360347)	(9, 32.386201772541526)	(10, 33.07725945974632)	(15, 36.11292681632436)	(20, 35.956749986732476)	(25, 35.670033434166534)	(30, 37.67416441118718)	(35, 36.76907711086345)	(40, 36.885720957384706)	(45, 36.07281855330892)	(50, 36.68019954359709)	(55, 35.86872366396009)	(60, 37.23387358700844)	(65, 36.028935944382525)	(70, 36.13669160961631)	(75, 36.669570662845615)	(80, 36.77285357957862)	(85, 34.76222257602293)	(90, 36.880759963912325)	(95, 36.30719949052698)	(100, 36.867600700525394)	(105, 35.98495568646182)	(110, 36.66719099931009)	(115, 36.34390065276231)	(120, 34.91835694953033)	(125, 34.665106405561744)	(130, 34.007977498275224)	(135, 33.10730775354243)	(140, 34.18192007642095)	(145, 35.69730510003715)	(150, 34.00608820251553)	(155, 33.971344265775095)	(160, 33.103153425675316)	(165, 33.858852624316725)	(170, 31.41372605211484)	(175, 33.60310566258026)	(180, 33.08356418829273)	(185, 32.54165684869713)	(190, 33.37329724566152)	(195, 31.352663588600546)	(200, 31.601167542323413)	(205, 33.39838242318102)	(210, 32.14701268375524)	(215, 32.91208406304729)	(220, 30.144889879530858)	(225, 29.713204903677756)	(230, 30.990390065276227)	(235, 30.713798646330496)	(240, 31.279978165673118)	(245, 30.829267769209498)	(250, 26.798785128212586)
SRR8438114_2	(1, 29.020633657060976)	(2, 28.89016610943056)	(3, 29.909674680252614)	(4, 30.692288913654938)	(5, 31.155590935625963)	(6, 32.205115958180755)	(7, 33.14370323196943)	(8, 34.17464310353978)	(9, 34.65318685984185)	(10, 34.47449344584196)	(15, 34.377262643952655)	(20, 33.46508305471528)	(25, 32.808563392241155)	(30, 33.250614021121905)	(35, 32.15674786392825)	(40, 34.240534946664546)	(45, 35.44483787082736)	(50, 34.2635525128695)	(55, 35.456555750145945)	(60, 35.237529055882824)	(65, 34.83566523377381)	(70, 32.440617736029296)	(75, 34.106161439261264)	(80, 34.94301119779228)	(85, 35.66303879424721)	(90, 33.21090696810487)	(95, 33.64809849811601)	(100, 31.530771108634507)	(105, 32.15061720532823)	(110, 31.445224221196202)	(115, 32.47133895876452)	(120, 31.733411877089633)	(125, 32.397108740646395)	(130, 34.26505333545614)	(135, 34.726911850554586)	(140, 33.043918696598205)	(145, 30.61696545136125)	(150, 30.779967096534524)	(155, 33.292564878204104)	(160, 31.2752810062092)	(165, 27.820321604839997)	(170, 28.1410009021918)	(175, 30.15840152841904)	(180, 26.885920500981797)	(185, 29.162755399883245)	(190, 27.138458116470947)	(195, 25.95992103084467)	(200, 24.327034198739042)	(205, 25.354902302826837)	(210, 22.137853603373447)	(215, 21.521690302309782)	(220, 21.33880774456522)	(225, 22.144813603940214)	(230, 20.930003821331518)	(235, 20.961884341032608)	(240, 20.099574229591077)	(245, 19.725351873764904)	(250, 20.599396503040786)
SRR8438115	(1, 27.2)	(2, 29.6)	(3, 30.1)	(4, 30.0)	(5, 30.6)	(6, 35.2)	(7, 33.7)	(8, 36.2)	(9, 35.0)	(10, 32.0)	(15, 32.239999999999995)	(20, 34.17999999999999)	(25, 32.84)	(30, 34.980000000000004)	(35, 35.2)	(40, 34.6)	(45, 34.86)	(50, 35.839999999999996)	(55, 35.1)	(60, 36.760000000000005)	(65, 36.14)	(70, 34.46)	(75, 36.379999999999995)	(80, 36.08)	(85, 32.160000000000004)	(90, 35.1)	(95, 37.22)	(100, 34.8)	(105, 34.779999999999994)	(110, 33.0)	(115, 35.339999999999996)	(120, 36.88)	(125, 35.480000000000004)	(130, 34.06)	(135, 34.98)	(140, 34.94)	(145, 32.779999999999994)	(150, 31.939999999999998)	(155, 30.120000000000005)	(160, 33.279999999999994)	(165, 31.220000000000006)	(170, 29.240000000000002)	(175, 31.279999999999994)	(180, 29.639999999999997)	(185, 26.26)	(190, 22.68)	(195, 25.08)	(200, 25.4)	(205, 25.259999999999998)	(210, 26.380000000000003)	(215, 24.140000000000004)	(220, 22.919999999999998)	(225, 24.2)	(230, 24.54)	(235, 25.28)	(240, 21.56)	(245, 20.235555555555557)	(250, 20.666666666666664)
SRR8438115_1	(1, 32.121963280417916)	(2, 31.896891007759802)	(3, 31.62588121925242)	(4, 32.271681797433686)	(5, 31.366739361971902)	(6, 32.34406857026931)	(7, 33.35069990363645)	(8, 31.428247197849572)	(9, 32.641527615763046)	(10, 33.542861490084704)	(15, 36.160379368058024)	(20, 36.10783080590353)	(25, 35.621666582137244)	(30, 37.55735913171375)	(35, 36.72499873205863)	(40, 36.81067860222144)	(45, 36.25490693310341)	(50, 36.53973474666532)	(55, 35.7772480600497)	(60, 36.873766293046614)	(65, 36.318225389258004)	(70, 35.860267789217424)	(75, 36.34316326013085)	(80, 36.50548257848557)	(85, 34.67776030836335)	(90, 36.421057970279456)	(95, 35.902916265151894)	(100, 36.28731044276513)	(105, 35.3892427854136)	(110, 36.147522442562256)	(115, 35.63581934371355)	(120, 34.574968301465745)	(125, 34.74556220520363)	(130, 33.68424202464878)	(135, 33.04529086575037)	(140, 33.262301567175534)	(145, 34.818314145153934)	(150, 33.21521022467921)	(155, 32.9295861439367)	(160, 32.136017142567326)	(165, 32.33488867474768)	(170, 30.29392402495309)	(175, 33.09565096109956)	(180, 31.84516407161333)	(185, 31.907067505198558)	(190, 32.11273520312421)	(195, 30.488289293503065)	(200, 31.251539280823657)	(205, 32.388466805294925)	(210, 31.29728153370188)	(215, 31.968375006339706)	(220, 29.569965004818176)	(225, 29.368476441649342)	(230, 29.938778718872037)	(235, 29.45292748580683)	(240, 30.464085105303866)	(245, 29.254673233503002)	(250, 25.73450065964088)
SRR8438115_2	(1, 31.279188010346402)	(2, 30.54283105949181)	(3, 31.205368463762234)	(4, 30.06417051275549)	(5, 28.07743317948978)	(6, 28.447786174367298)	(7, 33.54543033930111)	(8, 29.847644164933815)	(9, 29.80623319977684)	(10, 32.32064208550996)	(15, 33.63467312471471)	(20, 31.639255464827308)	(25, 32.16178678297915)	(30, 32.44762894963737)	(35, 30.968387685753413)	(40, 33.00152660140996)	(45, 34.029674899832635)	(50, 31.997352538418625)	(55, 34.094748186843844)	(60, 34.11293046609525)	(65, 32.92394634072121)	(70, 31.775434903890044)	(75, 32.79624182177817)	(80, 33.74714459603388)	(85, 34.65252573920982)	(90, 31.937503169853432)	(95, 32.785963889029766)	(100, 30.63073236293554)	(105, 30.226046051630572)	(110, 28.858020997109094)	(115, 31.193150580717152)	(120, 30.97900542678907)	(125, 31.17919561799463)	(130, 32.89165187401735)	(135, 32.45809960947406)	(140, 30.18209413196734)	(145, 29.061847644164935)	(150, 29.15755439468479)	(155, 30.6789826038444)	(160, 28.735941066085104)	(165, 25.29879799158087)	(170, 26.071735050971238)	(175, 27.527425571841558)	(180, 24.841596084597047)	(185, 26.294664502713395)	(190, 25.226523957827673)	(195, 24.357056817173213)	(200, 23.095384044645957)	(205, 23.715860838181136)	(210, 20.413006967000218)	(215, 20.356222261672293)	(220, 20.283670208719027)	(225, 21.15838578605996)	(230, 20.521094133103013)	(235, 19.965272635049452)	(240, 19.610542733958916)	(245, 19.063262134755817)	(250, 19.933646664184643)
SRR8438116	(1, 32.25)	(2, 32.75)	(3, 29.0)	(4, 32.5)	(5, 32.0)	(6, 35.5)	(7, 34.0)	(8, 35.5)	(9, 34.75)	(10, 35.4)	(15, 35.95)	(20, 36.3)	(25, 36.5)	(30, 36.65)	(35, 36.95)	(40, 37.7)	(45, 36.55)	(50, 37.05)	(55, 37.9)	(60, 36.95)	(65, 37.7)	(70, 37.3)	(75, 38.0)	(80, 36.7)	(85, 33.2)	(90, 36.05)	(95, 38.15)	(100, 37.95)	(105, 38.15)	(110, 36.0)	(115, 37.05)	(120, 36.45)	(125, 34.1)	(130, 35.35)	(135, 34.9)	(140, 35.4)	(145, 36.5)	(150, 31.5)	(155, 32.5)	(160, 34.85)	(165, 29.95)	(170, 31.55)	(175, 29.75)	(180, 27.85)	(185, 27.85)	(190, 23.1)	(195, 19.3)	(200, 19.4)	(205, 19.3)	(210, 19.45)	(215, 21.45)	(220, 20.95)	(225, 18.9)	(230, 19.3)	(235, 18.0)	(240, 16.15)	(245, 18.25)	(250, 18.166666666666664)
SRR8438116_1	(1, 32.24205776173285)	(2, 31.913537906137183)	(3, 31.59904332129964)	(4, 32.221823104693144)	(5, 31.73427797833935)	(6, 32.16068592057762)	(7, 33.03691335740072)	(8, 31.580920577617327)	(9, 32.55916967509025)	(10, 33.49037906137184)	(15, 36.0502166064982)	(20, 36.08024548736462)	(25, 35.60783393501806)	(30, 37.4774440433213)	(35, 36.646646209386276)	(40, 36.79769314079422)	(45, 36.15472924187726)	(50, 36.575945848375454)	(55, 36.07595306859206)	(60, 37.05865703971119)	(65, 36.66837545126354)	(70, 36.039194945848365)	(75, 36.452198555956684)	(80, 36.16325631768954)	(85, 34.661638989169674)	(90, 35.94871119133575)	(95, 35.469960288808664)	(100, 35.43283754512636)	(105, 34.30022743682311)	(110, 34.78250902527076)	(115, 34.40853068592058)	(120, 33.75436462093863)	(125, 33.85203610108304)	(130, 32.73027075812274)	(135, 32.37357039711192)	(140, 32.700425992779785)	(145, 33.9483357400722)	(150, 32.67496389891697)	(155, 32.471725631768955)	(160, 31.62687003610108)	(165, 32.25390252707582)	(170, 30.17521660649819)	(175, 32.26485559566787)	(180, 31.53238989169675)	(185, 31.632682310469313)	(190, 31.753014440433212)	(195, 29.812014440433217)	(200, 30.373523465703972)	(205, 31.777191335740078)	(210, 30.7675559566787)	(215, 31.315429602888088)	(220, 29.326245487364623)	(225, 29.34765703971119)	(230, 29.448328519855597)	(235, 28.938202166064986)	(240, 30.247122021263362)	(245, 29.32723514131602)	(250, 24.415199847904844)
SRR8438116_2	(1, 24.890234657039713)	(2, 25.25924187725632)	(3, 29.443916967509026)	(4, 29.68490974729242)	(5, 29.06135379061372)	(6, 28.817815884476534)	(7, 33.589693140794225)	(8, 33.99357400722022)	(9, 34.23954873646209)	(10, 33.46879061371841)	(15, 33.70014079422383)	(20, 32.21299277978339)	(25, 32.52892057761733)	(30, 32.77330685920578)	(35, 30.850400722021664)	(40, 33.53261010830325)	(45, 34.40881227436823)	(50, 32.72370036101083)	(55, 34.25984837545126)	(60, 34.136328519855596)	(65, 33.665032490974724)	(70, 32.17209025270758)	(75, 32.655227436823104)	(80, 33.701169675090256)	(85, 34.010303249097475)	(90, 31.77287725631769)	(95, 32.18267870036101)	(100, 30.29796028880866)	(105, 30.24068953068592)	(110, 29.16631407942238)	(115, 30.819115523465705)	(120, 30.676010830324913)	(125, 30.873989169675088)	(130, 32.17194584837545)	(135, 32.371559566787006)	(140, 30.46325631768953)	(145, 29.333263537906134)	(150, 29.198819494584836)	(155, 30.91351263537906)	(160, 28.998072202166064)	(165, 26.113689530685917)	(170, 26.25045487364621)	(175, 27.95278700361011)	(180, 25.78220577617328)	(185, 27.063487364620936)	(190, 25.776220216606497)	(195, 24.477364620938626)	(200, 23.179974729241877)	(205, 24.079892111595022)	(210, 20.831029440964638)	(215, 20.72528250117333)	(220, 20.336398425935954)	(225, 21.452563499450655)	(230, 20.365693592248938)	(235, 20.007440360298855)	(240, 19.678989665814967)	(245, 18.909236357192253)	(250, 20.0423856290714)
SRR8438117	(1, 26.666666666666668)	(2, 30.333333333333332)	(3, 32.0)	(4, 32.0)	(5, 27.0)	(6, 35.666666666666664)	(7, 35.666666666666664)	(8, 28.666666666666668)	(9, 33.0)	(10, 34.99999999999999)	(15, 34.66666666666667)	(20, 31.53333333333333)	(25, 31.666666666666668)	(30, 35.93333333333334)	(35, 37.2)	(40, 33.4)	(45, 34.4)	(50, 36.53333333333333)	(55, 33.86666666666666)	(60, 36.46666666666667)	(65, 33.66666666666667)	(70, 35.4)	(75, 35.13333333333334)	(80, 33.800000000000004)	(85, 32.93333333333333)	(90, 36.66666666666667)	(95, 37.93333333333334)	(100, 36.39999999999999)	(105, 35.66666666666667)	(110, 35.6)	(115, 37.4)	(120, 33.8)	(125, 37.46666666666667)	(130, 36.33333333333333)	(135, 34.733333333333334)	(140, 35.46666666666666)	(145, 34.06666666666667)	(150, 31.8)	(155, 34.53333333333334)	(160, 33.33333333333333)	(165, 30.06666666666667)	(170, 29.93333333333333)	(175, 30.333333333333332)	(180, 28.133333333333336)	(185, 28.6)	(190, 33.06666666666667)	(195, 25.666666666666664)	(200, 26.6)	(205, 27.333333333333332)	(210, 27.6)	(215, 27.8)	(220, 23.866666666666667)	(225, 25.066666666666666)	(230, 22.93333333333333)	(235, 23.8)	(240, 19.0)	(245, 21.46666666666666)	(250, 12.5)
SRR8438117_1	(1, 32.122666487917684)	(2, 31.87244025873915)	(3, 31.69946710460167)	(4, 32.23966886751349)	(5, 31.34494084525924)	(6, 32.87890873747361)	(7, 33.47648892314911)	(8, 31.775781747494722)	(9, 32.82585380567752)	(10, 33.6341254147535)	(15, 35.98020578476389)	(20, 35.969098769983574)	(25, 35.08722726815698)	(30, 36.95210644501793)	(35, 36.2866373965211)	(40, 36.406461775647685)	(45, 35.8254114019506)	(50, 36.170533230552664)	(55, 35.60524181385528)	(60, 36.40414921071154)	(65, 36.39278077554714)	(70, 35.56701410999766)	(75, 35.87481985454302)	(80, 35.85045413412877)	(85, 34.24946207728659)	(90, 35.19294164962965)	(95, 34.46306934343265)	(100, 33.84166638737138)	(105, 32.658538056775136)	(110, 33.242303180614684)	(115, 32.71401280289574)	(120, 32.34032241847371)	(125, 32.30283875724771)	(130, 31.28870865033348)	(135, 30.950343533197042)	(140, 30.94520226564333)	(145, 32.231075510272476)	(150, 30.920487984716964)	(155, 30.765365150651878)	(160, 29.99031403961525)	(165, 30.279699701712637)	(170, 28.46848543754399)	(175, 30.782712739216407)	(180, 29.801635553172236)	(185, 30.059302208667095)	(190, 30.176961490766494)	(195, 28.49450682039079)	(200, 29.113771491771963)	(205, 30.265381908368806)	(210, 29.213902201964004)	(215, 29.710540603948118)	(220, 27.968817240339177)	(225, 27.981271575560545)	(230, 27.930026477192747)	(235, 27.837436739618596)	(240, 28.60115963401146)	(245, 27.491232407210788)	(250, 22.88278620114598)
SRR8438117_2	(1, 26.090960887488688)	(2, 29.09551898649328)	(3, 29.9515031672085)	(4, 29.96387036230184)	(5, 29.183698092971813)	(6, 32.254717297315416)	(7, 31.411603043201396)	(8, 33.20370680698462)	(9, 31.274524918725074)	(10, 32.081951938867846)	(15, 32.876636391058085)	(20, 31.34512853168884)	(25, 31.679873981968694)	(30, 31.81907698495157)	(35, 30.313402821999535)	(40, 32.15007540972618)	(45, 33.01602037738378)	(50, 31.31509199986594)	(55, 33.30471562154372)	(60, 33.04590273821095)	(65, 32.40296946743975)	(70, 31.421476690015755)	(75, 31.56133659550223)	(80, 32.420109260314376)	(85, 32.7249388343332)	(90, 30.56082045782083)	(95, 31.14519556255656)	(100, 29.19022019640044)	(105, 28.49543184636525)	(110, 27.81494118041358)	(115, 29.352635988872873)	(120, 29.615812581693866)	(125, 29.324496430606292)	(130, 30.4867312397359)	(135, 30.320327110634445)	(140, 28.601126118577604)	(145, 27.461165666789555)	(150, 27.877232965780742)	(155, 28.494473304956934)	(160, 26.987854006770117)	(165, 24.292831048697927)	(170, 24.55317893890136)	(175, 25.466769447330496)	(180, 24.054388846063613)	(185, 24.62763682675872)	(190, 23.674109327345242)	(195, 22.733190334148876)	(200, 22.238871200187685)	(205, 22.578013875389615)	(210, 19.72121191808828)	(215, 19.596420551664046)	(220, 19.31813520126018)	(225, 20.181894962630288)	(230, 19.72491202198612)	(235, 19.36736267050977)	(240, 19.099172168783724)	(245, 18.164229240381157)	(250, 19.060051089419332)
SRR8438118	(1, 30.0)	(2, 29.571428571428573)	(3, 31.857142857142858)	(4, 32.42857142857143)	(5, 32.142857142857146)	(6, 33.57142857142857)	(7, 31.571428571428573)	(8, 31.285714285714285)	(9, 35.42857142857143)	(10, 33.74285714285715)	(15, 33.2)	(20, 35.114285714285714)	(25, 34.114285714285714)	(30, 29.542857142857137)	(35, 32.05714285714286)	(40, 35.028571428571425)	(45, 36.71428571428571)	(50, 35.68571428571428)	(55, 37.25714285714286)	(60, 35.71428571428571)	(65, 35.542857142857144)	(70, 35.6)	(75, 35.142857142857146)	(80, 37.542857142857144)	(85, 32.25714285714285)	(90, 37.114285714285714)	(95, 37.08571428571428)	(100, 37.71428571428571)	(105, 37.25714285714285)	(110, 36.628571428571426)	(115, 33.57142857142857)	(120, 37.285714285714285)	(125, 36.628571428571426)	(130, 36.4)	(135, 37.457142857142856)	(140, 35.65714285714286)	(145, 37.4)	(150, 37.114285714285714)	(155, 34.77142857142857)	(160, 36.8)	(165, 34.4)	(170, 35.885714285714286)	(175, 34.828571428571436)	(180, 34.6)	(185, 31.342857142857138)	(190, 29.4)	(195, 31.228571428571428)	(200, 31.742857142857144)	(205, 31.05714285714286)	(210, 33.51428571428572)	(215, 28.457142857142863)	(220, 25.085714285714282)	(225, 23.314285714285713)	(230, 24.37142857142857)	(235, 25.11428571428571)	(240, 20.457142857142856)	(245, 21.29047619047619)	(250, 25.2)
SRR8438118_1	(1, 31.954460667652924)	(2, 31.846336913874058)	(3, 31.65253746703544)	(4, 31.448961214382194)	(5, 30.940181385476297)	(6, 30.97768058146266)	(7, 32.16826397375699)	(8, 30.998070367273428)	(9, 31.41223387148646)	(10, 32.14615038271049)	(15, 35.62723354988101)	(20, 35.72084646555606)	(25, 34.545082652601785)	(30, 34.86893934521129)	(35, 35.24340387212967)	(40, 36.19075062713063)	(45, 35.2938702000386)	(50, 36.10414871036213)	(55, 35.126082202354155)	(60, 36.29789670032803)	(65, 34.97904418858944)	(70, 35.639840483694606)	(75, 35.917398855084585)	(80, 35.05776033961536)	(85, 34.186711262623014)	(90, 35.46006303466906)	(95, 35.168199652666104)	(100, 35.90772496301537)	(105, 34.94095323856693)	(110, 35.43686884929569)	(115, 34.69657168585579)	(120, 34.569177333247566)	(125, 33.6261143628996)	(130, 34.09387020003859)	(135, 32.796243648292275)	(140, 34.206444973306745)	(145, 34.58458866662379)	(150, 33.39879076349134)	(155, 33.47027722390171)	(160, 32.332552904097255)	(165, 33.393696533093205)	(170, 32.99810895992796)	(175, 33.66470701743102)	(180, 31.466456551103107)	(185, 32.761021418923264)	(190, 33.08409339422396)	(195, 31.041281276130444)	(200, 31.71939280890204)	(205, 32.99430115134753)	(210, 31.35725220299736)	(215, 32.373731266482274)	(220, 31.863755065285908)	(225, 31.10615552839776)	(230, 30.139563903003797)	(235, 29.76365858364958)	(240, 30.481484456965198)	(245, 30.18213924036747)	(250, 27.62443187349085)
SRR8438118_2	(1, 29.45134109474497)	(2, 31.33491992024185)	(3, 31.030423875988937)	(4, 30.013829034540425)	(5, 29.877854248408052)	(6, 32.44574515983791)	(7, 33.93542162475075)	(8, 34.250273364636264)	(9, 33.51662700199395)	(10, 32.490461182221644)	(15, 32.399421110182026)	(20, 31.866353637357683)	(25, 32.021791985592074)	(30, 31.18696854698656)	(35, 32.0922364443301)	(40, 34.29810252781887)	(45, 35.48342445487875)	(50, 33.270933299028755)	(55, 34.539435260822025)	(60, 35.11878819064771)	(65, 33.70830385283334)	(70, 34.30977037370553)	(75, 33.806367787997694)	(80, 34.303351128835146)	(85, 34.34389914452949)	(90, 32.629098861516695)	(95, 33.360635492377945)	(100, 32.17407860037306)	(105, 33.40306168392616)	(110, 33.43065543191613)	(115, 32.69245513603911)	(120, 33.6211616389014)	(125, 32.60100340901782)	(130, 33.94014279282176)	(135, 33.03720331896829)	(140, 32.8159259021033)	(145, 31.128243391007913)	(150, 31.75693059754293)	(155, 32.60210973178105)	(160, 31.410703029523383)	(165, 30.104328809416607)	(170, 30.300328037563514)	(175, 29.66761433073905)	(180, 31.001736669453912)	(185, 29.841281276130438)	(190, 30.198906541454942)	(195, 29.270264359683534)	(200, 28.86175566821442)	(205, 28.29924096230542)	(210, 26.401209314293066)	(215, 26.85557699729834)	(220, 25.00021454708522)	(225, 26.131525903318902)	(230, 25.04600141542817)	(235, 23.687131643289156)	(240, 23.442684339209883)	(245, 24.88872376071216)	(250, 20.162623281753273)
SRR8438119	(1, 32.583333333333336)	(2, 32.25)	(3, 32.916666666666664)	(4, 30.416666666666668)	(5, 32.333333333333336)	(6, 35.583333333333336)	(7, 36.083333333333336)	(8, 35.75)	(9, 35.833333333333336)	(10, 35.5)	(15, 37.71666666666667)	(20, 36.88333333333333)	(25, 38.36666666666666)	(30, 37.58333333333333)	(35, 38.233333333333334)	(40, 37.916666666666664)	(45, 38.35)	(50, 37.266666666666666)	(55, 38.13333333333333)	(60, 38.483333333333334)	(65, 37.766666666666666)	(70, 38.13333333333333)	(75, 37.983333333333334)	(80, 37.916666666666664)	(85, 37.85)	(90, 37.81666666666667)	(95, 38.5)	(100, 37.56666666666666)	(105, 38.46666666666667)	(110, 37.66666666666667)	(115, 38.46666666666667)	(120, 38.45)	(125, 38.64999999999999)	(130, 38.16666666666667)	(135, 38.516666666666666)	(140, 38.00000000000001)	(145, 37.9)	(150, 37.083333333333336)	(155, 36.91666666666667)	(160, 37.016666666666666)	(165, 36.86666666666667)	(170, 37.75)	(175, 37.36666666666666)	(180, 36.05)	(185, 36.516666666666666)	(190, 36.88333333333333)	(195, 35.25)	(200, 33.0)	(205, 33.35)	(210, 31.65)	(215, 28.733333333333338)	(220, 26.4)	(225, 26.56666666666667)	(230, 26.06666666666667)	(235, 23.283333333333335)	(240, 20.93333333333333)	(245, 20.366666666666667)	(250, 15.333333333333334)
SRR8438119_1	(1, 33.22115614436439)	(2, 33.2243316147096)	(3, 32.972274387953696)	(4, 33.0682896848431)	(5, 33.03820807866972)	(6, 33.23730665482979)	(7, 33.24652576228361)	(8, 33.58916925598388)	(9, 33.35261378768737)	(10, 35.06064806910916)	(15, 36.41600710212722)	(20, 37.42523303854953)	(25, 37.657882336873016)	(30, 38.5660941714754)	(35, 37.923672619250866)	(40, 38.09118038720252)	(45, 36.95934032164441)	(50, 38.03299757571619)	(55, 36.84716085635265)	(60, 37.881647147198414)	(65, 36.09535288694643)	(70, 37.880759381295455)	(75, 38.01777580496466)	(80, 37.3255300986786)	(85, 38.021702461843134)	(90, 37.68717861167071)	(95, 36.98262027520743)	(100, 37.52576228360706)	(105, 37.407901116536344)	(110, 37.58168470652508)	(115, 37.43555843889781)	(120, 37.47331580564755)	(125, 37.28377778536552)	(130, 37.56595076313723)	(135, 34.43901389695087)	(140, 36.7344965342985)	(145, 36.53445556048759)	(150, 36.43771639293884)	(155, 36.03651449448561)	(160, 36.67795950421689)	(165, 35.27033154641991)	(170, 35.345511660463686)	(175, 35.00354423464336)	(180, 35.814532044934616)	(185, 35.02519206473862)	(190, 35.24981049612455)	(195, 34.984286543517605)	(200, 33.36375183528528)	(205, 34.11514323761396)	(210, 32.350373886024514)	(215, 33.87487963943047)	(220, 33.46961450472906)	(225, 32.1947348652986)	(230, 33.01647147198416)	(235, 33.08836002321849)	(240, 34.236999351247995)	(245, 33.26612338967733)	(250, 29.042928134801635)
SRR8438119_2	(1, 31.800116092464233)	(2, 32.44176597125004)	(3, 32.28367535083826)	(4, 32.37651517738246)	(5, 32.53047427186124)	(6, 35.709939563628915)	(7, 35.63116741216239)	(8, 36.139447536449616)	(9, 36.07023594086113)	(10, 36.402793048110084)	(15, 36.669102332092734)	(20, 36.78543381022297)	(25, 36.43463652815243)	(30, 37.36399084918223)	(35, 37.15911496568443)	(40, 36.951391402328674)	(45, 36.547430600607775)	(50, 35.40270427151979)	(55, 37.29746986717656)	(60, 37.229200669238914)	(65, 37.64130160139311)	(70, 37.2151466520982)	(75, 35.999221497592785)	(80, 36.47992624714037)	(85, 37.029781131560085)	(90, 36.86029296274798)	(95, 37.39345101922354)	(100, 36.74824324785741)	(105, 36.652350872400724)	(110, 37.67087786389866)	(115, 35.93364974220644)	(120, 37.131519104039334)	(125, 34.57824973537747)	(130, 36.3966060026633)	(135, 35.44761156827261)	(140, 35.92706661658757)	(145, 35.32567350701676)	(150, 35.27440161163656)	(155, 35.18535186260115)	(160, 34.2534093625158)	(165, 35.52871239799229)	(170, 35.0234165329327)	(175, 33.86335234062895)	(180, 35.03876122511694)	(185, 32.2937549083211)	(190, 34.172677297094275)	(195, 32.42997234267764)	(200, 33.021634595712825)	(205, 30.381718126899916)	(210, 30.585070345581205)	(215, 30.204005398467437)	(220, 29.69387016357614)	(225, 27.710259843364348)	(230, 27.16268934204951)	(235, 26.690546448087435)	(240, 24.3617281420765)	(245, 23.684715824193116)	(250, 21.121419020192477)
SRR8438120	(1, 29.4)	(2, 32.3)	(3, 30.8)	(4, 32.1)	(5, 32.6)	(6, 35.7)	(7, 35.6)	(8, 33.1)	(9, 35.2)	(10, 34.1)	(15, 36.71999999999999)	(20, 34.38)	(25, 33.7)	(30, 36.9)	(35, 36.14)	(40, 36.78)	(45, 35.839999999999996)	(50, 36.78)	(55, 37.32)	(60, 37.36)	(65, 36.82)	(70, 36.76)	(75, 36.08)	(80, 38.339999999999996)	(85, 36.440000000000005)	(90, 36.62)	(95, 38.02)	(100, 36.760000000000005)	(105, 38.080000000000005)	(110, 38.3)	(115, 37.14)	(120, 35.56)	(125, 37.779999999999994)	(130, 34.879999999999995)	(135, 36.7)	(140, 35.7)	(145, 35.86)	(150, 35.92)	(155, 32.94)	(160, 33.68)	(165, 30.619999999999997)	(170, 32.6)	(175, 32.120000000000005)	(180, 32.18)	(185, 32.44)	(190, 28.72)	(195, 28.380000000000003)	(200, 28.0)	(205, 28.4)	(210, 29.479999999999997)	(215, 30.0)	(220, 24.66)	(225, 22.96)	(230, 21.36)	(235, 19.46)	(240, 18.2)	(245, 17.404444444444444)	(250, 18.083333333333336)
SRR8438120_1	(1, 33.22569078253533)	(2, 33.230506925402516)	(3, 32.9954299374253)	(4, 33.118188849047314)	(5, 32.99743373409267)	(6, 33.163362159881885)	(7, 33.19359488152992)	(8, 33.560043591366096)	(9, 33.36978837094846)	(10, 35.12631652956479)	(15, 36.28243689798214)	(20, 37.411614989805244)	(25, 37.6261688813893)	(30, 38.560247486465585)	(35, 37.926773535822264)	(40, 38.09529635098081)	(45, 36.96967587710047)	(50, 38.06524643183576)	(55, 36.817513885959364)	(60, 37.840322013639884)	(65, 36.02176755958659)	(70, 37.85770934402025)	(75, 38.01759825634535)	(80, 37.37903395908036)	(85, 38.05013007101174)	(90, 37.673634254376715)	(95, 37.0861984110244)	(100, 37.533495043239824)	(105, 37.40087885818744)	(110, 37.57705125500949)	(115, 37.52096604091964)	(120, 37.39036771426562)	(125, 37.33220839485341)	(130, 37.53216620966041)	(135, 34.46218097447796)	(140, 36.678288687337414)	(145, 36.498650073824095)	(150, 36.38745693594881)	(155, 35.96274344371792)	(160, 36.65890459115517)	(165, 35.07302256907825)	(170, 35.218308373760806)	(175, 34.915397595444)	(180, 35.75908739365816)	(185, 34.89583069675877)	(190, 35.152520565281584)	(195, 34.878893341770365)	(200, 33.185952330731915)	(205, 33.94293749560571)	(210, 32.17866835407439)	(215, 33.654650917527945)	(220, 32.97904098994586)	(225, 31.869535259790478)	(230, 32.710215847570836)	(235, 32.82088965255828)	(240, 34.13763183799747)	(245, 33.13742114263622)	(250, 27.88698794538084)
SRR8438120_2	(1, 31.717605287210855)	(2, 32.79276523940097)	(3, 31.62539548618435)	(4, 32.44297968079871)	(5, 32.19419250509738)	(6, 35.80183505589538)	(7, 35.53300991352035)	(8, 36.16708851859664)	(9, 36.15271039865007)	(10, 36.4907544118681)	(15, 36.739253322083954)	(20, 36.840631371721855)	(25, 36.44695211980595)	(30, 37.42073402235815)	(35, 37.222555016522534)	(40, 37.00758630387401)	(45, 36.61760528721086)	(50, 35.56061309147155)	(55, 37.348716867046335)	(60, 37.26419180201083)	(65, 37.78830767067426)	(70, 37.25343457779652)	(75, 36.00419039583773)	(80, 36.434373901427264)	(85, 37.07426703227167)	(90, 36.92431976376292)	(95, 37.48334387963158)	(100, 36.82275891162202)	(105, 36.75589538072136)	(110, 37.762841875834916)	(115, 35.94508190958307)	(120, 37.24293749560571)	(125, 34.58290796597062)	(130, 36.390733319271604)	(135, 35.559790480208115)	(140, 36.058475708359694)	(145, 35.391984813330524)	(150, 35.40331153765028)	(155, 35.386535892568375)	(160, 34.55089643535119)	(165, 35.79355269633692)	(170, 35.330085073472546)	(175, 34.02678056668776)	(180, 35.277754341559444)	(185, 32.30089291991844)	(190, 34.48380706326243)	(195, 32.83414439573906)	(200, 33.27600106657999)	(205, 30.59966562377192)	(210, 30.903277305014416)	(215, 30.698090515877205)	(220, 29.90453650302433)	(225, 27.98444225629484)	(230, 27.42138824815309)	(235, 26.94347837079136)	(240, 24.59024270137179)	(245, 23.691998521930383)	(250, 21.406638650325526)
SRR8438121	(1, 32.28947368421053)	(2, 32.23684210526316)	(3, 32.18421052631579)	(4, 32.89473684210526)	(5, 33.078947368421055)	(6, 35.28947368421053)	(7, 35.86842105263158)	(8, 35.421052631578945)	(9, 35.68421052631579)	(10, 35.10526315789474)	(15, 36.089473684210525)	(20, 37.078947368421055)	(25, 36.57368421052631)	(30, 37.22631578947369)	(35, 36.815789473684205)	(40, 37.03157894736842)	(45, 36.636842105263156)	(50, 36.96842105263158)	(55, 37.42631578947369)	(60, 38.0578947368421)	(65, 37.71578947368421)	(70, 37.67894736842105)	(75, 36.963157894736845)	(80, 37.83684210526316)	(85, 37.00526315789473)	(90, 37.57368421052632)	(95, 37.5)	(100, 37.757894736842104)	(105, 38.126315789473686)	(110, 37.631578947368425)	(115, 37.57368421052632)	(120, 37.86315789473684)	(125, 37.310526315789474)	(130, 37.078947368421055)	(135, 37.2)	(140, 36.61578947368422)	(145, 36.17894736842105)	(150, 35.72631578947368)	(155, 35.310526315789474)	(160, 34.40526315789474)	(165, 34.66315789473684)	(170, 34.66315789473684)	(175, 34.1)	(180, 33.06315789473685)	(185, 32.9421052631579)	(190, 32.473684210526315)	(195, 31.38421052631579)	(200, 31.278947368421058)	(205, 30.09473684210526)	(210, 30.68421052631579)	(215, 29.189473684210526)	(220, 29.231578947368423)	(225, 28.95263157894737)	(230, 27.615789473684213)	(235, 24.678947368421056)	(240, 22.410526315789475)	(245, 22.730725462304413)	(250, 19.135135135135137)
SRR8438121_1	(1, 33.280899117858795)	(2, 33.262998420526706)	(3, 32.99150092941796)	(4, 33.13196660542178)	(5, 33.06181435279201)	(6, 33.20029225628297)	(7, 33.23680280222201)	(8, 33.58530767495084)	(9, 33.36869419462979)	(10, 35.088276440060596)	(15, 36.41016450160633)	(20, 37.46175203343756)	(25, 37.67553535548894)	(30, 38.59308040271197)	(35, 37.95005426081724)	(40, 38.12491807153832)	(45, 37.02232752044182)	(50, 38.090006339382604)	(55, 36.913333118439006)	(60, 37.93358690863768)	(65, 36.19943267898011)	(70, 37.939266565666344)	(75, 38.09399262912463)	(80, 37.42313982099303)	(85, 38.09824323888728)	(90, 37.79042645778938)	(95, 37.148296425232886)	(100, 37.63650624805253)	(105, 37.525122221147754)	(110, 37.662590121307844)	(115, 37.58253338920586)	(120, 37.53284982110047)	(125, 37.42298724602177)	(130, 37.66980197487885)	(135, 34.499683030869576)	(140, 36.760818317592324)	(145, 36.590735905618416)	(150, 36.49016106329712)	(155, 36.082265845770344)	(160, 36.68875995229346)	(165, 35.259291493408114)	(170, 35.34151221137006)	(175, 35.046806133084054)	(180, 35.88195639794131)	(185, 35.04519442564119)	(190, 35.32320536376237)	(195, 35.02218139230034)	(200, 33.39550870859255)	(205, 34.0803618820445)	(210, 32.41340725698138)	(215, 33.87255692013453)	(220, 33.394636237630145)	(225, 32.25732950821434)	(230, 33.00857213465279)	(235, 33.133734865856184)	(240, 34.29457377264895)	(245, 33.29648932045603)	(250, 28.228282232208898)
SRR8438121_2	(1, 31.748025658382492)	(2, 32.49658855257927)	(3, 32.146514951272714)	(4, 32.785008971838096)	(5, 32.35496244721658)	(6, 36.08966465740472)	(7, 35.65109757276859)	(8, 36.27944858116022)	(9, 36.20775983410158)	(10, 36.554691680366176)	(15, 36.80703564022392)	(20, 36.94132525330669)	(25, 36.6391601929751)	(30, 37.52256282972848)	(35, 37.328085613899376)	(40, 37.20830996357542)	(45, 36.79541415508923)	(50, 35.665534173570144)	(55, 37.39927580612234)	(60, 37.40301496738979)	(65, 37.875234503432935)	(70, 37.43438953894423)	(75, 36.34473562625579)	(80, 36.71750421730114)	(85, 37.22211262611611)	(90, 37.04735626255789)	(95, 37.584697375065815)	(100, 36.9618627040153)	(105, 36.90754601424749)	(110, 37.88419344787201)	(115, 36.181966068185965)	(120, 37.33304752388013)	(125, 34.82172796527308)	(130, 36.625505807519154)	(135, 35.6753720358014)	(140, 36.20809077136318)	(145, 35.604564355478196)	(150, 35.58960556146515)	(155, 35.55137156303388)	(160, 34.42368135469383)	(165, 35.812089954764744)	(170, 35.23360302571211)	(175, 34.16863832210511)	(180, 35.31249503056871)	(185, 32.81583986074848)	(190, 34.47578857225124)	(195, 32.844584827805356)	(200, 33.15626060845844)	(205, 30.696600878876012)	(210, 30.902289421037402)	(215, 30.489548966717894)	(220, 29.83602931694107)	(225, 28.007642024245747)	(230, 27.42673626477879)	(235, 26.83285364486206)	(240, 24.454870678269394)	(245, 23.84096461707504)	(250, 21.1810513423167)
SRR8438122	(1, 32.785714285714285)	(2, 33.142857142857146)	(3, 31.928571428571427)	(4, 32.92857142857143)	(5, 33.285714285714285)	(6, 35.714285714285715)	(7, 35.642857142857146)	(8, 35.357142857142854)	(9, 35.142857142857146)	(10, 35.628571428571426)	(15, 36.4)	(20, 37.08571428571429)	(25, 37.17142857142858)	(30, 37.028571428571425)	(35, 38.2)	(40, 37.528571428571425)	(45, 37.31428571428571)	(50, 37.942857142857136)	(55, 37.31428571428572)	(60, 38.27142857142857)	(65, 37.3)	(70, 37.685714285714276)	(75, 37.771428571428565)	(80, 37.81428571428572)	(85, 37.457142857142856)	(90, 37.78571428571429)	(95, 37.857142857142854)	(100, 37.57142857142857)	(105, 38.328571428571436)	(110, 37.55714285714286)	(115, 37.9)	(120, 37.24285714285715)	(125, 38.21428571428571)	(130, 37.971428571428575)	(135, 38.5)	(140, 37.371428571428574)	(145, 36.7)	(150, 36.50000000000001)	(155, 36.542857142857144)	(160, 36.18571428571428)	(165, 36.2)	(170, 35.557142857142864)	(175, 35.35714285714286)	(180, 32.98571428571428)	(185, 30.642857142857146)	(190, 28.67142857142857)	(195, 27.114285714285717)	(200, 25.32857142857143)	(205, 24.1)	(210, 25.085714285714285)	(215, 25.642857142857146)	(220, 23.142857142857146)	(225, 22.02857142857143)	(230, 22.65714285714286)	(235, 20.785714285714285)	(240, 17.842857142857145)	(245, 18.657142857142855)	(250, 18.035714285714285)
SRR8438122_1	(1, 33.16126010648787)	(2, 33.189755472293434)	(3, 32.960560047327945)	(4, 33.06354762374285)	(5, 32.93137448235062)	(6, 33.3497830802603)	(7, 33.385180437783475)	(8, 33.585486097416684)	(9, 33.303441135870635)	(10, 34.90888384933938)	(15, 36.78209426148688)	(20, 37.391668309998025)	(25, 37.58807927430487)	(30, 38.50595543285348)	(35, 37.86714651942418)	(40, 38.04401498718202)	(45, 36.91105304673634)	(50, 37.832498521001774)	(55, 36.73630447643463)	(60, 37.82310195227765)	(65, 36.08373101952277)	(70, 37.78093078288306)	(75, 37.99204298954841)	(80, 37.252681916781704)	(85, 37.80286925655689)	(90, 37.606418852297374)	(95, 36.9568428317886)	(100, 37.380911062906726)	(105, 37.200492999408404)	(110, 37.45970222835733)	(115, 37.214661802405836)	(120, 37.31903963715244)	(125, 36.68330704003155)	(130, 37.3449122461053)	(135, 34.302731216722535)	(140, 36.73161112206665)	(145, 36.57580358903569)	(150, 36.43971603234076)	(155, 36.10805561033327)	(160, 36.562344705186355)	(165, 35.494498126602245)	(170, 35.41132912640505)	(175, 35.07503450995859)	(180, 35.729668704397554)	(185, 35.028160126207844)	(190, 35.137398935121276)	(195, 34.93622559652928)	(200, 33.43086176296588)	(205, 34.42245119305856)	(210, 32.553717215539336)	(215, 33.942348649181625)	(220, 33.81274896470124)	(225, 32.88692565568921)	(230, 33.41201932557681)	(235, 33.342447249063305)	(240, 34.28944624532993)	(245, 33.47963955623827)	(250, 29.539489290836887)
SRR8438122_2	(1, 31.308617629658844)	(2, 32.619404456714655)	(3, 32.598205482153425)	(4, 31.54151055018734)	(5, 32.48373101952278)	(6, 35.811082626700845)	(7, 35.6539144153027)	(8, 36.01942417669099)	(9, 35.760155787813055)	(10, 36.2183395779925)	(15, 36.50620193255768)	(20, 36.70201143758628)	(25, 36.284352198777356)	(30, 37.1905639913232)	(35, 36.964011043186744)	(40, 36.523496351804376)	(45, 36.29160915006902)	(50, 34.93466771839874)	(55, 37.27713468743838)	(60, 37.04177676986787)	(65, 37.05957404851114)	(70, 36.939489252612894)	(75, 35.905334253598895)	(80, 36.53000394399527)	(85, 36.83429303884835)	(90, 36.73849339380793)	(95, 37.23602839676592)	(100, 36.615430881482936)	(105, 36.11268980477224)	(110, 37.37511338986393)	(115, 35.533178860185366)	(120, 36.87629658844409)	(125, 34.66646618024058)	(130, 36.12585288897653)	(135, 35.027272727272724)	(140, 35.393354367974766)	(145, 34.85354959574049)	(150, 34.62955038453954)	(155, 34.636462236245315)	(160, 33.65040425951489)	(165, 34.66618024058371)	(170, 34.28233090120292)	(175, 32.95130151843818)	(180, 34.281847761782686)	(185, 31.724058371129956)	(190, 33.03451187730685)	(195, 31.257042086796066)	(200, 32.32925746967755)	(205, 29.890730697169907)	(210, 29.665612027845373)	(215, 29.064947487796463)	(220, 29.002780927962135)	(225, 26.60476307874365)	(230, 26.256801932843548)	(235, 26.305902075834524)	(240, 23.714678763374586)	(245, 23.17901840751649)	(250, 20.612941910877268)
SRR8438123	(1, 31.477272727272727)	(2, 31.295454545454547)	(3, 31.863636363636363)	(4, 32.36363636363637)	(5, 32.06818181818182)	(6, 33.38636363636363)	(7, 33.72727272727273)	(8, 34.04545454545455)	(9, 33.45454545454545)	(10, 32.29545454545455)	(15, 33.45)	(20, 34.25)	(25, 34.05)	(30, 32.80909090909091)	(35, 34.32272727272728)	(40, 34.8)	(45, 36.11363636363636)	(50, 35.82272727272727)	(55, 36.99545454545454)	(60, 37.33181818181818)	(65, 36.986363636363635)	(70, 36.586363636363636)	(75, 34.93636363636364)	(80, 36.513636363636365)	(85, 35.12727272727273)	(90, 36.60909090909091)	(95, 36.8)	(100, 36.877272727272725)	(105, 37.10454545454545)	(110, 36.477272727272734)	(115, 37.39090909090909)	(120, 36.70454545454545)	(125, 37.013636363636365)	(130, 36.68181818181818)	(135, 37.28181818181819)	(140, 35.731818181818184)	(145, 36.24090909090909)	(150, 36.64545454545454)	(155, 35.527272727272724)	(160, 34.459090909090904)	(165, 34.10454545454546)	(170, 34.68181818181818)	(175, 34.5)	(180, 32.013636363636365)	(185, 31.409090909090914)	(190, 30.26818181818182)	(195, 29.822727272727274)	(200, 30.113636363636363)	(205, 29.113636363636363)	(210, 28.85)	(215, 25.522727272727273)	(220, 23.24090909090909)	(225, 23.31818181818182)	(230, 22.477272727272727)	(235, 21.3)	(240, 20.46363636363636)	(245, 20.149154334038055)	(250, 17.9125)
SRR8438123_1	(1, 32.33918366241434)	(2, 31.949188808537148)	(3, 31.59128951003494)	(4, 31.80064642525031)	(5, 31.70147070772731)	(6, 29.586450348943238)	(7, 31.04396775096377)	(8, 31.025721585728085)	(9, 31.639410272383376)	(10, 32.09568357664563)	(15, 35.60712151169614)	(20, 35.82772405947835)	(25, 34.43157010915198)	(30, 35.16405297798001)	(35, 35.418323808492005)	(40, 36.628711753925046)	(45, 35.016798028222425)	(50, 36.11423850924948)	(55, 35.00285835522693)	(60, 36.47979740527071)	(65, 33.32032176809945)	(70, 35.5629352762204)	(75, 36.40043155205258)	(80, 35.825371288246075)	(85, 34.304655886893634)	(90, 36.22727806216877)	(95, 35.66800465859538)	(100, 36.41657051542482)	(105, 35.121345575688636)	(110, 36.06853191047552)	(115, 35.61088269548495)	(120, 34.32584346758394)	(125, 32.73674060832589)	(130, 34.368444336105014)	(135, 31.400897411590513)	(140, 34.25362259960456)	(145, 35.5796105197584)	(150, 33.17440842158483)	(155, 33.69889403501169)	(160, 32.221223693832776)	(165, 33.75134115182868)	(170, 33.09094192103862)	(175, 34.178019735832365)	(180, 31.48195155421937)	(185, 32.58686023311033)	(190, 33.28306925597898)	(195, 31.26782589854012)	(200, 31.706544604245103)	(205, 33.60298475122559)	(210, 31.505511768370305)	(215, 32.841708873901936)	(220, 31.921450303801812)	(225, 31.48693336222385)	(230, 31.086369997201235)	(235, 30.700399646961255)	(240, 32.276538480191164)	(245, 31.57223313351367)	(250, 29.854871001377855)
SRR8438123_2	(1, 28.48078329406029)	(2, 30.344113106362233)	(3, 30.60870507299369)	(4, 31.462175997399854)	(5, 30.989346622969766)	(6, 35.49471393877017)	(7, 33.41389272591028)	(8, 34.37846573314194)	(9, 35.200093894170436)	(10, 33.592737647048196)	(15, 32.83802894468369)	(20, 31.7733810026814)	(25, 30.61211957061473)	(30, 31.160652925615956)	(35, 32.361627980462785)	(40, 34.473705118135115)	(45, 35.848259797946966)	(50, 33.57629894459341)	(55, 35.3033991495355)	(60, 35.48110650668544)	(65, 34.217323474445436)	(70, 34.6753446548035)	(75, 34.23835937993734)	(80, 35.05998934662297)	(85, 35.441549976075045)	(90, 33.15225842564755)	(95, 33.28214656518874)	(100, 32.067536993400324)	(105, 34.15783790616)	(110, 34.23134259635438)	(115, 33.14684145427624)	(120, 33.85012504175582)	(125, 32.959186732031455)	(130, 34.90307774256746)	(135, 34.40936594350099)	(140, 34.06289826024936)	(145, 31.42423914122947)	(150, 32.46215071820012)	(155, 34.055484232099175)	(160, 33.1214719716873)	(165, 30.199411355777652)	(170, 30.51240035029748)	(175, 30.79642660455206)	(180, 31.81579227720448)	(185, 30.886324855773136)	(190, 30.5116252018137)	(195, 30.722509595341656)	(200, 29.147597177026135)	(205, 28.818019695709484)	(210, 26.24335913935039)	(215, 26.932470126701087)	(220, 25.452247605914316)	(225, 26.98772714467996)	(230, 25.163337853706743)	(235, 24.295473877009343)	(240, 22.803648679160084)	(245, 25.828863868811403)	(250, 21.619539290450646)
SRR8438124	(1, 32.44444444444444)	(2, 31.61111111111111)	(3, 31.72222222222222)	(4, 32.27777777777778)	(5, 32.5)	(6, 35.888888888888886)	(7, 34.94444444444444)	(8, 32.77777777777778)	(9, 34.388888888888886)	(10, 33.41111111111111)	(15, 34.13333333333333)	(20, 35.34444444444445)	(25, 34.37777777777778)	(30, 32.6)	(35, 34.13333333333333)	(40, 35.67777777777778)	(45, 35.98888888888889)	(50, 34.833333333333336)	(55, 36.88888888888889)	(60, 36.96666666666667)	(65, 35.888888888888886)	(70, 36.27777777777777)	(75, 36.24444444444445)	(80, 35.63333333333333)	(85, 32.644444444444446)	(90, 36.61111111111111)	(95, 36.91111111111111)	(100, 35.977777777777774)	(105, 36.16666666666667)	(110, 35.98888888888889)	(115, 35.766666666666666)	(120, 33.81111111111112)	(125, 35.1)	(130, 34.7)	(135, 34.577777777777776)	(140, 32.355555555555554)	(145, 32.18888888888889)	(150, 34.544444444444444)	(155, 33.6)	(160, 33.75555555555555)	(165, 34.522222222222226)	(170, 31.122222222222224)	(175, 32.24444444444445)	(180, 30.233333333333338)	(185, 29.2)	(190, 27.244444444444447)	(195, 26.655555555555555)	(200, 26.044444444444444)	(205, 25.322222222222223)	(210, 26.22222222222222)	(215, 25.93333333333333)	(220, 23.133333333333336)	(225, 23.155555555555555)	(230, 22.588888888888892)	(235, 21.111111111111107)	(240, 19.1)	(245, 18.677777777777777)	(250, 19.785714285714285)
SRR8438124_1	(1, 32.393188084330106)	(2, 32.001751694686874)	(3, 31.704575136300505)	(4, 31.880936586579324)	(5, 31.802680403822635)	(6, 29.615031406123677)	(7, 31.111248160202326)	(8, 31.05993076141711)	(9, 31.765511308277535)	(10, 32.25982918385539)	(15, 35.71931632081926)	(20, 36.022583386886126)	(25, 34.398615228342216)	(30, 34.87506167209105)	(35, 35.19697754928585)	(40, 36.604670494827836)	(45, 35.32800016584092)	(50, 36.071525114533884)	(55, 35.14741391819897)	(60, 36.538327908953335)	(65, 33.646031219552654)	(70, 35.478473848960384)	(75, 36.35980638072929)	(80, 35.8809490246481)	(85, 34.28994382138933)	(90, 36.28814859346172)	(95, 35.74857065859574)	(100, 36.25939592445947)	(105, 35.27074566222352)	(110, 36.0233856423226)	(115, 35.612568668504736)	(120, 34.129901117353185)	(125, 33.07754721283609)	(130, 34.19984245112876)	(135, 31.627672630029643)	(140, 34.09276726300296)	(145, 35.472401998383056)	(150, 33.02778042662577)	(155, 33.503103298161236)	(160, 31.908159373121332)	(165, 33.5013267273368)	(170, 32.87363958622691)	(175, 34.20497937353594)	(180, 31.1908663114907)	(185, 32.585611227430086)	(190, 33.12563693277224)	(195, 31.02773067435063)	(200, 31.82484918841601)	(205, 33.47781255830345)	(210, 31.776906652293786)	(215, 32.810408590559504)	(220, 31.687012583179587)	(225, 31.534613072410288)	(230, 31.05252803748005)	(235, 30.519722631066152)	(240, 32.014129646136944)	(245, 31.495288207796705)	(250, 29.775924319524286)
SRR8438124_2	(1, 29.072897448122887)	(2, 30.420002487613758)	(3, 30.238810920624392)	(4, 30.149930554115965)	(5, 28.904734758183213)	(6, 31.732550426003854)	(7, 32.45001969360891)	(8, 33.03024523725616)	(9, 33.79767408113767)	(10, 34.033586931735734)	(15, 33.37805924666763)	(20, 31.977582454030973)	(25, 30.923464416758225)	(30, 31.02665063537801)	(35, 32.53499865254254)	(40, 34.976326209083936)	(45, 35.94445573084019)	(50, 33.92306017952279)	(55, 35.30848483592115)	(60, 35.50852836916188)	(65, 34.434022264143124)	(70, 34.841957752026374)	(75, 34.54103111590207)	(80, 35.19152345612471)	(85, 35.422786542009575)	(90, 33.102002529073985)	(95, 33.29123323451979)	(100, 32.06524181678725)	(105, 34.34613487012583)	(110, 34.301534028483175)	(115, 33.47781670432637)	(120, 33.927900661290664)	(125, 33.35628226124091)	(130, 34.96296150417712)	(135, 34.5141379381828)	(140, 34.293306245983544)	(145, 31.768803250481973)	(150, 32.63357863968987)	(155, 34.25240158378076)	(160, 33.16636953502353)	(165, 30.268929704181268)	(170, 30.796111030494)	(175, 30.97239163332573)	(180, 31.986392752751918)	(185, 31.272806235618486)	(190, 30.88097406825483)	(195, 30.99463833715152)	(200, 29.30139412976346)	(205, 29.16769799986458)	(210, 26.438066482015035)	(215, 27.05612372886627)	(220, 25.443350743660698)	(225, 27.00660446151421)	(230, 25.258632056890512)	(235, 24.34635415586839)	(240, 22.89487073165675)	(245, 25.817945862918585)	(250, 21.559111931842235)
SRR8438125	(1, 30.32857142857143)	(2, 30.5)	(3, 31.271428571428572)	(4, 31.185714285714287)	(5, 31.428571428571427)	(6, 32.91428571428571)	(7, 33.48571428571429)	(8, 33.1)	(9, 31.957142857142856)	(10, 32.21428571428571)	(15, 33.925714285714285)	(20, 34.41428571428571)	(25, 33.18857142857142)	(30, 32.248571428571424)	(35, 34.05142857142857)	(40, 33.97714285714285)	(45, 35.36857142857143)	(50, 35.16285714285714)	(55, 35.76)	(60, 35.828571428571436)	(65, 35.768571428571434)	(70, 36.191428571428574)	(75, 35.111428571428576)	(80, 35.96285714285714)	(85, 35.037142857142854)	(90, 35.30571428571428)	(95, 35.434285714285714)	(100, 36.042857142857144)	(105, 35.83428571428571)	(110, 35.317142857142855)	(115, 35.68)	(120, 36.33428571428571)	(125, 36.5)	(130, 35.48571428571429)	(135, 35.36571428571428)	(140, 34.457142857142856)	(145, 33.94285714285714)	(150, 33.87714285714286)	(155, 33.04857142857143)	(160, 33.26571428571428)	(165, 31.377142857142854)	(170, 31.574285714285715)	(175, 32.05428571428571)	(180, 29.974285714285713)	(185, 29.171428571428567)	(190, 27.908571428571427)	(195, 27.21142857142857)	(200, 27.337142857142858)	(205, 26.61714285714286)	(210, 27.23142857142857)	(215, 25.325714285714287)	(220, 23.268571428571427)	(225, 23.334285714285713)	(230, 22.619999999999997)	(235, 21.405714285714286)	(240, 19.52)	(245, 19.08761904761905)	(250, 17.651505016722407)
SRR8438125_1	(1, 32.43403695535352)	(2, 32.01795488421969)	(3, 31.680483789783903)	(4, 31.933247903358758)	(5, 31.87217357684929)	(6, 29.588226712023985)	(7, 31.130953452011294)	(8, 31.081409740476058)	(9, 31.78503257119097)	(10, 32.329626288440444)	(15, 35.69690677028496)	(20, 36.06428013898987)	(25, 34.52777341441886)	(30, 35.11646067019572)	(35, 35.382678788969315)	(40, 36.723879461061685)	(45, 35.60962181430896)	(50, 36.28703207028277)	(55, 35.38455792419751)	(60, 36.74625157749609)	(65, 33.91146325984248)	(70, 35.6712388724216)	(75, 36.55018540898182)	(80, 36.223098190165175)	(85, 34.526654881544935)	(90, 36.67145917476589)	(95, 36.09635771653946)	(100, 36.631707975382554)	(105, 35.76274653315598)	(110, 36.560034334096045)	(115, 36.14062389818433)	(120, 34.36492280907374)	(125, 33.52292530388836)	(130, 34.53940615630768)	(135, 32.02795699970578)	(140, 34.42056738795826)	(145, 35.985084607285536)	(150, 33.22346438810173)	(155, 33.82219071958137)	(160, 31.89291847111146)	(165, 33.92143084670507)	(170, 33.09006669860158)	(175, 34.656361412561125)	(180, 31.69712804526654)	(185, 33.01810612931699)	(190, 33.54870991822552)	(195, 31.29438277653902)	(200, 32.41908265714779)	(205, 33.96240173323963)	(210, 32.27600430878316)	(215, 33.2872479957593)	(220, 32.06305704760816)	(225, 32.06891961882345)	(230, 31.424704014317218)	(235, 30.826064306711807)	(240, 32.48637509526681)	(245, 31.887043367017338)	(250, 30.522369380589794)
SRR8438125_2	(1, 29.003231587368358)	(2, 29.711182653986718)	(3, 30.113574855380993)	(4, 29.835843142785585)	(5, 29.00958534041089)	(6, 31.155896735099805)	(7, 34.04406290045301)	(8, 32.952117066623224)	(9, 34.73846269814445)	(10, 33.95817319265756)	(15, 33.683511609641755)	(20, 32.39504392673123)	(25, 31.589568465154052)	(30, 31.455848346395037)	(35, 33.05204338934914)	(40, 35.59424490520434)	(45, 36.47914009137928)	(50, 34.548307732709546)	(55, 35.79130559533912)	(60, 35.962522340262566)	(65, 34.99578750793307)	(70, 35.325015987725315)	(75, 35.183475378903005)	(80, 35.72869547456189)	(85, 35.919168006069256)	(90, 33.697076495490606)	(95, 33.873700617381516)	(100, 32.640921768351845)	(105, 35.16897676126375)	(110, 35.01369084237684)	(115, 34.27579713704216)	(120, 34.498410467522426)	(125, 34.12384347348227)	(130, 35.62294062292555)	(135, 35.26435503206055)	(140, 35.06410360532324)	(145, 32.58455695156023)	(150, 33.374722616005236)	(155, 34.95571728352133)	(160, 34.01743841382312)	(165, 31.11446238690052)	(170, 31.536814564270664)	(175, 31.742134403882766)	(180, 32.650926315431136)	(185, 32.13030324398849)	(190, 31.587567991416893)	(195, 31.808099516850074)	(200, 29.986443623965766)	(205, 29.89600313602862)	(210, 27.08237175530947)	(215, 27.69243327391011)	(220, 26.023815953055657)	(225, 27.627534862907318)	(230, 25.804709693741124)	(235, 24.880676727932418)	(240, 23.391415526221156)	(245, 26.343164290439063)	(250, 21.9424961368308)
SRR8438126	(1, 32.5)	(2, 30.95)	(3, 30.9)	(4, 31.75)	(5, 31.6)	(6, 34.35)	(7, 34.2)	(8, 35.0)	(9, 34.1)	(10, 35.04)	(15, 36.589999999999996)	(20, 37.09)	(25, 36.989999999999995)	(30, 35.980000000000004)	(35, 36.260000000000005)	(40, 35.98)	(45, 36.739999999999995)	(50, 36.440000000000005)	(55, 36.660000000000004)	(60, 37.3)	(65, 36.48)	(70, 38.07)	(75, 37.5)	(80, 37.160000000000004)	(85, 35.059999999999995)	(90, 37.05)	(95, 36.78)	(100, 36.75000000000001)	(105, 36.99)	(110, 36.54)	(115, 37.56)	(120, 36.1)	(125, 36.04)	(130, 35.06)	(135, 35.599999999999994)	(140, 33.809999999999995)	(145, 34.489999999999995)	(150, 34.29)	(155, 32.85)	(160, 32.9)	(165, 31.52)	(170, 32.58)	(175, 32.92)	(180, 30.8)	(185, 31.8)	(190, 26.73)	(195, 27.98)	(200, 28.749999999999993)	(205, 26.5)	(210, 27.97)	(215, 25.42)	(220, 23.610000000000003)	(225, 23.45)	(230, 21.98)	(235, 22.06)	(240, 19.630000000000003)	(245, 18.69421052631579)	(250, 15.885416666666668)
SRR8438126_1	(1, 32.50655442423636)	(2, 31.98438946288745)	(3, 31.294398719135415)	(4, 32.25085682835914)	(5, 31.91488004402972)	(6, 32.30421784704676)	(7, 32.52272784129287)	(8, 32.89232732094163)	(9, 32.410051784954845)	(10, 33.74906561929302)	(15, 36.46927926350286)	(20, 37.19630250419032)	(25, 36.89232231756436)	(30, 37.78208290596153)	(35, 36.780019012833655)	(40, 37.094598854226604)	(45, 36.226240212143196)	(50, 37.11762439646761)	(55, 35.94568583794061)	(60, 37.512003102093914)	(65, 35.83169389337803)	(70, 37.30750756760814)	(75, 37.41242088409676)	(80, 36.695594526305264)	(85, 36.36051584819754)	(90, 37.14227603632452)	(95, 36.34086258224301)	(100, 36.80989668025917)	(105, 36.8080329222225)	(110, 36.85592524954344)	(115, 35.68353888874991)	(120, 36.522012358341875)	(125, 35.1077252145198)	(130, 36.44359192454907)	(135, 33.25632301803718)	(140, 35.68069196707778)	(145, 35.67661421459485)	(150, 35.104838265829436)	(155, 35.01197058014159)	(160, 34.90312961248843)	(165, 34.721424461511525)	(170, 34.15879218472469)	(175, 34.32809396342531)	(180, 33.96100868085958)	(185, 33.230993420558875)	(190, 33.559069872163704)	(195, 33.35902484176819)	(200, 31.631043454331678)	(205, 33.39741825732369)	(210, 30.081615090185874)	(215, 31.848237560353244)	(220, 32.3191053961424)	(225, 30.759575213268953)	(230, 30.28133990443549)	(235, 30.510419533184898)	(240, 32.15763390288445)	(245, 30.086458833133143)	(250, 22.292572839751486)
SRR8438126_2	(1, 29.288744902809395)	(2, 30.50025016886398)	(3, 30.599454631876515)	(4, 30.70891601831236)	(5, 30.373477097040503)	(6, 33.785755384884794)	(7, 33.98303855102194)	(8, 34.84144297400746)	(9, 34.677920096064845)	(10, 34.80787531583819)	(15, 35.2805868961549)	(20, 35.188890000750504)	(25, 34.323423310734746)	(30, 35.764313411552806)	(35, 35.32120181122257)	(40, 35.44201836239462)	(45, 36.22992770119831)	(50, 34.79233982938484)	(55, 35.986761063718006)	(60, 36.10222149951217)	(65, 35.39770094813999)	(70, 35.14788482225502)	(75, 35.316673754784475)	(80, 35.80440047031746)	(85, 35.96237960623421)	(90, 35.20520101068222)	(95, 34.97029995246792)	(100, 33.00744752708078)	(105, 33.99340805043404)	(110, 33.814329672528956)	(115, 33.85501463487854)	(120, 34.16120631426212)	(125, 32.606764566082106)	(130, 34.65661071223076)	(135, 34.14220849073124)	(140, 32.898266329772596)	(145, 32.6758011657869)	(150, 30.153593675731123)	(155, 32.360630925874965)	(160, 31.653511120006005)	(165, 28.775220774022465)	(170, 30.581369924699175)	(175, 28.02164711180047)	(180, 27.98128736897406)	(185, 27.98776674255122)	(190, 27.01093741377563)	(195, 25.870966289323906)	(200, 24.900483397262317)	(205, 24.99576448219356)	(210, 24.322454877118002)	(215, 22.485372962559886)	(220, 21.33770655858696)	(225, 20.255515943007968)	(230, 20.159697543450683)	(235, 19.81718038528897)	(240, 18.399240055831537)	(245, 18.90998730444985)	(250, 18.304564543383684)
SRR8438127	(1, 30.3125)	(2, 31.5)	(3, 31.125)	(4, 31.375)	(5, 31.25)	(6, 34.0625)	(7, 34.9375)	(8, 35.625)	(9, 33.625)	(10, 33.7875)	(15, 35.4)	(20, 36.225)	(25, 35.8875)	(30, 35.925)	(35, 36.1875)	(40, 36.2875)	(45, 35.6375)	(50, 36.925)	(55, 36.025)	(60, 37.15)	(65, 38.0625)	(70, 37.325)	(75, 37.625)	(80, 37.95)	(85, 35.3)	(90, 36.9375)	(95, 36.725)	(100, 37.3375)	(105, 37.375)	(110, 37.5)	(115, 37.8)	(120, 37.1625)	(125, 37.025)	(130, 35.4625)	(135, 36.05)	(140, 36.075)	(145, 34.7625)	(150, 35.8625)	(155, 32.9375)	(160, 34.675)	(165, 33.95)	(170, 31.9375)	(175, 31.3875)	(180, 27.95)	(185, 28.775)	(190, 29.175)	(195, 27.275)	(200, 26.6125)	(205, 26.4375)	(210, 26.0)	(215, 25.5125)	(220, 26.25)	(225, 21.6875)	(230, 22.325)	(235, 18.4875)	(240, 18.1875)	(245, 17.5875)	(250, 16.077777777777776)
SRR8438127_1	(1, 32.47855157738061)	(2, 31.947533053478608)	(3, 31.176436387315835)	(4, 32.13416747095829)	(5, 31.903473376978265)	(6, 32.39424631091782)	(7, 32.60812586485575)	(8, 32.87013500470947)	(9, 32.406665348791236)	(10, 33.808856122888)	(15, 36.42945916718025)	(20, 37.249662197518525)	(25, 36.950086630928986)	(30, 37.83378955079828)	(35, 36.84545972533926)	(40, 37.130192913706296)	(45, 36.369519866972105)	(50, 37.2930404548996)	(55, 36.16428014930754)	(60, 37.56568950079654)	(65, 36.04768073304883)	(70, 37.43043827110248)	(75, 37.488737979231836)	(80, 36.822782190076396)	(85, 36.56760352105306)	(90, 37.232329034733766)	(95, 36.59866739537425)	(100, 37.04006883961069)	(105, 37.06845355070526)	(110, 36.94913776061956)	(115, 36.282240078142266)	(120, 36.64280149307534)	(125, 35.418849494749814)	(130, 36.570838517622704)	(135, 33.52036698954615)	(140, 36.08797748758677)	(145, 36.111962045187624)	(150, 35.51072944405037)	(155, 35.21288184471551)	(160, 35.15574264218519)	(165, 34.84875286347198)	(170, 34.4743746874891)	(175, 34.66369989650802)	(180, 34.360749793597456)	(185, 33.68641231670872)	(190, 33.911143411979495)	(195, 33.52500203495471)	(200, 32.013728385873925)	(205, 33.56562438224589)	(210, 30.391467144202704)	(215, 32.36161726571858)	(220, 32.43545472516483)	(225, 31.154161191669477)	(230, 30.669923369419866)	(235, 30.77640150237799)	(240, 32.141015861202845)	(245, 30.399171376045793)	(250, 22.784198118116752)
SRR8438127_2	(1, 29.253532099956974)	(2, 29.982266823261277)	(3, 31.558554368175635)	(4, 32.17358745072502)	(5, 30.548356338011793)	(6, 33.74457248508669)	(7, 35.3677686430922)	(8, 34.477086409991045)	(9, 35.61219577427119)	(10, 34.337693175343325)	(15, 35.35115643568962)	(20, 35.60953754200728)	(25, 34.959005546705114)	(30, 36.08584718071561)	(35, 35.69646150447109)	(40, 35.91440864216194)	(45, 36.49407537472238)	(50, 35.243322441480515)	(55, 36.27693291626452)	(60, 36.26423945021338)	(65, 35.96001488424015)	(70, 35.82717071525751)	(75, 35.845617870390825)	(80, 36.280263264997615)	(85, 36.26191146202775)	(90, 35.71794597485959)	(95, 35.528725420654204)	(100, 33.76613602800098)	(105, 34.69571496680116)	(110, 34.88885658802051)	(115, 34.50525483447097)	(120, 34.6011372489738)	(125, 33.37476888728676)	(130, 35.34330034768655)	(135, 34.77687826319523)	(140, 33.82503343139878)	(145, 33.319566961638195)	(150, 31.20843750363385)	(155, 33.431503424538064)	(160, 32.41752851843669)	(165, 30.107545612056235)	(170, 31.319853018128537)	(175, 29.442887542588693)	(180, 29.029912671372255)	(185, 29.203141970068724)	(190, 28.596957437522644)	(195, 26.969093788462885)	(200, 25.596998186179313)	(205, 25.959953482963137)	(210, 25.359069659262705)	(215, 23.303098728821446)	(220, 22.121641140145833)	(225, 21.066497164874864)	(230, 20.92267060520073)	(235, 20.435665441689537)	(240, 19.105519374796483)	(245, 19.53806754280452)	(250, 18.60434164862353)
SRR8438128_1	(1, 32.637883008356546)	(2, 33.01949860724234)	(3, 32.64066852367688)	(4, 32.796657381615596)	(5, 32.8050139275766)	(6, 33.85793871866295)	(7, 33.629526462395546)	(8, 34.289693593314766)	(9, 33.86629526462396)	(10, 35.150974930362125)	(15, 37.2807799442897)	(20, 37.16824512534819)	(25, 37.353760445682454)	(30, 38.47855153203342)	(35, 37.96991643454039)	(40, 38.01894150417827)	(45, 37.266295264623956)	(50, 37.808356545961004)	(55, 37.141504178272974)	(60, 37.94094707520891)	(65, 37.65181058495821)	(70, 37.57883008356546)	(75, 37.87409470752089)	(80, 37.11643454038997)	(85, 37.58161559888579)	(90, 37.20612813370473)	(95, 37.12980501392757)	(100, 37.0033426183844)	(105, 36.96824512534819)	(110, 37.38718662952646)	(115, 37.1025069637883)	(120, 37.38440111420613)	(125, 36.653481894150424)	(130, 37.07855153203343)	(135, 36.09080779944289)	(140, 36.733147632311976)	(145, 36.66629526462396)	(150, 36.72200557103064)	(155, 36.610584958217274)	(160, 36.96044568245125)	(165, 36.24456824512535)	(170, 36.423398328690816)	(175, 35.9125348189415)	(180, 36.39888579387187)	(185, 35.98328690807799)	(190, 35.75598885793872)	(195, 35.41114206128133)	(200, 34.47910863509749)	(205, 35.278551532033426)	(210, 34.35097493036211)	(215, 34.574373259052926)	(220, 34.83064066852368)	(225, 34.547632311977715)	(230, 34.35264623955432)	(235, 34.03955431754874)	(240, 34.32905339163723)	(245, 34.16352394702153)	(250, 31.11619937694704)
SRR8438128_2	(1, 31.45125348189415)	(2, 32.53481894150418)	(3, 31.13649025069638)	(4, 31.303621169916436)	(5, 32.119777158774376)	(6, 34.99442896935933)	(7, 34.456824512534816)	(8, 34.43454038997214)	(9, 34.816155988857936)	(10, 35.43175487465181)	(15, 36.06295264623956)	(20, 36.41114206128133)	(25, 36.28467966573816)	(30, 36.81615598885794)	(35, 36.6)	(40, 35.82952646239555)	(45, 36.147632311977716)	(50, 34.97604456824513)	(55, 37.14038997214485)	(60, 36.68467966573816)	(65, 36.465181058495816)	(70, 36.35933147632312)	(75, 35.68969359331477)	(80, 36.45738161559889)	(85, 36.39610027855153)	(90, 36.8050139275766)	(95, 36.958774373259054)	(100, 36.5058495821727)	(105, 35.35208913649025)	(110, 36.65961002785515)	(115, 34.80222841225627)	(120, 36.32256267409471)	(125, 34.88690807799443)	(130, 35.679108635097485)	(135, 34.97493036211699)	(140, 34.60055710306407)	(145, 34.396100278551536)	(150, 33.92089136490251)	(155, 33.3091922005571)	(160, 32.081894150417824)	(165, 32.47743732590529)	(170, 32.64401114206128)	(175, 32.24902506963788)	(180, 32.977715877437326)	(185, 30.104178272980505)	(190, 31.862952646239556)	(195, 29.455153203342615)	(200, 30.975487465181054)	(205, 29.45125348189415)	(210, 28.237883008356544)	(215, 27.579944289693593)	(220, 28.370473537604454)	(225, 26.730362116991643)	(230, 25.57715877437326)	(235, 25.786629526462395)	(240, 23.534818941504177)	(245, 22.790529247910865)	(250, 20.85227684453228)
SRR8438129	(1, 27.0)	(2, 30.666666666666668)	(3, 21.666666666666668)	(4, 31.333333333333332)	(5, 32.0)	(6, 28.333333333333332)	(7, 30.666666666666668)	(8, 28.666666666666668)	(9, 28.666666666666668)	(10, 31.2)	(15, 30.6)	(20, 33.666666666666664)	(25, 25.4)	(30, 26.933333333333337)	(35, 32.400000000000006)	(40, 31.133333333333333)	(45, 28.0)	(50, 31.333333333333332)	(55, 34.39999999999999)	(60, 26.46666666666667)	(65, 33.733333333333334)	(70, 34.33333333333333)	(75, 30.46666666666667)	(80, 28.666666666666664)	(85, 29.46666666666666)	(90, 30.6)	(95, 30.133333333333333)	(100, 30.53333333333333)	(105, 29.866666666666667)	(110, 35.4)	(115, 34.93333333333333)	(120, 30.333333333333332)	(125, 29.733333333333338)	(130, 29.266666666666662)	(135, 36.266666666666666)	(140, 32.46666666666666)	(145, 30.266666666666662)	(150, 27.666666666666668)	(155, 23.4)	(160, 27.666666666666664)	(165, 28.0)	(170, 26.266666666666662)	(175, 15.333333333333334)	(180, 21.26666666666667)	(185, 26.06666666666667)	(190, 21.93333333333333)	(195, 23.266666666666666)	(200, 19.266666666666666)	(205, 22.066666666666666)	(210, 23.733333333333334)	(215, 18.93333333333333)	(220, 19.933333333333334)	(225, 25.93333333333333)	(230, 21.4)	(235, 18.26666666666667)	(240, 14.6)	(245, 16.93333333333333)	(250, 23.0)
SRR8438129_1	(1, 31.121571891702445)	(2, 31.585866993779025)	(3, 31.559493559975465)	(4, 31.639928152107245)	(5, 31.00648383422413)	(6, 32.25541049680189)	(7, 32.76925435906423)	(8, 31.997634276702005)	(9, 31.77810391658635)	(10, 32.61419433978796)	(15, 35.504819065977394)	(20, 35.56477700867432)	(25, 34.496346271795325)	(30, 34.57727153246298)	(35, 35.122719705598875)	(40, 35.445562078331726)	(45, 36.460071847892756)	(50, 36.309252606676594)	(55, 36.61755892403399)	(60, 36.196898273898185)	(65, 35.92703057916411)	(70, 36.256663453956016)	(75, 35.194252168579695)	(80, 35.71352843248927)	(85, 34.178980110400424)	(90, 35.91775168667309)	(95, 35.54261806711645)	(100, 35.72871287128713)	(105, 35.7582318408832)	(110, 35.507254884780515)	(115, 35.030193638832905)	(120, 34.58230088495576)	(125, 35.188320336458425)	(130, 34.28772452466485)	(135, 34.153509156225354)	(140, 34.008910891089116)	(145, 32.57406466310348)	(150, 33.003793919214935)	(155, 31.858608604223253)	(160, 30.572399894856744)	(165, 31.092675019714363)	(170, 31.65501620958556)	(175, 32.802199246473315)	(180, 29.8442215017962)	(185, 31.721133794795414)	(190, 31.415228248488564)	(195, 29.96331376500482)	(200, 31.250644002453345)	(205, 30.43373346184176)	(210, 30.830842022255318)	(215, 31.056242880925264)	(220, 30.552834486988523)	(225, 30.46531148690091)	(230, 29.59842285113467)	(235, 27.3782879172873)	(240, 28.02609305178305)	(245, 25.5950319176644)	(250, 21.8247694304871)
SRR8438129_2	(1, 28.145886270042933)	(2, 30.168973977043724)	(3, 29.366774730570402)	(4, 28.184745465697013)	(5, 28.09129939542627)	(6, 29.124507140979585)	(7, 28.68321212652239)	(8, 31.134408131078594)	(9, 28.462761762901955)	(10, 31.132979935161654)	(15, 31.39506702882677)	(20, 30.441391395776748)	(25, 30.914255673354944)	(30, 29.203574870761408)	(35, 30.627468676071153)	(40, 34.27632524314379)	(45, 34.21785682993078)	(50, 31.891974064663106)	(55, 33.12897572943135)	(60, 33.93256812406905)	(65, 32.9899938666433)	(70, 32.27713134145273)	(75, 32.0342153684395)	(80, 31.51522824848856)	(85, 32.06411110137562)	(90, 31.709384035748712)	(95, 31.66786121089985)	(100, 30.650056952597915)	(105, 31.0640410058705)	(110, 30.379172873039515)	(115, 29.508779462016996)	(120, 29.39990361868045)	(125, 30.27938315955489)	(130, 30.327950582668887)	(135, 30.16514501007623)	(140, 29.025576097432754)	(145, 28.197853325155524)	(150, 28.39757294313502)	(155, 27.88618242355209)	(160, 27.625979146587223)	(165, 28.023674756856213)	(170, 26.26687111188995)	(175, 25.85362306142119)	(180, 25.02223779900114)	(185, 25.68113554718304)	(190, 25.99016034346797)	(195, 24.936493472356084)	(200, 24.915569964076052)	(205, 24.87751686673092)	(210, 23.86025584859371)	(215, 22.3601244195216)	(220, 20.960387866913358)	(225, 21.48206790799562)	(230, 21.86899452354874)	(235, 19.386260679079957)	(240, 19.72257612267251)	(245, 20.702780310473038)	(250, 19.41812119046556)
SRR8438130	(1, 31.470588235294116)	(2, 30.235294117647058)	(3, 29.529411764705884)	(4, 28.11764705882353)	(5, 30.058823529411764)	(6, 30.705882352941178)	(7, 30.58823529411765)	(8, 33.23529411764706)	(9, 33.11764705882353)	(10, 32.51764705882353)	(15, 34.16470588235294)	(20, 33.258823529411764)	(25, 34.32941176470588)	(30, 32.317647058823525)	(35, 33.22352941176471)	(40, 35.505882352941185)	(45, 35.50588235294118)	(50, 35.35294117647059)	(55, 37.0235294117647)	(60, 34.01176470588236)	(65, 34.21176470588235)	(70, 35.49411764705882)	(75, 34.49411764705883)	(80, 36.18823529411764)	(85, 33.964705882352945)	(90, 34.37647058823529)	(95, 34.28235294117647)	(100, 35.68235294117647)	(105, 35.70588235294118)	(110, 34.3764705882353)	(115, 34.76470588235294)	(120, 34.49411764705882)	(125, 35.47058823529412)	(130, 35.24705882352941)	(135, 35.635294117647064)	(140, 34.305882352941175)	(145, 32.6)	(150, 33.75294117647059)	(155, 32.83529411764706)	(160, 33.423529411764704)	(165, 32.15294117647059)	(170, 32.61176470588235)	(175, 32.01176470588236)	(180, 31.376470588235293)	(185, 27.729411764705883)	(190, 27.8)	(195, 26.65882352941177)	(200, 27.929411764705883)	(205, 27.4)	(210, 25.705882352941178)	(215, 25.47058823529412)	(220, 23.16470588235294)	(225, 22.705882352941178)	(230, 21.56470588235294)	(235, 20.4)	(240, 17.36470588235294)	(245, 16.083088235294117)	(250, 17.478787878787877)
SRR8438130_1	(1, 32.067503222855244)	(2, 31.820455774109035)	(3, 31.73271094107373)	(4, 31.857778517070738)	(5, 29.68873456148376)	(6, 31.539433193329728)	(7, 32.90937538986152)	(8, 30.463249053936043)	(9, 31.015344949473945)	(10, 32.85314800182975)	(15, 35.833794236287275)	(20, 35.86057304445461)	(25, 34.574437559778765)	(30, 35.075872250176744)	(35, 34.95728989063085)	(40, 35.97865638125337)	(45, 35.849180770990145)	(50, 35.79647149332557)	(55, 35.88476733064415)	(60, 36.240568470079424)	(65, 35.657560194618874)	(70, 36.61556327192581)	(75, 36.279338379007775)	(80, 36.17358298332432)	(85, 35.32446043165467)	(90, 36.04458768245519)	(95, 35.64629683536408)	(100, 36.63598785711316)	(105, 35.41924772320872)	(110, 35.849236911049196)	(115, 35.773391691271264)	(120, 35.50522518401464)	(125, 35.09010063625401)	(130, 35.28172745040962)	(135, 34.491163138853075)	(140, 34.35744583523932)	(145, 35.322125421050444)	(150, 34.53763463217865)	(155, 34.62227096935169)	(160, 32.43990934420094)	(165, 34.0106312637751)	(170, 33.04790826298499)	(175, 34.500207926144626)	(180, 33.16461720796773)	(185, 33.82723208716264)	(190, 33.414101551129036)	(195, 30.265384455441428)	(200, 32.531411402669775)	(205, 33.82547926976338)	(210, 33.705510042832785)	(215, 33.72894124007153)	(220, 32.68424127749823)	(225, 31.8637002536699)	(230, 31.287796814571465)	(235, 30.51237266729642)	(240, 32.08080780420713)	(245, 30.293893826934003)	(250, 27.97782657796514)
SRR8438130_2	(1, 28.83284817232919)	(2, 31.60977460805922)	(3, 31.530565143261114)	(4, 29.263463217865013)	(5, 30.11215536241527)	(6, 33.23287728198944)	(7, 33.1595001455483)	(8, 32.47486172911382)	(9, 31.52737347694099)	(10, 32.66793362997463)	(15, 32.50215619411985)	(20, 32.851605189836576)	(25, 32.634623861604354)	(30, 32.00324156859484)	(35, 32.70073190002911)	(40, 34.95585727949433)	(45, 35.35614005905103)	(50, 33.149896036927686)	(55, 35.58592132074687)	(60, 35.15979747993513)	(65, 34.239395766623694)	(70, 35.08363205389445)	(75, 34.35265729612841)	(80, 35.17644820559737)	(85, 34.91605605688859)	(90, 32.99568137397596)	(95, 35.82081548633926)	(100, 33.037314425915916)	(105, 33.55300037426706)	(110, 34.45340375098765)	(115, 33.42269929720963)	(120, 33.94870046159604)	(125, 33.315922984156025)	(130, 34.09268307897035)	(135, 33.84124215078804)	(140, 33.36157732773319)	(145, 30.838025533330562)	(150, 31.042198611053358)	(155, 31.28320164677507)	(160, 28.66675676799601)	(165, 27.558366948060048)	(170, 29.5311390194203)	(175, 26.87883935626066)	(180, 29.712251008441797)	(185, 28.59861313261529)	(190, 27.36253859347774)	(195, 24.45242342960514)	(200, 26.01540140976857)	(205, 24.979475066678244)	(210, 24.756888840647143)	(215, 24.361312525342843)	(220, 24.705954398477868)	(225, 24.41249939271007)	(230, 23.572688038047755)	(235, 22.24393474667027)	(240, 21.98092257897333)	(245, 23.45092562681203)	(250, 20.95370524447719)
SRR8438131	(1, 31.88888888888889)	(2, 32.22222222222222)	(3, 29.11111111111111)	(4, 30.555555555555557)	(5, 28.666666666666668)	(6, 35.111111111111114)	(7, 33.55555555555556)	(8, 30.88888888888889)	(9, 32.0)	(10, 33.48888888888889)	(15, 34.31111111111111)	(20, 34.2)	(25, 34.044444444444444)	(30, 34.355555555555554)	(35, 34.57777777777778)	(40, 35.37777777777778)	(45, 35.15555555555555)	(50, 37.177777777777784)	(55, 36.68888888888889)	(60, 37.28888888888889)	(65, 36.62222222222222)	(70, 35.17777777777778)	(75, 34.08888888888889)	(80, 34.22222222222222)	(85, 35.733333333333334)	(90, 35.82222222222222)	(95, 35.08888888888889)	(100, 33.42222222222222)	(105, 36.266666666666666)	(110, 35.66666666666667)	(115, 33.84444444444444)	(120, 35.4)	(125, 36.86666666666667)	(130, 34.82222222222222)	(135, 35.88888888888889)	(140, 34.55555555555556)	(145, 34.4)	(150, 36.53333333333333)	(155, 35.46666666666666)	(160, 33.733333333333334)	(165, 33.37777777777778)	(170, 34.888888888888886)	(175, 33.177777777777784)	(180, 31.133333333333333)	(185, 31.4)	(190, 31.77777777777778)	(195, 27.911111111111108)	(200, 29.333333333333332)	(205, 27.977777777777778)	(210, 28.288888888888884)	(215, 26.266666666666662)	(220, 21.555555555555554)	(225, 19.93333333333333)	(230, 18.866666666666667)	(235, 19.355555555555558)	(240, 17.26666666666667)	(245, 18.26666666666667)	(250, 13.61111111111111)
SRR8438131_1	(1, 32.393639363936394)	(2, 32.002785992885)	(3, 31.71008529424371)	(4, 31.914898632720416)	(5, 31.843255754146842)	(6, 29.493013587072994)	(7, 31.167395310959666)	(8, 31.026338348120525)	(9, 31.734087694483733)	(10, 32.12860143157173)	(15, 35.64308430843085)	(20, 35.96264197848357)	(25, 34.46432643264326)	(30, 34.9065235094938)	(35, 35.1975354678325)	(40, 36.65719857700056)	(45, 35.54444301573014)	(50, 35.60385752861)	(55, 35.90840941236981)	(60, 37.202700270027)	(65, 36.93440915520124)	(70, 37.05732287514466)	(75, 37.03725944022973)	(80, 36.042274227422745)	(85, 35.27473318760447)	(90, 37.046568942608545)	(95, 36.2064206420642)	(100, 37.57951652308088)	(105, 36.82218078950753)	(110, 37.12103210321032)	(115, 36.557717200291464)	(120, 36.507569328361406)	(125, 36.332338948180535)	(130, 36.227204148986324)	(135, 33.371625734001974)	(140, 34.718456131327414)	(145, 35.45636706527795)	(150, 34.08018516137328)	(155, 34.0993485062792)	(160, 33.425626848399126)	(165, 34.648227679910846)	(170, 34.28920749217779)	(175, 35.185890017573186)	(180, 33.085555698426994)	(185, 34.065560841798465)	(190, 33.73168745445973)	(195, 32.27337019416227)	(200, 32.62614975783293)	(205, 33.97595473833097)	(210, 33.66580943808667)	(215, 34.50147871930049)	(220, 33.09021044961639)	(225, 32.8989798979898)	(230, 31.83969396939694)	(235, 31.181795113200206)	(240, 32.86029017809306)	(245, 32.32214040240937)	(250, 29.24386357156396)
SRR8438131_2	(1, 28.57295015215807)	(2, 30.474326004028974)	(3, 30.25223950966525)	(4, 31.46755389824697)	(5, 29.115682996871115)	(6, 31.52042347091852)	(7, 31.704041832754704)	(8, 33.993399339933994)	(9, 33.70764219279071)	(10, 31.64937636620805)	(15, 32.836659380223736)	(20, 32.9000300030003)	(25, 32.115421542154216)	(30, 28.27585615704428)	(35, 33.49129912991299)	(40, 35.8037760918949)	(45, 36.488890317603186)	(50, 32.86676524795337)	(55, 34.71325275384682)	(60, 35.5031031674596)	(65, 32.98113668509708)	(70, 34.14300287171575)	(75, 34.49045047361879)	(80, 35.217864643607214)	(85, 34.94672752989585)	(90, 32.57190861943337)	(95, 32.21480005143372)	(100, 31.663743517208864)	(105, 34.6015944451588)	(110, 33.263002014487164)	(115, 34.264227851356566)	(120, 32.86841112682697)	(125, 33.75138228108525)	(130, 35.24435300672924)	(135, 35.518511851185124)	(140, 34.831190261883336)	(145, 33.54712614118555)	(150, 33.213964253568214)	(155, 34.5980369465518)	(160, 29.11480433757661)	(165, 28.545420256311342)	(170, 32.15807723629506)	(175, 31.86994556598517)	(180, 31.82808709442373)	(185, 31.807556469932706)	(190, 31.65122178363011)	(195, 29.927102427130496)	(200, 29.66217021367796)	(205, 29.323791978374697)	(210, 27.43424921771186)	(215, 28.761488741344174)	(220, 26.460025290953126)	(225, 27.460801165955804)	(230, 26.69297402172784)	(235, 25.41632523899273)	(240, 23.694180688029153)	(245, 26.799932930300436)	(250, 21.893985804659113)
SRR8438132	(1, 29.6)	(2, 31.2)	(3, 31.0)	(4, 30.88)	(5, 32.16)	(6, 32.96)	(7, 33.52)	(8, 34.56)	(9, 32.88)	(10, 32.656)	(15, 32.232)	(20, 33.480000000000004)	(25, 32.151999999999994)	(30, 31.928000000000004)	(35, 34.848)	(40, 34.984)	(45, 34.736)	(50, 35.751999999999995)	(55, 36.208)	(60, 34.744)	(65, 34.464)	(70, 35.344)	(75, 33.071999999999996)	(80, 36.440000000000005)	(85, 32.944)	(90, 34.336)	(95, 34.216)	(100, 34.55200000000001)	(105, 35.992000000000004)	(110, 33.736000000000004)	(115, 34.208)	(120, 34.480000000000004)	(125, 33.632)	(130, 34.0)	(135, 34.184)	(140, 33.72)	(145, 33.488)	(150, 33.32000000000001)	(155, 32.368)	(160, 33.48799999999999)	(165, 31.792)	(170, 32.087999999999994)	(175, 31.872000000000003)	(180, 29.32)	(185, 28.560000000000002)	(190, 26.248)	(195, 25.791999999999994)	(200, 26.631999999999998)	(205, 27.056)	(210, 28.144)	(215, 26.936)	(220, 25.6)	(225, 23.983999999999998)	(230, 21.976)	(235, 22.040000000000003)	(240, 21.48)	(245, 21.088)	(250, 16.573333333333334)
SRR8438132_1	(1, 32.38251212958846)	(2, 31.98516420853227)	(3, 31.660023582626177)	(4, 31.886929039491235)	(5, 31.87813387972861)	(6, 29.391036669050703)	(7, 31.03537393926507)	(8, 30.96671370305221)	(9, 31.74393520576808)	(10, 32.06478263390873)	(15, 35.600454255504225)	(20, 35.938107204299)	(25, 34.47413643129144)	(30, 34.89578798832467)	(35, 35.17285678387103)	(40, 36.67250884348481)	(45, 35.44958923704406)	(50, 35.518293932306264)	(55, 35.87245085342045)	(60, 37.25640113660526)	(65, 36.96427812034871)	(70, 37.11581775655771)	(75, 37.08743741905553)	(80, 35.984443198731945)	(85, 35.29789302766126)	(90, 37.04888175825876)	(95, 36.22775211180485)	(100, 37.66527941546015)	(105, 36.878557207198504)	(110, 37.23367676338121)	(115, 36.576570080992795)	(120, 36.56439796648174)	(125, 36.36200490982545)	(130, 36.26133802408521)	(135, 33.36786383932886)	(140, 34.714802930431254)	(145, 35.480687375562994)	(150, 34.14648870160246)	(155, 34.11771016565828)	(160, 33.570241431967986)	(165, 34.743848220671524)	(170, 34.37836970599037)	(175, 35.19921133512457)	(180, 32.99307985231864)	(185, 34.043229659984924)	(190, 33.76478649991301)	(195, 32.25544816654747)	(200, 32.604117294570194)	(205, 33.84852221985967)	(210, 33.878820095490305)	(215, 34.587164865752996)	(220, 33.16540699360176)	(225, 33.03071927009839)	(230, 31.838824348095027)	(235, 31.13997940688079)	(240, 32.795664193347626)	(245, 32.385335533260914)	(250, 28.566531704642113)
SRR8438132_2	(1, 29.863269093228695)	(2, 30.588357528076855)	(3, 30.50962635068525)	(4, 30.111911159221386)	(5, 30.991359480409024)	(6, 33.12710455608606)	(7, 32.73569095161696)	(8, 34.543840488662944)	(9, 34.97276399976804)	(10, 34.66262926951849)	(15, 33.612438868807146)	(20, 33.60196779618425)	(25, 32.348441033769554)	(30, 28.315757833491194)	(35, 33.80941951945567)	(40, 35.96579552703304)	(45, 36.53345446813446)	(50, 32.9162874760791)	(55, 34.91786673883208)	(60, 35.692010902132104)	(65, 33.19497806042565)	(70, 34.47423114839657)	(75, 34.74517039413914)	(80, 35.47600177836197)	(85, 35.23716583225407)	(90, 32.977492123016255)	(95, 32.6085825295266)	(100, 31.82674888369126)	(105, 34.724721164440496)	(110, 33.55640113660526)	(115, 34.34975354222643)	(120, 33.31174105503257)	(125, 33.80012564513946)	(130, 35.25962345118203)	(135, 35.666153132429976)	(140, 35.00897299596003)	(145, 33.66902170761409)	(150, 33.34529603927861)	(155, 34.82082809811919)	(160, 29.20542400402065)	(165, 28.685771171206)	(170, 32.5492818897029)	(175, 32.127549146579554)	(180, 32.260222681847175)	(185, 31.901231322366765)	(190, 31.60880660510985)	(195, 30.194935289626038)	(200, 30.072911624687357)	(205, 29.567077150902747)	(210, 27.938244774488346)	(215, 29.051175917948132)	(220, 26.51440548450946)	(225, 27.538444828663103)	(230, 26.82513820832734)	(235, 25.77447515415732)	(240, 23.952585026760772)	(245, 27.015580708698963)	(250, 21.944075964090402)
SRR8438133	(1, 33.25)	(2, 33.25)	(3, 33.25)	(4, 33.25)	(5, 33.25)	(6, 37.0)	(7, 37.0)	(8, 37.0)	(9, 37.0)	(10, 36.05)	(15, 36.8)	(20, 37.4)	(25, 38.15)	(30, 38.1)	(35, 38.45)	(40, 38.4)	(45, 38.25)	(50, 37.2)	(55, 38.2)	(60, 38.15)	(65, 38.4)	(70, 38.3)	(75, 37.65)	(80, 38.35)	(85, 37.6)	(90, 38.7)	(95, 38.1)	(100, 38.25)	(105, 37.05)	(110, 36.6)	(115, 38.75)	(120, 38.3)	(125, 38.4)	(130, 37.55)	(135, 36.0)	(140, 37.9)	(145, 37.45)	(150, 36.9)	(155, 37.15)	(160, 35.75)	(165, 32.9)	(170, 33.05)	(175, 32.7)	(180, 32.7)	(185, 31.45)	(190, 30.0)	(195, 26.6)	(200, 32.2)	(205, 29.9)	(210, 30.35)	(215, 25.7)	(220, 22.3)	(225, 18.6)	(230, 17.15)	(235, 15.6)	(240, 16.05)	(245, 14.633333333333335)	(250, 15.75)
SRR8438133_1	(1, 32.417884278199885)	(2, 31.939010554543266)	(3, 31.30185306150514)	(4, 32.245676762815)	(5, 31.797332141506516)	(6, 32.26492934988139)	(7, 32.504073984941726)	(8, 32.93347543576168)	(9, 32.43620861553271)	(10, 33.68704232131192)	(15, 36.4452023240623)	(20, 37.08943514284732)	(25, 36.86642830130299)	(30, 37.76060095575343)	(35, 36.71786021246605)	(40, 37.06528002200296)	(45, 36.088555024581424)	(50, 37.15287241723106)	(55, 35.95362189294186)	(60, 37.51864406779661)	(65, 35.93763536975281)	(70, 37.36598480420806)	(75, 37.39577130676935)	(80, 36.622064839962874)	(85, 36.44839962870011)	(90, 37.01002509712242)	(95, 36.336005775776115)	(100, 36.827132395915704)	(105, 36.74711039295905)	(110, 36.78479045621755)	(115, 35.77970914841682)	(120, 36.56018152439234)	(125, 35.05851411283391)	(130, 36.433423866332035)	(135, 33.36327569017087)	(140, 35.802385945611434)	(145, 35.69117475160724)	(150, 35.34749544470038)	(155, 35.07103517035101)	(160, 35.06669646233713)	(165, 34.743356138481104)	(170, 34.28113590263691)	(175, 34.234750919654836)	(180, 34.19471929040465)	(185, 33.55169663423523)	(190, 33.83772131880221)	(195, 33.38223261250731)	(200, 31.598232887544263)	(205, 33.46575446075566)	(210, 30.24632309966652)	(215, 32.15710111046172)	(220, 32.548320555574655)	(225, 30.99254649843573)	(230, 30.54616839137759)	(235, 30.775569842197548)	(240, 32.20391608761979)	(245, 30.23454618567869)	(250, 23.106922158469025)
SRR8438133_2	(1, 31.835734176780004)	(2, 31.09248117715818)	(3, 31.689380135455703)	(4, 30.430811015230173)	(5, 30.350156427269916)	(6, 33.208787430811014)	(7, 35.32062433389487)	(8, 35.574689723931655)	(9, 34.25169319627325)	(10, 33.77215938391721)	(15, 34.911211194004196)	(20, 34.77726131948981)	(25, 33.8176229930897)	(30, 35.45022174854746)	(35, 34.85685701516141)	(40, 34.97218688761303)	(45, 35.88185787465191)	(50, 34.31228383814075)	(55, 35.63576168047582)	(60, 35.722810877711694)	(65, 35.08764740261972)	(70, 34.829573348918764)	(75, 34.71371403032282)	(80, 35.4442947021006)	(85, 35.63017843022656)	(90, 34.86008869941899)	(95, 34.659758655069275)	(100, 32.73040877367896)	(105, 33.244157183621546)	(110, 33.54110083542476)	(115, 33.35197854711727)	(120, 33.66891050984976)	(125, 32.039674081204666)	(130, 34.50958847595145)	(135, 33.69494963385705)	(140, 32.40915873070444)	(145, 32.17570048475264)	(150, 29.887881184034104)	(155, 31.9822188606594)	(160, 30.963488843813387)	(165, 28.436634922817756)	(170, 29.987925877539794)	(175, 27.94942070340702)	(180, 27.54992952177949)	(185, 27.795131845841787)	(190, 27.11616873517379)	(195, 25.388070271942794)	(200, 24.47188814259396)	(205, 24.736086089527607)	(210, 24.240246166540604)	(215, 22.459355016158973)	(220, 21.394244653785325)	(225, 20.33645851286915)	(230, 20.28177356373471)	(235, 19.751340943474073)	(240, 18.531680649154175)	(245, 19.060041652764212)	(250, 18.43821911358954)
SRR8438134	(1, 31.5)	(2, 28.5)	(3, 31.5)	(4, 28.5)	(5, 28.5)	(6, 31.25)	(7, 25.5)	(8, 28.75)	(9, 31.25)	(10, 30.25)	(15, 29.75)	(20, 30.65)	(25, 30.5)	(30, 31.3)	(35, 29.0)	(40, 29.9)	(45, 31.0)	(50, 31.9)	(55, 32.1)	(60, 32.95)	(65, 32.35)	(70, 32.1)	(75, 32.1)	(80, 32.8)	(85, 32.7)	(90, 31.6)	(95, 29.45)	(100, 33.1)	(105, 33.35)	(110, 34.95)	(115, 32.05)	(120, 30.75)	(125, 33.35)	(130, 32.95)	(135, 32.5)	(140, 31.0)	(145, 30.2)	(150, 31.5)	(155, 31.85)	(160, 31.75)	(165, 28.2)	(170, 31.2)	(175, 29.35)	(180, 28.0)	(185, 30.85)	(190, 27.45)	(195, 25.85)	(200, 26.0)	(205, 20.35)	(210, 24.6)	(215, 22.05)	(220, 23.05)	(225, 22.15)	(230, 20.95)	(235, 20.9)	(240, 15.45)	(245, 17.3)	(250, 17.333333333333332)
SRR8438134_1	(1, 31.992792671426646)	(2, 31.838272935470833)	(3, 31.639903004176208)	(4, 31.78290448605685)	(5, 31.330189950154924)	(6, 30.84574969688805)	(7, 31.988414387713863)	(8, 31.40879698235215)	(9, 31.90744981813283)	(10, 32.59896268355112)	(15, 35.42189141856392)	(20, 35.911450895864206)	(25, 34.31081772868113)	(30, 34.75831873905429)	(35, 34.778351070995555)	(40, 35.78783510709955)	(45, 35.47211370066011)	(50, 35.56652296914994)	(55, 35.532520544254346)	(60, 35.985329381651624)	(65, 35.09005792806143)	(70, 35.48053347703085)	(75, 35.43623871749967)	(80, 34.84203152364273)	(85, 33.741694732587895)	(90, 35.22199919170147)	(95, 34.77241007678836)	(100, 35.073151017108984)	(105, 34.05852081368719)	(110, 34.49038124747406)	(115, 34.15662131213795)	(120, 33.786029907045666)	(125, 33.23343661592348)	(130, 33.17096861107369)	(135, 31.45011450895864)	(140, 32.44786474471238)	(145, 33.01864475279537)	(150, 31.932251111410483)	(155, 31.846652296914993)	(160, 30.87465984103462)	(165, 31.618469621446856)	(170, 31.32645830526741)	(175, 32.06117472719925)	(180, 30.290044456419242)	(185, 31.17385154250303)	(190, 31.086730432439715)	(195, 29.185612286137683)	(200, 29.928371278458844)	(205, 31.017553549777723)	(210, 30.27429610669541)	(215, 31.0397278728277)	(220, 30.246544523777448)	(225, 29.661727064529167)	(230, 28.64019938030446)	(235, 28.11272301092156)	(240, 28.950003368137423)	(245, 28.98554016208688)	(250, 26.2826751517636)
SRR8438134_2	(1, 28.96968880506534)	(2, 30.56190219587768)	(3, 29.794692172975886)	(4, 29.529772329246935)	(5, 29.479455745655397)	(6, 32.63309982486865)	(7, 32.92853293816516)	(8, 31.292132560959182)	(9, 31.796039337195204)	(10, 31.845224302842517)	(15, 31.860555031658357)	(20, 31.745534150612958)	(25, 31.67959046207733)	(30, 29.767102249764243)	(35, 31.694382325205442)	(40, 33.94001077731375)	(45, 34.391701468409)	(50, 32.116812609457085)	(55, 33.47445776640173)	(60, 33.77413444698909)	(65, 32.6733126768153)	(70, 33.09180924154654)	(75, 32.65323992994746)	(80, 33.33301899501549)	(85, 33.13586151151826)	(90, 31.689424760878353)	(95, 31.911747271992454)	(100, 30.768126094570924)	(105, 31.874646369392433)	(110, 32.21499393776101)	(115, 31.775468139566215)	(120, 31.564340563114644)	(125, 31.011747271992455)	(130, 32.246638825272804)	(135, 32.02342718577395)	(140, 31.58045264717769)	(145, 29.76300687053752)	(150, 30.242206654991243)	(155, 30.992469352014012)	(160, 29.004634244914456)	(165, 27.746275090933587)	(170, 28.93829987875522)	(175, 28.474174861915667)	(180, 29.29497507746195)	(185, 28.465000673582107)	(190, 28.526256230634516)	(195, 27.41568099151287)	(200, 26.853118685167725)	(205, 26.599806992975648)	(210, 25.02698551700909)	(215, 25.21614011451667)	(220, 24.09558773997979)	(225, 25.167086561131693)	(230, 24.0491074435837)	(235, 23.055137283593087)	(240, 22.388183777957423)	(245, 23.958419982194805)	(250, 20.19801058159021)
SRR8438135	(1, 32.5)	(2, 32.833333333333336)	(3, 32.833333333333336)	(4, 30.0)	(5, 32.0)	(6, 35.333333333333336)	(7, 35.333333333333336)	(8, 32.666666666666664)	(9, 31.666666666666668)	(10, 34.16666666666667)	(15, 36.03333333333333)	(20, 33.233333333333334)	(25, 35.2)	(30, 35.16666666666667)	(35, 34.4)	(40, 34.766666666666666)	(45, 35.96666666666667)	(50, 36.53333333333333)	(55, 36.8)	(60, 38.233333333333334)	(65, 35.43333333333333)	(70, 34.56666666666667)	(75, 34.766666666666666)	(80, 37.46666666666667)	(85, 35.3)	(90, 35.666666666666664)	(95, 36.66666666666667)	(100, 37.733333333333334)	(105, 38.00000000000001)	(110, 35.3)	(115, 38.166666666666664)	(120, 38.13333333333333)	(125, 36.666666666666664)	(130, 36.2)	(135, 37.36666666666667)	(140, 37.2)	(145, 37.5)	(150, 36.7)	(155, 36.666666666666664)	(160, 35.86666666666667)	(165, 36.8)	(170, 37.16666666666667)	(175, 35.03333333333334)	(180, 33.96666666666666)	(185, 34.63333333333334)	(190, 29.9)	(195, 27.233333333333338)	(200, 30.6)	(205, 27.6)	(210, 30.9)	(215, 23.53333333333333)	(220, 22.0)	(225, 22.466666666666665)	(230, 18.866666666666667)	(235, 17.3)	(240, 16.5)	(245, 17.3)	(250, 15.166666666666666)
SRR8438135_1	(1, 31.905103033519058)	(2, 31.79251790925975)	(3, 31.68886530467852)	(4, 31.473246661360218)	(5, 30.480764128416027)	(6, 31.123463341293004)	(7, 32.498010082249934)	(8, 31.17325550543911)	(9, 31.608826390731405)	(10, 32.52328645971522)	(15, 35.52033253736624)	(20, 35.73395241885557)	(25, 34.37601485805253)	(30, 34.36209427788096)	(35, 34.49026266914301)	(40, 35.51637039002387)	(45, 34.966534005483325)	(50, 35.8548686654285)	(55, 34.82884938533651)	(60, 35.74369859379146)	(65, 34.654638719377374)	(70, 34.52988414256656)	(75, 35.19069602900858)	(80, 34.25803484567082)	(85, 33.652197753603964)	(90, 34.522508180772974)	(95, 33.666489785088885)	(100, 33.84906694967718)	(105, 32.84208012735474)	(110, 33.340037145131326)	(115, 33.081524719200495)	(120, 32.38507119483506)	(125, 32.00100822499336)	(130, 31.984558238259485)	(135, 30.331617582028834)	(140, 31.45635447068188)	(145, 32.35049084637835)	(150, 31.119306624215092)	(155, 31.18535420535951)	(160, 30.213142301229322)	(165, 30.913221897939327)	(170, 30.566268683116654)	(175, 31.64754576810825)	(180, 29.50048642433891)	(185, 30.710108782170334)	(190, 30.49461395595649)	(195, 28.582577164588304)	(200, 29.46406650747325)	(205, 30.647421951003803)	(210, 29.699885026974442)	(215, 30.315202971610507)	(220, 29.619492349871763)	(225, 28.689997346776334)	(230, 27.732272043866637)	(235, 27.702166799327852)	(240, 28.561397976807047)	(245, 28.602495741314453)	(250, 26.994352808371204)
SRR8438135_2	(1, 28.72751392942425)	(2, 30.560272397629788)	(3, 29.49456089148315)	(4, 29.241443353674715)	(5, 27.86044043512868)	(6, 33.25621296541965)	(7, 31.068630052180065)	(8, 27.895374546740957)	(9, 31.13381091359335)	(10, 32.066419032457766)	(15, 31.8977093835677)	(20, 31.441160343150262)	(25, 31.487131865216234)	(30, 30.39706376580879)	(35, 31.369134164676744)	(40, 33.62699212876979)	(45, 34.50708410719024)	(50, 31.76037852657646)	(55, 32.89022729282745)	(60, 33.94695321482267)	(65, 32.36579110285664)	(70, 33.22968072875211)	(75, 32.8342619616167)	(80, 33.474449456089154)	(85, 33.06670204298222)	(90, 31.093163527018664)	(95, 32.224268152471915)	(100, 30.920898558415143)	(105, 31.93280268859998)	(110, 32.15914035553197)	(115, 31.696046696736534)	(120, 32.21397364464491)	(125, 30.795471831608733)	(130, 32.09222605465641)	(135, 32.02483417352082)	(140, 31.44549394180596)	(145, 30.26403113115769)	(150, 30.208490315733616)	(155, 31.04476872733705)	(160, 29.44924383125497)	(165, 27.788166622446273)	(170, 28.94714778455824)	(175, 28.21231095781374)	(180, 29.63640222870788)	(185, 28.69259750596975)	(190, 28.731281507031042)	(195, 27.769417175201205)	(200, 27.383567701423896)	(205, 26.60410365260458)	(210, 25.029362341912087)	(215, 25.627858848500928)	(220, 24.520739364995137)	(225, 25.787211461926244)	(230, 24.709365879543643)	(235, 22.739931016184663)	(240, 22.031396480056603)	(245, 24.09699795373673)	(250, 19.56422383699698)
SRR8438136	(1, 24.0)	(2, 32.0)	(3, 32.0)	(4, 31.0)	(5, 32.0)	(6, 28.0)	(7, 33.0)	(8, 33.0)	(9, 28.0)	(10, 33.0)	(15, 29.9)	(20, 33.1)	(25, 36.9)	(30, 30.2)	(35, 36.4)	(40, 35.1)	(45, 34.1)	(50, 33.6)	(55, 34.7)	(60, 35.7)	(65, 35.9)	(70, 36.8)	(75, 35.3)	(80, 32.7)	(85, 33.3)	(90, 35.9)	(95, 37.9)	(100, 33.6)	(105, 28.9)	(110, 33.7)	(115, 33.6)	(120, 37.1)	(125, 32.1)	(130, 34.8)	(135, 38.0)	(140, 34.7)	(145, 35.0)	(150, 36.3)	(155, 37.3)	(160, 34.1)	(165, 36.5)	(170, 35.4)	(175, 30.1)	(180, 25.3)	(185, 24.3)	(190, 25.6)	(195, 24.8)	(200, 19.1)	(205, 20.9)	(210, 20.9)	(215, 18.0)	(220, 22.4)	(225, 20.9)	(230, 18.0)	(235, 22.5)	(240, 21.9)	(245, 22.1)	(250, 12.5)
SRR8438136_1	(1, 32.02544188537761)	(2, 31.83161489019818)	(3, 31.68492233529727)	(4, 31.887720942688805)	(5, 31.405262453133368)	(6, 31.03474825923942)	(7, 32.03695768612748)	(8, 31.361609534011784)	(9, 32.19744242099625)	(10, 32.78754686663096)	(15, 35.4265800749866)	(20, 35.84729512587038)	(25, 34.573754686663094)	(30, 34.68722549544724)	(35, 35.11087305838244)	(40, 35.848875200856995)	(45, 35.720782003213706)	(50, 35.6195366898768)	(55, 35.25439207284414)	(60, 35.746304231387256)	(65, 35.5237412961971)	(70, 35.72932512051419)	(75, 35.19993304767006)	(80, 34.88551151580075)	(85, 33.5226164970541)	(90, 34.82595072308517)	(95, 34.13650241028388)	(100, 34.31418050348152)	(105, 33.85049544724156)	(110, 33.749973219068025)	(115, 33.36345741831816)	(120, 32.648714515265134)	(125, 32.49429566148902)	(130, 31.680503481521157)	(135, 30.842675415104445)	(140, 31.535042849491163)	(145, 32.018505623995715)	(150, 30.833516336368508)	(155, 30.615867702196034)	(160, 29.37903053026245)	(165, 30.181655061596143)	(170, 29.850883770755225)	(175, 30.958610069630424)	(180, 28.934560792715594)	(185, 30.302570969469734)	(190, 30.09955811462239)	(195, 28.270125870380287)	(200, 29.086689876807714)	(205, 30.07903053026245)	(210, 29.522522763792182)	(215, 29.89333154793787)	(220, 28.93324852704874)	(225, 28.337118371719335)	(230, 27.451834493840387)	(235, 26.871371183717194)	(240, 28.29587573647563)	(245, 27.404527222341347)	(250, 22.88790266664343)
SRR8438136_2	(1, 28.02550883770755)	(2, 30.52175950723085)	(3, 29.23835029459025)	(4, 29.509775040171398)	(5, 28.335832886984466)	(6, 30.510310658810926)	(7, 29.811663095875737)	(8, 31.040372254954473)	(9, 29.692153186930906)	(10, 31.662064809855384)	(15, 31.38038296732726)	(20, 30.53077129084092)	(25, 31.323299410819494)	(30, 29.96179700053562)	(35, 31.01527852169255)	(40, 33.71925549009105)	(45, 33.89643813604713)	(50, 31.818505623995712)	(55, 32.801245313336906)	(60, 33.27277718264595)	(65, 32.3305704338511)	(70, 32.752075522228175)	(75, 32.2748928762721)	(80, 32.48652919121586)	(85, 32.35407070166042)	(90, 30.8356855918586)	(95, 31.0195500803428)	(100, 29.88987680771291)	(105, 30.713993036957685)	(110, 30.967675415104445)	(115, 30.788551151580076)	(120, 30.489635779325123)	(125, 30.045447241564005)	(130, 30.870045527584363)	(135, 30.428668987680773)	(140, 30.20143277986074)	(145, 28.920018746652385)	(150, 28.86158275307981)	(155, 29.43995715050884)	(160, 28.54105516871987)	(165, 26.67908409212641)	(170, 27.27882967327263)	(175, 27.257404927691482)	(180, 27.67305838243171)	(185, 27.001339046598822)	(190, 27.441269416175686)	(195, 25.938095875736472)	(200, 25.58719871451526)	(205, 25.75342795929298)	(210, 23.871411355115157)	(215, 23.893519014461702)	(220, 22.865666845206214)	(225, 23.76258703802892)	(230, 23.352490626673806)	(235, 21.729927691483663)	(240, 21.50993572576326)	(245, 22.880932856986114)	(250, 19.7586434958518)
SRR8438137	(1, 31.875)	(2, 28.0)	(3, 31.125)	(4, 31.375)	(5, 32.375)	(6, 31.75)	(7, 32.5)	(8, 28.25)	(9, 29.5)	(10, 30.2)	(15, 34.15)	(20, 35.575)	(25, 33.325)	(30, 32.325)	(35, 33.625)	(40, 34.55)	(45, 36.075)	(50, 35.425)	(55, 36.3)	(60, 34.95)	(65, 36.675)	(70, 35.7)	(75, 34.4)	(80, 36.525)	(85, 34.5)	(90, 35.65)	(95, 36.3)	(100, 36.35)	(105, 36.65)	(110, 35.825)	(115, 37.7)	(120, 36.225)	(125, 38.45)	(130, 36.125)	(135, 37.65)	(140, 35.6)	(145, 35.925)	(150, 36.775)	(155, 35.375)	(160, 35.55)	(165, 34.15)	(170, 34.85)	(175, 35.325)	(180, 31.875)	(185, 31.375)	(190, 31.425)	(195, 26.85)	(200, 31.05)	(205, 31.15)	(210, 29.05)	(215, 27.1)	(220, 23.225)	(225, 24.0)	(230, 22.125)	(235, 21.8)	(240, 20.6)	(245, 19.517857142857146)	(250, 20.57142857142857)
SRR8438137_1	(1, 32.085870116692035)	(2, 31.82009978014544)	(3, 31.66434128192119)	(4, 31.49488415355995)	(5, 30.707677997632334)	(6, 31.079147640791476)	(7, 32.331726703872825)	(8, 30.926771520378825)	(9, 31.52452223913411)	(10, 32.32568070353459)	(15, 35.72439539996618)	(20, 35.964349737865724)	(25, 34.63133773042449)	(30, 34.94669372568916)	(35, 35.27179942499576)	(40, 36.224581430745815)	(45, 35.41164383561644)	(50, 35.99651615085405)	(55, 35.42891933028919)	(60, 36.42610350076104)	(65, 35.36689497716895)	(70, 35.6273465246068)	(75, 35.943277524099436)	(80, 35.30977507187553)	(85, 34.39000507356672)	(90, 35.702765093860975)	(95, 35.37124133265686)	(100, 35.709910366988)	(105, 34.824784373414516)	(110, 35.26791814645696)	(115, 34.705327245053276)	(120, 34.36917808219178)	(125, 34.12546930492136)	(130, 33.84397091155082)	(135, 32.61331811263318)	(140, 33.493497378657196)	(145, 34.325866734314225)	(150, 32.849627938440726)	(155, 33.03075427025199)	(160, 31.983713850837137)	(165, 33.06974463047523)	(170, 32.52606122103839)	(175, 33.60760189413158)	(180, 31.49855403348554)	(185, 32.48223406054457)	(190, 32.61073904955183)	(195, 30.70409267715204)	(200, 31.82666159309995)	(205, 33.06648909183156)	(210, 32.03200575004228)	(215, 32.274479959411465)	(220, 31.693987823439876)	(225, 30.861542364282094)	(230, 29.557804836800273)	(235, 29.400000000000006)	(240, 30.83524437679689)	(245, 30.509511718172426)	(250, 28.5833294662525)
SRR8438137_2	(1, 30.72835278200575)	(2, 30.654194148486386)	(3, 29.085024522239134)	(4, 29.46034162015897)	(5, 27.50177574835109)	(6, 29.75985117537629)	(7, 33.4261796042618)	(8, 28.59610180957213)	(9, 31.384956874682903)	(10, 33.25744968713005)	(15, 31.899306612548628)	(20, 31.024606798579402)	(25, 31.506426517842044)	(30, 30.444368340943686)	(35, 31.74856248943007)	(40, 33.882056485709455)	(45, 34.93883815322172)	(50, 31.845416878065283)	(55, 33.48483849145949)	(60, 34.22699137493658)	(65, 32.56381701336039)	(70, 33.290808388296966)	(75, 33.24710806697108)	(80, 33.63591239641468)	(85, 33.08704549298157)	(90, 30.957289024184)	(95, 31.92218839844411)	(100, 30.692076779976325)	(105, 32.43412819211906)	(110, 31.470877727042115)	(115, 32.478259766615935)	(120, 32.948866903433114)	(125, 31.61309825807543)	(130, 32.798088956536446)	(135, 32.055352612886864)	(140, 32.01138170133604)	(145, 30.295323862675463)	(150, 30.007086081515308)	(155, 31.184457973955695)	(160, 29.100997801454422)	(165, 26.80377135125994)	(170, 29.50420260443092)	(175, 27.256967698291895)	(180, 29.32204464738711)	(185, 28.826111956705564)	(190, 28.431253170979197)	(195, 27.354735328936243)	(200, 26.696490783020465)	(205, 26.476035853204802)	(210, 24.238626754608493)	(215, 24.73185664030955)	(220, 23.75353065539112)	(225, 24.906038054968285)	(230, 23.73593463887866)	(235, 22.3930906169394)	(240, 22.169470167871793)	(245, 23.852125472365778)	(250, 19.415030408850267)
SRR8438138	(1, 29.413793103448278)	(2, 30.379310344827587)	(3, 31.310344827586206)	(4, 30.17241379310345)	(5, 31.655172413793103)	(6, 30.862068965517242)	(7, 32.58620689655172)	(8, 32.793103448275865)	(9, 32.51724137931034)	(10, 32.43448275862069)	(15, 32.88275862068966)	(20, 33.11724137931035)	(25, 33.11724137931034)	(30, 30.344827586206897)	(35, 33.758620689655174)	(40, 34.186206896551724)	(45, 34.93793103448276)	(50, 33.38620689655172)	(55, 34.37241379310345)	(60, 34.227586206896554)	(65, 33.92413793103448)	(70, 34.655172413793096)	(75, 33.44827586206897)	(80, 34.46896551724137)	(85, 33.95172413793104)	(90, 33.49655172413793)	(95, 35.675862068965515)	(100, 34.358620689655176)	(105, 34.779310344827586)	(110, 34.70344827586206)	(115, 34.02068965517241)	(120, 35.70344827586207)	(125, 34.20689655172414)	(130, 34.758620689655174)	(135, 34.60689655172414)	(140, 32.289655172413795)	(145, 32.15862068965517)	(150, 33.38620689655173)	(155, 33.0551724137931)	(160, 31.39310344827586)	(165, 31.462068965517243)	(170, 31.6)	(175, 28.648275862068964)	(180, 30.61379310344828)	(185, 29.537931034482757)	(190, 28.02758620689655)	(195, 28.16551724137931)	(200, 27.841379310344827)	(205, 27.317241379310342)	(210, 26.620689655172413)	(215, 25.71034482758621)	(220, 23.586206896551726)	(225, 22.944827586206895)	(230, 22.09655172413793)	(235, 21.420689655172417)	(240, 19.193103448275867)	(245, 17.613793103448277)	(250, 16.944444444444443)
SRR8438138_1	(1, 32.3220113773201)	(2, 31.9072928345029)	(3, 31.59737851042921)	(4, 31.816357319824498)	(5, 31.734722971944247)	(6, 29.458123987875265)	(7, 31.051073371257733)	(8, 31.017467369790584)	(9, 31.661171780924303)	(10, 31.97620728314579)	(15, 35.504557848551535)	(20, 35.755733643372224)	(25, 34.45916760093566)	(30, 34.845368101980654)	(35, 35.06768259768302)	(40, 36.5349499647054)	(45, 35.09989896053924)	(50, 35.40568866005066)	(55, 35.57410067959418)	(60, 37.04923251532893)	(65, 36.27715262494983)	(70, 36.93056789713352)	(75, 36.875397583357554)	(80, 35.68645655995238)	(85, 35.11958089385321)	(90, 36.672767789173555)	(95, 35.759877645365336)	(100, 37.29540893299561)	(105, 36.19795983335409)	(110, 36.789516809921246)	(115, 36.1787761768329)	(120, 36.49679026699332)	(125, 35.737327852288615)	(130, 35.99082340240003)	(135, 32.946299602762664)	(140, 34.49884704286565)	(145, 35.14196736287007)	(150, 33.97298786142369)	(155, 33.97219615496409)	(160, 33.53210425057786)	(165, 34.644127946407565)	(170, 34.13965591219256)	(175, 34.785646860164164)	(180, 33.10019515841049)	(185, 33.76400780633642)	(190, 33.54857506678293)	(195, 32.1055848523855)	(200, 32.209107392489855)	(205, 33.647696161884596)	(210, 33.17139337568686)	(215, 34.21586457944055)	(220, 32.81211643067725)	(225, 32.41133026062644)	(230, 31.554947473321427)	(235, 30.904311478359563)	(240, 32.45942013520859)	(245, 31.821659625701262)	(250, 29.259440349073138)
SRR8438138_2	(1, 28.889811623690292)	(2, 29.94219989204003)	(3, 30.98287865575994)	(4, 30.30718764273554)	(5, 29.151988262813326)	(6, 32.33783166549018)	(7, 32.252598651884455)	(8, 31.430704923251533)	(9, 32.66200224224557)	(10, 33.46624313139282)	(15, 32.89850101731512)	(20, 33.00843748702404)	(25, 31.8125482705643)	(30, 28.298135614333763)	(35, 33.33838807457543)	(40, 35.36467771180224)	(45, 36.20266578084126)	(50, 32.360359312931664)	(55, 34.58233608769672)	(60, 35.39573419701311)	(65, 32.80580492463564)	(70, 34.10943542471176)	(75, 34.148361915043814)	(80, 34.985693919639026)	(85, 34.948278868911686)	(90, 32.632105634680066)	(95, 32.288031668258384)	(100, 31.659807056153028)	(105, 34.274010712951046)	(110, 33.35135711220916)	(115, 33.737430275851565)	(120, 32.88039419230716)	(125, 33.28782958933688)	(130, 34.96923140804718)	(135, 35.197240100209)	(140, 34.42999903112846)	(145, 32.50320419659788)	(150, 32.7904081717394)	(155, 33.9787817132417)	(160, 28.84019709615358)	(165, 28.551249152237403)	(170, 31.84466220985758)	(175, 31.63224681310468)	(180, 31.73186064859029)	(185, 31.061401541889854)	(190, 31.268023182191534)	(195, 29.57433441202291)	(200, 28.97187600469838)	(205, 28.78451368214967)	(210, 27.20137395523698)	(215, 28.381401460682117)	(220, 26.01826464021359)	(225, 27.106112337568767)	(230, 26.151220322558316)	(235, 24.921223783484457)	(240, 23.322942330750216)	(245, 26.321731149598087)	(250, 21.59282101533661)
SRR8438139	(1, 31.952380952380953)	(2, 32.76190476190476)	(3, 31.19047619047619)	(4, 31.0)	(5, 32.666666666666664)	(6, 35.61904761904762)	(7, 35.80952380952381)	(8, 35.61904761904762)	(9, 36.19047619047619)	(10, 35.50476190476191)	(15, 37.114285714285714)	(20, 37.2952380952381)	(25, 37.333333333333336)	(30, 36.98095238095238)	(35, 37.05714285714286)	(40, 37.971428571428575)	(45, 37.39047619047619)	(50, 37.142857142857146)	(55, 37.533333333333324)	(60, 37.780952380952385)	(65, 37.59047619047619)	(70, 37.885714285714286)	(75, 37.96190476190476)	(80, 38.171428571428564)	(85, 37.23809523809524)	(90, 36.98095238095239)	(95, 38.12380952380953)	(100, 37.733333333333334)	(105, 37.75238095238095)	(110, 37.27619047619048)	(115, 37.7047619047619)	(120, 38.0)	(125, 37.7047619047619)	(130, 37.25714285714285)	(135, 36.857142857142854)	(140, 35.39047619047619)	(145, 35.27619047619048)	(150, 35.08571428571429)	(155, 35.19047619047619)	(160, 35.65714285714286)	(165, 34.34285714285714)	(170, 33.714285714285715)	(175, 32.42857142857143)	(180, 31.171428571428567)	(185, 32.28571428571429)	(190, 29.08571428571429)	(195, 27.961904761904766)	(200, 27.98095238095238)	(205, 24.8)	(210, 22.657142857142855)	(215, 24.76190476190476)	(220, 24.25714285714286)	(225, 23.428571428571427)	(230, 21.4)	(235, 20.55238095238095)	(240, 19.895238095238096)	(245, 18.25714285714286)	(250, 19.058823529411764)
SRR8438139_1	(1, 32.917635984670206)	(2, 33.17965440731527)	(3, 32.95444765682781)	(4, 32.94772406373966)	(5, 32.863174880656224)	(6, 33.938210179519935)	(7, 33.947858535601426)	(8, 33.58014522961071)	(9, 33.49152827270893)	(10, 34.87527062462179)	(15, 37.370443084784505)	(20, 37.46886976400188)	(25, 37.62288711087205)	(30, 38.582115242385534)	(35, 37.932743898339275)	(40, 38.0900759766019)	(45, 37.101035433335575)	(50, 38.076749815101195)	(55, 37.08075035298863)	(60, 38.17122974517582)	(65, 37.89654407315269)	(70, 38.15358031331944)	(75, 38.22558999529349)	(80, 37.40554696429772)	(85, 37.867713305990726)	(90, 37.77586230081356)	(95, 37.14760976265716)	(100, 37.761292274591554)	(105, 37.85963827069186)	(110, 37.826181671485244)	(115, 37.519249647011364)	(120, 37.88005109930747)	(125, 37.213756471458346)	(130, 37.66404894775768)	(135, 35.624904188798496)	(140, 36.55869696765952)	(145, 36.50106905130101)	(150, 36.39263766556848)	(155, 36.16191084515565)	(160, 36.552477644052985)	(165, 36.1051637194917)	(170, 35.98295569152155)	(175, 35.768923552746585)	(180, 36.071270086734344)	(185, 35.8171317151886)	(190, 35.70072614805352)	(195, 35.47418812613461)	(200, 34.27706582397633)	(205, 35.3445236334297)	(210, 34.342600685806495)	(215, 35.16728299603308)	(220, 35.1887648759497)	(225, 34.538822026490955)	(230, 34.527855846164194)	(235, 34.503881203999434)	(240, 34.915551021543976)	(245, 34.451055482398175)	(250, 32.62374303768499)
SRR8438139_2	(1, 31.401768304982184)	(2, 32.09389497747596)	(3, 32.0616553486183)	(4, 32.08575942983931)	(5, 32.100383244806025)	(6, 35.51596853358435)	(7, 35.153197068513414)	(8, 35.485409802998724)	(9, 35.6809991259329)	(10, 36.26351106031063)	(15, 36.66597861897398)	(20, 36.86240166745109)	(25, 36.48315739931419)	(30, 37.43156054595576)	(35, 37.5336314126269)	(40, 37.03127815504605)	(45, 36.97907617830969)	(50, 35.56966987157937)	(55, 37.419047939218714)	(60, 37.34451690983662)	(65, 37.29040543266321)	(70, 37.16823102265851)	(75, 36.59928057553957)	(80, 37.09191824110805)	(85, 37.02827943252874)	(90, 36.86134606333624)	(95, 37.47834330666308)	(100, 36.98090499562967)	(105, 36.311268742015734)	(110, 37.61327909634909)	(115, 36.01470449808378)	(120, 36.93166812344517)	(125, 35.453076043837825)	(130, 36.53726887648759)	(135, 35.15454178713104)	(140, 35.36504403953473)	(145, 35.85414509513885)	(150, 34.92107846433134)	(155, 34.545525448799836)	(160, 32.0404424124252)	(165, 33.938512741208896)	(170, 34.09125932898541)	(175, 32.46657029516574)	(180, 33.531089894439596)	(185, 32.97466550124386)	(190, 32.51879363463385)	(195, 29.464624898217885)	(200, 31.521421298801442)	(205, 29.845433934182257)	(210, 29.228892326316497)	(215, 28.531620540067927)	(220, 28.904778558697917)	(225, 26.571530248429326)	(230, 25.832499014104265)	(235, 26.343026216885598)	(240, 23.86719731099057)	(245, 23.776418580126737)	(250, 20.361347320451554)
SRR8438140	(1, 32.0)	(2, 32.61764705882353)	(3, 32.35294117647059)	(4, 31.61764705882353)	(5, 32.38235294117647)	(6, 36.088235294117645)	(7, 36.205882352941174)	(8, 36.205882352941174)	(9, 35.411764705882355)	(10, 35.28235294117647)	(15, 36.099999999999994)	(20, 37.04705882352941)	(25, 37.21176470588235)	(30, 36.95882352941177)	(35, 36.94705882352941)	(40, 36.75882352941177)	(45, 36.84705882352941)	(50, 37.2235294117647)	(55, 37.33529411764706)	(60, 37.60588235294117)	(65, 37.55882352941177)	(70, 37.0)	(75, 37.16470588235294)	(80, 37.84117647058823)	(85, 36.84705882352941)	(90, 37.076470588235296)	(95, 37.205882352941174)	(100, 36.98235294117647)	(105, 37.95294117647059)	(110, 36.847058823529416)	(115, 37.37647058823529)	(120, 37.22941176470589)	(125, 38.16470588235294)	(130, 37.858823529411765)	(135, 36.59411764705882)	(140, 36.029411764705884)	(145, 36.8)	(150, 35.84705882352941)	(155, 34.94705882352941)	(160, 35.44705882352942)	(165, 33.42941176470588)	(170, 33.53529411764706)	(175, 32.811764705882354)	(180, 33.370588235294115)	(185, 33.17647058823529)	(190, 31.805882352941175)	(195, 31.00588235294118)	(200, 30.035294117647062)	(205, 29.876470588235293)	(210, 30.752941176470593)	(215, 29.423529411764708)	(220, 27.464705882352938)	(225, 25.77647058823529)	(230, 24.564705882352943)	(235, 22.9)	(240, 21.01764705882353)	(245, 20.08235294117647)	(250, 18.616666666666667)
SRR8438140_1	(1, 33.27772617499536)	(2, 33.27627097653105)	(3, 32.90894173013809)	(4, 33.1636633847297)	(5, 33.10533159947985)	(6, 33.24515449873057)	(7, 33.333828720044586)	(8, 33.65363180382686)	(9, 33.27305096290792)	(10, 34.609461886184896)	(15, 37.34497492104774)	(20, 37.4036410923277)	(25, 37.66363242306025)	(30, 38.55584246702582)	(35, 37.91149916403493)	(40, 38.0696885256053)	(45, 37.02259582636696)	(50, 38.07883460276177)	(55, 37.313313517864884)	(60, 38.420478048176356)	(65, 37.07177534212644)	(70, 38.405826986191094)	(75, 38.35361941915908)	(80, 37.75507461762338)	(85, 38.31000681156728)	(90, 38.08995603442937)	(95, 38.05957644436187)	(100, 38.212198897764566)	(105, 37.834379837760856)	(110, 37.96361384605858)	(115, 37.36712489937457)	(120, 38.23847297046257)	(125, 37.79130596321754)	(130, 38.15535946498235)	(135, 35.44769954795962)	(140, 36.22858381323921)	(145, 36.10168431481826)	(150, 36.17075360703449)	(155, 36.03880116415878)	(160, 36.296111214316674)	(165, 35.955520465663504)	(170, 35.76798563378538)	(175, 35.60425413338287)	(180, 36.04857266703821)	(185, 35.82353706111834)	(190, 35.90610564121617)	(195, 35.53651000061924)	(200, 34.38048176357669)	(205, 35.37326769459409)	(210, 34.34279521951824)	(215, 35.04112948170165)	(220, 35.17397362065763)	(225, 34.10591367886556)	(230, 34.687398600532546)	(235, 34.59050537315363)	(240, 35.046074757672415)	(245, 34.48288482824755)	(250, 31.50036208920678)
SRR8438140_2	(1, 32.437178772679424)	(2, 32.23311040931327)	(3, 31.719673044770573)	(4, 32.00671868227135)	(5, 32.162920304662826)	(6, 35.46213387825872)	(7, 35.33602699857576)	(8, 36.01185831940058)	(9, 35.95913059632176)	(10, 36.372289305839374)	(15, 36.699089726918075)	(20, 36.74861601337544)	(25, 36.25420769087869)	(30, 37.29541767292093)	(35, 37.25709951080562)	(40, 37.32385287014676)	(45, 37.070896030713975)	(50, 34.953285033128985)	(55, 37.29148554090037)	(60, 37.21266332280637)	(65, 37.74144529073008)	(70, 36.89593782896774)	(75, 36.099925691993306)	(80, 36.37391788965262)	(85, 36.949210477428934)	(90, 36.44166821475014)	(95, 37.30784568703944)	(100, 36.49406155179888)	(105, 36.636962040993254)	(110, 37.61302247817203)	(115, 35.912397052449066)	(120, 36.465737816583065)	(125, 34.307919995046134)	(130, 35.82813796519909)	(135, 36.132293021239704)	(140, 35.71001919623506)	(145, 34.66210291658926)	(150, 34.729642702334516)	(155, 34.04322249055669)	(160, 32.85734101182736)	(165, 34.48279769645179)	(170, 34.055780543686915)	(175, 33.74836832001982)	(180, 34.18863087497678)	(185, 31.524787912564243)	(190, 33.161024514998005)	(195, 31.049606368704872)	(200, 32.501510033753064)	(205, 30.12056906780624)	(210, 29.711929618041573)	(215, 29.426322409030035)	(220, 29.436141064709204)	(225, 27.330713934491616)	(230, 26.68958027458504)	(235, 27.60969414990213)	(240, 23.980932308455245)	(245, 23.942381051977605)	(250, 20.81719931490031)
SRR8438141	(1, 30.458333333333332)	(2, 30.333333333333332)	(3, 31.041666666666668)	(4, 32.291666666666664)	(5, 32.291666666666664)	(6, 34.041666666666664)	(7, 34.333333333333336)	(8, 36.166666666666664)	(9, 34.875)	(10, 34.35)	(15, 35.25)	(20, 35.483333333333334)	(25, 33.95)	(30, 36.06666666666667)	(35, 36.31666666666666)	(40, 36.40833333333333)	(45, 37.275)	(50, 36.33333333333333)	(55, 37.375)	(60, 37.08333333333333)	(65, 37.391666666666666)	(70, 36.175)	(75, 36.06666666666666)	(80, 36.375)	(85, 34.77499999999999)	(90, 36.325)	(95, 36.75833333333333)	(100, 36.233333333333334)	(105, 36.233333333333334)	(110, 34.44166666666667)	(115, 36.25)	(120, 35.74166666666667)	(125, 35.641666666666666)	(130, 34.66666666666667)	(135, 36.11666666666667)	(140, 35.05833333333333)	(145, 35.891666666666666)	(150, 34.06666666666667)	(155, 30.991666666666664)	(160, 31.98333333333333)	(165, 30.59166666666667)	(170, 31.950000000000006)	(175, 30.9)	(180, 29.541666666666664)	(185, 29.116666666666667)	(190, 26.866666666666664)	(195, 26.2)	(200, 27.241666666666664)	(205, 26.90833333333333)	(210, 26.941666666666663)	(215, 26.125)	(220, 23.85)	(225, 21.81666666666667)	(230, 22.73333333333333)	(235, 21.05833333333333)	(240, 19.01666666666667)	(245, 19.225)	(250, 15.323232323232322)
SRR8438141_1	(1, 32.462167738607604)	(2, 32.04311942872802)	(3, 31.75258313587053)	(4, 32.312257201347585)	(5, 32.0301594209907)	(6, 30.880684107871108)	(7, 32.0204071763625)	(8, 31.715556845108566)	(9, 32.670543385399036)	(10, 33.72656962780276)	(15, 35.55149346357818)	(20, 36.142134532617625)	(25, 35.537551783613004)	(30, 37.59667778906137)	(35, 36.744497638506054)	(40, 36.95150152328449)	(45, 36.00080113480665)	(50, 37.24919322339893)	(55, 35.704760062543315)	(60, 36.962364395441426)	(65, 35.758545706594454)	(70, 35.5186114737979)	(75, 36.3265970308042)	(80, 36.77112368425294)	(85, 35.301468478488644)	(90, 36.93465834904976)	(95, 36.38620500668956)	(100, 36.9333139900382)	(105, 36.31190741009398)	(110, 36.90802101971404)	(115, 36.77294356593646)	(120, 34.95546528684495)	(125, 36.32527523897029)	(130, 34.42339249157761)	(135, 33.093350742298945)	(140, 32.89308799587344)	(145, 35.625097925431604)	(150, 32.85424988313426)	(155, 33.11841804084659)	(160, 32.20319647952029)	(165, 32.84552283314797)	(170, 30.261558424811)	(175, 32.10761803439883)	(180, 31.250793881070972)	(185, 32.54409304124958)	(190, 32.92852491255219)	(195, 30.322336670051744)	(200, 31.594263101052594)	(205, 32.54487322081984)	(210, 29.5418927414285)	(215, 32.20438125634702)	(220, 28.149657462482065)	(225, 25.352502538807485)	(230, 28.935557812273323)	(235, 29.978601795971393)	(240, 31.322955435237994)	(245, 29.938422269318863)	(250, 21.886610968587295)
SRR8438141_2	(1, 23.435546528684494)	(2, 28.623224849686476)	(3, 30.97971371923207)	(4, 31.711438335187065)	(5, 30.9295581669004)	(6, 35.604768122249624)	(7, 34.621379176942796)	(8, 35.92585070200042)	(9, 35.854997823879295)	(10, 32.271491206860425)	(15, 34.30315940487129)	(20, 32.89846220803714)	(25, 32.273539984202976)	(30, 33.116354756032685)	(35, 31.40190531457033)	(40, 34.829306704063704)	(45, 34.02444186533843)	(50, 32.21610329319599)	(55, 34.37061592275577)	(60, 34.39522220610281)	(65, 34.16119734996857)	(70, 31.203262569111978)	(75, 32.77164272933895)	(80, 34.60592388413367)	(85, 34.89155020391057)	(90, 32.954462659380695)	(95, 32.968389831874525)	(100, 30.610521140609638)	(105, 31.534115124844853)	(110, 31.052460628334707)	(115, 32.08323581088705)	(120, 30.206863645888745)	(125, 28.08945468027145)	(130, 33.13859309766752)	(135, 35.060747618356785)	(140, 33.20720376549478)	(145, 28.956729048793466)	(150, 30.657151377403807)	(155, 33.99274787626739)	(160, 32.35058110482454)	(165, 26.340143785160468)	(170, 30.3901897254864)	(175, 32.20243080742138)	(180, 27.54964295501072)	(185, 30.648411431887418)	(190, 30.483481805790053)	(195, 27.457988132460848)	(200, 24.91533324925257)	(205, 25.036488522048153)	(210, 23.599790733873125)	(215, 22.55079969166578)	(220, 22.706262852003213)	(225, 23.644262189151664)	(230, 22.092052813506314)	(235, 22.531936573450814)	(240, 21.28538240658356)	(245, 19.62576967610527)	(250, 21.362212217855113)
SRR8438142	(1, 32.57142857142857)	(2, 32.0)	(3, 32.42857142857143)	(4, 32.57142857142857)	(5, 32.42857142857143)	(6, 32.714285714285715)	(7, 34.42857142857143)	(8, 34.857142857142854)	(9, 34.42857142857143)	(10, 34.028571428571425)	(15, 34.05714285714286)	(20, 36.08571428571428)	(25, 36.11428571428572)	(30, 36.17142857142857)	(35, 36.628571428571426)	(40, 35.74285714285715)	(45, 36.77142857142857)	(50, 36.74285714285715)	(55, 38.05714285714286)	(60, 38.371428571428574)	(65, 37.14285714285714)	(70, 37.74285714285715)	(75, 38.08571428571429)	(80, 38.17142857142857)	(85, 35.8)	(90, 35.74285714285715)	(95, 37.371428571428574)	(100, 37.14285714285714)	(105, 36.82857142857143)	(110, 36.08571428571429)	(115, 36.08571428571428)	(120, 35.25714285714285)	(125, 36.45714285714286)	(130, 35.6)	(135, 36.77142857142857)	(140, 34.4)	(145, 36.51428571428572)	(150, 32.45714285714286)	(155, 34.542857142857144)	(160, 35.885714285714286)	(165, 35.22857142857143)	(170, 35.82857142857143)	(175, 33.0)	(180, 33.31428571428571)	(185, 31.0)	(190, 30.371428571428567)	(195, 27.142857142857146)	(200, 27.628571428571426)	(205, 28.942857142857143)	(210, 27.914285714285718)	(215, 26.914285714285718)	(220, 23.54285714285714)	(225, 18.057142857142857)	(230, 17.228571428571428)	(235, 18.42857142857143)	(240, 18.485714285714288)	(245, 20.31428571428571)	(250, 15.476190476190474)
SRR8438142_1	(1, 32.86030992807889)	(2, 33.15292503892638)	(3, 32.99325276191888)	(4, 32.87947653295766)	(5, 32.78171572625491)	(6, 34.10951286423964)	(7, 34.085749240008894)	(8, 33.545562393415885)	(9, 33.48109290427819)	(10, 34.918232371913696)	(15, 37.390791132201386)	(20, 37.474316008007705)	(25, 37.62024912879069)	(30, 38.60782234744569)	(35, 37.945503077037145)	(40, 38.09470601319789)	(45, 37.070957218061835)	(50, 37.9948320605027)	(55, 37.016697560613935)	(60, 38.10890487135761)	(65, 37.824601468080374)	(70, 38.092674427226214)	(75, 38.22782679617409)	(80, 37.41916660487877)	(85, 37.89772373396604)	(90, 37.75295469711575)	(95, 37.13827389337881)	(100, 37.64924000889746)	(105, 37.77437532438644)	(110, 37.798872988804035)	(115, 37.42753762882776)	(120, 37.798294654111366)	(125, 37.072922073107435)	(130, 37.540520501223405)	(135, 35.6465040409283)	(140, 36.604100244680055)	(145, 36.57375991695707)	(150, 36.440980203158595)	(155, 36.166649366056205)	(160, 36.64008304293023)	(165, 36.10626529250389)	(170, 36.00536813227552)	(175, 35.73849632979906)	(180, 36.02441610439682)	(185, 35.74960332171721)	(190, 35.62627715577965)	(195, 35.410358122636616)	(200, 34.30417439015348)	(205, 35.34500630236524)	(210, 34.305716616000595)	(215, 35.077422703343956)	(220, 35.1223400311411)	(225, 34.47890561281234)	(230, 34.41467338918959)	(235, 34.450093977112864)	(240, 34.93760373419843)	(245, 34.39322873546983)	(250, 32.58355782310765)
SRR8438142_2	(1, 32.704901015792984)	(2, 32.3458144880255)	(3, 31.89137688144139)	(4, 32.12945799658931)	(5, 32.89445391858827)	(6, 36.09842811596352)	(7, 35.73088900422629)	(8, 35.63231259731593)	(9, 35.70775561651961)	(10, 36.281204122488326)	(15, 36.63327648847038)	(20, 36.81958923407726)	(25, 36.296759842811596)	(30, 37.3804923259435)	(35, 37.27523541187811)	(40, 36.701208571216725)	(45, 36.682701861051385)	(50, 35.17001557054942)	(55, 37.385600949062066)	(60, 37.2293690220212)	(65, 37.0272781196708)	(70, 37.056506265292505)	(75, 36.41018758804775)	(80, 36.90375176095499)	(85, 36.87561355379254)	(90, 36.794031289389785)	(95, 37.38906354267071)	(100, 36.898813672425305)	(105, 36.01149996292726)	(110, 37.450797063839254)	(115, 35.69928820345518)	(120, 36.88805516423223)	(125, 35.27416030251353)	(130, 36.23114851338326)	(135, 34.90035589827241)	(140, 34.934655594275974)	(145, 35.440157188403646)	(150, 34.36375027804553)	(155, 34.082316304589604)	(160, 31.928471861792836)	(165, 33.39876918514125)	(170, 33.64458367316676)	(175, 31.775198339141394)	(180, 33.208289463928224)	(185, 32.335078223474454)	(190, 31.943438060132003)	(195, 28.971643617218497)	(200, 31.35837322738892)	(205, 29.33983510479676)	(210, 28.639537212148177)	(215, 28.01277455303848)	(220, 28.437722974225846)	(225, 25.93702066580289)	(230, 25.234987390594863)	(235, 25.806942590120162)	(240, 23.430099391781635)	(245, 23.237002067460843)	(250, 19.98995949332799)
SRR8438143	(1, 33.0)	(2, 33.0)	(3, 31.125)	(4, 33.125)	(5, 33.125)	(6, 35.875)	(7, 35.25)	(8, 35.875)	(9, 36.125)	(10, 34.925)	(15, 37.525)	(20, 37.05)	(25, 37.175)	(30, 37.725)	(35, 37.175)	(40, 36.225)	(45, 37.95)	(50, 38.25)	(55, 38.225)	(60, 38.75)	(65, 37.575)	(70, 37.3)	(75, 38.35)	(80, 38.525)	(85, 37.55)	(90, 38.15)	(95, 38.275)	(100, 37.75)	(105, 37.675)	(110, 38.6)	(115, 38.075)	(120, 37.7)	(125, 38.375)	(130, 38.525)	(135, 38.35)	(140, 38.5)	(145, 37.975)	(150, 36.425)	(155, 35.875)	(160, 36.75)	(165, 36.9)	(170, 37.3)	(175, 35.65)	(180, 33.325)	(185, 29.4)	(190, 27.425)	(195, 28.975)	(200, 25.2)	(205, 24.975)	(210, 26.125)	(215, 24.25)	(220, 21.875)	(225, 19.925)	(230, 18.8)	(235, 18.9)	(240, 16.9)	(245, 18.075)	(250, 15.178571428571429)
SRR8438143_1	(1, 32.697495041504446)	(2, 33.11290678028355)	(3, 32.99059722324249)	(4, 32.786197017556745)	(5, 32.732535076764854)	(6, 34.42966282230221)	(7, 34.37221773304929)	(8, 33.539374127672076)	(9, 33.5467935062073)	(10, 35.09064129875854)	(15, 37.398707118195844)	(20, 37.507999706163226)	(25, 37.5817600822743)	(30, 38.6017042532873)	(35, 37.937611107030044)	(40, 38.0993315213399)	(45, 37.17499449056049)	(50, 37.94812311760817)	(55, 36.86588555057665)	(60, 37.95511643282156)	(65, 37.75983251303901)	(70, 37.95032689341072)	(75, 38.193058106222)	(80, 37.462844339969145)	(85, 37.87215896569455)	(90, 37.68011459634174)	(95, 37.05734959230148)	(100, 37.442848747520756)	(105, 37.64223903621538)	(110, 37.713531183427605)	(115, 37.31051201057812)	(120, 37.65671049731874)	(125, 36.89361639609197)	(130, 37.31271578638067)	(135, 35.8564754278998)	(140, 36.720002938367735)	(145, 36.70845515316241)	(150, 36.49554102695953)	(155, 36.22578417688974)	(160, 36.705274370087416)	(165, 36.11309042826709)	(170, 36.071042385954605)	(175, 35.77295967090281)	(180, 36.02168515389701)	(185, 35.73686916917653)	(190, 35.57392933225593)	(195, 35.39482112686403)	(200, 34.314133548813636)	(205, 35.37151987071182)	(210, 34.3117902005436)	(215, 34.93314478807022)	(220, 35.111378829060456)	(225, 34.42502754719753)	(230, 34.26157349592302)	(235, 34.29554837287887)	(240, 34.82403584808638)	(245, 34.263121741955686)	(250, 32.55437448373432)
SRR8438143_2	(1, 31.87115257474473)	(2, 32.535554249614336)	(3, 32.182362447660324)	(4, 32.541137148314114)	(5, 32.571659443179314)	(6, 36.42470432674649)	(7, 35.88544038786454)	(8, 35.44277528832733)	(9, 35.56743553955778)	(10, 36.247498714464115)	(15, 36.771468449276426)	(20, 37.008264159259525)	(25, 36.68811430250496)	(30, 37.53929332255932)	(35, 37.26957320208624)	(40, 36.8398001909939)	(45, 36.915308895908325)	(50, 35.85299346213179)	(55, 37.42517446558436)	(60, 37.34328215676192)	(65, 37.09098655696761)	(70, 37.31920223315949)	(75, 36.82929552633512)	(80, 37.18858444134283)	(85, 37.0388672592375)	(90, 37.20777198266363)	(95, 37.52082568133402)	(100, 37.22457944611768)	(105, 36.13649452729009)	(110, 37.559487254829946)	(115, 36.067758760008815)	(120, 37.19410857268787)	(125, 35.612106075075296)	(130, 36.36886064791008)	(135, 35.12136927936531)	(140, 35.0306618673327)	(145, 35.57016087563358)	(150, 34.50236538602806)	(155, 34.38747520752222)	(160, 32.89581282597517)	(165, 33.50464262102402)	(170, 33.624116653199145)	(175, 32.07160802174392)	(180, 33.443238081245866)	(185, 32.22648203922721)	(190, 32.02094359298561)	(195, 29.54097337006428)	(200, 31.807507805325987)	(205, 29.634189164370987)	(210, 28.801704315886134)	(215, 28.316865446941772)	(220, 28.49478014913859)	(225, 25.99722294053576)	(230, 25.261141723605906)	(235, 25.434626405113512)	(240, 23.716494012196016)	(245, 23.308020781965805)	(250, 19.873542574349905)
SRR8438144	(1, 32.578947368421055)	(2, 32.89473684210526)	(3, 32.26315789473684)	(4, 33.21052631578947)	(5, 33.26315789473684)	(6, 35.73684210526316)	(7, 35.68421052631579)	(8, 34.8421052631579)	(9, 36.1578947368421)	(10, 35.03157894736843)	(15, 36.37894736842106)	(20, 36.305263157894736)	(25, 36.43157894736842)	(30, 37.30526315789474)	(35, 36.90526315789474)	(40, 36.873684210526314)	(45, 36.473684210526315)	(50, 36.97894736842105)	(55, 38.494736842105254)	(60, 38.30526315789474)	(65, 36.85263157894737)	(70, 37.473684210526315)	(75, 37.22105263157894)	(80, 38.15789473684211)	(85, 37.66315789473684)	(90, 37.5578947368421)	(95, 37.863157894736844)	(100, 37.78947368421053)	(105, 38.25263157894737)	(110, 37.4)	(115, 38.07368421052631)	(120, 37.78947368421053)	(125, 37.631578947368425)	(130, 37.66315789473684)	(135, 38.03157894736842)	(140, 37.863157894736844)	(145, 37.1578947368421)	(150, 37.210526315789465)	(155, 36.536842105263155)	(160, 36.126315789473686)	(165, 35.62105263157895)	(170, 35.89473684210527)	(175, 35.694736842105264)	(180, 35.78947368421053)	(185, 35.589473684210525)	(190, 33.242105263157896)	(195, 31.83157894736842)	(200, 29.6)	(205, 29.094736842105267)	(210, 27.926315789473687)	(215, 27.768421052631577)	(220, 25.410526315789475)	(225, 22.757894736842108)	(230, 21.55789473684211)	(235, 20.252631578947366)	(240, 18.52631578947369)	(245, 20.877192982456144)	(250, 16.833333333333332)
SRR8438144_1	(1, 32.55687413652627)	(2, 33.02624960147366)	(3, 32.92826525913068)	(4, 32.62662510184562)	(5, 32.56583655106451)	(6, 34.66190796698431)	(7, 34.59049204718552)	(8, 33.56349852988062)	(9, 33.60714159197988)	(10, 35.16435580431471)	(15, 37.347075702291974)	(20, 37.44907010521096)	(25, 37.4992950511885)	(30, 38.5197421091785)	(35, 37.89594388749158)	(40, 38.03775549966347)	(45, 37.10664919054873)	(50, 37.83155620106982)	(55, 36.649991143859154)	(60, 37.746593928229835)	(65, 37.56308760494527)	(70, 37.74524070990825)	(75, 38.06353749690035)	(80, 37.3675794395834)	(85, 37.768217081724465)	(90, 37.471437174536824)	(95, 36.86658400935208)	(100, 37.14227921640865)	(105, 37.36299550108045)	(110, 37.45871267136632)	(115, 36.94619717311984)	(120, 37.39730773318219)	(125, 36.474349073647666)	(130, 36.97171702858762)	(135, 35.67061532466612)	(140, 36.62025576534769)	(145, 36.61332672074816)	(150, 36.37873109213929)	(155, 36.08149066562755)	(160, 36.63667859293634)	(165, 35.96959155478409)	(170, 35.98146586843317)	(175, 35.609217471394665)	(180, 35.837188706649194)	(185, 35.51487477416841)	(190, 35.33752524000141)	(195, 35.15348754826597)	(200, 34.08360905451841)	(205, 35.20079351021999)	(210, 33.907230153388355)	(215, 34.622714230047116)	(220, 34.84032023805307)	(225, 34.144121293705055)	(230, 33.9187573063162)	(235, 33.99938468014075)	(240, 34.5806485833359)	(245, 33.958724798711714)	(250, 32.385262374759144)
SRR8438144_2	(1, 31.634418505791917)	(2, 32.319954656558856)	(3, 32.33600198377555)	(4, 32.30043572212973)	(5, 32.43409259980871)	(6, 36.06170958942931)	(7, 35.571221084700134)	(8, 35.18310956817457)	(9, 35.343901661412026)	(10, 36.088724361472245)	(15, 36.61737220588756)	(20, 36.88727195437317)	(25, 36.46978638988274)	(30, 37.40853731977753)	(35, 37.0281766977222)	(40, 36.50525346275107)	(45, 36.62621417691027)	(50, 35.650777569166465)	(55, 37.355995607354146)	(60, 37.2111445676432)	(65, 36.9063941336923)	(70, 37.17491940911828)	(75, 36.59920648978001)	(80, 37.00591590208651)	(85, 36.91529278401644)	(90, 37.171957915618684)	(95, 37.38505791916115)	(100, 37.13946650607531)	(105, 35.75372135038435)	(110, 37.35109993269334)	(115, 35.71226752630274)	(120, 37.091409543377374)	(125, 35.373077331821875)	(130, 36.03042969995395)	(135, 34.78488079634418)	(140, 34.589932339083916)	(145, 35.06223387296752)	(150, 34.041786814977506)	(155, 33.83410676963406)	(160, 32.80219632293032)	(165, 32.936752984519465)	(170, 33.18060859399908)	(175, 31.463119487052325)	(180, 33.16799036451876)	(185, 31.542824754684897)	(190, 31.538545467427117)	(195, 29.262418080697152)	(200, 31.62449341079779)	(205, 29.274044479948156)	(210, 28.362551715694604)	(215, 28.01337398049835)	(220, 28.141762630325605)	(225, 25.6064351523742)	(230, 24.8220262574218)	(235, 24.98366288785336)	(240, 23.546880221642503)	(245, 22.88096861499789)	(250, 19.649144431197154)
SRR8438145	(1, 29.80952380952381)	(2, 30.761904761904763)	(3, 31.80952380952381)	(4, 32.523809523809526)	(5, 32.142857142857146)	(6, 34.23809523809524)	(7, 34.095238095238095)	(8, 34.904761904761905)	(9, 32.476190476190474)	(10, 33.24761904761905)	(15, 33.49523809523809)	(20, 35.45714285714286)	(25, 35.171428571428564)	(30, 33.74285714285715)	(35, 34.409523809523805)	(40, 34.50476190476191)	(45, 35.0952380952381)	(50, 34.67619047619048)	(55, 34.24761904761905)	(60, 36.32380952380952)	(65, 36.30476190476191)	(70, 34.94285714285714)	(75, 34.72380952380952)	(80, 35.36190476190477)	(85, 34.23809523809524)	(90, 35.75238095238095)	(95, 34.76190476190476)	(100, 35.523809523809526)	(105, 35.74285714285715)	(110, 34.180952380952384)	(115, 34.60952380952381)	(120, 34.13333333333334)	(125, 34.58095238095238)	(130, 34.03809523809524)	(135, 33.15238095238095)	(140, 34.07619047619048)	(145, 33.304761904761904)	(150, 32.0)	(155, 31.98095238095238)	(160, 32.228571428571435)	(165, 29.761904761904766)	(170, 30.81904761904762)	(175, 30.28571428571429)	(180, 29.61904761904762)	(185, 29.142857142857146)	(190, 25.6)	(195, 27.35238095238095)	(200, 27.314285714285717)	(205, 25.228571428571424)	(210, 25.533333333333335)	(215, 24.94285714285714)	(220, 20.523809523809522)	(225, 21.2)	(230, 22.87619047619048)	(235, 20.79047619047619)	(240, 20.74285714285714)	(245, 19.523809523809526)	(250, 14.927777777777777)
SRR8438145_1	(1, 32.393328897673236)	(2, 31.924756854073305)	(3, 31.48082229310581)	(4, 32.22489775151171)	(5, 31.7925480910354)	(6, 30.642717363652373)	(7, 31.939100996066614)	(8, 31.48022543590145)	(9, 32.27441733038492)	(10, 32.79581417193402)	(15, 36.04932780180427)	(20, 35.70397056809064)	(25, 35.603876636465046)	(30, 37.64231619733469)	(35, 36.66580888828007)	(40, 36.827979882976855)	(45, 35.713492886636274)	(50, 36.625465255083064)	(55, 35.75137864229663)	(60, 37.38652276863466)	(65, 35.98766951723058)	(70, 36.42224026927066)	(75, 36.75608500812117)	(80, 36.70723273517152)	(85, 34.99427017083814)	(90, 36.928120780415256)	(95, 36.61917966380306)	(100, 37.38096123363535)	(105, 36.10416038825072)	(110, 36.74081720514276)	(115, 36.42271579812528)	(120, 35.61543414023209)	(125, 35.32481947515704)	(130, 34.47993385648031)	(135, 32.92692119527994)	(140, 33.82959628970079)	(145, 35.64949805287568)	(150, 34.12300933445529)	(155, 34.02202109547758)	(160, 33.39763018336236)	(165, 34.306788516858774)	(170, 31.95082875090507)	(175, 33.31687442515802)	(180, 33.21408778693176)	(185, 33.44539245807323)	(190, 34.03410500772979)	(195, 31.60762020312714)	(200, 31.603796403201507)	(205, 33.33618520185515)	(210, 32.0537699849318)	(215, 33.2858261090781)	(220, 29.55726306725896)	(225, 28.719459501771002)	(230, 31.184912232637327)	(235, 31.37406696555622)	(240, 31.12853929299364)	(245, 31.662232525764516)	(250, 29.152061403665364)
SRR8438145_2	(1, 26.540371029921136)	(2, 26.459619185534528)	(3, 29.260581984696973)	(4, 31.33892683117747)	(5, 28.691512886244887)	(6, 33.64031036574627)	(7, 33.489325062131854)	(8, 33.76225514177805)	(9, 34.310581006242536)	(10, 33.91651239701767)	(15, 34.69568697285767)	(20, 33.67514138666563)	(25, 32.835441576485785)	(30, 32.849482397604746)	(35, 32.50012719907634)	(40, 34.38254241599969)	(45, 35.70665544705583)	(50, 34.044181131484706)	(55, 35.268078902565506)	(60, 35.42515410657326)	(65, 35.283180368290246)	(70, 32.04569186512985)	(75, 34.00664761942036)	(80, 35.23044558814895)	(85, 35.96950157531164)	(90, 33.48942095066633)	(95, 33.65847830766521)	(100, 31.668892976654075)	(105, 32.163785444511845)	(110, 32.08693567640555)	(115, 32.59292968826442)	(120, 31.549251482358464)	(125, 31.496829807635855)	(130, 34.41725993620477)	(135, 35.35040605858985)	(140, 33.57411400951058)	(145, 31.141005068393962)	(150, 31.148770082777247)	(155, 34.3426097336647)	(160, 30.875483845717305)	(165, 27.96823154145711)	(170, 28.852627150153616)	(175, 31.13449247568541)	(180, 27.342392516780496)	(185, 30.36312205240602)	(190, 27.706423362041384)	(195, 26.251765029891693)	(200, 24.00795461395665)	(205, 25.150470802568393)	(210, 23.115738086196348)	(215, 22.127298078390005)	(220, 21.95180922140387)	(225, 22.736081871656904)	(230, 21.33229287705424)	(235, 21.369856293264945)	(240, 20.440142454856204)	(245, 20.30956138248116)	(250, 21.088516168652305)
SRR8438146	(1, 30.846153846153847)	(2, 32.38461538461539)	(3, 32.23076923076923)	(4, 32.61538461538461)	(5, 31.923076923076923)	(6, 36.0)	(7, 33.84615384615385)	(8, 34.30769230769231)	(9, 35.69230769230769)	(10, 34.47692307692307)	(15, 33.58461538461539)	(20, 34.36923076923077)	(25, 34.16923076923077)	(30, 35.44615384615385)	(35, 35.55384615384615)	(40, 36.70769230769231)	(45, 36.323076923076925)	(50, 36.12307692307692)	(55, 36.98461538461539)	(60, 37.338461538461544)	(65, 36.86153846153846)	(70, 36.338461538461544)	(75, 36.58461538461539)	(80, 35.830769230769235)	(85, 34.78461538461538)	(90, 35.07692307692308)	(95, 34.061538461538454)	(100, 35.876923076923084)	(105, 36.26153846153846)	(110, 35.61538461538462)	(115, 36.07692307692308)	(120, 34.69230769230769)	(125, 35.44615384615385)	(130, 34.09230769230769)	(135, 36.38461538461539)	(140, 35.0)	(145, 33.6)	(150, 33.43076923076923)	(155, 32.86153846153846)	(160, 33.2)	(165, 30.861538461538466)	(170, 31.353846153846156)	(175, 34.23076923076924)	(180, 31.753846153846155)	(185, 32.33846153846154)	(190, 27.47692307692308)	(195, 29.723076923076924)	(200, 30.461538461538463)	(205, 25.953846153846154)	(210, 26.784615384615382)	(215, 26.2)	(220, 23.815384615384616)	(225, 26.630769230769232)	(230, 25.430769230769233)	(235, 22.476923076923075)	(240, 20.507692307692306)	(245, 21.446153846153845)	(250, 20.451923076923077)
SRR8438146_1	(1, 32.420568435179774)	(2, 31.948362447777995)	(3, 31.49047557200684)	(4, 32.193930341797085)	(5, 31.868822650821482)	(6, 30.78988895382817)	(7, 32.11249648245557)	(8, 31.472227633829036)	(9, 32.274303526203)	(10, 32.88127800506526)	(15, 36.093313418620255)	(20, 35.805409442171566)	(25, 35.672647574517825)	(30, 37.68167197004134)	(35, 36.6976686797844)	(40, 36.92429162066801)	(45, 35.87808948633028)	(50, 36.5144013680542)	(55, 36.021341212632855)	(60, 37.56185683053012)	(65, 36.63172716843085)	(70, 36.750059527674956)	(75, 36.95793016862567)	(80, 36.72347555036041)	(85, 35.12768361581921)	(90, 37.13723185488235)	(95, 36.72773556724462)	(100, 37.52424183388532)	(105, 36.40427300474057)	(110, 36.92190185509881)	(115, 36.70745070026193)	(120, 36.128644717189424)	(125, 35.93819079160984)	(130, 34.838807714786675)	(135, 33.28719613827738)	(140, 34.02715977227958)	(145, 35.73662359027642)	(150, 34.41640149793277)	(155, 34.18638439725524)	(160, 33.53555858605537)	(165, 34.54104162607962)	(170, 32.22116371192935)	(175, 33.78408771132324)	(180, 33.67531874364136)	(185, 33.83677078598178)	(190, 34.32574193129424)	(195, 31.832432841959434)	(200, 32.145591705089075)	(205, 33.574626057969134)	(210, 32.74637530575579)	(215, 33.69190640084854)	(220, 29.639561010455225)	(225, 29.101963330952223)	(230, 31.383271641015646)	(235, 31.489119646696157)	(240, 31.578588301113065)	(245, 31.489254799446275)	(250, 29.116649542712842)
SRR8438146_2	(1, 28.470138753598718)	(2, 29.15950169924454)	(3, 29.191949693703055)	(4, 31.0643548282356)	(5, 29.35930904604195)	(6, 29.411942333917786)	(7, 32.07149814923047)	(8, 33.811751845357925)	(9, 35.146546312531115)	(10, 33.43966707794878)	(15, 34.804348767235965)	(20, 33.53145009416196)	(25, 33.02040392233262)	(30, 32.56405394289673)	(35, 32.5679654523021)	(40, 34.58550338766587)	(45, 35.730198930666496)	(50, 33.58853172283914)	(55, 35.13725350130961)	(60, 35.296339589150804)	(65, 35.07023399787865)	(70, 31.775058986514274)	(75, 33.835822672467906)	(80, 35.030086369244756)	(85, 35.832285646254086)	(90, 33.13507370608481)	(95, 33.41147044180358)	(100, 31.383221854232954)	(105, 32.06636145204234)	(110, 31.824010217113663)	(115, 32.69479186960193)	(120, 31.156107539450613)	(125, 31.569023962594976)	(130, 34.411758339286095)	(135, 35.25169383293287)	(140, 33.29380912180444)	(145, 31.362778968331277)	(150, 31.008102257722364)	(155, 34.09855401865922)	(160, 30.121014351581273)	(165, 27.258062211831934)	(170, 28.771108513539843)	(175, 30.816793298266123)	(180, 26.92669653873628)	(185, 30.37521917007598)	(190, 27.707090222924744)	(195, 26.016531734349297)	(200, 23.557895956167663)	(205, 24.97531118086373)	(210, 22.964261120857238)	(215, 22.064183660215612)	(220, 21.922420660691863)	(225, 22.535003842531957)	(230, 21.29520554560772)	(235, 21.194552130413246)	(240, 20.196477706937422)	(245, 20.2374650027633)	(250, 20.79966765336048)
SRR8438147	(1, 28.75)	(2, 31.0)	(3, 30.75)	(4, 32.5)	(5, 32.5)	(6, 34.0)	(7, 35.0)	(8, 26.0)	(9, 35.5)	(10, 32.3)	(15, 31.55)	(20, 35.05)	(25, 33.85)	(30, 33.95)	(35, 32.05)	(40, 36.2)	(45, 33.05)	(50, 35.9)	(55, 33.35)	(60, 33.75)	(65, 34.2)	(70, 35.0)	(75, 36.3)	(80, 34.15)	(85, 29.1)	(90, 36.45)	(95, 33.75)	(100, 32.15)	(105, 32.75)	(110, 34.95)	(115, 33.8)	(120, 31.8)	(125, 31.1)	(130, 27.05)	(135, 31.95)	(140, 26.8)	(145, 33.45)	(150, 27.6)	(155, 25.3)	(160, 31.05)	(165, 29.75)	(170, 27.8)	(175, 28.1)	(180, 27.5)	(185, 28.8)	(190, 25.45)	(195, 25.35)	(200, 25.35)	(205, 22.5)	(210, 21.9)	(215, 23.5)	(220, 20.0)	(225, 23.9)	(230, 20.35)	(235, 17.1)	(240, 19.55)	(245, 19.55)	(250, 16.666666666666668)
SRR8438147_1	(1, 32.34804579057363)	(2, 31.97794691038398)	(3, 31.581646339561434)	(4, 32.304781808540504)	(5, 32.023004460525904)	(6, 30.990111981034968)	(7, 32.0752830718363)	(8, 31.574783992014723)	(9, 32.306980879004335)	(10, 33.03901244580305)	(15, 36.16180791665367)	(20, 35.96466514863221)	(25, 35.66657412894975)	(30, 37.62674443993886)	(35, 36.77058236376681)	(40, 36.68131257993075)	(45, 36.185336410992235)	(50, 36.51320689977853)	(55, 35.81064911569295)	(60, 37.41679403599613)	(65, 36.87085997691756)	(70, 37.066355781527804)	(75, 37.06528275991141)	(80, 36.7828285348888)	(85, 35.245996444056274)	(90, 36.96002370629153)	(95, 36.73231229919835)	(100, 37.006381983218446)	(105, 35.402479802863475)	(110, 36.188892354720984)	(115, 35.97711719018061)	(120, 35.54501076140865)	(125, 34.53461430487538)	(130, 33.7466296515799)	(135, 33.4590816931283)	(140, 34.47438784740634)	(145, 35.83255560061137)	(150, 35.10645060669391)	(155, 34.36588165569731)	(160, 33.253632365326425)	(165, 34.1023893446458)	(170, 31.53642034997973)	(175, 33.194216912567455)	(180, 33.52674132068998)	(185, 33.69795689198041)	(190, 33.825212888736395)	(195, 31.422492903708786)	(200, 30.43142331326617)	(205, 33.24572506940329)	(210, 32.42250226145544)	(215, 33.41586761907733)	(220, 31.353666677064165)	(225, 31.082083034405315)	(230, 31.10491905549144)	(235, 30.96459028665897)	(240, 31.61731861001934)	(245, 31.12435124625034)	(250, 25.100031154944542)
SRR8438147_2	(1, 25.27981222121713)	(2, 29.07377023612714)	(3, 28.605430612308556)	(4, 29.759178389843726)	(5, 28.32775507657756)	(6, 31.24295829564241)	(7, 34.72386849246701)	(8, 34.11614523222808)	(9, 31.439439782900276)	(10, 32.14620855298044)	(15, 33.85402227143703)	(20, 32.203970803830444)	(25, 32.30092329766992)	(30, 32.89926697651205)	(35, 31.667974671699056)	(40, 33.26008297202034)	(45, 34.365161109204905)	(50, 34.19113197542032)	(55, 34.695492685361366)	(60, 34.29062977634986)	(65, 34.690994728469384)	(70, 33.214457718581365)	(75, 33.32964534140179)	(80, 33.906082535325496)	(85, 35.28523659502792)	(90, 32.528659658754165)	(95, 32.690470694656725)	(100, 30.823647025796184)	(105, 30.152475123990143)	(110, 30.405711344708198)	(115, 30.971580523409962)	(120, 32.122736205121804)	(125, 31.850173118313116)	(130, 33.00752050906142)	(135, 33.29607286565395)	(140, 32.1165320190898)	(145, 30.289394553791446)	(150, 30.34426526092517)	(155, 33.01190305374466)	(160, 30.882753672915563)	(165, 27.43398733584953)	(170, 27.578673695374153)	(175, 29.90621978227643)	(180, 25.52723728126267)	(185, 27.02264886615303)	(190, 26.24326086278424)	(195, 24.789835467504947)	(200, 22.674092931498105)	(205, 24.069073799147684)	(210, 21.280077164469215)	(215, 20.76466294413077)	(220, 20.743410175624668)	(225, 21.285071335388317)	(230, 20.353185781354796)	(235, 20.557219284700448)	(240, 19.849462667477734)	(245, 18.906274194406095)	(250, 20.701270703916794)
SRR8438148	(1, 29.5)	(2, 30.0)	(3, 32.0)	(4, 29.833333333333332)	(5, 32.5)	(6, 34.5)	(7, 34.5)	(8, 35.0)	(9, 28.666666666666668)	(10, 33.33333333333333)	(15, 33.4)	(20, 32.36666666666666)	(25, 32.06666666666667)	(30, 33.86666666666666)	(35, 32.56666666666666)	(40, 34.9)	(45, 34.5)	(50, 35.2)	(55, 37.766666666666666)	(60, 35.6)	(65, 36.46666666666666)	(70, 36.400000000000006)	(75, 34.03333333333333)	(80, 32.86666666666667)	(85, 32.8)	(90, 36.33333333333333)	(95, 36.166666666666664)	(100, 36.13333333333333)	(105, 34.83333333333333)	(110, 33.16666666666667)	(115, 35.6)	(120, 31.53333333333333)	(125, 33.56666666666667)	(130, 32.8)	(135, 31.833333333333336)	(140, 29.633333333333333)	(145, 35.7)	(150, 33.766666666666666)	(155, 29.9)	(160, 26.866666666666664)	(165, 26.1)	(170, 27.566666666666663)	(175, 28.833333333333332)	(180, 28.366666666666667)	(185, 26.56666666666667)	(190, 26.8)	(195, 22.233333333333334)	(200, 25.0)	(205, 23.266666666666666)	(210, 24.266666666666666)	(215, 23.833333333333332)	(220, 23.666666666666664)	(225, 21.1)	(230, 20.8)	(235, 25.366666666666667)	(240, 19.933333333333334)	(245, 18.833333333333332)	(250, 18.5)
SRR8438148_1	(1, 32.48142197228359)	(2, 32.00742005311196)	(3, 31.613510075651067)	(4, 32.32512106402446)	(5, 32.06713753319497)	(6, 30.79435852803999)	(7, 32.00603646426101)	(8, 31.522606056548614)	(9, 32.347749436522285)	(10, 32.98987525384392)	(15, 36.25088482738613)	(20, 36.01829015197161)	(25, 35.71979201535338)	(30, 37.78471580638683)	(35, 36.877313606034235)	(40, 36.797094463412996)	(45, 36.320166923300086)	(50, 36.60108901832139)	(55, 35.91144361875432)	(60, 37.61425319675973)	(65, 37.18117426524738)	(70, 37.39683113521234)	(75, 37.3393340920756)	(80, 37.0579857624244)	(85, 35.65464952801768)	(90, 37.47131284729196)	(95, 37.28107384347594)	(100, 37.8305416080873)	(105, 36.22071366405571)	(110, 37.02045479904488)	(115, 36.85789203543773)	(120, 36.51663207694539)	(125, 35.52615875566268)	(130, 34.58871259289014)	(135, 34.359844680993504)	(140, 35.406826448863)	(145, 36.81067818169646)	(150, 36.141733056615564)	(155, 35.27551717212292)	(160, 34.12221106424762)	(165, 35.01437593448038)	(170, 32.31253486867064)	(175, 34.11738635602865)	(180, 34.52523710696035)	(185, 34.85586128405972)	(190, 34.874689250407265)	(195, 32.348657695655085)	(200, 31.109774385753497)	(205, 34.22941242105733)	(210, 33.446423869139274)	(215, 34.47892035437728)	(220, 32.2698645421883)	(225, 32.06446631407467)	(230, 31.957584075338644)	(235, 31.92973823391578)	(240, 32.6653708394238)	(245, 32.078559214155504)	(250, 25.272935531522577)
SRR8438148_2	(1, 25.049652986989802)	(2, 29.25051884581911)	(3, 28.8352525049653)	(4, 30.45454241146147)	(5, 28.570317555957242)	(6, 32.048235924215035)	(7, 35.20366651045502)	(8, 33.3530494744594)	(9, 32.11690209993082)	(10, 33.26790966503761)	(15, 34.35295797906764)	(20, 32.51710071187878)	(25, 32.62946821093035)	(30, 33.19417107406664)	(35, 32.09552788377854)	(40, 33.63207025060811)	(45, 34.6564035616255)	(50, 34.527421838387895)	(55, 35.04511838611056)	(60, 34.72019147084421)	(65, 35.187349088393475)	(70, 33.80181874986052)	(75, 33.87751668117204)	(80, 34.54707326326125)	(85, 36.05323916002767)	(90, 33.11256834259446)	(95, 33.282526611769434)	(100, 31.380520407935553)	(105, 30.614096985115264)	(110, 30.890227845841423)	(115, 31.651335609560157)	(120, 33.023152797304235)	(125, 32.703097453750196)	(130, 33.91131195465399)	(135, 34.1750128316708)	(140, 33.051083439334086)	(145, 31.173836781147486)	(150, 31.107109861417957)	(155, 34.021405458481176)	(160, 31.46388609939524)	(165, 27.745078217401975)	(170, 28.32018254446453)	(175, 30.832583517439918)	(180, 25.87449510164915)	(185, 27.65732521032782)	(190, 26.966880899779067)	(195, 25.28587711142402)	(200, 22.849958156194557)	(205, 24.49825175591626)	(210, 21.556696278689138)	(215, 21.05037625129517)	(220, 21.08847527227281)	(225, 21.59657873594001)	(230, 20.698421084305142)	(235, 20.89115808350763)	(240, 20.145160354408908)	(245, 19.15961098586617)	(250, 21.15027045405601)
SRR8438149	(1, 30.666666666666668)	(2, 26.75)	(3, 30.5)	(4, 29.333333333333332)	(5, 29.333333333333332)	(6, 34.833333333333336)	(7, 33.583333333333336)	(8, 31.333333333333332)	(9, 30.666666666666668)	(10, 31.21666666666667)	(15, 33.21666666666667)	(20, 32.78333333333334)	(25, 34.61666666666666)	(30, 34.21666666666667)	(35, 33.05)	(40, 34.333333333333336)	(45, 32.65)	(50, 33.266666666666666)	(55, 34.833333333333336)	(60, 33.91666666666667)	(65, 34.96666666666667)	(70, 35.38333333333333)	(75, 32.78333333333333)	(80, 34.83333333333333)	(85, 31.85)	(90, 32.68333333333333)	(95, 34.45)	(100, 34.03333333333334)	(105, 33.516666666666666)	(110, 31.3)	(115, 33.150000000000006)	(120, 32.31666666666667)	(125, 31.65)	(130, 32.88333333333334)	(135, 33.66666666666667)	(140, 33.15)	(145, 31.8)	(150, 31.766666666666662)	(155, 30.31666666666667)	(160, 32.016666666666666)	(165, 30.883333333333333)	(170, 29.733333333333338)	(175, 27.7)	(180, 27.833333333333332)	(185, 25.93333333333333)	(190, 25.05)	(195, 24.050000000000004)	(200, 22.75)	(205, 23.933333333333334)	(210, 22.883333333333333)	(215, 24.083333333333332)	(220, 23.266666666666666)	(225, 22.51666666666667)	(230, 20.96666666666667)	(235, 21.25)	(240, 19.916666666666664)	(245, 19.050000000000004)	(250, 16.458333333333336)
SRR8438149_1	(1, 32.449888254283586)	(2, 32.060789669729324)	(3, 31.720846784206607)	(4, 31.9515644400298)	(5, 31.961733300223493)	(6, 29.45023590762354)	(7, 31.120946113732305)	(8, 31.091209336975417)	(9, 31.777104544325802)	(10, 32.169632480754906)	(15, 35.695080705239626)	(20, 36.073327539111)	(25, 34.53005214800099)	(30, 34.95123416935685)	(35, 35.22460640675441)	(40, 36.7445418425627)	(45, 35.724315867891725)	(50, 35.71765582319344)	(55, 36.085997020114235)	(60, 37.39045691581823)	(65, 37.12876583064316)	(70, 37.225634467345415)	(75, 37.18465110504097)	(80, 36.184993791904645)	(85, 35.47583064315868)	(90, 37.25632977402533)	(95, 36.33998013409486)	(100, 37.76263719890738)	(105, 37.06989570399801)	(110, 37.451837596225474)	(115, 36.809977650856716)	(120, 36.64924261236652)	(125, 36.67488701266452)	(130, 36.46310156444003)	(135, 33.59862428606903)	(140, 34.8751899677179)	(145, 35.67151974174323)	(150, 34.25552520486714)	(155, 34.258522473305185)	(160, 33.51631984107276)	(165, 34.866836354606406)	(170, 34.481636453935934)	(175, 35.414094859697045)	(180, 33.13163397069779)	(185, 34.250223491432834)	(190, 33.96314377948845)	(195, 32.355944872113234)	(200, 32.88751179538118)	(205, 34.0093692575118)	(210, 34.07050906381922)	(215, 34.688336230444506)	(220, 33.31111000744971)	(225, 33.28347405016141)	(230, 32.007037496895954)	(235, 31.209857809356617)	(240, 32.9468108618185)	(245, 32.52449641505098)	(250, 29.311818463277532)
SRR8438149_2	(1, 29.686093866401787)	(2, 31.886391854978893)	(3, 29.64038986838838)	(4, 27.83374720635709)	(5, 30.79057611124907)	(6, 30.42013906133598)	(7, 31.682331760615842)	(8, 30.12498137571393)	(9, 34.04377948845294)	(10, 34.27644648621803)	(15, 33.69319841072759)	(20, 33.06536131114974)	(25, 32.496349639930465)	(30, 28.01958281599205)	(35, 33.894142041221755)	(40, 36.14189222746461)	(45, 36.68511547057362)	(50, 33.0130469332009)	(55, 34.78268934690837)	(60, 35.710451949341945)	(65, 33.12634963993047)	(70, 34.257333002234915)	(75, 34.78023839086168)	(80, 35.44252048671467)	(85, 35.12684380432083)	(90, 32.79184256270177)	(95, 32.378169853488956)	(100, 31.742813508815495)	(105, 34.89669481003229)	(110, 33.37964241370747)	(115, 34.61956543332506)	(120, 32.94170101812764)	(125, 34.06051899677179)	(130, 35.60127390116712)	(135, 35.951492426123664)	(140, 35.27146014402781)	(145, 33.79432331760616)	(150, 33.35268189719394)	(155, 34.914410230941144)	(160, 29.065654333250556)	(165, 28.44628259250062)	(170, 32.510052148000995)	(175, 32.12557983610628)	(180, 31.97161658803079)	(185, 32.16478768313881)	(190, 31.951565341097016)	(195, 30.044597155383013)	(200, 29.771443777058142)	(205, 29.660419585314067)	(210, 27.617627118644066)	(215, 29.067157499934286)	(220, 26.78084784066357)	(225, 27.59403481759257)	(230, 26.929935182655772)	(235, 25.555608579257736)	(240, 23.864646790756584)	(245, 27.083366062248462)	(250, 22.018840887053404)
SRR8438150	(1, 26.61111111111111)	(2, 30.0)	(3, 31.555555555555557)	(4, 31.055555555555557)	(5, 30.22222222222222)	(6, 31.944444444444443)	(7, 32.55555555555556)	(8, 29.166666666666668)	(9, 30.72222222222222)	(10, 30.7)	(15, 32.988888888888894)	(20, 33.46666666666666)	(25, 32.31111111111111)	(30, 28.433333333333337)	(35, 31.9)	(40, 32.81111111111112)	(45, 33.011111111111106)	(50, 33.37777777777778)	(55, 34.522222222222226)	(60, 34.28888888888889)	(65, 32.65555555555555)	(70, 33.65555555555555)	(75, 32.522222222222226)	(80, 33.06666666666666)	(85, 33.266666666666666)	(90, 32.044444444444444)	(95, 33.43333333333333)	(100, 33.455555555555556)	(105, 32.966666666666676)	(110, 32.322222222222216)	(115, 32.81111111111112)	(120, 32.46666666666666)	(125, 32.677777777777784)	(130, 32.86666666666667)	(135, 31.51111111111111)	(140, 30.511111111111113)	(145, 29.044444444444444)	(150, 29.911111111111108)	(155, 29.622222222222216)	(160, 29.555555555555554)	(165, 27.51111111111111)	(170, 28.144444444444446)	(175, 26.68888888888889)	(180, 27.611111111111107)	(185, 27.7)	(190, 25.7)	(195, 24.655555555555555)	(200, 23.87777777777778)	(205, 22.677777777777777)	(210, 23.21111111111111)	(215, 21.77777777777778)	(220, 21.9)	(225, 22.355555555555558)	(230, 22.533333333333335)	(235, 18.977777777777778)	(240, 18.82222222222222)	(245, 18.72222222222222)	(250, 18.588235294117645)
SRR8438150_1	(1, 32.40152206505443)	(2, 31.987843035004236)	(3, 31.700052147839124)	(4, 31.869646698389936)	(5, 31.827390652499837)	(6, 29.573984746757056)	(7, 31.077097320904766)	(8, 30.959797275275406)	(9, 31.553565608500097)	(10, 32.06257414770876)	(15, 35.607942767746565)	(20, 35.93601460139495)	(25, 34.49140212502444)	(30, 34.87464637246594)	(35, 35.14508832540251)	(40, 36.66169089368359)	(45, 35.43322143276188)	(50, 35.541848640896944)	(55, 35.84707320252917)	(60, 37.289616061534446)	(65, 36.818026856137145)	(70, 37.03808747800012)	(75, 37.05400886513265)	(80, 35.991747604458645)	(85, 35.196900462812074)	(90, 37.01687308519653)	(95, 36.13014145101362)	(100, 37.55762010299198)	(105, 36.76960758751059)	(110, 37.03618082263217)	(115, 36.59899615409687)	(120, 36.724333485431195)	(125, 36.24764356951959)	(130, 36.20895313212959)	(135, 33.36467961671339)	(140, 34.78109966755753)	(145, 35.51267518414706)	(150, 34.11427873020011)	(155, 34.18103448275862)	(160, 33.72094061664819)	(165, 34.870911283488695)	(170, 34.42463007626621)	(175, 35.18198292158269)	(180, 33.176993025226515)	(185, 34.09704712860961)	(190, 33.83126588879473)	(195, 32.33043478260869)	(200, 32.61571931425592)	(205, 34.002946352910506)	(210, 33.77496251874062)	(215, 34.590238576363994)	(220, 33.317736783782024)	(225, 32.98587771331726)	(230, 31.887432370771137)	(235, 31.30536796818982)	(240, 32.854880936344905)	(245, 32.460502129307955)	(250, 29.971437129394317)
SRR8438150_2	(1, 29.528844273515418)	(2, 29.721041653086502)	(3, 31.10913564956652)	(4, 30.169969363144514)	(5, 29.31085000977772)	(6, 32.58739651913174)	(7, 31.795417508636987)	(8, 34.574457336549116)	(9, 35.03987680073007)	(10, 32.660090606870476)	(15, 32.905573300306365)	(20, 33.26365295613063)	(25, 32.253598200899546)	(30, 28.500606218629816)	(35, 33.57929404862786)	(40, 35.83740303761163)	(45, 36.48730851965322)	(50, 32.72605762336223)	(55, 34.77706146926537)	(60, 35.60997653347239)	(65, 33.04262434000391)	(70, 34.27609347500163)	(75, 34.478511831041)	(80, 35.26752167394564)	(85, 35.03812332963953)	(90, 32.65463789844209)	(95, 32.23018382113291)	(100, 31.61152141320644)	(105, 34.58836125415554)	(110, 33.29780327227691)	(115, 34.19031679812268)	(120, 33.005038784955346)	(125, 33.75879994785216)	(130, 35.33602111987484)	(135, 35.61944788475328)	(140, 34.86738804510789)	(145, 33.510132976989766)	(150, 33.11565412945701)	(155, 34.55677595984616)	(160, 29.071729352714947)	(165, 28.384965126132585)	(170, 32.17627599243856)	(175, 31.906906329443974)	(180, 31.886672967863895)	(185, 31.774001042956787)	(190, 31.629682332865464)	(195, 29.856414157250565)	(200, 29.5072555410691)	(205, 29.314741580441172)	(210, 27.338267218618597)	(215, 28.686927836897233)	(220, 26.383197264649766)	(225, 27.42970630511305)	(230, 26.613244666112497)	(235, 25.320355972813065)	(240, 23.67326509476097)	(245, 26.803323782861916)	(250, 21.88006402417491)
SRR8438151	(1, 30.3)	(2, 30.4)	(3, 31.9)	(4, 32.3)	(5, 30.6)	(6, 35.0)	(7, 35.4)	(8, 35.9)	(9, 34.3)	(10, 34.379999999999995)	(15, 35.3)	(20, 35.739999999999995)	(25, 34.66)	(30, 33.059999999999995)	(35, 34.14)	(40, 37.160000000000004)	(45, 36.839999999999996)	(50, 36.980000000000004)	(55, 37.779999999999994)	(60, 36.58)	(65, 35.67999999999999)	(70, 36.86)	(75, 35.92)	(80, 37.38)	(85, 34.78)	(90, 37.4)	(95, 36.08)	(100, 34.92)	(105, 34.50000000000001)	(110, 34.86)	(115, 35.2)	(120, 36.660000000000004)	(125, 37.46)	(130, 36.379999999999995)	(135, 36.480000000000004)	(140, 35.92)	(145, 35.62)	(150, 37.62)	(155, 35.86)	(160, 33.8)	(165, 33.82000000000001)	(170, 35.38)	(175, 32.2)	(180, 30.78)	(185, 29.240000000000002)	(190, 29.04)	(195, 24.640000000000004)	(200, 30.48)	(205, 29.740000000000002)	(210, 29.22)	(215, 24.220000000000002)	(220, 21.020000000000003)	(225, 23.199999999999996)	(230, 21.559999999999995)	(235, 22.14)	(240, 19.8)	(245, 19.66)	(250, 15.383333333333333)
SRR8438151_1	(1, 32.23121191604604)	(2, 31.849272173324305)	(3, 31.60261509817197)	(4, 31.764387271496275)	(5, 31.440250507786054)	(6, 29.60054163845633)	(7, 31.112770819228164)	(8, 30.849864590385916)	(9, 31.50465470548409)	(10, 31.960680433310767)	(15, 35.507549085985104)	(20, 35.66411645226811)	(25, 34.428292146242384)	(30, 34.85062626946514)	(35, 35.06081584292484)	(40, 36.49534529451591)	(45, 34.891596140825996)	(50, 35.3989759647935)	(55, 35.385350372376436)	(60, 36.90352911306702)	(65, 36.20316519972918)	(70, 36.62990013540961)	(75, 36.63376777251185)	(80, 35.32381516587678)	(85, 34.86073967501692)	(90, 36.30596648612052)	(95, 35.38284529451591)	(100, 36.846597833446175)	(105, 35.950245429925516)	(110, 36.435333446174674)	(115, 35.73205822613406)	(120, 36.089835815842925)	(125, 35.22136932972241)	(130, 35.53894719025051)	(135, 32.63084800270819)	(140, 34.19405890318213)	(145, 34.88525727826676)	(150, 33.65363067027759)	(155, 33.71988828706838)	(160, 33.338617129316184)	(165, 34.373468178740694)	(170, 33.87703960731211)	(175, 34.39224779959376)	(180, 32.73333615436696)	(185, 33.371902505077855)	(190, 33.32224949221395)	(195, 31.851853419092755)	(200, 31.85573798239675)	(205, 33.413439404197696)	(210, 32.853503723764376)	(215, 33.80574644549763)	(220, 32.597698036560594)	(225, 32.16114590385918)	(230, 31.170819228165204)	(235, 30.676421800947868)	(240, 32.092739864929044)	(245, 31.754628685050115)	(250, 28.63418122647909)
SRR8438151_2	(1, 28.495556872037916)	(2, 30.090174339878132)	(3, 30.745641503046716)	(4, 28.808141503046716)	(5, 29.00875930941097)	(6, 31.373688219363576)	(7, 31.59643703452945)	(8, 30.696640148950575)	(9, 32.42015064319567)	(10, 33.04426201760325)	(15, 32.72017603249831)	(20, 32.70470548408937)	(25, 31.252208869329724)	(30, 28.37974779959377)	(35, 32.847740352064996)	(40, 34.662643872714966)	(45, 35.673400473933654)	(50, 31.9604942450914)	(55, 34.27268111035884)	(60, 34.98144041976981)	(65, 32.28598510494245)	(70, 33.657938388625595)	(75, 33.60370683818551)	(80, 34.52399289099526)	(85, 34.3978672985782)	(90, 32.05398612051455)	(95, 31.957845294515913)	(100, 31.142679417738655)	(105, 33.47019295870006)	(110, 32.645556872037915)	(115, 33.07271496276236)	(120, 32.65203960731212)	(125, 32.43597664184157)	(130, 34.252276574136765)	(135, 34.40609343263372)	(140, 33.59942450914015)	(145, 32.24284021665538)	(150, 32.145616113744076)	(155, 33.26325321597834)	(160, 28.37958700067705)	(165, 27.95970717670955)	(170, 31.128520649966152)	(175, 30.69311103588355)	(180, 31.214175693974273)	(185, 30.432151320243737)	(190, 30.551268627094867)	(195, 28.720418094875377)	(200, 28.73927697500117)	(205, 28.182016590528853)	(210, 26.572946205612226)	(215, 27.799912722829617)	(220, 25.639146630545206)	(225, 26.67814933965459)	(230, 25.821672875042328)	(235, 24.716276510180755)	(240, 23.148986127810407)	(245, 25.978572115301006)	(250, 21.300951665079946)
SRR8438152	(1, 32.666666666666664)	(2, 32.666666666666664)	(3, 32.666666666666664)	(4, 27.333333333333332)	(5, 32.666666666666664)	(6, 34.666666666666664)	(7, 33.333333333333336)	(8, 33.0)	(9, 30.0)	(10, 34.6)	(15, 34.2)	(20, 35.4)	(25, 33.8)	(30, 36.6)	(35, 36.93333333333333)	(40, 32.93333333333333)	(45, 36.266666666666666)	(50, 32.6)	(55, 30.133333333333333)	(60, 27.4)	(65, 32.4)	(70, 33.4)	(75, 34.0)	(80, 34.4)	(85, 31.999999999999993)	(90, 33.93333333333333)	(95, 32.4)	(100, 31.4)	(105, 31.53333333333334)	(110, 36.266666666666666)	(115, 32.866666666666674)	(120, 28.4)	(125, 29.2)	(130, 31.26666666666667)	(135, 30.6)	(140, 26.133333333333336)	(145, 28.53333333333333)	(150, 27.0)	(155, 26.8)	(160, 29.333333333333332)	(165, 30.46666666666667)	(170, 26.0)	(175, 25.533333333333335)	(180, 27.6)	(185, 24.533333333333335)	(190, 28.26666666666667)	(195, 24.666666666666668)	(200, 27.4)	(205, 28.133333333333333)	(210, 20.666666666666668)	(215, 20.333333333333332)	(220, 22.199999999999996)	(225, 17.666666666666664)	(230, 18.133333333333333)	(235, 19.8)	(240, 18.533333333333335)	(245, 21.866666666666667)	(250, 14.5)
SRR8438152_1	(1, 32.31224798387097)	(2, 31.908854166666668)	(3, 31.697412634408604)	(4, 31.814348118279568)	(5, 31.631300403225808)	(6, 29.976730510752688)	(7, 31.515961021505376)	(8, 31.117019489247312)	(9, 31.765288978494624)	(10, 32.33555107526882)	(15, 35.612399193548384)	(20, 35.9651377688172)	(25, 34.61382728494624)	(30, 34.99438844086022)	(35, 35.19356518817204)	(40, 36.40816532258064)	(45, 35.74161626344086)	(50, 35.62442876344086)	(55, 35.58813844086021)	(60, 36.585315860215054)	(65, 36.13267809139785)	(70, 36.236844758064514)	(75, 36.398907930107534)	(80, 35.613054435483875)	(85, 34.79087701612903)	(90, 36.23301411290323)	(95, 35.63422379032258)	(100, 36.58230846774194)	(105, 35.89583333333333)	(110, 36.20300739247312)	(115, 35.6710685483871)	(120, 35.30663642473119)	(125, 35.057980510752685)	(130, 34.6572748655914)	(135, 32.75497311827957)	(140, 33.638155241935486)	(145, 34.4598622311828)	(150, 33.10347782258064)	(155, 33.09052419354839)	(160, 32.34862231182796)	(165, 33.444438844086015)	(170, 33.00235215053763)	(175, 33.82182459677419)	(180, 31.691616263440856)	(185, 32.89596774193548)	(190, 32.66404569892474)	(195, 30.9005376344086)	(200, 31.623891129032256)	(205, 32.6947748655914)	(210, 32.41488575268817)	(215, 32.91626344086022)	(220, 31.755477150537637)	(225, 31.466549059139787)	(230, 30.406636424731182)	(235, 29.729267473118277)	(240, 31.298387096774196)	(245, 30.806096490642847)	(250, 28.038756021361404)
SRR8438152_2	(1, 30.760416666666668)	(2, 30.544942876344088)	(3, 30.729922715053764)	(4, 28.620211693548388)	(5, 27.090725806451612)	(6, 27.31376008064516)	(7, 32.526881720430104)	(8, 26.874243951612904)	(9, 30.516129032258064)	(10, 32.45337701612903)	(15, 32.193262768817206)	(20, 31.455930779569893)	(25, 31.274680779569895)	(30, 28.3921875)	(35, 32.0896001344086)	(40, 34.59097782258065)	(45, 35.077620967741936)	(50, 31.51690188172043)	(55, 33.436693548387105)	(60, 34.0442372311828)	(65, 31.96797715053763)	(70, 32.87264784946236)	(75, 33.05008400537635)	(80, 33.75043682795699)	(85, 33.3578125)	(90, 30.999193548387098)	(95, 31.022950268817205)	(100, 30.28161962365591)	(105, 32.86676747311829)	(110, 31.80055443548387)	(115, 32.62884744623656)	(120, 31.554099462365592)	(125, 31.9125)	(130, 33.342557123655915)	(135, 33.52684811827957)	(140, 32.83763440860215)	(145, 31.321774193548386)	(150, 31.05309139784946)	(155, 32.51253360215054)	(160, 27.94307795698925)	(165, 26.995850134408602)	(170, 29.983282930107528)	(175, 29.410769489247308)	(180, 29.71715389784946)	(185, 30.056670026881722)	(190, 29.984139784946233)	(195, 27.977301747311827)	(200, 27.521790994623654)	(205, 27.502604166666664)	(210, 25.289852150537634)	(215, 26.64830309139785)	(220, 24.93165322580645)	(225, 25.67577284946237)	(230, 24.975890456989244)	(235, 23.370161290322578)	(240, 22.497076612903225)	(245, 25.23638320766717)	(250, 20.765931413319127)
SRR8438153	(1, 25.6)	(2, 28.4)	(3, 31.2)	(4, 28.0)	(5, 28.4)	(6, 27.6)	(7, 33.2)	(8, 31.6)	(9, 30.4)	(10, 31.320000000000004)	(15, 30.68)	(20, 31.6)	(25, 31.0)	(30, 29.8)	(35, 33.760000000000005)	(40, 34.32)	(45, 30.76)	(50, 31.2)	(55, 31.6)	(60, 30.8)	(65, 35.4)	(70, 32.0)	(75, 33.160000000000004)	(80, 30.880000000000003)	(85, 31.999999999999993)	(90, 29.440000000000005)	(95, 29.76)	(100, 32.8)	(105, 30.880000000000003)	(110, 32.60000000000001)	(115, 33.2)	(120, 29.2)	(125, 33.6)	(130, 31.119999999999997)	(135, 31.159999999999997)	(140, 30.04)	(145, 30.479999999999997)	(150, 29.360000000000003)	(155, 27.639999999999997)	(160, 29.920000000000005)	(165, 26.759999999999998)	(170, 30.080000000000002)	(175, 32.160000000000004)	(180, 31.04)	(185, 24.16)	(190, 24.6)	(195, 24.720000000000002)	(200, 25.479999999999997)	(205, 24.439999999999998)	(210, 21.599999999999998)	(215, 24.44)	(220, 25.04)	(225, 22.68)	(230, 22.8)	(235, 21.200000000000003)	(240, 21.28)	(245, 16.84)	(250, 24.5)
SRR8438153_1	(1, 32.06527735212994)	(2, 31.79190928593319)	(3, 31.701930738584124)	(4, 31.93349678210236)	(5, 29.523505976095617)	(6, 31.68084584737971)	(7, 33.12338338951885)	(8, 30.596199816120134)	(9, 31.13012565124119)	(10, 32.93779957094698)	(15, 35.81597303095311)	(20, 35.71113699049954)	(25, 34.720637450199206)	(30, 35.215911737664726)	(35, 35.18557155991419)	(40, 36.006448053938094)	(45, 35.683910511798956)	(50, 35.627606497088564)	(55, 35.784848299111246)	(60, 35.98271529267545)	(65, 35.33935642047196)	(70, 36.417664725712534)	(75, 35.876530799877415)	(80, 35.645038308305246)	(85, 34.75991418939626)	(90, 35.65656144652161)	(95, 34.88905914802329)	(100, 35.963027888446206)	(105, 34.811523138216366)	(110, 35.29181734600061)	(115, 35.06177137603432)	(120, 34.72782102359791)	(125, 34.22560833588722)	(130, 34.509003984063746)	(135, 33.604927980386144)	(140, 33.66927367453265)	(145, 34.982041066503214)	(150, 33.34700582286239)	(155, 33.67987741342323)	(160, 31.558173460006127)	(165, 33.03573398712841)	(170, 31.704247624885074)	(175, 33.478810910205326)	(180, 32.178890591480226)	(185, 32.991982837879256)	(190, 32.41551946061906)	(195, 29.05626723873736)	(200, 31.54452957401164)	(205, 33.01490652773522)	(210, 32.77003984063745)	(215, 32.64123812442538)	(220, 31.562598835427526)	(225, 30.71501072632547)	(230, 30.546368372663192)	(235, 29.700373889059154)	(240, 31.296377566656453)	(245, 29.42796773723208)	(250, 27.346661374543842)
SRR8438153_2	(1, 29.72565124118909)	(2, 30.436775973030954)	(3, 30.43027888446215)	(4, 30.568924302788844)	(5, 29.52963530493411)	(6, 35.03181121667178)	(7, 33.966411277965065)	(8, 31.39374808458474)	(9, 31.938522831749925)	(10, 32.46425988354275)	(15, 32.62022678516703)	(20, 33.3169108182654)	(25, 32.960024517315354)	(30, 32.04736745326387)	(35, 32.98450505669629)	(40, 35.06500766166105)	(45, 35.49250383083053)	(50, 33.19094085197671)	(55, 35.40956175298804)	(60, 35.310524057615694)	(65, 34.36642353662274)	(70, 35.01904995403003)	(75, 34.90110940851976)	(80, 35.16414342629482)	(85, 34.57380324854428)	(90, 33.15176218204107)	(95, 35.36011032791909)	(100, 33.18086423536623)	(105, 33.68871590560833)	(110, 34.40161814281336)	(115, 33.33761569108183)	(120, 33.64876494023905)	(125, 33.10939626110941)	(130, 33.685209929512716)	(135, 33.84931657983451)	(140, 33.1440760036776)	(145, 30.624382470119524)	(150, 30.988550413729694)	(155, 31.351002145265095)	(160, 28.502960465828988)	(165, 27.414023904382468)	(170, 29.91171314741036)	(175, 26.80659515783022)	(180, 29.535139442231078)	(185, 28.377051792828684)	(190, 27.120931657983448)	(195, 24.127857799570947)	(200, 25.951235059760954)	(205, 24.945571559914193)	(210, 25.282807232608032)	(215, 24.73051935743261)	(220, 24.750015325200756)	(225, 24.453527861214983)	(230, 23.53992521302029)	(235, 22.312462453258142)	(240, 21.88425182369889)	(245, 23.48663258547503)	(250, 21.178936096432917)
SRR8438154	(1, 30.897435897435898)	(2, 31.205128205128204)	(3, 31.94871794871795)	(4, 32.12820512820513)	(5, 32.333333333333336)	(6, 34.15384615384615)	(7, 33.666666666666664)	(8, 33.07692307692308)	(9, 32.97435897435897)	(10, 32.09230769230769)	(15, 34.04102564102564)	(20, 33.794871794871796)	(25, 33.31794871794872)	(30, 31.497435897435896)	(35, 34.04615384615384)	(40, 34.641025641025635)	(45, 35.717948717948715)	(50, 35.47692307692308)	(55, 36.47692307692307)	(60, 35.928205128205136)	(65, 35.88717948717949)	(70, 35.712820512820514)	(75, 35.14358974358974)	(80, 35.646153846153844)	(85, 34.276923076923076)	(90, 35.30769230769231)	(95, 36.51794871794872)	(100, 35.687179487179485)	(105, 36.333333333333336)	(110, 35.661538461538456)	(115, 36.015384615384605)	(120, 36.16923076923077)	(125, 35.69230769230769)	(130, 36.179487179487175)	(135, 36.07692307692308)	(140, 34.51794871794871)	(145, 34.30769230769231)	(150, 35.52307692307692)	(155, 34.702564102564104)	(160, 35.39999999999999)	(165, 33.174358974358974)	(170, 32.40512820512821)	(175, 31.28205128205128)	(180, 29.78974358974359)	(185, 29.825641025641023)	(190, 29.0)	(195, 26.44102564102564)	(200, 26.569230769230767)	(205, 26.128205128205128)	(210, 26.682051282051283)	(215, 25.266666666666662)	(220, 21.964102564102564)	(225, 22.620512820512822)	(230, 21.53846153846154)	(235, 20.461538461538463)	(240, 19.861538461538466)	(245, 19.753846153846155)	(250, 17.32051282051282)
SRR8438154_1	(1, 32.459192285220226)	(2, 32.08819589119516)	(3, 31.831109353698338)	(4, 31.985387243937417)	(5, 32.01018053481743)	(6, 29.880011331377883)	(7, 31.257588187038557)	(8, 31.22503408266004)	(9, 32.142462568091545)	(10, 32.88468080334748)	(15, 35.405978482185546)	(20, 36.416055146039035)	(25, 34.65870598025272)	(30, 35.03322926564409)	(35, 35.33004880754953)	(40, 36.7654829704735)	(45, 35.961625580585576)	(50, 36.94313300794967)	(55, 35.626950974085375)	(60, 36.81895409021429)	(65, 35.49768828087654)	(70, 35.84573037222396)	(75, 36.59957389297749)	(80, 36.27496650751589)	(85, 35.603666172886136)	(90, 36.89162127230128)	(95, 36.121957495529415)	(100, 36.740051109235665)	(105, 36.34039459162776)	(110, 36.89471733523763)	(115, 36.801611180292845)	(120, 35.07854297366045)	(125, 36.22014742594768)	(130, 35.2911432297968)	(135, 32.839631494148406)	(140, 34.18151450947528)	(145, 36.164731086336836)	(150, 33.262945804144216)	(155, 33.648523084731565)	(160, 31.79553354855082)	(165, 33.32278138112971)	(170, 33.100379483123916)	(175, 35.001547441292246)	(180, 30.682638794624676)	(185, 33.75034495783193)	(190, 33.91590347082466)	(195, 30.981199355527885)	(200, 32.28161660991141)	(205, 33.241164771218294)	(210, 32.77367579275382)	(215, 33.19699010274964)	(220, 31.03471650899133)	(225, 30.18751187729062)	(230, 29.641445694961668)	(235, 29.81932117964365)	(240, 32.10601986061715)	(245, 31.293166784060595)	(250, 26.13421546061137)
SRR8438154_2	(1, 28.818656641544845)	(2, 30.900868148795155)	(3, 31.677038025035262)	(4, 30.87028523202767)	(5, 29.16948672399242)	(6, 35.33380350682538)	(7, 34.18596443599837)	(8, 35.513429453320036)	(9, 34.84210433130116)	(10, 34.11942918183911)	(15, 33.84647399389759)	(20, 33.74464739938976)	(25, 33.33665169587054)	(30, 32.060358472860756)	(35, 33.01066211837749)	(40, 36.15884821265219)	(45, 36.52885547181616)	(50, 33.38699960458213)	(55, 35.37158066819718)	(60, 36.165698974864405)	(65, 35.368594377984074)	(70, 35.88074196918102)	(75, 35.60054060115321)	(80, 36.20273605561818)	(85, 34.642708671454955)	(90, 33.64487579747523)	(95, 34.01215998489149)	(100, 32.82004355498374)	(105, 35.77313401124876)	(110, 35.569912831014925)	(115, 34.87888409534882)	(120, 34.483461499873115)	(125, 33.137699848324786)	(130, 35.42844411919194)	(135, 35.81523480149433)	(140, 35.7896117232547)	(145, 33.16511942209973)	(150, 34.17980299927409)	(155, 35.443585672889085)	(160, 34.147552245324334)	(165, 31.476559982530794)	(170, 34.07450971134495)	(175, 33.614197272206845)	(180, 33.55889424637485)	(185, 33.56445842505651)	(190, 34.246604313918695)	(195, 33.869250226532884)	(200, 31.199109766889034)	(205, 31.036133670144956)	(210, 29.379379216318142)	(215, 29.585780023881977)	(220, 28.169803458655498)	(225, 29.10449153042555)	(230, 27.824899958685005)	(235, 25.396785693206635)	(240, 24.518124543735404)	(245, 27.20470920686368)	(250, 22.613089198555294)
SRR8438155	(1, 30.2)	(2, 31.2)	(3, 31.2)	(4, 30.8)	(5, 31.32)	(6, 30.36)	(7, 32.08)	(8, 34.12)	(9, 31.72)	(10, 32.25600000000001)	(15, 34.048)	(20, 34.256)	(25, 29.912)	(30, 28.168)	(35, 27.144)	(40, 31.303999999999995)	(45, 31.151999999999997)	(50, 31.767999999999994)	(55, 29.040000000000003)	(60, 29.639999999999997)	(65, 27.944)	(70, 29.472)	(75, 28.232)	(80, 29.024)	(85, 29.375999999999998)	(90, 26.944)	(95, 28.215999999999998)	(100, 22.808)	(105, 23.96)	(110, 23.168)	(115, 22.759999999999998)	(120, 22.032000000000004)	(125, 22.536)	(130, 22.663999999999998)	(135, 23.8)	(140, 21.784)	(145, 22.304000000000002)	(150, 22.912)	(155, 21.208)	(160, 21.840000000000003)	(165, 21.392000000000003)	(170, 20.839999999999996)	(175, 20.944)	(180, 20.160000000000004)	(185, 19.992)	(190, 18.184)	(195, 19.504)	(200, 19.2)	(205, 18.768)	(210, 18.296)	(215, 18.784)	(220, 18.631999999999998)	(225, 16.887999999999998)	(230, 17.016)	(235, 17.584)	(240, 16.112000000000002)	(245, 17.353666666666665)	(250, 15.52328431372549)
SRR8438155_1	(1, 32.18732956126519)	(2, 31.935720248585476)	(3, 31.75021797606901)	(4, 31.922400519432333)	(5, 31.146118170856134)	(6, 30.71903348483443)	(7, 32.02880994341898)	(8, 32.011371857898155)	(9, 32.55169279287636)	(10, 32.6548613301178)	(15, 35.72839996289768)	(20, 35.76490307021612)	(25, 32.71217883313237)	(30, 32.83129394304795)	(35, 33.21974770429459)	(40, 34.67629533438456)	(45, 34.507591132548)	(50, 34.7118245060755)	(55, 35.08676560615898)	(60, 35.344426305537525)	(65, 34.34433540487895)	(70, 34.33985901122345)	(75, 34.6568073462573)	(80, 34.01534551525832)	(85, 33.74007049438827)	(90, 33.63364251924683)	(95, 33.28013913366107)	(100, 31.468941656618124)	(105, 30.737228457471474)	(110, 31.066763751043503)	(115, 30.864467118078103)	(120, 30.641684444856697)	(125, 30.520103886466934)	(130, 30.157632872646325)	(135, 29.32101289305259)	(140, 29.529423986643174)	(145, 30.094666542992297)	(150, 29.11125498562285)	(155, 29.024554308505703)	(160, 28.097458491791116)	(165, 28.84505704480104)	(170, 28.28608106854652)	(175, 29.105300064929043)	(180, 27.961426583804844)	(185, 28.563428253408773)	(190, 28.320994341897784)	(195, 26.598669882200163)	(200, 27.662183470921065)	(205, 28.322979315462383)	(210, 28.19774788980614)	(215, 28.35847138484371)	(220, 27.63423615620072)	(225, 27.239259808923105)	(230, 26.5260921992394)	(235, 25.907097518649557)	(240, 27.002375569705844)	(245, 26.080326346943075)	(250, 23.007967608599692)
SRR8438155_2	(1, 28.785288934236156)	(2, 29.83094332622206)	(3, 29.688962062888415)	(4, 28.885186902884705)	(5, 28.6181801317132)	(6, 31.78515907615249)	(7, 31.702328169928577)	(8, 30.920962804934607)	(9, 29.97693163899453)	(10, 31.361805027362948)	(15, 30.850757814673965)	(20, 30.573601706706246)	(25, 31.1042426491049)	(30, 28.586466932566555)	(35, 30.2010704016325)	(40, 32.764318708839625)	(45, 32.399154067340696)	(50, 31.07688897133847)	(55, 32.15768852611075)	(60, 32.46611631574065)	(65, 30.63029403580373)	(70, 31.02850384936462)	(75, 30.75294128559503)	(80, 31.634436508672668)	(85, 31.054792690845005)	(90, 28.758015026435395)	(95, 29.24128930525925)	(100, 28.15052963546981)	(105, 29.232902328169928)	(110, 29.15130136350988)	(115, 29.050128930525926)	(120, 28.762203877191354)	(125, 28.7788906409424)	(130, 29.252421853260365)	(135, 29.124292737222895)	(140, 28.84221315276876)	(145, 27.228937946387163)	(150, 27.487387069845102)	(155, 27.895660884890088)	(160, 25.605724886374173)	(165, 24.857224747240515)	(170, 26.431101011037935)	(175, 25.406151562934788)	(180, 26.31458120768018)	(185, 25.874377144977274)	(190, 25.474714775994805)	(195, 23.837336054169374)	(200, 24.139690195714685)	(205, 23.948725472130498)	(210, 23.03689590560822)	(215, 23.18077658015324)	(220, 22.356499280982383)	(225, 22.609700969130714)	(230, 22.151006020352316)	(235, 21.07999081579215)	(240, 20.741489795918366)	(245, 22.069952092491768)	(250, 19.428913205243923)
SRR8438156	(1, 31.0)	(2, 31.615384615384617)	(3, 31.923076923076923)	(4, 32.15384615384615)	(5, 32.0)	(6, 33.38461538461539)	(7, 30.307692307692307)	(8, 31.0)	(9, 29.23076923076923)	(10, 32.323076923076925)	(15, 33.07692307692307)	(20, 33.12307692307693)	(25, 32.9076923076923)	(30, 32.89230769230769)	(35, 34.10769230769231)	(40, 35.12307692307692)	(45, 35.2)	(50, 35.52307692307692)	(55, 35.8)	(60, 36.55384615384615)	(65, 35.70769230769231)	(70, 34.89230769230769)	(75, 34.323076923076925)	(80, 36.12307692307693)	(85, 34.58461538461538)	(90, 35.784615384615385)	(95, 34.63076923076923)	(100, 34.4)	(105, 35.95384615384615)	(110, 33.87692307692307)	(115, 33.43076923076923)	(120, 35.8)	(125, 34.16923076923077)	(130, 36.67692307692308)	(135, 34.861538461538466)	(140, 32.2)	(145, 33.184615384615384)	(150, 33.53846153846153)	(155, 29.015384615384612)	(160, 30.4)	(165, 28.123076923076923)	(170, 29.83076923076923)	(175, 30.446153846153845)	(180, 28.969230769230773)	(185, 26.046153846153846)	(190, 24.246153846153845)	(195, 24.492307692307694)	(200, 25.076923076923077)	(205, 24.476923076923075)	(210, 24.73846153846154)	(215, 20.584615384615386)	(220, 21.4)	(225, 19.892307692307693)	(230, 19.53846153846154)	(235, 18.092307692307692)	(240, 17.6)	(245, 17.50769230769231)	(250, 14.590909090909092)
SRR8438156_1	(1, 32.39597066377601)	(2, 31.994843699645504)	(3, 31.706520571489957)	(4, 31.90395414017715)	(5, 31.85748884266448)	(6, 29.616197423802966)	(7, 31.146847137179073)	(8, 30.95578081817205)	(9, 31.674196037070676)	(10, 32.17735915389799)	(15, 35.67869412787234)	(20, 36.05189503803748)	(25, 34.533044268010435)	(30, 34.98070293655211)	(35, 35.2248596177697)	(40, 36.66235607769607)	(45, 35.70744245549273)	(50, 35.770298538071664)	(55, 36.026734636080434)	(60, 37.32442699635738)	(65, 36.65778181427554)	(70, 37.05226027597926)	(75, 37.066051426283465)	(80, 36.241273840564844)	(85, 35.434199552730014)	(90, 37.09879588667858)	(95, 36.26203771521207)	(100, 37.53310090918857)	(105, 36.73889393451108)	(110, 37.08845008252034)	(115, 36.68124102774441)	(120, 36.650637213254036)	(125, 36.33499545894003)	(130, 36.17800173829822)	(135, 33.54619869334662)	(140, 34.82221701383802)	(145, 35.597533179034954)	(150, 34.08011992304613)	(155, 34.152624537349)	(160, 33.62434594087833)	(165, 34.78372445043409)	(170, 34.35261477162863)	(175, 35.26588931532534)	(180, 33.21910956161681)	(185, 34.190115137843144)	(190, 33.92326487563355)	(195, 32.260406839910544)	(200, 32.776544692819265)	(205, 33.995984335784534)	(210, 34.03798669908886)	(215, 34.619332220041215)	(220, 33.25195167921562)	(225, 33.104801804705126)	(230, 31.910077246848108)	(235, 31.147395970663773)	(240, 32.75044733130374)	(245, 32.29920073289208)	(250, 29.830475583535524)
SRR8438156_2	(1, 29.58950771003623)	(2, 30.872908915126125)	(3, 30.817224777585718)	(4, 30.644293401302747)	(5, 30.004726608658288)	(6, 33.168185236183945)	(7, 32.59235930038379)	(8, 34.79264445941855)	(9, 34.83732263010381)	(10, 34.129755173390365)	(15, 33.650578618931824)	(20, 33.48106915106593)	(25, 32.75785896346643)	(30, 28.846307092842704)	(35, 34.084198087871954)	(40, 36.41196496059532)	(45, 36.87915116358558)	(50, 33.345983847498516)	(55, 35.139546284631685)	(60, 36.035885116065586)	(65, 33.75551128428989)	(70, 34.769827830349904)	(75, 35.13155987851444)	(80, 35.6850848152814)	(85, 35.4310764753562)	(90, 33.17121260949814)	(95, 32.772954814011854)	(100, 32.31941522866434)	(105, 35.239103897499)	(110, 34.10196779265422)	(115, 34.74186857293528)	(120, 33.31774138419321)	(125, 34.4204533247395)	(130, 35.89223918202326)	(135, 36.06670768269221)	(140, 35.41714274553462)	(145, 33.58734557954667)	(150, 33.61530679010538)	(155, 35.04980517387865)	(160, 29.781812322385957)	(165, 29.068276057383372)	(170, 32.68548716296057)	(175, 32.554962450805185)	(180, 32.27524096915009)	(185, 32.280182423656484)	(190, 32.26551236023579)	(195, 30.53422463548737)	(200, 29.8459017354024)	(205, 29.873996184196802)	(210, 27.830677279164018)	(215, 29.024591044484595)	(220, 26.71554861077201)	(225, 27.8089614625857)	(230, 26.90801837430221)	(235, 25.447765450425813)	(240, 23.976941182907247)	(245, 27.0238291395187)	(250, 22.0600666400916)
SRR8438157	(1, 30.26923076923077)	(2, 28.487179487179485)	(3, 30.71794871794872)	(4, 30.512820512820515)	(5, 29.55128205128205)	(6, 30.32051282051282)	(7, 30.653846153846153)	(8, 30.115384615384617)	(9, 30.76923076923077)	(10, 30.51794871794872)	(15, 32.569230769230764)	(20, 31.938461538461542)	(25, 28.22564102564103)	(30, 27.666666666666668)	(35, 27.271794871794874)	(40, 30.228205128205126)	(45, 29.643589743589747)	(50, 30.753846153846155)	(55, 30.987179487179493)	(60, 30.42820512820513)	(65, 28.328205128205127)	(70, 28.10769230769231)	(75, 28.56410256410257)	(80, 28.03076923076923)	(85, 28.44358974358974)	(90, 26.233333333333338)	(95, 26.1025641025641)	(100, 22.874358974358973)	(105, 22.307692307692307)	(110, 22.328205128205127)	(115, 22.835897435897436)	(120, 22.52307692307692)	(125, 22.33076923076923)	(130, 21.866666666666667)	(135, 22.02307692307692)	(140, 21.84871794871795)	(145, 21.446153846153845)	(150, 20.810256410256407)	(155, 20.323076923076925)	(160, 20.612820512820512)	(165, 19.733333333333334)	(170, 19.817948717948717)	(175, 20.120512820512822)	(180, 18.87179487179487)	(185, 18.7)	(190, 18.915384615384617)	(195, 18.707692307692305)	(200, 18.107692307692307)	(205, 17.425641025641024)	(210, 17.748717948717946)	(215, 16.3025641025641)	(220, 16.046153846153846)	(225, 15.7)	(230, 15.966666666666669)	(235, 15.582051282051282)	(240, 15.369230769230768)	(245, 15.279054279054282)	(250, 15.430315664085764)
SRR8438157_1	(1, 32.218211391819494)	(2, 31.852491307656724)	(3, 31.68566546789429)	(4, 31.832853326966408)	(5, 31.712040947278886)	(6, 30.07577634190381)	(7, 31.194977093996688)	(8, 33.16377419306702)	(9, 33.70868338979004)	(10, 32.1903481414054)	(15, 35.28493277423783)	(20, 35.10532284780565)	(25, 29.264296479787504)	(30, 29.03479324907108)	(35, 30.1970408726665)	(40, 31.791379284616415)	(45, 31.58983033142823)	(50, 32.386889111068)	(55, 32.354971423455154)	(60, 31.78973930431409)	(65, 30.32093772850044)	(70, 29.461758166325932)	(75, 30.821736081058894)	(80, 29.451824272902275)	(85, 30.303424708638623)	(90, 28.350091773238027)	(95, 28.80007908913196)	(100, 23.03341590437676)	(105, 22.551678032620536)	(110, 22.68470296808082)	(115, 22.678880217271278)	(120, 21.957933535284198)	(125, 22.13945801560891)	(130, 21.424125169743185)	(135, 21.364168146479038)	(140, 21.282185546088073)	(145, 21.695703818662047)	(150, 20.724663871189172)	(155, 20.647280378434036)	(160, 20.28099174786982)	(165, 20.390959962992255)	(170, 20.19038544759972)	(175, 20.576065837971736)	(180, 19.77135331950517)	(185, 19.989406533060748)	(190, 19.893226687359167)	(195, 19.5018503872383)	(200, 19.685165564890394)	(205, 19.889455777237252)	(210, 19.822289704982616)	(215, 19.73337710593467)	(220, 19.50986375777834)	(225, 19.10785220778058)	(230, 18.890372017369764)	(235, 18.899256860609135)	(240, 19.112458012596438)	(245, 19.08002748754643)	(250, 17.432382727909417)
SRR8438157_2	(1, 27.00249205378061)	(2, 27.435907958157372)	(3, 27.067598824108757)	(4, 26.583827018638175)	(5, 26.13756286093743)	(6, 27.582028860071926)	(7, 28.876650799098684)	(8, 25.70951904854282)	(9, 25.51931714741916)	(10, 27.182934654470024)	(15, 26.486310118932153)	(20, 25.949981346902838)	(25, 26.745291212152864)	(30, 24.867724172921672)	(35, 24.73311447032665)	(40, 27.01234835032009)	(45, 25.863387700893856)	(50, 26.084398549535166)	(55, 26.557597779535314)	(60, 26.590937579275664)	(65, 24.33307119514124)	(70, 24.425918851566117)	(75, 23.833135361795474)	(80, 25.28030531389432)	(85, 24.17375882291496)	(90, 21.434912628892903)	(95, 21.77508393893722)	(100, 21.214935907958157)	(105, 21.814506140599583)	(110, 21.670508707265753)	(115, 21.686365332099744)	(120, 21.2197484070255)	(125, 21.097881008162595)	(130, 21.118666527390207)	(135, 20.846080611224686)	(140, 20.885071553280707)	(145, 20.446302956142837)	(150, 20.260677778938415)	(155, 20.526405324340054)	(160, 19.61228866040917)	(165, 19.331020846701385)	(170, 19.63853132974199)	(175, 19.39282676495605)	(180, 19.713094474206493)	(185, 19.51802635309567)	(190, 19.415099615381735)	(195, 18.99981746818663)	(200, 18.714459641923206)	(205, 18.577722573284554)	(210, 18.077162193420335)	(215, 18.252956670322867)	(220, 17.841961679006715)	(225, 18.218235000037307)	(230, 17.703025107761544)	(235, 17.381278075424955)	(240, 17.21997013789702)	(245, 17.59281845257722)	(250, 16.519900341918703)
SRR8438158	(1, 30.892857142857142)	(2, 31.035714285714285)	(3, 31.642857142857142)	(4, 31.928571428571427)	(5, 31.214285714285715)	(6, 33.285714285714285)	(7, 31.821428571428573)	(8, 33.57142857142857)	(9, 33.392857142857146)	(10, 32.857142857142854)	(15, 33.542857142857144)	(20, 34.214285714285715)	(25, 33.114285714285714)	(30, 32.16428571428571)	(35, 34.69285714285714)	(40, 34.864285714285714)	(45, 35.98571428571428)	(50, 35.978571428571435)	(55, 36.48571428571428)	(60, 35.75714285714285)	(65, 36.98571428571428)	(70, 35.57142857142858)	(75, 35.44285714285714)	(80, 36.57142857142857)	(85, 34.47857142857143)	(90, 36.085714285714275)	(95, 35.73571428571429)	(100, 36.30714285714286)	(105, 36.278571428571425)	(110, 34.22857142857143)	(115, 35.48571428571429)	(120, 35.90714285714286)	(125, 36.7)	(130, 36.857142857142854)	(135, 36.94285714285714)	(140, 35.4)	(145, 36.371428571428574)	(150, 35.99285714285715)	(155, 35.50714285714285)	(160, 35.05714285714286)	(165, 33.06428571428572)	(170, 33.00714285714285)	(175, 32.75)	(180, 30.885714285714283)	(185, 30.95)	(190, 28.407142857142855)	(195, 28.357142857142854)	(200, 27.764285714285716)	(205, 25.47142857142857)	(210, 26.071428571428573)	(215, 25.314285714285717)	(220, 24.52857142857143)	(225, 22.650000000000002)	(230, 23.32857142857143)	(235, 21.985714285714284)	(240, 20.785714285714285)	(245, 19.45)	(250, 15.953333333333333)
SRR8438158_1	(1, 32.049130330692925)	(2, 31.854295260796704)	(3, 31.599348398580215)	(4, 31.760083688105674)	(5, 31.596704520614963)	(6, 29.724630741847175)	(7, 31.151887666413383)	(8, 31.07022930957313)	(9, 31.55120691988217)	(10, 31.97209771939503)	(15, 35.51061402504398)	(20, 35.67761343173278)	(25, 34.44959248888843)	(30, 34.67481341924202)	(35, 34.988581361701236)	(40, 36.349468622164856)	(45, 35.13872448501629)	(50, 35.53869950349221)	(55, 35.77301995399235)	(60, 37.01787011689271)	(65, 35.86067387661209)	(70, 36.86215611370757)	(75, 36.790132297987945)	(80, 35.73477324062412)	(85, 35.20881847800065)	(90, 36.641625464500216)	(95, 35.60811483173902)	(100, 37.053679049869366)	(105, 35.70326945696412)	(110, 36.71914729731136)	(115, 36.00708018028333)	(120, 36.34698504231246)	(125, 35.72811358266282)	(130, 35.97142530003852)	(135, 33.09110970011763)	(140, 34.470014884824764)	(145, 34.83177025325019)	(150, 33.953078452394585)	(155, 33.75930093368446)	(160, 33.41144986520386)	(165, 34.32223459732906)	(170, 34.02438821288422)	(175, 34.580023107909774)	(180, 32.66672356902707)	(185, 33.52484724838921)	(190, 33.332406241217434)	(195, 32.055704635113614)	(200, 32.136713472327756)	(205, 33.442449854794894)	(210, 32.57223928136482)	(215, 33.79039252219713)	(220, 32.57930697088612)	(225, 32.12849871449241)	(230, 31.346645709943687)	(235, 30.61377736177924)	(240, 31.9596293507275)	(245, 30.94234988407731)	(250, 25.99284068799153)
SRR8438158_2	(1, 31.18634135170863)	(2, 30.48894047110991)	(3, 31.077401088778092)	(4, 31.20588939430213)	(5, 28.62690093784805)	(6, 34.87709090152075)	(7, 34.698212780131364)	(8, 33.25125167844615)	(9, 33.48361107930593)	(10, 32.968094430161024)	(15, 32.792844875144425)	(20, 32.35091755056156)	(25, 31.29262940949922)	(30, 28.03717667142009)	(35, 32.926906142332236)	(40, 35.03570692508665)	(45, 36.019889456755934)	(50, 31.797391512527202)	(55, 33.90673980701773)	(60, 35.112966451894955)	(65, 32.17904258308959)	(70, 33.224610964807276)	(75, 33.57897388389837)	(80, 34.2628431056198)	(85, 34.17809536696818)	(90, 32.05090193710902)	(95, 31.42078670982919)	(100, 31.27390367540673)	(105, 33.88195397154188)	(110, 32.295835371756304)	(115, 33.06816625204276)	(120, 31.680196937681508)	(125, 32.766495612619835)	(130, 34.56649353082615)	(135, 34.73442974466801)	(140, 33.65696828387339)	(145, 30.61731219618823)	(150, 31.66465426611569)	(155, 33.15943833206691)	(160, 27.764923858396394)	(165, 27.679892995805186)	(170, 30.945656857948812)	(175, 30.897796421396674)	(180, 30.16340414901479)	(185, 29.55222491698848)	(190, 30.30015971634878)	(195, 28.44862759246156)	(200, 26.94839049918618)	(205, 27.604844184130535)	(210, 26.1897980414985)	(215, 27.193352304957365)	(220, 25.104716033010778)	(225, 26.027437457762392)	(230, 24.84690125167367)	(235, 23.376494775799383)	(240, 22.452876167687258)	(245, 25.35554409788724)	(250, 21.165123473860845)
