Sample	0	1	2	3	4	5	6	7	8	9	10	11	12	13	14	15	16	17	18	19	20	21	22	23	24	25	26	27	28	29	30	31	32	33	34	35	36	37	38	39	40	41	42	43	44	45	46	47	48	49	50	51	52	53	54	55	56	57	58	59	60	61	62	63	64	65	66	67	68	69	70	71	72	73	74	75	76	77	78	79	80	81	82	83	84	85	86	87	88	89	90	91	92	93	94	95	96	97	98	99	100
SRR8438042	(0.0, 0.0)	(1.0, 0.0)	(2.0, 0.0)	(3.0, 0.0)	(4.0, 0.0)	(5.0, 0.0)	(6.0, 0.0)	(7.0, 0.0)	(8.0, 0.0)	(9.0, 0.0)	(10.0, 0.0)	(11.0, 0.0)	(12.0, 0.0)	(13.0, 0.0)	(14.0, 0.0)	(15.0, 0.0)	(16.0, 0.0)	(17.0, 0.0)	(18.0, 0.0)	(19.0, 0.0)	(20.0, 0.0)	(21.0, 0.0)	(22.0, 0.0)	(23.0, 0.0)	(24.0, 0.0)	(25.0, 0.0)	(26.0, 0.0)	(27.0, 0.0)	(28.0, 0.0)	(29.0, 0.0)	(30.0, 0.0)	(31.0, 0.0)	(32.0, 0.0)	(33.0, 0.0)	(34.0, 0.0)	(35.0, 0.0)	(36.0, 0.0)	(37.0, 0.0)	(38.0, 0.0)	(39.0, 0.0)	(40.0, 0.0)	(41.0, 0.0)	(42.0, 0.6666666666666666)	(43.0, 0.6666666666666666)	(44.0, 0.6666666666666666)	(45.0, 0.3333333333333333)	(46.0, 1.3333333333333333)	(47.0, 1.9999999999999998)	(48.0, 2.333333333333333)	(49.0, 1.6666666666666665)	(50.0, 0.6666666666666666)	(51.0, 0.6666666666666666)	(52.0, 0.3333333333333333)	(53.0, 0.0)	(54.0, 0.0)	(55.0, 0.0)	(56.0, 0.0)	(57.0, 0.0)	(58.0, 0.0)	(59.0, 0.0)	(60.0, 0.0)	(61.0, 0.0)	(62.0, 0.0)	(63.0, 0.0)	(64.0, 0.0)	(65.0, 0.0)	(66.0, 0.0)	(67.0, 0.0)	(68.0, 0.0)	(69.0, 0.0)	(70.0, 0.0)	(71.0, 0.0)	(72.0, 0.0)	(73.0, 0.0)	(74.0, 0.0)	(75.0, 0.0)	(76.0, 0.0)	(77.0, 0.0)	(78.0, 0.0)	(79.0, 0.0)	(80.0, 0.0)	(81.0, 0.0)	(82.0, 0.0)	(83.0, 0.0)	(84.0, 0.0)	(85.0, 0.0)	(86.0, 0.0)	(87.0, 0.0)	(88.0, 0.0)	(89.0, 0.0)	(90.0, 0.0)	(91.0, 0.0)	(92.0, 0.0)	(93.0, 0.0)	(94.0, 0.0)	(95.0, 0.0)	(96.0, 0.0)	(97.0, 0.0)	(98.0, 0.0)	(99.0, 0.0)	(100.0, 0.0)
SRR8438042_1	(0.0, 0.0)	(1.0, 0.0)	(2.0, 0.0)	(3.0, 0.0)	(4.0, 0.0)	(5.0, 0.0)	(6.0, 0.0)	(7.0, 0.0)	(8.0, 0.0)	(9.0, 0.0)	(10.0, 0.0)	(11.0, 0.0)	(12.0, 0.0)	(13.0, 0.0)	(14.0, 0.0)	(15.0, 0.0)	(16.0, 0.0)	(17.0, 0.0)	(18.0, 0.0)	(19.0, 0.0)	(20.0, 0.0)	(21.0, 0.0)	(22.0, 0.0)	(23.0, 0.0)	(24.0, 0.0)	(25.0, 0.6666666666666666)	(26.0, 3.666666666666667)	(27.0, 35.66666666666664)	(28.0, 14.333333333333341)	(29.0, 1.9999999999999998)	(30.0, 1.3333333333333333)	(31.0, 1.0)	(32.0, 1.6666666666666665)	(33.0, 8.999999999999998)	(34.0, 83.66666666666656)	(35.0, 70.66666666666674)	(36.0, 37.99999999999999)	(37.0, 46.66666666666672)	(38.0, 77.33333333333331)	(39.0, 128.9999999999993)	(40.0, 229.33333333333547)	(41.0, 304.00000000000017)	(42.0, 307.99999999999994)	(43.0, 404.6666666666611)	(44.0, 424.33333333332666)	(45.0, 952.666666666705)	(46.0, 1077.3333333333676)	(47.0, 675.6666666666736)	(48.0, 615.3333333333334)	(49.0, 763.3333333333502)	(50.0, 856.3333333333608)	(51.0, 1971.9999999998308)	(52.0, 6745.333333331669)	(53.0, 4878.333333333367)	(54.0, 2183.3333333332084)	(55.0, 2980.0000000002374)	(56.0, 4277.00000000058)	(57.0, 1774.333333333209)	(58.0, 384.66666666666225)	(59.0, 136.66666666666617)	(60.0, 57.6666666666668)	(61.0, 33.33333333333329)	(62.0, 18.333333333333336)	(63.0, 8.33333333333333)	(64.0, 3.3333333333333335)	(65.0, 1.9999999999999998)	(66.0, 3.0)	(67.0, 0.6666666666666666)	(68.0, 0.6666666666666666)	(69.0, 0.3333333333333333)	(70.0, 0.0)	(71.0, 0.0)	(72.0, 0.0)	(73.0, 0.0)	(74.0, 0.0)	(75.0, 0.0)	(76.0, 0.0)	(77.0, 0.0)	(78.0, 0.0)	(79.0, 0.0)	(80.0, 0.0)	(81.0, 0.0)	(82.0, 0.0)	(83.0, 0.0)	(84.0, 0.0)	(85.0, 0.0)	(86.0, 0.0)	(87.0, 0.0)	(88.0, 0.0)	(89.0, 0.0)	(90.0, 0.0)	(91.0, 0.0)	(92.0, 0.3333333333333333)	(93.0, 0.0)	(94.0, 0.0)	(95.0, 0.0)	(96.0, 0.0)	(97.0, 0.0)	(98.0, 0.0)	(99.0, 0.0)	(100.0, 0.0)
SRR8438042_2	(0.0, 0.0)	(1.0, 0.0)	(2.0, 0.0)	(3.0, 0.0)	(4.0, 0.0)	(5.0, 0.0)	(6.0, 0.0)	(7.0, 0.0)	(8.0, 0.0)	(9.0, 0.0)	(10.0, 0.0)	(11.0, 0.0)	(12.0, 0.0)	(13.0, 0.0)	(14.0, 0.0)	(15.0, 0.0)	(16.0, 0.0)	(17.0, 0.0)	(18.0, 0.3333333333333333)	(19.0, 0.3333333333333333)	(20.0, 0.0)	(21.0, 0.0)	(22.0, 0.0)	(23.0, 0.3333333333333333)	(24.0, 19.0)	(25.0, 31.33333333333329)	(26.0, 8.999999999999998)	(27.0, 3.3333333333333335)	(28.0, 1.3333333333333333)	(29.0, 0.6666666666666666)	(30.0, 0.3333333333333333)	(31.0, 0.6666666666666666)	(32.0, 1.0)	(33.0, 3.0)	(34.0, 13.33333333333334)	(35.0, 57.6666666666668)	(36.0, 48.666666666666735)	(37.0, 42.33333333333336)	(38.0, 21.99999999999999)	(39.0, 20.33333333333333)	(40.0, 40.33333333333334)	(41.0, 65.66666666666681)	(42.0, 114.99999999999945)	(43.0, 460.99999999999125)	(44.0, 687.6666666666749)	(45.0, 451.33333333332513)	(46.0, 547.3333333333256)	(47.0, 729.1666666666797)	(48.0, 621.5000000000008)	(49.0, 789.8333333333532)	(50.0, 1109.1666666666938)	(51.0, 1609.6666666665799)	(52.0, 5158.999999999778)	(53.0, 4714.666666666849)	(54.0, 2695.000000000108)	(55.0, 3403.6666666670967)	(56.0, 4304.666666667222)	(57.0, 2113.3333333331766)	(58.0, 1080.333333333367)	(59.0, 587.9999999999969)	(60.0, 376.6666666666627)	(61.0, 207.0000000000015)	(62.0, 122.33333333333267)	(63.0, 78.3333333333333)	(64.0, 49.66666666666674)	(65.0, 32.333333333333286)	(66.0, 27.333333333333304)	(67.0, 22.33333333333332)	(68.0, 13.000000000000005)	(69.0, 9.333333333333332)	(70.0, 9.666666666666666)	(71.0, 7.33333333333333)	(72.0, 2.333333333333333)	(73.0, 1.9999999999999998)	(74.0, 1.9999999999999998)	(75.0, 0.6666666666666666)	(76.0, 0.0)	(77.0, 0.3333333333333333)	(78.0, 0.6666666666666666)	(79.0, 0.3333333333333333)	(80.0, 0.6666666666666666)	(81.0, 0.3333333333333333)	(82.0, 0.6666666666666666)	(83.0, 0.3333333333333333)	(84.0, 0.0)	(85.0, 0.0)	(86.0, 0.6666666666666666)	(87.0, 1.0)	(88.0, 0.0)	(89.0, 0.6666666666666666)	(90.0, 0.3333333333333333)	(91.0, 0.0)	(92.0, 0.3333333333333333)	(93.0, 0.0)	(94.0, 0.0)	(95.0, 0.0)	(96.0, 0.0)	(97.0, 0.3333333333333333)	(98.0, 0.3333333333333333)	(99.0, 0.3333333333333333)	(100.0, 0.0)
SRR8438043	(0.0, 0.0)	(1.0, 0.0)	(2.0, 0.0)	(3.0, 0.0)	(4.0, 0.0)	(5.0, 0.0)	(6.0, 0.0)	(7.0, 0.0)	(8.0, 0.0)	(9.0, 0.0)	(10.0, 0.0)	(11.0, 0.0)	(12.0, 0.0)	(13.0, 0.0)	(14.0, 0.0)	(15.0, 0.0)	(16.0, 0.0)	(17.0, 0.0)	(18.0, 0.0)	(19.0, 0.0)	(20.0, 0.0)	(21.0, 0.0)	(22.0, 0.0)	(23.0, 0.0)	(24.0, 0.0)	(25.0, 0.0)	(26.0, 0.0)	(27.0, 0.0)	(28.0, 0.0)	(29.0, 0.0)	(30.0, 0.0)	(31.0, 0.0)	(32.0, 0.0)	(33.0, 0.0)	(34.0, 0.0)	(35.0, 0.0)	(36.0, 0.0)	(37.0, 0.0)	(38.0, 0.0)	(39.0, 0.0)	(40.0, 0.0)	(41.0, 0.0)	(42.0, 0.0)	(43.0, 0.0)	(44.0, 0.0)	(45.0, 0.0)	(46.0, 0.3333333333333333)	(47.0, 0.0)	(48.0, 0.0)	(49.0, 0.0)	(50.0, 0.0)	(51.0, 0.0)	(52.0, 0.0)	(53.0, 0.0)	(54.0, 0.0)	(55.0, 0.0)	(56.0, 0.0)	(57.0, 0.0)	(58.0, 0.0)	(59.0, 0.0)	(60.0, 0.0)	(61.0, 0.0)	(62.0, 0.0)	(63.0, 0.0)	(64.0, 0.0)	(65.0, 0.0)	(66.0, 0.0)	(67.0, 0.0)	(68.0, 0.0)	(69.0, 0.0)	(70.0, 0.0)	(71.0, 0.0)	(72.0, 0.0)	(73.0, 0.0)	(74.0, 0.0)	(75.0, 0.0)	(76.0, 0.0)	(77.0, 0.0)	(78.0, 0.0)	(79.0, 0.0)	(80.0, 0.0)	(81.0, 0.0)	(82.0, 0.0)	(83.0, 0.0)	(84.0, 0.0)	(85.0, 0.0)	(86.0, 0.0)	(87.0, 0.0)	(88.0, 0.0)	(89.0, 0.0)	(90.0, 0.0)	(91.0, 0.0)	(92.0, 0.0)	(93.0, 0.0)	(94.0, 0.0)	(95.0, 0.0)	(96.0, 0.0)	(97.0, 0.0)	(98.0, 0.0)	(99.0, 0.0)	(100.0, 0.0)
SRR8438043_1	(0.0, 0.0)	(1.0, 0.0)	(2.0, 0.0)	(3.0, 0.0)	(4.0, 0.0)	(5.0, 0.0)	(6.0, 0.0)	(7.0, 0.0)	(8.0, 0.0)	(9.0, 0.0)	(10.0, 0.0)	(11.0, 0.0)	(12.0, 0.0)	(13.0, 0.0)	(14.0, 0.0)	(15.0, 0.0)	(16.0, 0.0)	(17.0, 0.0)	(18.0, 0.0)	(19.0, 0.0)	(20.0, 0.0)	(21.0, 0.0)	(22.0, 0.0)	(23.0, 0.0)	(24.0, 0.0)	(25.0, 0.0)	(26.0, 0.0)	(27.0, 0.0)	(28.0, 0.0)	(29.0, 0.0)	(30.0, 0.0)	(31.0, 0.0)	(32.0, 0.0)	(33.0, 0.0)	(34.0, 0.0)	(35.0, 0.6666666666666666)	(36.0, 0.6666666666666666)	(37.0, 0.0)	(38.0, 0.0)	(39.0, 0.6666666666666666)	(40.0, 1.6666666666666665)	(41.0, 1.3333333333333333)	(42.0, 4.0)	(43.0, 3.0)	(44.0, 1.0)	(45.0, 3.3333333333333335)	(46.0, 5.666666666666665)	(47.0, 43.00000000000003)	(48.0, 47.66666666666673)	(49.0, 11.000000000000002)	(50.0, 15.666666666666677)	(51.0, 192.66666666666777)	(52.0, 189.33333333333434)	(53.0, 99.66666666666633)	(54.0, 1032.3333333333778)	(55.0, 787.3333333333529)	(56.0, 68.33333333333344)	(57.0, 15.333333333333343)	(58.0, 4.333333333333333)	(59.0, 1.6666666666666665)	(60.0, 0.3333333333333333)	(61.0, 0.0)	(62.0, 0.0)	(63.0, 0.0)	(64.0, 0.0)	(65.0, 0.0)	(66.0, 0.0)	(67.0, 0.0)	(68.0, 0.0)	(69.0, 0.0)	(70.0, 0.0)	(71.0, 0.0)	(72.0, 0.0)	(73.0, 0.0)	(74.0, 0.0)	(75.0, 0.0)	(76.0, 0.0)	(77.0, 0.0)	(78.0, 0.0)	(79.0, 0.0)	(80.0, 0.0)	(81.0, 0.0)	(82.0, 0.0)	(83.0, 0.0)	(84.0, 0.0)	(85.0, 0.0)	(86.0, 0.0)	(87.0, 0.0)	(88.0, 0.0)	(89.0, 0.0)	(90.0, 0.0)	(91.0, 0.0)	(92.0, 0.0)	(93.0, 0.0)	(94.0, 0.0)	(95.0, 0.0)	(96.0, 0.0)	(97.0, 0.0)	(98.0, 0.0)	(99.0, 0.0)	(100.0, 0.0)
SRR8438043_2	(0.0, 0.0)	(1.0, 0.0)	(2.0, 0.0)	(3.0, 0.0)	(4.0, 0.0)	(5.0, 0.0)	(6.0, 0.0)	(7.0, 0.0)	(8.0, 0.0)	(9.0, 0.0)	(10.0, 0.0)	(11.0, 0.0)	(12.0, 0.0)	(13.0, 0.0)	(14.0, 0.0)	(15.0, 0.0)	(16.0, 0.0)	(17.0, 0.0)	(18.0, 0.0)	(19.0, 0.0)	(20.0, 0.0)	(21.0, 0.0)	(22.0, 0.0)	(23.0, 0.0)	(24.0, 0.0)	(25.0, 0.0)	(26.0, 0.0)	(27.0, 0.0)	(28.0, 0.0)	(29.0, 0.0)	(30.0, 0.0)	(31.0, 0.0)	(32.0, 0.0)	(33.0, 0.0)	(34.0, 0.0)	(35.0, 0.0)	(36.0, 0.3333333333333333)	(37.0, 0.6666666666666666)	(38.0, 0.0)	(39.0, 0.3333333333333333)	(40.0, 0.6666666666666666)	(41.0, 1.6666666666666665)	(42.0, 2.333333333333333)	(43.0, 1.9999999999999998)	(44.0, 3.666666666666667)	(45.0, 29.333333333333297)	(46.0, 47.00000000000006)	(47.0, 17.000000000000007)	(48.0, 9.333333333333332)	(49.0, 5.333333333333332)	(50.0, 4.666666666666666)	(51.0, 16.666666666666675)	(52.0, 167.3333333333337)	(53.0, 178.66666666666737)	(54.0, 290.00000000000097)	(55.0, 939.6666666667036)	(56.0, 428.66666666665975)	(57.0, 130.666666666666)	(58.0, 49.00000000000007)	(59.0, 16.666666666666675)	(60.0, 10.0)	(61.0, 4.999999999999999)	(62.0, 2.6666666666666665)	(63.0, 1.9999999999999998)	(64.0, 1.0)	(65.0, 0.3333333333333333)	(66.0, 1.0)	(67.0, 0.6666666666666666)	(68.0, 0.0)	(69.0, 0.3333333333333333)	(70.0, 0.0)	(71.0, 0.0)	(72.0, 0.0)	(73.0, 0.0)	(74.0, 0.0)	(75.0, 0.0)	(76.0, 0.0)	(77.0, 0.0)	(78.0, 0.0)	(79.0, 0.0)	(80.0, 0.0)	(81.0, 0.0)	(82.0, 0.0)	(83.0, 0.0)	(84.0, 0.0)	(85.0, 0.0)	(86.0, 0.0)	(87.0, 0.0)	(88.0, 0.0)	(89.0, 0.0)	(90.0, 0.0)	(91.0, 0.0)	(92.0, 0.0)	(93.0, 0.0)	(94.0, 0.0)	(95.0, 0.0)	(96.0, 0.0)	(97.0, 0.0)	(98.0, 0.0)	(99.0, 0.0)	(100.0, 0.0)
SRR8438044	(0.0, 0.0)	(1.0, 0.0)	(2.0, 0.0)	(3.0, 0.0)	(4.0, 0.0)	(5.0, 0.0)	(6.0, 0.0)	(7.0, 0.0)	(8.0, 0.0)	(9.0, 0.0)	(10.0, 0.0)	(11.0, 0.0)	(12.0, 0.0)	(13.0, 0.0)	(14.0, 0.0)	(15.0, 0.0)	(16.0, 0.0)	(17.0, 0.0)	(18.0, 0.0)	(19.0, 0.0)	(20.0, 0.0)	(21.0, 0.0)	(22.0, 0.0)	(23.0, 0.0)	(24.0, 0.0)	(25.0, 0.0)	(26.0, 0.0)	(27.0, 0.0)	(28.0, 0.0)	(29.0, 0.0)	(30.0, 0.0)	(31.0, 0.0)	(32.0, 0.0)	(33.0, 0.0)	(34.0, 0.0)	(35.0, 0.0)	(36.0, 0.0)	(37.0, 0.0)	(38.0, 0.0)	(39.0, 0.3333333333333333)	(40.0, 0.6666666666666666)	(41.0, 0.6666666666666666)	(42.0, 0.0)	(43.0, 0.6666666666666666)	(44.0, 2.333333333333333)	(45.0, 1.6666666666666665)	(46.0, 1.3333333333333333)	(47.0, 1.0)	(48.0, 1.0)	(49.0, 1.6666666666666665)	(50.0, 0.6666666666666666)	(51.0, 0.0)	(52.0, 1.0)	(53.0, 1.0)	(54.0, 0.0)	(55.0, 0.0)	(56.0, 0.0)	(57.0, 0.0)	(58.0, 0.0)	(59.0, 0.0)	(60.0, 0.0)	(61.0, 0.0)	(62.0, 0.0)	(63.0, 0.0)	(64.0, 0.0)	(65.0, 0.0)	(66.0, 0.0)	(67.0, 0.0)	(68.0, 0.0)	(69.0, 0.0)	(70.0, 0.0)	(71.0, 0.0)	(72.0, 0.0)	(73.0, 0.0)	(74.0, 0.0)	(75.0, 0.0)	(76.0, 0.0)	(77.0, 0.0)	(78.0, 0.0)	(79.0, 0.0)	(80.0, 0.0)	(81.0, 0.0)	(82.0, 0.0)	(83.0, 0.0)	(84.0, 0.0)	(85.0, 0.0)	(86.0, 0.0)	(87.0, 0.0)	(88.0, 0.0)	(89.0, 0.0)	(90.0, 0.0)	(91.0, 0.0)	(92.0, 0.0)	(93.0, 0.0)	(94.0, 0.0)	(95.0, 0.0)	(96.0, 0.0)	(97.0, 0.0)	(98.0, 0.0)	(99.0, 0.0)	(100.0, 0.0)
SRR8438044_1	(0.0, 0.0)	(1.0, 0.0)	(2.0, 0.0)	(3.0, 0.0)	(4.0, 0.0)	(5.0, 0.0)	(6.0, 0.0)	(7.0, 0.0)	(8.0, 0.0)	(9.0, 0.0)	(10.0, 0.0)	(11.0, 0.0)	(12.0, 0.0)	(13.0, 0.0)	(14.0, 0.0)	(15.0, 0.0)	(16.0, 0.0)	(17.0, 0.0)	(18.0, 0.0)	(19.0, 0.0)	(20.0, 0.0)	(21.0, 0.0)	(22.0, 0.0)	(23.0, 0.0)	(24.0, 0.0)	(25.0, 0.0)	(26.0, 0.0)	(27.0, 0.0)	(28.0, 0.0)	(29.0, 0.0)	(30.0, 0.0)	(31.0, 0.0)	(32.0, 0.0)	(33.0, 0.3333333333333333)	(34.0, 1.3333333333333333)	(35.0, 3.0)	(36.0, 5.666666666666665)	(37.0, 20.33333333333333)	(38.0, 15.333333333333343)	(39.0, 34.99999999999997)	(40.0, 85.66666666666653)	(41.0, 241.33333333333582)	(42.0, 317.33333333333275)	(43.0, 396.33333333332826)	(44.0, 497.99999999998914)	(45.0, 570.3333333333283)	(46.0, 585.9999999999967)	(47.0, 609.6666666666661)	(48.0, 912.0000000000338)	(49.0, 693.3333333333422)	(50.0, 1388.3333333332969)	(51.0, 16397.00000001187)	(52.0, 23001.333333321178)	(53.0, 7642.999999997519)	(54.0, 2002.6666666664905)	(55.0, 921.0000000000348)	(56.0, 590.9999999999973)	(57.0, 292.6666666666675)	(58.0, 108.99999999999953)	(59.0, 93.33333333333309)	(60.0, 58.666666666666806)	(61.0, 8.666666666666664)	(62.0, 3.666666666666667)	(63.0, 4.0)	(64.0, 1.3333333333333333)	(65.0, 0.6666666666666666)	(66.0, 0.0)	(67.0, 0.0)	(68.0, 0.0)	(69.0, 0.0)	(70.0, 0.0)	(71.0, 0.0)	(72.0, 0.0)	(73.0, 0.0)	(74.0, 0.0)	(75.0, 0.0)	(76.0, 0.0)	(77.0, 0.0)	(78.0, 0.0)	(79.0, 0.0)	(80.0, 0.0)	(81.0, 0.0)	(82.0, 0.0)	(83.0, 0.0)	(84.0, 0.0)	(85.0, 0.0)	(86.0, 0.0)	(87.0, 0.0)	(88.0, 0.0)	(89.0, 0.0)	(90.0, 0.0)	(91.0, 0.0)	(92.0, 0.0)	(93.0, 0.0)	(94.0, 0.0)	(95.0, 0.0)	(96.0, 0.0)	(97.0, 0.0)	(98.0, 0.0)	(99.0, 0.0)	(100.0, 0.0)
SRR8438044_2	(0.0, 0.0)	(1.0, 0.0)	(2.0, 0.0)	(3.0, 0.0)	(4.0, 0.0)	(5.0, 0.0)	(6.0, 0.0)	(7.0, 0.0)	(8.0, 0.0)	(9.0, 0.0)	(10.0, 0.0)	(11.0, 0.0)	(12.0, 0.0)	(13.0, 0.0)	(14.0, 0.0)	(15.0, 0.0)	(16.0, 0.0)	(17.0, 0.0)	(18.0, 0.0)	(19.0, 0.0)	(20.0, 0.0)	(21.0, 0.0)	(22.0, 0.0)	(23.0, 0.0)	(24.0, 0.0)	(25.0, 0.0)	(26.0, 0.0)	(27.0, 0.0)	(28.0, 0.0)	(29.0, 0.0)	(30.0, 0.0)	(31.0, 0.0)	(32.0, 0.0)	(33.0, 0.0)	(34.0, 0.0)	(35.0, 0.3333333333333333)	(36.0, 0.6666666666666666)	(37.0, 1.3333333333333333)	(38.0, 1.3333333333333333)	(39.0, 16.00000000000001)	(40.0, 25.33333333333331)	(41.0, 61.66666666666683)	(42.0, 131.99999999999937)	(43.0, 215.1666666666684)	(44.0, 258.00000000000273)	(45.0, 217.50000000000182)	(46.0, 309.3333333333332)	(47.0, 434.8333333333261)	(48.0, 932.8333333333695)	(49.0, 1350.3333333333055)	(50.0, 1283.3333333333208)	(51.0, 1792.333333333205)	(52.0, 14110.333333341117)	(53.0, 20699.999999996217)	(54.0, 8938.999999998377)	(55.0, 2728.3333333334563)	(56.0, 1201.3333333333394)	(57.0, 904.6666666666996)	(58.0, 637.0000000000025)	(59.0, 292.6666666666675)	(60.0, 148.33333333333317)	(61.0, 128.9999999999993)	(62.0, 108.6666666666662)	(63.0, 46.66666666666672)	(64.0, 25.33333333333331)	(65.0, 18.333333333333336)	(66.0, 11.000000000000002)	(67.0, 6.666666666666664)	(68.0, 7.666666666666663)	(69.0, 3.0)	(70.0, 1.9999999999999998)	(71.0, 2.333333333333333)	(72.0, 1.3333333333333333)	(73.0, 0.6666666666666666)	(74.0, 0.0)	(75.0, 0.6666666666666666)	(76.0, 0.3333333333333333)	(77.0, 0.0)	(78.0, 0.6666666666666666)	(79.0, 1.0)	(80.0, 0.3333333333333333)	(81.0, 0.3333333333333333)	(82.0, 0.6666666666666666)	(83.0, 0.0)	(84.0, 0.3333333333333333)	(85.0, 0.6666666666666666)	(86.0, 0.6666666666666666)	(87.0, 0.6666666666666666)	(88.0, 0.0)	(89.0, 0.6666666666666666)	(90.0, 0.6666666666666666)	(91.0, 0.6666666666666666)	(92.0, 0.3333333333333333)	(93.0, 0.3333333333333333)	(94.0, 0.0)	(95.0, 0.0)	(96.0, 0.3333333333333333)	(97.0, 0.3333333333333333)	(98.0, 0.6666666666666666)	(99.0, 0.3333333333333333)	(100.0, 0.0)
SRR8438045	(0.0, 0.0)	(1.0, 0.0)	(2.0, 0.0)	(3.0, 0.0)	(4.0, 0.0)	(5.0, 0.0)	(6.0, 0.0)	(7.0, 0.0)	(8.0, 0.0)	(9.0, 0.0)	(10.0, 0.0)	(11.0, 0.0)	(12.0, 0.0)	(13.0, 0.0)	(14.0, 0.0)	(15.0, 0.0)	(16.0, 0.0)	(17.0, 0.0)	(18.0, 0.0)	(19.0, 0.0)	(20.0, 0.0)	(21.0, 0.0)	(22.0, 0.0)	(23.0, 0.0)	(24.0, 0.0)	(25.0, 0.0)	(26.0, 0.0)	(27.0, 0.0)	(28.0, 0.0)	(29.0, 0.0)	(30.0, 0.0)	(31.0, 0.0)	(32.0, 0.0)	(33.0, 0.0)	(34.0, 0.0)	(35.0, 0.0)	(36.0, 0.0)	(37.0, 0.0)	(38.0, 0.0)	(39.0, 0.0)	(40.0, 0.0)	(41.0, 0.0)	(42.0, 0.0)	(43.0, 0.0)	(44.0, 0.0)	(45.0, 0.0)	(46.0, 0.0)	(47.0, 0.0)	(48.0, 0.0)	(49.0, 0.0)	(50.0, 0.3333333333333333)	(51.0, 0.0)	(52.0, 0.0)	(53.0, 0.0)	(54.0, 0.0)	(55.0, 0.0)	(56.0, 0.0)	(57.0, 0.0)	(58.0, 0.0)	(59.0, 0.0)	(60.0, 0.0)	(61.0, 0.0)	(62.0, 0.0)	(63.0, 0.0)	(64.0, 0.0)	(65.0, 0.0)	(66.0, 0.0)	(67.0, 0.0)	(68.0, 0.0)	(69.0, 0.0)	(70.0, 0.0)	(71.0, 0.0)	(72.0, 0.0)	(73.0, 0.0)	(74.0, 0.0)	(75.0, 0.0)	(76.0, 0.0)	(77.0, 0.0)	(78.0, 0.0)	(79.0, 0.0)	(80.0, 0.0)	(81.0, 0.0)	(82.0, 0.0)	(83.0, 0.0)	(84.0, 0.0)	(85.0, 0.0)	(86.0, 0.0)	(87.0, 0.0)	(88.0, 0.0)	(89.0, 0.0)	(90.0, 0.0)	(91.0, 0.0)	(92.0, 0.0)	(93.0, 0.0)	(94.0, 0.0)	(95.0, 0.0)	(96.0, 0.0)	(97.0, 0.0)	(98.0, 0.0)	(99.0, 0.0)	(100.0, 0.0)
SRR8438045_1	(0.0, 0.0)	(1.0, 0.0)	(2.0, 0.0)	(3.0, 0.0)	(4.0, 0.0)	(5.0, 0.0)	(6.0, 0.0)	(7.0, 0.0)	(8.0, 0.0)	(9.0, 0.0)	(10.0, 0.0)	(11.0, 0.0)	(12.0, 0.0)	(13.0, 0.0)	(14.0, 0.0)	(15.0, 0.0)	(16.0, 0.0)	(17.0, 0.0)	(18.0, 0.0)	(19.0, 0.0)	(20.0, 0.0)	(21.0, 0.0)	(22.0, 0.0)	(23.0, 0.0)	(24.0, 0.0)	(25.0, 0.0)	(26.0, 0.0)	(27.0, 0.0)	(28.0, 0.0)	(29.0, 0.0)	(30.0, 0.6666666666666666)	(31.0, 13.000000000000005)	(32.0, 3.0)	(33.0, 0.3333333333333333)	(34.0, 12.333333333333337)	(35.0, 16.00000000000001)	(36.0, 6.333333333333331)	(37.0, 8.666666666666664)	(38.0, 120.99999999999936)	(39.0, 246.6666666666693)	(40.0, 150.33333333333323)	(41.0, 145.99999999999977)	(42.0, 312.33333333333303)	(43.0, 248.33333333333601)	(44.0, 261.66666666666924)	(45.0, 362.6666666666635)	(46.0, 372.66666666666293)	(47.0, 219.66666666666853)	(48.0, 330.99999999999864)	(49.0, 364.9999999999967)	(50.0, 744.6666666666814)	(51.0, 2562.6666666667143)	(52.0, 2837.333333333506)	(53.0, 1120.3333333333578)	(54.0, 721.000000000012)	(55.0, 773.000000000018)	(56.0, 1055.0000000000393)	(57.0, 426.33333333332655)	(58.0, 151.6666666666666)	(59.0, 114.99999999999945)	(60.0, 90.33333333333313)	(61.0, 84.66666666666654)	(62.0, 12.666666666666671)	(63.0, 4.0)	(64.0, 3.666666666666667)	(65.0, 2.333333333333333)	(66.0, 1.3333333333333333)	(67.0, 0.3333333333333333)	(68.0, 0.3333333333333333)	(69.0, 0.3333333333333333)	(70.0, 0.0)	(71.0, 0.0)	(72.0, 0.0)	(73.0, 0.0)	(74.0, 0.0)	(75.0, 0.0)	(76.0, 0.0)	(77.0, 0.0)	(78.0, 0.0)	(79.0, 0.0)	(80.0, 0.0)	(81.0, 0.0)	(82.0, 0.0)	(83.0, 0.0)	(84.0, 0.0)	(85.0, 0.0)	(86.0, 0.0)	(87.0, 0.0)	(88.0, 0.0)	(89.0, 0.0)	(90.0, 0.0)	(91.0, 0.0)	(92.0, 0.0)	(93.0, 0.0)	(94.0, 0.0)	(95.0, 0.0)	(96.0, 0.0)	(97.0, 0.0)	(98.0, 0.0)	(99.0, 0.0)	(100.0, 0.0)
SRR8438045_2	(0.0, 0.0)	(1.0, 0.0)	(2.0, 0.0)	(3.0, 0.0)	(4.0, 0.0)	(5.0, 0.0)	(6.0, 0.0)	(7.0, 0.0)	(8.0, 0.0)	(9.0, 0.0)	(10.0, 0.0)	(11.0, 0.0)	(12.0, 0.0)	(13.0, 0.0)	(14.0, 0.0)	(15.0, 0.0)	(16.0, 0.0)	(17.0, 0.0)	(18.0, 0.0)	(19.0, 0.0)	(20.0, 0.0)	(21.0, 0.0)	(22.0, 0.0)	(23.0, 0.0)	(24.0, 0.0)	(25.0, 0.0)	(26.0, 0.0)	(27.0, 0.0)	(28.0, 0.0)	(29.0, 9.666666666666666)	(30.0, 7.33333333333333)	(31.0, 1.6666666666666665)	(32.0, 0.0)	(33.0, 0.6666666666666666)	(34.0, 2.333333333333333)	(35.0, 8.666666666666664)	(36.0, 6.999999999999997)	(37.0, 4.666666666666666)	(38.0, 10.666666666666668)	(39.0, 132.66666666666606)	(40.0, 180.66666666666742)	(41.0, 81.66666666666659)	(42.0, 218.00000000000182)	(43.0, 348.6666666666643)	(44.0, 362.6666666666635)	(45.0, 211.6666666666683)	(46.0, 198.00000000000125)	(47.0, 187.00000000000094)	(48.0, 207.50000000000153)	(49.0, 402.1666666666613)	(50.0, 538.666666666658)	(51.0, 615.6666666666667)	(52.0, 2197.6666666665483)	(53.0, 2594.000000000062)	(54.0, 1092.6666666666974)	(55.0, 838.0000000000254)	(56.0, 668.000000000006)	(57.0, 828.0000000000242)	(58.0, 665.6666666666724)	(59.0, 373.33333333332956)	(60.0, 230.66666666666885)	(61.0, 158.6666666666668)	(62.0, 92.66666666666643)	(63.0, 81.33333333333326)	(64.0, 71.66666666666673)	(65.0, 47.00000000000006)	(66.0, 23.333333333333318)	(67.0, 11.000000000000002)	(68.0, 8.666666666666664)	(69.0, 8.33333333333333)	(70.0, 7.33333333333333)	(71.0, 2.6666666666666665)	(72.0, 1.0)	(73.0, 1.3333333333333333)	(74.0, 1.9999999999999998)	(75.0, 1.3333333333333333)	(76.0, 1.0)	(77.0, 0.3333333333333333)	(78.0, 0.3333333333333333)	(79.0, 0.0)	(80.0, 0.3333333333333333)	(81.0, 0.0)	(82.0, 0.0)	(83.0, 0.0)	(84.0, 0.0)	(85.0, 0.0)	(86.0, 0.0)	(87.0, 0.0)	(88.0, 0.0)	(89.0, 0.0)	(90.0, 0.0)	(91.0, 0.0)	(92.0, 0.0)	(93.0, 0.0)	(94.0, 0.0)	(95.0, 0.0)	(96.0, 0.0)	(97.0, 0.3333333333333333)	(98.0, 0.0)	(99.0, 0.3333333333333333)	(100.0, 0.5)
SRR8438046	(0.0, 0.0)	(1.0, 0.0)	(2.0, 0.0)	(3.0, 0.0)	(4.0, 0.0)	(5.0, 0.0)	(6.0, 0.0)	(7.0, 0.0)	(8.0, 0.0)	(9.0, 0.0)	(10.0, 0.0)	(11.0, 0.0)	(12.0, 0.0)	(13.0, 0.0)	(14.0, 0.0)	(15.0, 0.0)	(16.0, 0.0)	(17.0, 0.0)	(18.0, 0.0)	(19.0, 0.0)	(20.0, 0.0)	(21.0, 0.0)	(22.0, 0.0)	(23.0, 0.0)	(24.0, 0.0)	(25.0, 0.0)	(26.0, 0.0)	(27.0, 0.0)	(28.0, 0.0)	(29.0, 0.0)	(30.0, 0.0)	(31.0, 0.0)	(32.0, 0.0)	(33.0, 0.0)	(34.0, 0.0)	(35.0, 0.0)	(36.0, 0.0)	(37.0, 0.0)	(38.0, 0.0)	(39.0, 0.0)	(40.0, 0.0)	(41.0, 0.0)	(42.0, 0.0)	(43.0, 0.0)	(44.0, 0.3333333333333333)	(45.0, 0.0)	(46.0, 0.0)	(47.0, 0.0)	(48.0, 0.0)	(49.0, 0.0)	(50.0, 0.6666666666666666)	(51.0, 0.3333333333333333)	(52.0, 0.0)	(53.0, 0.0)	(54.0, 0.3333333333333333)	(55.0, 0.0)	(56.0, 0.0)	(57.0, 0.0)	(58.0, 0.0)	(59.0, 0.0)	(60.0, 0.0)	(61.0, 0.0)	(62.0, 0.0)	(63.0, 0.0)	(64.0, 0.0)	(65.0, 0.0)	(66.0, 0.0)	(67.0, 0.0)	(68.0, 0.0)	(69.0, 0.0)	(70.0, 0.0)	(71.0, 0.0)	(72.0, 0.0)	(73.0, 0.0)	(74.0, 0.0)	(75.0, 0.0)	(76.0, 0.0)	(77.0, 0.0)	(78.0, 0.0)	(79.0, 0.0)	(80.0, 0.0)	(81.0, 0.0)	(82.0, 0.0)	(83.0, 0.0)	(84.0, 0.0)	(85.0, 0.0)	(86.0, 0.0)	(87.0, 0.0)	(88.0, 0.0)	(89.0, 0.0)	(90.0, 0.0)	(91.0, 0.0)	(92.0, 0.0)	(93.0, 0.0)	(94.0, 0.0)	(95.0, 0.0)	(96.0, 0.0)	(97.0, 0.0)	(98.0, 0.0)	(99.0, 0.0)	(100.0, 0.0)
SRR8438046_1	(0.0, 0.0)	(1.0, 0.0)	(2.0, 0.0)	(3.0, 0.0)	(4.0, 0.0)	(5.0, 0.0)	(6.0, 0.0)	(7.0, 0.0)	(8.0, 0.0)	(9.0, 0.0)	(10.0, 0.0)	(11.0, 0.0)	(12.0, 0.0)	(13.0, 0.0)	(14.0, 0.0)	(15.0, 0.0)	(16.0, 0.0)	(17.0, 0.0)	(18.0, 0.0)	(19.0, 0.0)	(20.0, 0.0)	(21.0, 0.0)	(22.0, 0.0)	(23.0, 0.6666666666666666)	(24.0, 0.6666666666666666)	(25.0, 0.0)	(26.0, 0.3333333333333333)	(27.0, 0.3333333333333333)	(28.0, 0.6666666666666666)	(29.0, 0.3333333333333333)	(30.0, 0.0)	(31.0, 0.0)	(32.0, 0.0)	(33.0, 0.3333333333333333)	(34.0, 4.999999999999999)	(35.0, 10.0)	(36.0, 5.999999999999998)	(37.0, 8.33333333333333)	(38.0, 15.333333333333343)	(39.0, 42.00000000000002)	(40.0, 113.3333333333328)	(41.0, 123.66666666666599)	(42.0, 188.66666666666765)	(43.0, 316.3333333333328)	(44.0, 359.33333333333036)	(45.0, 447.999999999992)	(46.0, 546.9999999999923)	(47.0, 550.9999999999927)	(48.0, 553.3333333333263)	(49.0, 748.0000000000151)	(50.0, 626.3333333333346)	(51.0, 2848.6666666668443)	(52.0, 3558.3333333338337)	(53.0, 950.3333333333715)	(54.0, 871.0000000000291)	(55.0, 431.9999999999929)	(56.0, 237.3333333333357)	(57.0, 93.33333333333309)	(58.0, 97.99999999999969)	(59.0, 142.333333333333)	(60.0, 28.666666666666632)	(61.0, 5.666666666666665)	(62.0, 4.0)	(63.0, 2.333333333333333)	(64.0, 0.3333333333333333)	(65.0, 0.0)	(66.0, 1.0)	(67.0, 0.3333333333333333)	(68.0, 0.0)	(69.0, 0.0)	(70.0, 0.0)	(71.0, 0.0)	(72.0, 0.0)	(73.0, 0.0)	(74.0, 0.0)	(75.0, 0.0)	(76.0, 0.0)	(77.0, 0.0)	(78.0, 0.0)	(79.0, 0.0)	(80.0, 0.0)	(81.0, 0.0)	(82.0, 0.0)	(83.0, 0.0)	(84.0, 0.0)	(85.0, 0.0)	(86.0, 0.0)	(87.0, 0.0)	(88.0, 0.0)	(89.0, 0.0)	(90.0, 0.0)	(91.0, 0.0)	(92.0, 0.0)	(93.0, 0.0)	(94.0, 0.0)	(95.0, 0.0)	(96.0, 0.0)	(97.0, 0.0)	(98.0, 0.0)	(99.0, 0.0)	(100.0, 0.0)
SRR8438046_2	(0.0, 0.0)	(1.0, 0.0)	(2.0, 0.0)	(3.0, 0.0)	(4.0, 0.0)	(5.0, 0.0)	(6.0, 0.0)	(7.0, 0.0)	(8.0, 0.0)	(9.0, 0.0)	(10.0, 0.0)	(11.0, 0.0)	(12.0, 0.0)	(13.0, 0.0)	(14.0, 0.0)	(15.0, 0.0)	(16.0, 0.0)	(17.0, 0.0)	(18.0, 0.0)	(19.0, 0.0)	(20.0, 0.0)	(21.0, 0.0)	(22.0, 0.0)	(23.0, 0.0)	(24.0, 0.0)	(25.0, 0.0)	(26.0, 0.3333333333333333)	(27.0, 0.0)	(28.0, 0.0)	(29.0, 0.0)	(30.0, 0.6666666666666666)	(31.0, 0.0)	(32.0, 0.3333333333333333)	(33.0, 0.3333333333333333)	(34.0, 3.0)	(35.0, 4.333333333333333)	(36.0, 1.3333333333333333)	(37.0, 3.3333333333333335)	(38.0, 5.999999999999998)	(39.0, 26.99999999999997)	(40.0, 42.00000000000002)	(41.0, 30.333333333333293)	(42.0, 64.3333333333335)	(43.0, 96.66666666666637)	(44.0, 102.33333333333296)	(45.0, 95.33333333333306)	(46.0, 133.33333333333275)	(47.0, 272.000000000002)	(48.0, 375.33333333332945)	(49.0, 556.3333333333267)	(50.0, 731.0000000000132)	(51.0, 653.6666666666711)	(52.0, 2403.666666666642)	(53.0, 3366.000000000413)	(54.0, 1330.9999999999766)	(55.0, 877.6666666666965)	(56.0, 740.666666666681)	(57.0, 529.9999999999903)	(58.0, 400.333333333328)	(59.0, 316.99999999999943)	(60.0, 230.3333333333355)	(61.0, 131.66666666666603)	(62.0, 85.66666666666653)	(63.0, 57.333333333333464)	(64.0, 38.666666666666664)	(65.0, 25.666666666666643)	(66.0, 13.666666666666673)	(67.0, 10.666666666666668)	(68.0, 9.666666666666666)	(69.0, 6.666666666666664)	(70.0, 4.666666666666666)	(71.0, 2.6666666666666665)	(72.0, 1.6666666666666665)	(73.0, 2.333333333333333)	(74.0, 3.0)	(75.0, 1.9999999999999998)	(76.0, 0.6666666666666666)	(77.0, 0.0)	(78.0, 0.0)	(79.0, 0.0)	(80.0, 0.3333333333333333)	(81.0, 1.3333333333333333)	(82.0, 1.0)	(83.0, 0.3333333333333333)	(84.0, 0.3333333333333333)	(85.0, 0.3333333333333333)	(86.0, 0.0)	(87.0, 0.0)	(88.0, 0.0)	(89.0, 0.0)	(90.0, 0.0)	(91.0, 0.0)	(92.0, 0.0)	(93.0, 0.0)	(94.0, 0.0)	(95.0, 0.0)	(96.0, 0.0)	(97.0, 0.0)	(98.0, 0.0)	(99.0, 0.0)	(100.0, 0.0)
SRR8438047	(0.0, 0.0)	(1.0, 0.0)	(2.0, 0.0)	(3.0, 0.0)	(4.0, 0.0)	(5.0, 0.0)	(6.0, 0.0)	(7.0, 0.0)	(8.0, 0.0)	(9.0, 0.0)	(10.0, 0.0)	(11.0, 0.0)	(12.0, 0.0)	(13.0, 0.0)	(14.0, 0.0)	(15.0, 0.0)	(16.0, 0.0)	(17.0, 0.0)	(18.0, 0.0)	(19.0, 0.0)	(20.0, 0.0)	(21.0, 0.0)	(22.0, 0.0)	(23.0, 0.0)	(24.0, 0.0)	(25.0, 0.0)	(26.0, 0.0)	(27.0, 0.0)	(28.0, 0.0)	(29.0, 0.0)	(30.0, 0.0)	(31.0, 0.0)	(32.0, 0.0)	(33.0, 0.0)	(34.0, 0.0)	(35.0, 0.0)	(36.0, 0.0)	(37.0, 0.0)	(38.0, 0.0)	(39.0, 0.0)	(40.0, 0.0)	(41.0, 0.0)	(42.0, 0.0)	(43.0, 0.0)	(44.0, 1.0)	(45.0, 0.3333333333333333)	(46.0, 0.3333333333333333)	(47.0, 0.6666666666666666)	(48.0, 0.6666666666666666)	(49.0, 0.0)	(50.0, 0.0)	(51.0, 0.0)	(52.0, 0.3333333333333333)	(53.0, 0.0)	(54.0, 0.0)	(55.0, 0.0)	(56.0, 0.0)	(57.0, 0.0)	(58.0, 0.0)	(59.0, 0.0)	(60.0, 0.0)	(61.0, 0.0)	(62.0, 0.0)	(63.0, 0.0)	(64.0, 0.0)	(65.0, 0.0)	(66.0, 0.0)	(67.0, 0.0)	(68.0, 0.0)	(69.0, 0.0)	(70.0, 0.0)	(71.0, 0.0)	(72.0, 0.0)	(73.0, 0.0)	(74.0, 0.0)	(75.0, 0.0)	(76.0, 0.0)	(77.0, 0.0)	(78.0, 0.0)	(79.0, 0.0)	(80.0, 0.0)	(81.0, 0.0)	(82.0, 0.0)	(83.0, 0.0)	(84.0, 0.0)	(85.0, 0.0)	(86.0, 0.0)	(87.0, 0.0)	(88.0, 0.0)	(89.0, 0.0)	(90.0, 0.0)	(91.0, 0.0)	(92.0, 0.0)	(93.0, 0.0)	(94.0, 0.0)	(95.0, 0.0)	(96.0, 0.0)	(97.0, 0.0)	(98.0, 0.0)	(99.0, 0.0)	(100.0, 0.0)
SRR8438047_1	(0.0, 0.0)	(1.0, 0.0)	(2.0, 0.0)	(3.0, 0.0)	(4.0, 0.0)	(5.0, 0.0)	(6.0, 0.0)	(7.0, 0.0)	(8.0, 0.0)	(9.0, 0.0)	(10.0, 0.0)	(11.0, 0.0)	(12.0, 0.0)	(13.0, 0.0)	(14.0, 0.0)	(15.0, 0.0)	(16.0, 0.0)	(17.0, 0.0)	(18.0, 0.0)	(19.0, 0.0)	(20.0, 0.0)	(21.0, 0.0)	(22.0, 0.0)	(23.0, 0.0)	(24.0, 0.0)	(25.0, 0.0)	(26.0, 0.0)	(27.0, 0.0)	(28.0, 0.0)	(29.0, 0.0)	(30.0, 0.0)	(31.0, 0.3333333333333333)	(32.0, 0.6666666666666666)	(33.0, 0.0)	(34.0, 0.0)	(35.0, 5.999999999999998)	(36.0, 5.666666666666665)	(37.0, 10.666666666666668)	(38.0, 13.000000000000005)	(39.0, 17.66666666666667)	(40.0, 18.666666666666668)	(41.0, 20.999999999999993)	(42.0, 22.999999999999986)	(43.0, 45.33333333333338)	(44.0, 51.66666666666676)	(45.0, 43.333333333333364)	(46.0, 115.99999999999943)	(47.0, 1767.3333333332107)	(48.0, 2353.666666666619)	(49.0, 624.3333333333344)	(50.0, 431.6666666666596)	(51.0, 2945.6666666668884)	(52.0, 3731.666666667246)	(53.0, 2062.3333333331534)	(54.0, 860.3333333333612)	(55.0, 192.33333333333442)	(56.0, 105.66666666666625)	(57.0, 73.33333333333337)	(58.0, 14.000000000000007)	(59.0, 4.0)	(60.0, 2.333333333333333)	(61.0, 1.0)	(62.0, 12.000000000000004)	(63.0, 15.333333333333343)	(64.0, 0.6666666666666666)	(65.0, 1.0)	(66.0, 0.6666666666666666)	(67.0, 0.0)	(68.0, 0.0)	(69.0, 0.0)	(70.0, 0.0)	(71.0, 0.0)	(72.0, 0.0)	(73.0, 0.0)	(74.0, 0.0)	(75.0, 0.0)	(76.0, 0.0)	(77.0, 0.0)	(78.0, 0.0)	(79.0, 0.0)	(80.0, 0.0)	(81.0, 0.0)	(82.0, 0.0)	(83.0, 0.0)	(84.0, 0.0)	(85.0, 0.0)	(86.0, 0.0)	(87.0, 0.0)	(88.0, 0.0)	(89.0, 0.0)	(90.0, 0.0)	(91.0, 0.0)	(92.0, 0.0)	(93.0, 0.0)	(94.0, 0.0)	(95.0, 0.0)	(96.0, 0.0)	(97.0, 0.0)	(98.0, 0.0)	(99.0, 0.0)	(100.0, 0.0)
SRR8438047_2	(0.0, 0.0)	(1.0, 0.0)	(2.0, 0.0)	(3.0, 0.0)	(4.0, 0.0)	(5.0, 0.0)	(6.0, 0.0)	(7.0, 0.0)	(8.0, 0.0)	(9.0, 0.0)	(10.0, 0.0)	(11.0, 0.0)	(12.0, 0.0)	(13.0, 0.0)	(14.0, 0.0)	(15.0, 0.0)	(16.0, 0.0)	(17.0, 0.0)	(18.0, 0.0)	(19.0, 0.0)	(20.0, 0.0)	(21.0, 0.0)	(22.0, 0.0)	(23.0, 0.0)	(24.0, 0.0)	(25.0, 0.0)	(26.0, 0.0)	(27.0, 0.0)	(28.0, 0.0)	(29.0, 0.0)	(30.0, 0.3333333333333333)	(31.0, 0.0)	(32.0, 0.0)	(33.0, 0.0)	(34.0, 1.0)	(35.0, 1.0)	(36.0, 1.3333333333333333)	(37.0, 1.6666666666666665)	(38.0, 2.333333333333333)	(39.0, 8.999999999999998)	(40.0, 9.666666666666666)	(41.0, 14.000000000000007)	(42.0, 24.666666666666647)	(43.0, 36.66666666666665)	(44.0, 48.3333333333334)	(45.0, 1427.6666666666213)	(46.0, 2213.999999999889)	(47.0, 638.0000000000026)	(48.0, 271.00000000000205)	(49.0, 276.00000000000176)	(50.0, 381.99999999999574)	(51.0, 440.66666666665907)	(52.0, 2550.666666666709)	(53.0, 3582.666666667178)	(54.0, 2075.3333333331593)	(55.0, 787.6666666666863)	(56.0, 345.33333333333115)	(57.0, 158.6666666666668)	(58.0, 88.33333333333316)	(59.0, 43.333333333333364)	(60.0, 17.66666666666667)	(61.0, 12.666666666666671)	(62.0, 8.666666666666664)	(63.0, 5.666666666666665)	(64.0, 13.000000000000005)	(65.0, 15.000000000000009)	(66.0, 6.999999999999997)	(67.0, 3.666666666666667)	(68.0, 2.333333333333333)	(69.0, 1.9999999999999998)	(70.0, 1.6666666666666665)	(71.0, 0.3333333333333333)	(72.0, 0.6666666666666666)	(73.0, 0.0)	(74.0, 0.0)	(75.0, 0.0)	(76.0, 0.0)	(77.0, 0.0)	(78.0, 0.0)	(79.0, 0.0)	(80.0, 0.0)	(81.0, 0.0)	(82.0, 0.0)	(83.0, 0.3333333333333333)	(84.0, 0.0)	(85.0, 0.0)	(86.0, 0.0)	(87.0, 0.0)	(88.0, 0.0)	(89.0, 0.0)	(90.0, 0.0)	(91.0, 0.0)	(92.0, 0.0)	(93.0, 0.0)	(94.0, 0.0)	(95.0, 0.0)	(96.0, 0.0)	(97.0, 0.0)	(98.0, 0.0)	(99.0, 0.0)	(100.0, 0.0)
SRR8438048	(0.0, 0.0)	(1.0, 0.0)	(2.0, 0.0)	(3.0, 0.0)	(4.0, 0.0)	(5.0, 0.0)	(6.0, 0.0)	(7.0, 0.0)	(8.0, 0.0)	(9.0, 0.0)	(10.0, 0.0)	(11.0, 0.0)	(12.0, 0.0)	(13.0, 0.0)	(14.0, 0.0)	(15.0, 0.0)	(16.0, 0.0)	(17.0, 0.0)	(18.0, 0.0)	(19.0, 0.0)	(20.0, 0.0)	(21.0, 0.0)	(22.0, 0.0)	(23.0, 0.0)	(24.0, 0.0)	(25.0, 0.0)	(26.0, 0.0)	(27.0, 0.0)	(28.0, 0.0)	(29.0, 0.0)	(30.0, 0.0)	(31.0, 0.0)	(32.0, 0.0)	(33.0, 0.0)	(34.0, 0.0)	(35.0, 0.0)	(36.0, 0.0)	(37.0, 0.0)	(38.0, 0.0)	(39.0, 0.0)	(40.0, 0.0)	(41.0, 0.0)	(42.0, 0.6666666666666666)	(43.0, 1.6666666666666665)	(44.0, 0.6666666666666666)	(45.0, 1.0)	(46.0, 1.0)	(47.0, 1.3333333333333333)	(48.0, 0.3333333333333333)	(49.0, 0.0)	(50.0, 0.3333333333333333)	(51.0, 0.3333333333333333)	(52.0, 0.3333333333333333)	(53.0, 0.0)	(54.0, 0.0)	(55.0, 0.0)	(56.0, 0.0)	(57.0, 0.0)	(58.0, 0.0)	(59.0, 0.0)	(60.0, 0.0)	(61.0, 0.0)	(62.0, 0.0)	(63.0, 0.0)	(64.0, 0.0)	(65.0, 0.0)	(66.0, 0.0)	(67.0, 0.0)	(68.0, 0.0)	(69.0, 0.0)	(70.0, 0.0)	(71.0, 0.0)	(72.0, 0.0)	(73.0, 0.0)	(74.0, 0.0)	(75.0, 0.0)	(76.0, 0.0)	(77.0, 0.0)	(78.0, 0.0)	(79.0, 0.0)	(80.0, 0.0)	(81.0, 0.0)	(82.0, 0.0)	(83.0, 0.0)	(84.0, 0.0)	(85.0, 0.0)	(86.0, 0.0)	(87.0, 0.0)	(88.0, 0.0)	(89.0, 0.0)	(90.0, 0.0)	(91.0, 0.0)	(92.0, 0.0)	(93.0, 0.0)	(94.0, 0.0)	(95.0, 0.0)	(96.0, 0.0)	(97.0, 0.0)	(98.0, 0.0)	(99.0, 0.0)	(100.0, 0.0)
SRR8438048_1	(0.0, 0.0)	(1.0, 0.0)	(2.0, 0.0)	(3.0, 0.0)	(4.0, 0.0)	(5.0, 0.0)	(6.0, 0.0)	(7.0, 0.0)	(8.0, 0.0)	(9.0, 0.0)	(10.0, 0.0)	(11.0, 0.0)	(12.0, 0.0)	(13.0, 0.0)	(14.0, 0.0)	(15.0, 0.0)	(16.0, 0.0)	(17.0, 0.0)	(18.0, 0.0)	(19.0, 0.0)	(20.0, 0.0)	(21.0, 0.0)	(22.0, 0.0)	(23.0, 0.0)	(24.0, 0.0)	(25.0, 0.0)	(26.0, 0.0)	(27.0, 0.0)	(28.0, 0.0)	(29.0, 0.0)	(30.0, 0.0)	(31.0, 0.0)	(32.0, 0.0)	(33.0, 0.0)	(34.0, 0.0)	(35.0, 0.0)	(36.0, 0.0)	(37.0, 1.3333333333333333)	(38.0, 1.9999999999999998)	(39.0, 4.333333333333333)	(40.0, 12.333333333333337)	(41.0, 19.999999999999996)	(42.0, 25.666666666666643)	(43.0, 28.3333333333333)	(44.0, 43.6666666666667)	(45.0, 60.00000000000015)	(46.0, 101.99999999999963)	(47.0, 505.6666666666554)	(48.0, 2234.3333333332316)	(49.0, 22137.999999990985)	(50.0, 10219.666666667374)	(51.0, 2514.0000000000255)	(52.0, 1153.3333333333503)	(53.0, 460.3333333333246)	(54.0, 206.66666666666816)	(55.0, 74.00000000000003)	(56.0, 57.6666666666668)	(57.0, 34.3333333333333)	(58.0, 8.666666666666664)	(59.0, 2.333333333333333)	(60.0, 1.9999999999999998)	(61.0, 0.0)	(62.0, 0.0)	(63.0, 0.0)	(64.0, 0.3333333333333333)	(65.0, 0.3333333333333333)	(66.0, 0.0)	(67.0, 0.0)	(68.0, 0.0)	(69.0, 0.0)	(70.0, 0.0)	(71.0, 0.0)	(72.0, 0.0)	(73.0, 0.0)	(74.0, 0.0)	(75.0, 0.0)	(76.0, 0.0)	(77.0, 0.0)	(78.0, 0.0)	(79.0, 0.0)	(80.0, 0.0)	(81.0, 0.0)	(82.0, 0.0)	(83.0, 0.0)	(84.0, 0.0)	(85.0, 0.0)	(86.0, 0.0)	(87.0, 0.0)	(88.0, 0.0)	(89.0, 0.0)	(90.0, 0.0)	(91.0, 0.0)	(92.0, 0.0)	(93.0, 0.0)	(94.0, 0.0)	(95.0, 0.0)	(96.0, 0.0)	(97.0, 0.0)	(98.0, 0.0)	(99.0, 0.0)	(100.0, 0.0)
SRR8438048_2	(0.0, 0.0)	(1.0, 0.0)	(2.0, 0.0)	(3.0, 0.0)	(4.0, 0.0)	(5.0, 0.0)	(6.0, 0.0)	(7.0, 0.0)	(8.0, 0.0)	(9.0, 0.0)	(10.0, 0.0)	(11.0, 0.0)	(12.0, 0.0)	(13.0, 0.0)	(14.0, 0.0)	(15.0, 0.0)	(16.0, 0.0)	(17.0, 0.0)	(18.0, 0.0)	(19.0, 0.0)	(20.0, 0.0)	(21.0, 0.0)	(22.0, 0.0)	(23.0, 0.0)	(24.0, 0.0)	(25.0, 0.0)	(26.0, 0.0)	(27.0, 0.0)	(28.0, 0.0)	(29.0, 0.0)	(30.0, 0.0)	(31.0, 0.0)	(32.0, 0.0)	(33.0, 0.0)	(34.0, 0.0)	(35.0, 0.0)	(36.0, 0.0)	(37.0, 1.0)	(38.0, 1.0)	(39.0, 4.999999999999999)	(40.0, 13.33333333333334)	(41.0, 18.000000000000004)	(42.0, 21.99999999999999)	(43.0, 22.999999999999986)	(44.0, 38.666666666666664)	(45.0, 316.3333333333328)	(46.0, 485.9999999999898)	(47.0, 234.66666666666896)	(48.0, 359.49999999999704)	(49.0, 14766.166666675645)	(50.0, 21974.999999991578)	(51.0, 4916.333333333332)	(52.0, 1950.833333333169)	(53.0, 1108.166666666694)	(54.0, 526.6666666666566)	(55.0, 231.33333333333553)	(56.0, 148.33333333333317)	(57.0, 79.66666666666661)	(58.0, 44.33333333333337)	(59.0, 30.999999999999957)	(60.0, 22.999999999999986)	(61.0, 13.666666666666673)	(62.0, 6.999999999999997)	(63.0, 6.333333333333331)	(64.0, 4.0)	(65.0, 2.333333333333333)	(66.0, 1.3333333333333333)	(67.0, 0.6666666666666666)	(68.0, 0.3333333333333333)	(69.0, 0.3333333333333333)	(70.0, 0.3333333333333333)	(71.0, 0.3333333333333333)	(72.0, 0.0)	(73.0, 0.0)	(74.0, 0.6666666666666666)	(75.0, 1.0)	(76.0, 0.0)	(77.0, 0.0)	(78.0, 1.0)	(79.0, 0.6666666666666666)	(80.0, 0.3333333333333333)	(81.0, 0.0)	(82.0, 0.3333333333333333)	(83.0, 0.3333333333333333)	(84.0, 0.0)	(85.0, 0.0)	(86.0, 0.0)	(87.0, 0.6666666666666666)	(88.0, 0.3333333333333333)	(89.0, 0.0)	(90.0, 0.0)	(91.0, 0.0)	(92.0, 0.0)	(93.0, 0.0)	(94.0, 0.0)	(95.0, 0.3333333333333333)	(96.0, 0.0)	(97.0, 0.3333333333333333)	(98.0, 0.0)	(99.0, 0.0)	(100.0, 0.0)
SRR8438049	(0.0, 0.0)	(1.0, 0.0)	(2.0, 0.0)	(3.0, 0.0)	(4.0, 0.0)	(5.0, 0.0)	(6.0, 0.0)	(7.0, 0.0)	(8.0, 0.0)	(9.0, 0.0)	(10.0, 0.0)	(11.0, 0.0)	(12.0, 0.0)	(13.0, 0.0)	(14.0, 0.0)	(15.0, 0.0)	(16.0, 0.0)	(17.0, 0.0)	(18.0, 0.0)	(19.0, 0.0)	(20.0, 0.0)	(21.0, 0.0)	(22.0, 0.0)	(23.0, 0.0)	(24.0, 0.0)	(25.0, 0.0)	(26.0, 0.0)	(27.0, 0.0)	(28.0, 0.0)	(29.0, 0.0)	(30.0, 0.0)	(31.0, 0.0)	(32.0, 0.0)	(33.0, 0.0)	(34.0, 0.0)	(35.0, 0.0)	(36.0, 0.0)	(37.0, 0.0)	(38.0, 0.0)	(39.0, 0.0)	(40.0, 0.0)	(41.0, 0.3333333333333333)	(42.0, 0.3333333333333333)	(43.0, 1.0)	(44.0, 1.0)	(45.0, 1.3333333333333333)	(46.0, 1.0)	(47.0, 0.6666666666666666)	(48.0, 1.0)	(49.0, 1.6666666666666665)	(50.0, 1.3333333333333333)	(51.0, 0.3333333333333333)	(52.0, 0.3333333333333333)	(53.0, 0.0)	(54.0, 0.0)	(55.0, 0.0)	(56.0, 0.0)	(57.0, 0.0)	(58.0, 0.0)	(59.0, 0.0)	(60.0, 0.0)	(61.0, 0.0)	(62.0, 0.0)	(63.0, 0.0)	(64.0, 0.0)	(65.0, 0.0)	(66.0, 0.0)	(67.0, 0.0)	(68.0, 0.0)	(69.0, 0.0)	(70.0, 0.0)	(71.0, 0.0)	(72.0, 0.0)	(73.0, 0.0)	(74.0, 0.0)	(75.0, 0.0)	(76.0, 0.0)	(77.0, 0.0)	(78.0, 0.0)	(79.0, 0.0)	(80.0, 0.0)	(81.0, 0.0)	(82.0, 0.0)	(83.0, 0.0)	(84.0, 0.0)	(85.0, 0.0)	(86.0, 0.0)	(87.0, 0.0)	(88.0, 0.0)	(89.0, 0.0)	(90.0, 0.0)	(91.0, 0.0)	(92.0, 0.0)	(93.0, 0.0)	(94.0, 0.0)	(95.0, 0.0)	(96.0, 0.0)	(97.0, 0.0)	(98.0, 0.0)	(99.0, 0.0)	(100.0, 0.0)
SRR8438049_1	(0.0, 0.0)	(1.0, 0.0)	(2.0, 0.0)	(3.0, 0.0)	(4.0, 0.0)	(5.0, 0.0)	(6.0, 0.0)	(7.0, 0.0)	(8.0, 0.0)	(9.0, 0.0)	(10.0, 0.0)	(11.0, 0.0)	(12.0, 0.0)	(13.0, 0.0)	(14.0, 0.0)	(15.0, 0.0)	(16.0, 0.0)	(17.0, 0.0)	(18.0, 0.0)	(19.0, 0.0)	(20.0, 0.0)	(21.0, 0.0)	(22.0, 0.0)	(23.0, 0.0)	(24.0, 0.0)	(25.0, 0.0)	(26.0, 0.0)	(27.0, 0.0)	(28.0, 0.0)	(29.0, 0.0)	(30.0, 0.0)	(31.0, 0.0)	(32.0, 0.3333333333333333)	(33.0, 0.6666666666666666)	(34.0, 0.6666666666666666)	(35.0, 0.6666666666666666)	(36.0, 0.3333333333333333)	(37.0, 4.333333333333333)	(38.0, 5.333333333333332)	(39.0, 13.000000000000005)	(40.0, 35.99999999999998)	(41.0, 52.666666666666764)	(42.0, 91.33333333333312)	(43.0, 100.99999999999964)	(44.0, 112.99999999999947)	(45.0, 147.6666666666665)	(46.0, 503.3333333333222)	(47.0, 10679.000000001543)	(48.0, 13697.333333340366)	(49.0, 3257.6666666670303)	(50.0, 1883.9999999998508)	(51.0, 10247.33333333409)	(52.0, 12145.666666670877)	(53.0, 6993.666666664776)	(54.0, 3616.6666666671936)	(55.0, 938.6666666667035)	(56.0, 531.3333333333238)	(57.0, 391.66666666666185)	(58.0, 101.99999999999963)	(59.0, 41.666666666666686)	(60.0, 21.333333333333325)	(61.0, 15.333333333333343)	(62.0, 2.333333333333333)	(63.0, 1.6666666666666665)	(64.0, 1.9999999999999998)	(65.0, 0.3333333333333333)	(66.0, 0.0)	(67.0, 0.0)	(68.0, 0.3333333333333333)	(69.0, 0.6666666666666666)	(70.0, 0.0)	(71.0, 0.0)	(72.0, 0.0)	(73.0, 0.0)	(74.0, 0.0)	(75.0, 0.0)	(76.0, 0.0)	(77.0, 0.0)	(78.0, 0.0)	(79.0, 0.0)	(80.0, 0.0)	(81.0, 0.0)	(82.0, 0.0)	(83.0, 0.0)	(84.0, 0.0)	(85.0, 0.0)	(86.0, 0.0)	(87.0, 0.0)	(88.0, 0.0)	(89.0, 0.0)	(90.0, 0.0)	(91.0, 0.0)	(92.0, 0.0)	(93.0, 0.0)	(94.0, 0.0)	(95.0, 0.0)	(96.0, 0.0)	(97.0, 0.0)	(98.0, 0.0)	(99.0, 0.0)	(100.0, 0.0)
SRR8438049_2	(0.0, 0.0)	(1.0, 0.0)	(2.0, 0.0)	(3.0, 0.0)	(4.0, 0.0)	(5.0, 0.0)	(6.0, 0.0)	(7.0, 0.0)	(8.0, 0.0)	(9.0, 0.0)	(10.0, 0.0)	(11.0, 0.0)	(12.0, 0.0)	(13.0, 0.0)	(14.0, 0.0)	(15.0, 0.0)	(16.0, 0.0)	(17.0, 0.0)	(18.0, 0.0)	(19.0, 0.0)	(20.0, 0.0)	(21.0, 0.0)	(22.0, 0.0)	(23.0, 0.0)	(24.0, 0.0)	(25.0, 0.0)	(26.0, 0.0)	(27.0, 0.0)	(28.0, 0.0)	(29.0, 0.3333333333333333)	(30.0, 0.0)	(31.0, 0.0)	(32.0, 0.3333333333333333)	(33.0, 0.0)	(34.0, 0.0)	(35.0, 0.3333333333333333)	(36.0, 1.6666666666666665)	(37.0, 3.1666666666666665)	(38.0, 5.166666666666666)	(39.0, 10.333333333333334)	(40.0, 27.666666666666636)	(41.0, 54.66666666666678)	(42.0, 79.99999999999994)	(43.0, 96.49999999999972)	(44.0, 224.50000000000202)	(45.0, 7708.833333330793)	(46.0, 12349.166666671246)	(47.0, 4472.500000000402)	(48.0, 2106.4999999998404)	(49.0, 1116.0000000000255)	(50.0, 1113.3333333333594)	(51.0, 1958.3333333331673)	(52.0, 9300.999999999036)	(53.0, 12128.333333337512)	(54.0, 6861.666666664896)	(55.0, 2514.6666666666924)	(56.0, 1203.0000000000057)	(57.0, 572.3333333333285)	(58.0, 268.0000000000022)	(59.0, 136.33333333333283)	(60.0, 88.66666666666649)	(61.0, 62.3333333333335)	(62.0, 40.66666666666668)	(63.0, 24.99999999999998)	(64.0, 15.000000000000009)	(65.0, 6.999999999999997)	(66.0, 10.0)	(67.0, 9.333333333333332)	(68.0, 3.666666666666667)	(69.0, 1.9999999999999998)	(70.0, 1.6666666666666665)	(71.0, 1.9999999999999998)	(72.0, 0.6666666666666666)	(73.0, 2.6666666666666665)	(74.0, 1.6666666666666665)	(75.0, 0.6666666666666666)	(76.0, 0.3333333333333333)	(77.0, 0.3333333333333333)	(78.0, 0.0)	(79.0, 0.6666666666666666)	(80.0, 0.3333333333333333)	(81.0, 0.0)	(82.0, 0.0)	(83.0, 0.0)	(84.0, 0.0)	(85.0, 0.0)	(86.0, 0.3333333333333333)	(87.0, 0.3333333333333333)	(88.0, 0.3333333333333333)	(89.0, 0.0)	(90.0, 0.0)	(91.0, 0.0)	(92.0, 0.6666666666666666)	(93.0, 0.6666666666666666)	(94.0, 0.0)	(95.0, 0.0)	(96.0, 0.0)	(97.0, 0.0)	(98.0, 0.0)	(99.0, 0.0)	(100.0, 0.0)
SRR8438050	(0.0, 0.0)	(1.0, 0.0)	(2.0, 0.0)	(3.0, 0.0)	(4.0, 0.0)	(5.0, 0.0)	(6.0, 0.0)	(7.0, 0.0)	(8.0, 0.0)	(9.0, 0.0)	(10.0, 0.0)	(11.0, 0.0)	(12.0, 0.0)	(13.0, 0.0)	(14.0, 0.0)	(15.0, 0.0)	(16.0, 0.0)	(17.0, 0.0)	(18.0, 0.0)	(19.0, 0.0)	(20.0, 0.0)	(21.0, 0.0)	(22.0, 0.0)	(23.0, 0.0)	(24.0, 0.0)	(25.0, 0.0)	(26.0, 0.0)	(27.0, 0.0)	(28.0, 0.0)	(29.0, 0.0)	(30.0, 0.0)	(31.0, 0.0)	(32.0, 0.0)	(33.0, 0.0)	(34.0, 0.0)	(35.0, 0.0)	(36.0, 0.0)	(37.0, 0.0)	(38.0, 0.0)	(39.0, 0.0)	(40.0, 0.0)	(41.0, 0.0)	(42.0, 0.3333333333333333)	(43.0, 0.6666666666666666)	(44.0, 0.6666666666666666)	(45.0, 0.3333333333333333)	(46.0, 1.9999999999999998)	(47.0, 1.9999999999999998)	(48.0, 1.3333333333333333)	(49.0, 0.3333333333333333)	(50.0, 0.3333333333333333)	(51.0, 0.6666666666666666)	(52.0, 0.0)	(53.0, 0.0)	(54.0, 0.0)	(55.0, 0.0)	(56.0, 0.0)	(57.0, 0.0)	(58.0, 0.0)	(59.0, 0.0)	(60.0, 0.0)	(61.0, 0.0)	(62.0, 0.0)	(63.0, 0.0)	(64.0, 0.0)	(65.0, 0.0)	(66.0, 0.0)	(67.0, 0.0)	(68.0, 0.0)	(69.0, 0.0)	(70.0, 0.0)	(71.0, 0.0)	(72.0, 0.0)	(73.0, 0.0)	(74.0, 0.0)	(75.0, 0.0)	(76.0, 0.0)	(77.0, 0.0)	(78.0, 0.0)	(79.0, 0.0)	(80.0, 0.0)	(81.0, 0.0)	(82.0, 0.0)	(83.0, 0.0)	(84.0, 0.0)	(85.0, 0.0)	(86.0, 0.0)	(87.0, 0.0)	(88.0, 0.0)	(89.0, 0.0)	(90.0, 0.0)	(91.0, 0.0)	(92.0, 0.0)	(93.0, 0.0)	(94.0, 0.0)	(95.0, 0.0)	(96.0, 0.0)	(97.0, 0.0)	(98.0, 0.0)	(99.0, 0.0)	(100.0, 0.0)
SRR8438050_1	(0.0, 0.0)	(1.0, 0.0)	(2.0, 0.0)	(3.0, 0.0)	(4.0, 0.0)	(5.0, 0.0)	(6.0, 0.0)	(7.0, 0.0)	(8.0, 0.0)	(9.0, 0.0)	(10.0, 0.0)	(11.0, 0.0)	(12.0, 0.0)	(13.0, 0.0)	(14.0, 0.0)	(15.0, 0.0)	(16.0, 0.0)	(17.0, 0.0)	(18.0, 0.0)	(19.0, 0.0)	(20.0, 0.0)	(21.0, 0.0)	(22.0, 0.0)	(23.0, 0.0)	(24.0, 0.3333333333333333)	(25.0, 0.6666666666666666)	(26.0, 0.3333333333333333)	(27.0, 0.0)	(28.0, 0.6666666666666666)	(29.0, 0.6666666666666666)	(30.0, 1.0)	(31.0, 1.9999999999999998)	(32.0, 1.6666666666666665)	(33.0, 1.3333333333333333)	(34.0, 1.9999999999999998)	(35.0, 2.6666666666666665)	(36.0, 4.666666666666666)	(37.0, 5.333333333333332)	(38.0, 5.333333333333332)	(39.0, 11.333333333333336)	(40.0, 26.333333333333307)	(41.0, 44.33333333333337)	(42.0, 62.3333333333335)	(43.0, 81.99999999999991)	(44.0, 70.66666666666674)	(45.0, 90.33333333333313)	(46.0, 126.33333333333262)	(47.0, 133.6666666666661)	(48.0, 893.6666666666983)	(49.0, 7737.9999999974325)	(50.0, 2105.99999999984)	(51.0, 295.6666666666673)	(52.0, 183.33333333333417)	(53.0, 342.66666666666464)	(54.0, 252.33333333333613)	(55.0, 130.99999999999935)	(56.0, 132.66666666666606)	(57.0, 50.333333333333414)	(58.0, 16.00000000000001)	(59.0, 6.999999999999997)	(60.0, 6.333333333333331)	(61.0, 1.0)	(62.0, 0.3333333333333333)	(63.0, 0.6666666666666666)	(64.0, 0.0)	(65.0, 0.0)	(66.0, 0.0)	(67.0, 0.0)	(68.0, 0.0)	(69.0, 0.0)	(70.0, 0.0)	(71.0, 0.0)	(72.0, 0.0)	(73.0, 0.0)	(74.0, 0.0)	(75.0, 0.0)	(76.0, 0.0)	(77.0, 0.0)	(78.0, 0.0)	(79.0, 0.0)	(80.0, 0.0)	(81.0, 0.0)	(82.0, 0.0)	(83.0, 0.0)	(84.0, 0.0)	(85.0, 0.0)	(86.0, 0.0)	(87.0, 0.0)	(88.0, 0.0)	(89.0, 0.0)	(90.0, 0.0)	(91.0, 0.0)	(92.0, 0.0)	(93.0, 0.0)	(94.0, 0.0)	(95.0, 0.0)	(96.0, 0.0)	(97.0, 0.0)	(98.0, 0.0)	(99.0, 0.0)	(100.0, 0.0)
SRR8438050_2	(0.0, 0.0)	(1.0, 0.0)	(2.0, 0.0)	(3.0, 0.0)	(4.0, 0.0)	(5.0, 0.0)	(6.0, 0.0)	(7.0, 0.0)	(8.0, 0.0)	(9.0, 0.0)	(10.0, 0.0)	(11.0, 0.0)	(12.0, 0.0)	(13.0, 0.0)	(14.0, 0.0)	(15.0, 0.0)	(16.0, 0.0)	(17.0, 0.0)	(18.0, 0.0)	(19.0, 0.0)	(20.0, 0.0)	(21.0, 0.0)	(22.0, 0.0)	(23.0, 0.0)	(24.0, 0.0)	(25.0, 0.0)	(26.0, 0.0)	(27.0, 0.0)	(28.0, 0.0)	(29.0, 0.0)	(30.0, 0.0)	(31.0, 0.0)	(32.0, 0.0)	(33.0, 0.6666666666666666)	(34.0, 1.3333333333333333)	(35.0, 2.333333333333333)	(36.0, 3.0)	(37.0, 5.166666666666666)	(38.0, 6.499999999999998)	(39.0, 14.666666666666675)	(40.0, 30.999999999999957)	(41.0, 57.6666666666668)	(42.0, 79.33333333333329)	(43.0, 87.6666666666665)	(44.0, 92.3333333333331)	(45.0, 82.16666666666659)	(46.0, 86.49999999999986)	(47.0, 97.66666666666636)	(48.0, 104.33333333333293)	(49.0, 247.66666666666933)	(50.0, 5545.999999999426)	(51.0, 6779.666666664971)	(52.0, 881.666666666697)	(53.0, 353.9999999999973)	(54.0, 337.3333333333316)	(55.0, 222.33333333333528)	(56.0, 177.00000000000065)	(57.0, 126.99999999999928)	(58.0, 89.9999999999998)	(59.0, 53.333333333333435)	(60.0, 20.33333333333333)	(61.0, 8.666666666666664)	(62.0, 5.999999999999998)	(63.0, 4.333333333333333)	(64.0, 1.0)	(65.0, 0.6666666666666666)	(66.0, 1.0)	(67.0, 1.0)	(68.0, 0.6666666666666666)	(69.0, 0.3333333333333333)	(70.0, 0.6666666666666666)	(71.0, 0.6666666666666666)	(72.0, 0.0)	(73.0, 0.0)	(74.0, 0.3333333333333333)	(75.0, 0.0)	(76.0, 0.0)	(77.0, 0.0)	(78.0, 0.0)	(79.0, 0.0)	(80.0, 0.0)	(81.0, 0.3333333333333333)	(82.0, 0.0)	(83.0, 0.0)	(84.0, 0.0)	(85.0, 0.0)	(86.0, 0.0)	(87.0, 0.3333333333333333)	(88.0, 0.6666666666666666)	(89.0, 0.3333333333333333)	(90.0, 0.0)	(91.0, 0.0)	(92.0, 0.0)	(93.0, 0.0)	(94.0, 0.0)	(95.0, 0.0)	(96.0, 0.0)	(97.0, 0.0)	(98.0, 0.0)	(99.0, 0.0)	(100.0, 0.0)
SRR8438051	(0.0, 0.0)	(1.0, 0.0)	(2.0, 0.0)	(3.0, 0.0)	(4.0, 0.0)	(5.0, 0.0)	(6.0, 0.0)	(7.0, 0.0)	(8.0, 0.0)	(9.0, 0.0)	(10.0, 0.0)	(11.0, 0.0)	(12.0, 0.0)	(13.0, 0.0)	(14.0, 0.0)	(15.0, 0.0)	(16.0, 0.0)	(17.0, 0.0)	(18.0, 0.0)	(19.0, 0.0)	(20.0, 0.0)	(21.0, 0.0)	(22.0, 0.0)	(23.0, 0.0)	(24.0, 0.0)	(25.0, 0.0)	(26.0, 0.0)	(27.0, 0.0)	(28.0, 0.0)	(29.0, 0.0)	(30.0, 0.0)	(31.0, 0.0)	(32.0, 0.0)	(33.0, 0.0)	(34.0, 0.0)	(35.0, 0.0)	(36.0, 0.0)	(37.0, 0.0)	(38.0, 0.0)	(39.0, 0.0)	(40.0, 0.3333333333333333)	(41.0, 0.0)	(42.0, 0.3333333333333333)	(43.0, 1.6666666666666665)	(44.0, 1.3333333333333333)	(45.0, 0.3333333333333333)	(46.0, 0.3333333333333333)	(47.0, 0.3333333333333333)	(48.0, 0.6666666666666666)	(49.0, 0.6666666666666666)	(50.0, 1.0)	(51.0, 1.3333333333333333)	(52.0, 0.3333333333333333)	(53.0, 0.0)	(54.0, 0.0)	(55.0, 0.0)	(56.0, 0.0)	(57.0, 0.0)	(58.0, 0.0)	(59.0, 0.0)	(60.0, 0.0)	(61.0, 0.0)	(62.0, 0.0)	(63.0, 0.0)	(64.0, 0.0)	(65.0, 0.0)	(66.0, 0.0)	(67.0, 0.0)	(68.0, 0.0)	(69.0, 0.0)	(70.0, 0.0)	(71.0, 0.0)	(72.0, 0.0)	(73.0, 0.0)	(74.0, 0.0)	(75.0, 0.0)	(76.0, 0.0)	(77.0, 0.0)	(78.0, 0.0)	(79.0, 0.0)	(80.0, 0.0)	(81.0, 0.0)	(82.0, 0.0)	(83.0, 0.0)	(84.0, 0.0)	(85.0, 0.0)	(86.0, 0.0)	(87.0, 0.0)	(88.0, 0.0)	(89.0, 0.0)	(90.0, 0.0)	(91.0, 0.0)	(92.0, 0.0)	(93.0, 0.0)	(94.0, 0.0)	(95.0, 0.0)	(96.0, 0.0)	(97.0, 0.0)	(98.0, 0.0)	(99.0, 0.0)	(100.0, 0.0)
SRR8438051_1	(0.0, 0.0)	(1.0, 0.0)	(2.0, 0.0)	(3.0, 0.0)	(4.0, 0.0)	(5.0, 0.0)	(6.0, 0.0)	(7.0, 0.0)	(8.0, 0.0)	(9.0, 0.0)	(10.0, 0.0)	(11.0, 0.0)	(12.0, 0.0)	(13.0, 0.0)	(14.0, 0.0)	(15.0, 0.0)	(16.0, 0.0)	(17.0, 0.0)	(18.0, 0.0)	(19.0, 0.0)	(20.0, 0.0)	(21.0, 0.0)	(22.0, 0.0)	(23.0, 0.0)	(24.0, 0.0)	(25.0, 0.0)	(26.0, 0.0)	(27.0, 0.0)	(28.0, 0.0)	(29.0, 0.0)	(30.0, 0.0)	(31.0, 0.0)	(32.0, 0.0)	(33.0, 0.0)	(34.0, 0.0)	(35.0, 0.0)	(36.0, 1.0)	(37.0, 1.9999999999999998)	(38.0, 3.666666666666667)	(39.0, 7.9999999999999964)	(40.0, 20.66666666666666)	(41.0, 29.333333333333297)	(42.0, 37.99999999999999)	(43.0, 50.00000000000008)	(44.0, 67.00000000000013)	(45.0, 72.66666666666671)	(46.0, 75.66666666666667)	(47.0, 92.66666666666643)	(48.0, 93.66666666666642)	(49.0, 69.33333333333343)	(50.0, 105.66666666666625)	(51.0, 1316.3333333333132)	(52.0, 21217.999999994332)	(53.0, 20277.99999999775)	(54.0, 3015.6666666669203)	(55.0, 506.6666666666553)	(56.0, 159.00000000000014)	(57.0, 72.00000000000006)	(58.0, 32.333333333333286)	(59.0, 15.333333333333343)	(60.0, 9.333333333333332)	(61.0, 4.666666666666666)	(62.0, 3.0)	(63.0, 2.333333333333333)	(64.0, 1.0)	(65.0, 0.3333333333333333)	(66.0, 0.0)	(67.0, 0.0)	(68.0, 0.0)	(69.0, 0.0)	(70.0, 0.0)	(71.0, 0.0)	(72.0, 0.0)	(73.0, 0.0)	(74.0, 0.0)	(75.0, 0.0)	(76.0, 0.0)	(77.0, 0.0)	(78.0, 0.0)	(79.0, 0.0)	(80.0, 0.0)	(81.0, 0.0)	(82.0, 0.0)	(83.0, 0.0)	(84.0, 0.0)	(85.0, 0.0)	(86.0, 0.0)	(87.0, 0.0)	(88.0, 0.0)	(89.0, 0.0)	(90.0, 0.0)	(91.0, 0.0)	(92.0, 0.0)	(93.0, 0.0)	(94.0, 0.0)	(95.0, 0.0)	(96.0, 0.0)	(97.0, 0.0)	(98.0, 0.0)	(99.0, 0.0)	(100.0, 0.0)
SRR8438051_2	(0.0, 0.0)	(1.0, 0.0)	(2.0, 0.0)	(3.0, 0.0)	(4.0, 0.0)	(5.0, 0.0)	(6.0, 0.0)	(7.0, 0.0)	(8.0, 0.0)	(9.0, 0.0)	(10.0, 0.0)	(11.0, 0.0)	(12.0, 0.0)	(13.0, 0.0)	(14.0, 0.0)	(15.0, 0.0)	(16.0, 0.0)	(17.0, 0.0)	(18.0, 0.0)	(19.0, 0.0)	(20.0, 0.0)	(21.0, 0.0)	(22.0, 0.0)	(23.0, 0.0)	(24.0, 0.0)	(25.0, 0.0)	(26.0, 0.0)	(27.0, 0.0)	(28.0, 0.0)	(29.0, 0.0)	(30.0, 0.0)	(31.0, 0.0)	(32.0, 0.0)	(33.0, 0.0)	(34.0, 0.0)	(35.0, 0.0)	(36.0, 0.6666666666666666)	(37.0, 1.0)	(38.0, 1.0)	(39.0, 5.333333333333332)	(40.0, 12.333333333333337)	(41.0, 22.33333333333332)	(42.0, 25.999999999999975)	(43.0, 34.3333333333333)	(44.0, 46.00000000000005)	(45.0, 76.5)	(46.0, 84.83333333333321)	(47.0, 58.000000000000135)	(48.0, 52.33333333333343)	(49.0, 55.666666666666785)	(50.0, 65.83333333333348)	(51.0, 150.49999999999991)	(52.0, 1214.0000000000032)	(53.0, 16443.666666678368)	(54.0, 19558.50000000037)	(55.0, 5920.833333332419)	(56.0, 1923.9999999998417)	(57.0, 776.3333333333517)	(58.0, 384.33333333332894)	(59.0, 215.66666666666842)	(60.0, 127.99999999999926)	(61.0, 88.33333333333316)	(62.0, 59.33333333333348)	(63.0, 45.33333333333338)	(64.0, 31.999999999999954)	(65.0, 21.666666666666657)	(66.0, 14.666666666666675)	(67.0, 8.999999999999998)	(68.0, 5.333333333333332)	(69.0, 1.3333333333333333)	(70.0, 1.3333333333333333)	(71.0, 1.6666666666666665)	(72.0, 1.0)	(73.0, 0.6666666666666666)	(74.0, 0.6666666666666666)	(75.0, 0.6666666666666666)	(76.0, 1.0)	(77.0, 1.0)	(78.0, 0.3333333333333333)	(79.0, 0.0)	(80.0, 0.0)	(81.0, 0.3333333333333333)	(82.0, 0.3333333333333333)	(83.0, 0.3333333333333333)	(84.0, 0.0)	(85.0, 0.0)	(86.0, 0.3333333333333333)	(87.0, 0.0)	(88.0, 0.3333333333333333)	(89.0, 0.3333333333333333)	(90.0, 0.0)	(91.0, 0.0)	(92.0, 0.3333333333333333)	(93.0, 0.3333333333333333)	(94.0, 0.0)	(95.0, 0.0)	(96.0, 0.0)	(97.0, 0.0)	(98.0, 0.0)	(99.0, 0.3333333333333333)	(100.0, 0.0)
SRR8438052	(0.0, 0.0)	(1.0, 0.0)	(2.0, 0.0)	(3.0, 0.0)	(4.0, 0.0)	(5.0, 0.0)	(6.0, 0.0)	(7.0, 0.0)	(8.0, 0.0)	(9.0, 0.0)	(10.0, 0.0)	(11.0, 0.0)	(12.0, 0.0)	(13.0, 0.0)	(14.0, 0.0)	(15.0, 0.0)	(16.0, 0.0)	(17.0, 0.0)	(18.0, 0.0)	(19.0, 0.0)	(20.0, 0.0)	(21.0, 0.0)	(22.0, 0.0)	(23.0, 0.0)	(24.0, 0.0)	(25.0, 0.0)	(26.0, 0.0)	(27.0, 0.0)	(28.0, 0.0)	(29.0, 0.0)	(30.0, 0.0)	(31.0, 0.0)	(32.0, 0.0)	(33.0, 0.0)	(34.0, 0.0)	(35.0, 0.0)	(36.0, 0.0)	(37.0, 0.0)	(38.0, 0.0)	(39.0, 0.0)	(40.0, 0.0)	(41.0, 0.3333333333333333)	(42.0, 2.333333333333333)	(43.0, 4.333333333333333)	(44.0, 5.666666666666665)	(45.0, 7.33333333333333)	(46.0, 5.999999999999998)	(47.0, 6.666666666666664)	(48.0, 4.999999999999999)	(49.0, 2.333333333333333)	(50.0, 3.0)	(51.0, 3.0)	(52.0, 1.3333333333333333)	(53.0, 0.3333333333333333)	(54.0, 0.3333333333333333)	(55.0, 0.3333333333333333)	(56.0, 0.0)	(57.0, 0.0)	(58.0, 0.0)	(59.0, 0.0)	(60.0, 0.0)	(61.0, 0.0)	(62.0, 0.0)	(63.0, 0.0)	(64.0, 0.0)	(65.0, 0.0)	(66.0, 0.0)	(67.0, 0.0)	(68.0, 0.0)	(69.0, 0.0)	(70.0, 0.0)	(71.0, 0.0)	(72.0, 0.0)	(73.0, 0.0)	(74.0, 0.0)	(75.0, 0.0)	(76.0, 0.0)	(77.0, 0.0)	(78.0, 0.0)	(79.0, 0.0)	(80.0, 0.0)	(81.0, 0.0)	(82.0, 0.0)	(83.0, 0.0)	(84.0, 0.0)	(85.0, 0.0)	(86.0, 0.0)	(87.0, 0.0)	(88.0, 0.0)	(89.0, 0.0)	(90.0, 0.0)	(91.0, 0.0)	(92.0, 0.0)	(93.0, 0.0)	(94.0, 0.0)	(95.0, 0.0)	(96.0, 0.0)	(97.0, 0.0)	(98.0, 0.0)	(99.0, 0.0)	(100.0, 0.0)
SRR8438052_1	(0.0, 0.0)	(1.0, 0.0)	(2.0, 0.0)	(3.0, 0.0)	(4.0, 0.0)	(5.0, 0.0)	(6.0, 0.0)	(7.0, 0.0)	(8.0, 0.0)	(9.0, 0.0)	(10.0, 0.0)	(11.0, 0.0)	(12.0, 0.0)	(13.0, 0.0)	(14.0, 0.0)	(15.0, 0.0)	(16.0, 0.0)	(17.0, 0.0)	(18.0, 0.0)	(19.0, 0.0)	(20.0, 0.0)	(21.0, 0.0)	(22.0, 0.0)	(23.0, 0.0)	(24.0, 0.3333333333333333)	(25.0, 0.3333333333333333)	(26.0, 0.0)	(27.0, 0.0)	(28.0, 0.0)	(29.0, 0.0)	(30.0, 0.6666666666666666)	(31.0, 1.3333333333333333)	(32.0, 1.0)	(33.0, 1.0)	(34.0, 1.0)	(35.0, 0.3333333333333333)	(36.0, 1.6666666666666665)	(37.0, 6.999999999999997)	(38.0, 14.333333333333341)	(39.0, 45.33333333333338)	(40.0, 103.33333333333294)	(41.0, 152.3333333333333)	(42.0, 195.00000000000117)	(43.0, 256.3333333333362)	(44.0, 339.9999999999981)	(45.0, 384.33333333332894)	(46.0, 750.6666666666821)	(47.0, 9423.666666665926)	(48.0, 12144.333333337541)	(49.0, 2961.6666666668957)	(50.0, 2414.666666666647)	(51.0, 14491.000000008476)	(52.0, 16541.000000011347)	(53.0, 8002.9999999971915)	(54.0, 3798.333333333943)	(55.0, 1105.6666666666945)	(56.0, 496.6666666666559)	(57.0, 276.6666666666684)	(58.0, 97.66666666666636)	(59.0, 49.00000000000007)	(60.0, 24.333333333333314)	(61.0, 12.666666666666671)	(62.0, 4.666666666666666)	(63.0, 3.666666666666667)	(64.0, 1.3333333333333333)	(65.0, 0.6666666666666666)	(66.0, 0.3333333333333333)	(67.0, 0.6666666666666666)	(68.0, 0.3333333333333333)	(69.0, 0.0)	(70.0, 0.0)	(71.0, 0.0)	(72.0, 0.3333333333333333)	(73.0, 0.3333333333333333)	(74.0, 0.0)	(75.0, 0.0)	(76.0, 0.0)	(77.0, 0.0)	(78.0, 0.0)	(79.0, 0.0)	(80.0, 0.0)	(81.0, 0.0)	(82.0, 0.0)	(83.0, 0.0)	(84.0, 0.0)	(85.0, 0.0)	(86.0, 0.0)	(87.0, 0.0)	(88.0, 0.0)	(89.0, 0.0)	(90.0, 0.0)	(91.0, 0.0)	(92.0, 0.0)	(93.0, 0.0)	(94.0, 0.0)	(95.0, 0.0)	(96.0, 0.0)	(97.0, 0.0)	(98.0, 0.0)	(99.0, 0.0)	(100.0, 0.0)
SRR8438052_2	(0.0, 0.0)	(1.0, 0.0)	(2.0, 0.0)	(3.0, 0.0)	(4.0, 0.0)	(5.0, 0.0)	(6.0, 0.0)	(7.0, 0.0)	(8.0, 0.0)	(9.0, 0.0)	(10.0, 0.0)	(11.0, 0.0)	(12.0, 0.0)	(13.0, 0.0)	(14.0, 0.0)	(15.0, 0.0)	(16.0, 0.0)	(17.0, 0.0)	(18.0, 0.0)	(19.0, 0.0)	(20.0, 0.0)	(21.0, 0.0)	(22.0, 0.0)	(23.0, 0.0)	(24.0, 0.0)	(25.0, 0.0)	(26.0, 1.0)	(27.0, 1.0)	(28.0, 0.0)	(29.0, 1.0)	(30.0, 0.3333333333333333)	(31.0, 1.3333333333333333)	(32.0, 0.0)	(33.0, 0.6666666666666666)	(34.0, 0.5)	(35.0, 0.5)	(36.0, 1.9999999999999998)	(37.0, 5.999999999999998)	(38.0, 10.333333333333334)	(39.0, 35.833333333333314)	(40.0, 74.83333333333336)	(41.0, 124.99999999999932)	(42.0, 164.33333333333363)	(43.0, 228.0000000000021)	(44.0, 372.9999999999963)	(45.0, 6827.499999998262)	(46.0, 10906.83333333529)	(47.0, 4175.000000000673)	(48.0, 2180.8333333332075)	(49.0, 1320.8333333333123)	(50.0, 1202.1666666666727)	(51.0, 2433.1666666666556)	(52.0, 12645.333333338453)	(53.0, 15431.33333334352)	(54.0, 8010.166666663852)	(55.0, 3253.833333333695)	(56.0, 1527.6666666665985)	(57.0, 773.6666666666847)	(58.0, 403.9999999999945)	(59.0, 266.00000000000233)	(60.0, 184.66666666666754)	(61.0, 128.3333333333326)	(62.0, 87.99999999999983)	(63.0, 56.33333333333346)	(64.0, 43.6666666666667)	(65.0, 31.999999999999954)	(66.0, 21.666666666666657)	(67.0, 11.66666666666667)	(68.0, 9.333333333333332)	(69.0, 6.666666666666664)	(70.0, 3.0)	(71.0, 2.6666666666666665)	(72.0, 1.3333333333333333)	(73.0, 0.6666666666666666)	(74.0, 0.3333333333333333)	(75.0, 0.6666666666666666)	(76.0, 0.6666666666666666)	(77.0, 1.6666666666666665)	(78.0, 0.6666666666666666)	(79.0, 1.3333333333333333)	(80.0, 1.0)	(81.0, 0.0)	(82.0, 0.3333333333333333)	(83.0, 0.6666666666666666)	(84.0, 0.6666666666666666)	(85.0, 0.6666666666666666)	(86.0, 0.6666666666666666)	(87.0, 1.3333333333333333)	(88.0, 0.6666666666666666)	(89.0, 1.0)	(90.0, 1.6666666666666665)	(91.0, 0.6666666666666666)	(92.0, 0.3333333333333333)	(93.0, 0.3333333333333333)	(94.0, 0.3333333333333333)	(95.0, 0.3333333333333333)	(96.0, 0.3333333333333333)	(97.0, 0.6666666666666666)	(98.0, 0.0)	(99.0, 0.0)	(100.0, 0.5)
SRR8438053	(0.0, 0.0)	(1.0, 0.0)	(2.0, 0.0)	(3.0, 0.0)	(4.0, 0.0)	(5.0, 0.0)	(6.0, 0.0)	(7.0, 0.0)	(8.0, 0.0)	(9.0, 0.0)	(10.0, 0.0)	(11.0, 0.0)	(12.0, 0.0)	(13.0, 0.0)	(14.0, 0.0)	(15.0, 0.0)	(16.0, 0.0)	(17.0, 0.0)	(18.0, 0.0)	(19.0, 0.0)	(20.0, 0.0)	(21.0, 0.0)	(22.0, 0.0)	(23.0, 0.0)	(24.0, 0.0)	(25.0, 0.0)	(26.0, 0.0)	(27.0, 0.0)	(28.0, 0.0)	(29.0, 0.0)	(30.0, 0.0)	(31.0, 0.0)	(32.0, 0.0)	(33.0, 0.0)	(34.0, 0.0)	(35.0, 0.0)	(36.0, 0.0)	(37.0, 0.0)	(38.0, 0.0)	(39.0, 0.0)	(40.0, 0.0)	(41.0, 0.0)	(42.0, 0.3333333333333333)	(43.0, 0.6666666666666666)	(44.0, 1.3333333333333333)	(45.0, 0.6666666666666666)	(46.0, 0.6666666666666666)	(47.0, 0.6666666666666666)	(48.0, 1.0)	(49.0, 0.3333333333333333)	(50.0, 0.0)	(51.0, 0.3333333333333333)	(52.0, 0.0)	(53.0, 0.0)	(54.0, 0.0)	(55.0, 0.0)	(56.0, 0.0)	(57.0, 0.0)	(58.0, 0.0)	(59.0, 0.0)	(60.0, 0.0)	(61.0, 0.0)	(62.0, 0.0)	(63.0, 0.0)	(64.0, 0.0)	(65.0, 0.0)	(66.0, 0.0)	(67.0, 0.0)	(68.0, 0.0)	(69.0, 0.0)	(70.0, 0.0)	(71.0, 0.0)	(72.0, 0.0)	(73.0, 0.0)	(74.0, 0.0)	(75.0, 0.0)	(76.0, 0.0)	(77.0, 0.0)	(78.0, 0.0)	(79.0, 0.0)	(80.0, 0.0)	(81.0, 0.0)	(82.0, 0.0)	(83.0, 0.0)	(84.0, 0.0)	(85.0, 0.0)	(86.0, 0.0)	(87.0, 0.0)	(88.0, 0.0)	(89.0, 0.0)	(90.0, 0.0)	(91.0, 0.0)	(92.0, 0.0)	(93.0, 0.0)	(94.0, 0.0)	(95.0, 0.0)	(96.0, 0.0)	(97.0, 0.0)	(98.0, 0.0)	(99.0, 0.0)	(100.0, 0.0)
SRR8438053_1	(0.0, 0.0)	(1.0, 0.0)	(2.0, 0.0)	(3.0, 0.0)	(4.0, 0.0)	(5.0, 0.0)	(6.0, 0.0)	(7.0, 0.0)	(8.0, 0.0)	(9.0, 0.0)	(10.0, 0.0)	(11.0, 0.0)	(12.0, 0.0)	(13.0, 0.0)	(14.0, 0.0)	(15.0, 0.0)	(16.0, 0.0)	(17.0, 0.0)	(18.0, 0.0)	(19.0, 0.0)	(20.0, 0.0)	(21.0, 0.0)	(22.0, 0.3333333333333333)	(23.0, 0.0)	(24.0, 0.0)	(25.0, 0.0)	(26.0, 0.0)	(27.0, 1.3333333333333333)	(28.0, 1.6666666666666665)	(29.0, 25.999999999999975)	(30.0, 135.3333333333328)	(31.0, 98.33333333333302)	(32.0, 26.333333333333307)	(33.0, 18.666666666666668)	(34.0, 20.33333333333333)	(35.0, 18.666666666666668)	(36.0, 25.999999999999975)	(37.0, 39.333333333333336)	(38.0, 80.33333333333327)	(39.0, 2317.3333333332694)	(40.0, 3150.333333333648)	(41.0, 402.3333333333279)	(42.0, 225.33333333333536)	(43.0, 296.66666666666725)	(44.0, 283.00000000000136)	(45.0, 276.00000000000176)	(46.0, 290.3333333333343)	(47.0, 376.999999999996)	(48.0, 420.6666666666602)	(49.0, 300.0000000000004)	(50.0, 408.3333333333276)	(51.0, 895.3333333333652)	(52.0, 876.0000000000297)	(53.0, 1030.3333333333783)	(54.0, 1159.0000000000157)	(55.0, 666.0000000000058)	(56.0, 459.666666666658)	(57.0, 245.0000000000026)	(58.0, 124.33333333333265)	(59.0, 78.99999999999996)	(60.0, 46.00000000000005)	(61.0, 10.0)	(62.0, 1.3333333333333333)	(63.0, 0.0)	(64.0, 0.0)	(65.0, 0.0)	(66.0, 0.0)	(67.0, 0.0)	(68.0, 0.0)	(69.0, 0.0)	(70.0, 0.0)	(71.0, 0.0)	(72.0, 0.0)	(73.0, 0.0)	(74.0, 0.0)	(75.0, 0.0)	(76.0, 0.0)	(77.0, 0.0)	(78.0, 0.0)	(79.0, 0.0)	(80.0, 0.0)	(81.0, 0.0)	(82.0, 0.0)	(83.0, 0.0)	(84.0, 0.0)	(85.0, 0.0)	(86.0, 0.0)	(87.0, 0.0)	(88.0, 0.0)	(89.0, 0.0)	(90.0, 0.0)	(91.0, 0.0)	(92.0, 0.0)	(93.0, 0.0)	(94.0, 0.0)	(95.0, 0.0)	(96.0, 0.0)	(97.0, 0.0)	(98.0, 0.0)	(99.0, 0.0)	(100.0, 0.0)
SRR8438053_2	(0.0, 0.0)	(1.0, 0.0)	(2.0, 0.0)	(3.0, 0.0)	(4.0, 0.0)	(5.0, 0.0)	(6.0, 0.0)	(7.0, 0.0)	(8.0, 0.0)	(9.0, 0.0)	(10.0, 0.0)	(11.0, 0.0)	(12.0, 0.0)	(13.0, 0.0)	(14.0, 0.0)	(15.0, 0.3333333333333333)	(16.0, 1.0)	(17.0, 1.0)	(18.0, 0.0)	(19.0, 0.6666666666666666)	(20.0, 1.6666666666666665)	(21.0, 0.6666666666666666)	(22.0, 0.3333333333333333)	(23.0, 0.6666666666666666)	(24.0, 2.333333333333333)	(25.0, 4.0)	(26.0, 4.999999999999999)	(27.0, 8.666666666666664)	(28.0, 28.666666666666632)	(29.0, 141.33333333333297)	(30.0, 56.66666666666679)	(31.0, 8.33333333333333)	(32.0, 3.3333333333333335)	(33.0, 4.333333333333333)	(34.0, 8.666666666666664)	(35.0, 16.00000000000001)	(36.0, 23.66666666666665)	(37.0, 27.999999999999968)	(38.0, 40.33333333333334)	(39.0, 99.99999999999966)	(40.0, 544.999999999992)	(41.0, 3035.333333333596)	(42.0, 1473.3333333332776)	(43.0, 416.66666666666043)	(44.0, 266.33333333333564)	(45.0, 240.66666666666913)	(46.0, 248.33333333333601)	(47.0, 282.8333333333347)	(48.0, 258.1666666666694)	(49.0, 275.66666666666845)	(50.0, 313.9999999999996)	(51.0, 339.6666666666648)	(52.0, 764.6666666666837)	(53.0, 1027.333333333379)	(54.0, 883.1666666666971)	(55.0, 705.5000000000102)	(56.0, 730.6666666666798)	(57.0, 533.333333333324)	(58.0, 397.6666666666615)	(59.0, 224.000000000002)	(60.0, 111.33333333333283)	(61.0, 61.000000000000156)	(62.0, 29.99999999999996)	(63.0, 21.99999999999999)	(64.0, 11.333333333333336)	(65.0, 4.0)	(66.0, 3.666666666666667)	(67.0, 2.333333333333333)	(68.0, 1.9999999999999998)	(69.0, 1.0)	(70.0, 1.6666666666666665)	(71.0, 1.0)	(72.0, 0.3333333333333333)	(73.0, 0.3333333333333333)	(74.0, 0.0)	(75.0, 0.0)	(76.0, 0.6666666666666666)	(77.0, 0.6666666666666666)	(78.0, 0.0)	(79.0, 0.3333333333333333)	(80.0, 0.0)	(81.0, 0.0)	(82.0, 0.0)	(83.0, 0.0)	(84.0, 0.0)	(85.0, 0.3333333333333333)	(86.0, 0.3333333333333333)	(87.0, 0.0)	(88.0, 0.0)	(89.0, 0.0)	(90.0, 0.0)	(91.0, 0.0)	(92.0, 0.0)	(93.0, 0.0)	(94.0, 0.0)	(95.0, 0.0)	(96.0, 0.0)	(97.0, 0.0)	(98.0, 0.0)	(99.0, 0.0)	(100.0, 0.0)
SRR8438054	(0.0, 0.0)	(1.0, 0.0)	(2.0, 0.0)	(3.0, 0.0)	(4.0, 0.0)	(5.0, 0.0)	(6.0, 0.0)	(7.0, 0.0)	(8.0, 0.0)	(9.0, 0.0)	(10.0, 0.0)	(11.0, 0.0)	(12.0, 0.0)	(13.0, 0.0)	(14.0, 0.0)	(15.0, 0.0)	(16.0, 0.0)	(17.0, 0.0)	(18.0, 0.0)	(19.0, 0.0)	(20.0, 0.0)	(21.0, 0.0)	(22.0, 0.0)	(23.0, 0.0)	(24.0, 0.0)	(25.0, 0.0)	(26.0, 0.0)	(27.0, 0.0)	(28.0, 0.0)	(29.0, 0.0)	(30.0, 0.0)	(31.0, 0.0)	(32.0, 0.0)	(33.0, 0.0)	(34.0, 0.0)	(35.0, 0.0)	(36.0, 0.0)	(37.0, 0.0)	(38.0, 0.0)	(39.0, 0.0)	(40.0, 0.0)	(41.0, 0.0)	(42.0, 0.0)	(43.0, 0.0)	(44.0, 0.0)	(45.0, 0.0)	(46.0, 0.0)	(47.0, 0.0)	(48.0, 0.0)	(49.0, 0.0)	(50.0, 0.3333333333333333)	(51.0, 0.0)	(52.0, 0.0)	(53.0, 0.0)	(54.0, 0.0)	(55.0, 0.0)	(56.0, 0.0)	(57.0, 0.0)	(58.0, 0.0)	(59.0, 0.0)	(60.0, 0.0)	(61.0, 0.0)	(62.0, 0.0)	(63.0, 0.0)	(64.0, 0.0)	(65.0, 0.0)	(66.0, 0.0)	(67.0, 0.0)	(68.0, 0.0)	(69.0, 0.0)	(70.0, 0.0)	(71.0, 0.0)	(72.0, 0.0)	(73.0, 0.0)	(74.0, 0.0)	(75.0, 0.0)	(76.0, 0.0)	(77.0, 0.0)	(78.0, 0.0)	(79.0, 0.0)	(80.0, 0.0)	(81.0, 0.0)	(82.0, 0.0)	(83.0, 0.0)	(84.0, 0.0)	(85.0, 0.0)	(86.0, 0.0)	(87.0, 0.0)	(88.0, 0.0)	(89.0, 0.0)	(90.0, 0.0)	(91.0, 0.0)	(92.0, 0.0)	(93.0, 0.0)	(94.0, 0.0)	(95.0, 0.0)	(96.0, 0.0)	(97.0, 0.0)	(98.0, 0.0)	(99.0, 0.0)	(100.0, 0.0)
SRR8438054_1	(0.0, 0.0)	(1.0, 0.0)	(2.0, 0.0)	(3.0, 0.0)	(4.0, 0.0)	(5.0, 0.0)	(6.0, 0.0)	(7.0, 0.0)	(8.0, 0.0)	(9.0, 0.0)	(10.0, 0.0)	(11.0, 0.0)	(12.0, 0.0)	(13.0, 0.0)	(14.0, 0.0)	(15.0, 0.0)	(16.0, 0.0)	(17.0, 0.0)	(18.0, 0.0)	(19.0, 0.0)	(20.0, 0.0)	(21.0, 0.0)	(22.0, 0.0)	(23.0, 0.0)	(24.0, 0.0)	(25.0, 0.0)	(26.0, 0.0)	(27.0, 0.0)	(28.0, 0.0)	(29.0, 0.0)	(30.0, 0.0)	(31.0, 0.0)	(32.0, 0.3333333333333333)	(33.0, 0.3333333333333333)	(34.0, 0.3333333333333333)	(35.0, 0.6666666666666666)	(36.0, 3.0)	(37.0, 23.333333333333318)	(38.0, 32.99999999999996)	(39.0, 16.00000000000001)	(40.0, 21.333333333333325)	(41.0, 51.66666666666676)	(42.0, 75.33333333333334)	(43.0, 65.66666666666681)	(44.0, 71.00000000000007)	(45.0, 80.33333333333327)	(46.0, 88.33333333333316)	(47.0, 102.66666666666629)	(48.0, 96.66666666666637)	(49.0, 72.66666666666671)	(50.0, 77.99999999999997)	(51.0, 126.66666666666595)	(52.0, 134.33333333333277)	(53.0, 85.66666666666653)	(54.0, 80.33333333333327)	(55.0, 53.333333333333435)	(56.0, 39.333333333333336)	(57.0, 22.999999999999986)	(58.0, 32.333333333333286)	(59.0, 26.333333333333307)	(60.0, 1.6666666666666665)	(61.0, 2.333333333333333)	(62.0, 0.6666666666666666)	(63.0, 0.6666666666666666)	(64.0, 0.3333333333333333)	(65.0, 0.0)	(66.0, 0.3333333333333333)	(67.0, 0.0)	(68.0, 0.0)	(69.0, 0.0)	(70.0, 0.0)	(71.0, 0.0)	(72.0, 0.0)	(73.0, 0.0)	(74.0, 0.0)	(75.0, 0.0)	(76.0, 0.0)	(77.0, 0.0)	(78.0, 0.0)	(79.0, 0.0)	(80.0, 0.0)	(81.0, 0.0)	(82.0, 0.0)	(83.0, 0.0)	(84.0, 0.0)	(85.0, 0.0)	(86.0, 0.0)	(87.0, 0.0)	(88.0, 0.0)	(89.0, 0.0)	(90.0, 0.0)	(91.0, 0.0)	(92.0, 0.0)	(93.0, 0.0)	(94.0, 0.0)	(95.0, 0.0)	(96.0, 0.0)	(97.0, 0.0)	(98.0, 0.0)	(99.0, 0.0)	(100.0, 0.0)
SRR8438054_2	(0.0, 0.0)	(1.0, 0.0)	(2.0, 0.0)	(3.0, 0.0)	(4.0, 0.0)	(5.0, 0.0)	(6.0, 0.0)	(7.0, 0.0)	(8.0, 0.0)	(9.0, 0.0)	(10.0, 0.0)	(11.0, 0.0)	(12.0, 0.0)	(13.0, 0.0)	(14.0, 0.0)	(15.0, 0.0)	(16.0, 0.0)	(17.0, 0.0)	(18.0, 0.0)	(19.0, 0.0)	(20.0, 0.0)	(21.0, 0.0)	(22.0, 0.0)	(23.0, 0.0)	(24.0, 0.0)	(25.0, 0.0)	(26.0, 0.0)	(27.0, 0.0)	(28.0, 0.0)	(29.0, 0.0)	(30.0, 0.0)	(31.0, 0.0)	(32.0, 0.0)	(33.0, 0.0)	(34.0, 0.0)	(35.0, 0.0)	(36.0, 0.0)	(37.0, 0.0)	(38.0, 0.0)	(39.0, 0.6666666666666666)	(40.0, 16.333333333333343)	(41.0, 22.999999999999986)	(42.0, 28.666666666666632)	(43.0, 13.666666666666673)	(44.0, 11.333333333333336)	(45.0, 17.000000000000007)	(46.0, 27.666666666666636)	(47.0, 56.33333333333346)	(48.0, 74.66666666666669)	(49.0, 89.9999999999998)	(50.0, 88.66666666666649)	(51.0, 91.99999999999977)	(52.0, 159.66666666666683)	(53.0, 180.00000000000074)	(54.0, 127.99999999999926)	(55.0, 123.66666666666599)	(56.0, 96.33333333333304)	(57.0, 55.33333333333345)	(58.0, 44.000000000000036)	(59.0, 54.00000000000011)	(60.0, 41.666666666666686)	(61.0, 28.999999999999964)	(62.0, 15.333333333333343)	(63.0, 7.9999999999999964)	(64.0, 3.0)	(65.0, 1.0)	(66.0, 0.6666666666666666)	(67.0, 1.0)	(68.0, 0.3333333333333333)	(69.0, 0.0)	(70.0, 0.0)	(71.0, 0.3333333333333333)	(72.0, 0.0)	(73.0, 0.0)	(74.0, 0.0)	(75.0, 0.0)	(76.0, 0.0)	(77.0, 0.3333333333333333)	(78.0, 0.3333333333333333)	(79.0, 0.0)	(80.0, 0.0)	(81.0, 0.0)	(82.0, 0.0)	(83.0, 0.0)	(84.0, 0.0)	(85.0, 0.0)	(86.0, 0.0)	(87.0, 0.0)	(88.0, 0.0)	(89.0, 0.0)	(90.0, 0.0)	(91.0, 0.0)	(92.0, 0.0)	(93.0, 0.0)	(94.0, 0.0)	(95.0, 0.0)	(96.0, 0.0)	(97.0, 0.0)	(98.0, 0.0)	(99.0, 0.0)	(100.0, 0.0)
SRR8438055	(0.0, 0.0)	(1.0, 0.0)	(2.0, 0.0)	(3.0, 0.0)	(4.0, 0.0)	(5.0, 0.0)	(6.0, 0.0)	(7.0, 0.0)	(8.0, 0.0)	(9.0, 0.0)	(10.0, 0.0)	(11.0, 0.0)	(12.0, 0.0)	(13.0, 0.0)	(14.0, 0.0)	(15.0, 0.0)	(16.0, 0.0)	(17.0, 0.0)	(18.0, 0.0)	(19.0, 0.0)	(20.0, 0.0)	(21.0, 0.0)	(22.0, 0.0)	(23.0, 0.0)	(24.0, 0.0)	(25.0, 0.0)	(26.0, 0.0)	(27.0, 0.0)	(28.0, 0.0)	(29.0, 0.0)	(30.0, 0.0)	(31.0, 0.0)	(32.0, 0.0)	(33.0, 0.0)	(34.0, 0.0)	(35.0, 0.0)	(36.0, 0.0)	(37.0, 0.0)	(38.0, 0.0)	(39.0, 0.0)	(40.0, 0.0)	(41.0, 0.0)	(42.0, 0.0)	(43.0, 0.3333333333333333)	(44.0, 0.6666666666666666)	(45.0, 2.6666666666666665)	(46.0, 2.6666666666666665)	(47.0, 2.333333333333333)	(48.0, 1.6666666666666665)	(49.0, 1.6666666666666665)	(50.0, 1.0)	(51.0, 0.0)	(52.0, 0.3333333333333333)	(53.0, 0.3333333333333333)	(54.0, 0.0)	(55.0, 0.0)	(56.0, 0.0)	(57.0, 0.0)	(58.0, 0.0)	(59.0, 0.0)	(60.0, 0.0)	(61.0, 0.0)	(62.0, 0.0)	(63.0, 0.0)	(64.0, 0.0)	(65.0, 0.0)	(66.0, 0.0)	(67.0, 0.0)	(68.0, 0.0)	(69.0, 0.0)	(70.0, 0.0)	(71.0, 0.0)	(72.0, 0.0)	(73.0, 0.0)	(74.0, 0.0)	(75.0, 0.0)	(76.0, 0.0)	(77.0, 0.0)	(78.0, 0.0)	(79.0, 0.0)	(80.0, 0.0)	(81.0, 0.0)	(82.0, 0.0)	(83.0, 0.0)	(84.0, 0.0)	(85.0, 0.0)	(86.0, 0.0)	(87.0, 0.0)	(88.0, 0.0)	(89.0, 0.0)	(90.0, 0.0)	(91.0, 0.0)	(92.0, 0.0)	(93.0, 0.0)	(94.0, 0.0)	(95.0, 0.0)	(96.0, 0.0)	(97.0, 0.0)	(98.0, 0.0)	(99.0, 0.0)	(100.0, 0.0)
SRR8438055_1	(0.0, 0.0)	(1.0, 0.0)	(2.0, 0.0)	(3.0, 0.0)	(4.0, 0.0)	(5.0, 0.0)	(6.0, 0.0)	(7.0, 0.0)	(8.0, 0.0)	(9.0, 0.0)	(10.0, 0.0)	(11.0, 0.0)	(12.0, 0.0)	(13.0, 0.0)	(14.0, 0.0)	(15.0, 0.0)	(16.0, 0.0)	(17.0, 0.0)	(18.0, 0.0)	(19.0, 0.0)	(20.0, 0.0)	(21.0, 0.0)	(22.0, 0.0)	(23.0, 0.0)	(24.0, 0.0)	(25.0, 0.0)	(26.0, 0.0)	(27.0, 0.0)	(28.0, 0.0)	(29.0, 0.0)	(30.0, 0.0)	(31.0, 0.0)	(32.0, 0.0)	(33.0, 0.3333333333333333)	(34.0, 0.3333333333333333)	(35.0, 1.0)	(36.0, 4.0)	(37.0, 6.333333333333331)	(38.0, 11.000000000000002)	(39.0, 19.666666666666664)	(40.0, 41.000000000000014)	(41.0, 60.66666666666682)	(42.0, 85.3333333333332)	(43.0, 117.33333333333275)	(44.0, 130.99999999999935)	(45.0, 130.666666666666)	(46.0, 290.3333333333343)	(47.0, 1946.6666666665033)	(48.0, 1234.6666666666652)	(49.0, 389.33333333332865)	(50.0, 1298.9999999999839)	(51.0, 14358.000000008235)	(52.0, 13560.66666667345)	(53.0, 4750.666666666816)	(54.0, 12647.66666667179)	(55.0, 9426.333333332597)	(56.0, 1313.9999999999804)	(57.0, 321.99999999999915)	(58.0, 102.66666666666629)	(59.0, 44.33333333333337)	(60.0, 19.999999999999996)	(61.0, 13.000000000000005)	(62.0, 6.333333333333331)	(63.0, 1.6666666666666665)	(64.0, 1.0)	(65.0, 1.0)	(66.0, 0.3333333333333333)	(67.0, 0.6666666666666666)	(68.0, 0.3333333333333333)	(69.0, 0.3333333333333333)	(70.0, 0.0)	(71.0, 0.0)	(72.0, 0.0)	(73.0, 0.0)	(74.0, 0.0)	(75.0, 0.0)	(76.0, 0.0)	(77.0, 0.0)	(78.0, 0.0)	(79.0, 0.0)	(80.0, 0.0)	(81.0, 0.0)	(82.0, 0.0)	(83.0, 0.0)	(84.0, 0.0)	(85.0, 0.0)	(86.0, 0.0)	(87.0, 0.0)	(88.0, 0.0)	(89.0, 0.0)	(90.0, 0.0)	(91.0, 0.0)	(92.0, 0.0)	(93.0, 0.0)	(94.0, 0.0)	(95.0, 0.0)	(96.0, 0.0)	(97.0, 0.0)	(98.0, 0.0)	(99.0, 0.0)	(100.0, 0.0)
SRR8438055_2	(0.0, 0.0)	(1.0, 0.0)	(2.0, 0.0)	(3.0, 0.0)	(4.0, 0.0)	(5.0, 0.0)	(6.0, 0.0)	(7.0, 0.0)	(8.0, 0.0)	(9.0, 0.0)	(10.0, 0.0)	(11.0, 0.0)	(12.0, 0.0)	(13.0, 0.0)	(14.0, 0.0)	(15.0, 0.0)	(16.0, 0.0)	(17.0, 0.0)	(18.0, 0.0)	(19.0, 0.0)	(20.0, 0.0)	(21.0, 0.0)	(22.0, 0.0)	(23.0, 0.0)	(24.0, 0.0)	(25.0, 0.0)	(26.0, 0.0)	(27.0, 0.0)	(28.0, 0.0)	(29.0, 0.0)	(30.0, 0.0)	(31.0, 0.0)	(32.0, 0.0)	(33.0, 0.0)	(34.0, 0.0)	(35.0, 0.0)	(36.0, 1.0)	(37.0, 2.333333333333333)	(38.0, 3.666666666666667)	(39.0, 13.33333333333334)	(40.0, 21.99999999999999)	(41.0, 38.33333333333333)	(42.0, 57.333333333333464)	(43.0, 78.99999999999996)	(44.0, 103.9999999999996)	(45.0, 484.66666666665657)	(46.0, 773.000000000018)	(47.0, 1357.9999999999707)	(48.0, 875.1666666666962)	(49.0, 378.1666666666626)	(50.0, 340.1666666666648)	(51.0, 1939.8333333331716)	(52.0, 13032.66666667249)	(53.0, 12883.000000005552)	(54.0, 7075.3333333313685)	(55.0, 11837.666666670317)	(56.0, 6013.333333332334)	(57.0, 2020.9999999998197)	(58.0, 827.0000000000241)	(59.0, 400.99999999999466)	(60.0, 221.6666666666686)	(61.0, 128.3333333333326)	(62.0, 91.33333333333312)	(63.0, 61.66666666666683)	(64.0, 38.33333333333333)	(65.0, 27.666666666666636)	(66.0, 23.999999999999982)	(67.0, 19.0)	(68.0, 11.000000000000002)	(69.0, 5.999999999999998)	(70.0, 3.0)	(71.0, 1.3333333333333333)	(72.0, 1.6666666666666665)	(73.0, 1.6666666666666665)	(74.0, 1.0)	(75.0, 1.0)	(76.0, 1.0)	(77.0, 0.3333333333333333)	(78.0, 0.3333333333333333)	(79.0, 0.6666666666666666)	(80.0, 0.3333333333333333)	(81.0, 0.0)	(82.0, 0.3333333333333333)	(83.0, 0.3333333333333333)	(84.0, 1.0)	(85.0, 1.0)	(86.0, 0.3333333333333333)	(87.0, 0.3333333333333333)	(88.0, 0.6666666666666666)	(89.0, 0.6666666666666666)	(90.0, 0.0)	(91.0, 0.0)	(92.0, 0.0)	(93.0, 0.0)	(94.0, 0.0)	(95.0, 0.0)	(96.0, 0.3333333333333333)	(97.0, 0.0)	(98.0, 0.0)	(99.0, 0.0)	(100.0, 0.0)
SRR8438056	(0.0, 0.0)	(1.0, 0.0)	(2.0, 0.0)	(3.0, 0.0)	(4.0, 0.0)	(5.0, 0.0)	(6.0, 0.0)	(7.0, 0.0)	(8.0, 0.0)	(9.0, 0.0)	(10.0, 0.0)	(11.0, 0.0)	(12.0, 0.0)	(13.0, 0.0)	(14.0, 0.0)	(15.0, 0.0)	(16.0, 0.0)	(17.0, 0.0)	(18.0, 0.0)	(19.0, 0.0)	(20.0, 0.0)	(21.0, 0.0)	(22.0, 0.0)	(23.0, 0.0)	(24.0, 0.0)	(25.0, 0.0)	(26.0, 0.0)	(27.0, 0.0)	(28.0, 0.0)	(29.0, 0.0)	(30.0, 0.0)	(31.0, 0.0)	(32.0, 0.0)	(33.0, 0.0)	(34.0, 0.0)	(35.0, 0.0)	(36.0, 0.0)	(37.0, 0.0)	(38.0, 0.0)	(39.0, 0.0)	(40.0, 0.0)	(41.0, 0.0)	(42.0, 0.0)	(43.0, 0.0)	(44.0, 0.3333333333333333)	(45.0, 0.3333333333333333)	(46.0, 0.0)	(47.0, 0.3333333333333333)	(48.0, 0.0)	(49.0, 0.3333333333333333)	(50.0, 1.0)	(51.0, 0.3333333333333333)	(52.0, 0.0)	(53.0, 0.0)	(54.0, 0.0)	(55.0, 0.0)	(56.0, 0.0)	(57.0, 0.0)	(58.0, 0.0)	(59.0, 0.0)	(60.0, 0.0)	(61.0, 0.0)	(62.0, 0.0)	(63.0, 0.0)	(64.0, 0.0)	(65.0, 0.0)	(66.0, 0.0)	(67.0, 0.0)	(68.0, 0.0)	(69.0, 0.0)	(70.0, 0.0)	(71.0, 0.0)	(72.0, 0.0)	(73.0, 0.0)	(74.0, 0.0)	(75.0, 0.0)	(76.0, 0.0)	(77.0, 0.0)	(78.0, 0.0)	(79.0, 0.0)	(80.0, 0.0)	(81.0, 0.0)	(82.0, 0.0)	(83.0, 0.0)	(84.0, 0.0)	(85.0, 0.0)	(86.0, 0.0)	(87.0, 0.0)	(88.0, 0.0)	(89.0, 0.0)	(90.0, 0.0)	(91.0, 0.0)	(92.0, 0.0)	(93.0, 0.0)	(94.0, 0.0)	(95.0, 0.0)	(96.0, 0.0)	(97.0, 0.0)	(98.0, 0.0)	(99.0, 0.0)	(100.0, 0.0)
SRR8438056_1	(0.0, 0.0)	(1.0, 0.0)	(2.0, 0.0)	(3.0, 0.0)	(4.0, 0.0)	(5.0, 0.0)	(6.0, 0.0)	(7.0, 0.0)	(8.0, 0.0)	(9.0, 0.0)	(10.0, 0.0)	(11.0, 0.0)	(12.0, 0.0)	(13.0, 0.0)	(14.0, 0.0)	(15.0, 0.0)	(16.0, 0.0)	(17.0, 0.0)	(18.0, 0.0)	(19.0, 0.0)	(20.0, 0.0)	(21.0, 0.0)	(22.0, 0.0)	(23.0, 0.0)	(24.0, 0.0)	(25.0, 0.0)	(26.0, 0.0)	(27.0, 0.0)	(28.0, 0.3333333333333333)	(29.0, 0.3333333333333333)	(30.0, 0.3333333333333333)	(31.0, 0.3333333333333333)	(32.0, 0.6666666666666666)	(33.0, 0.6666666666666666)	(34.0, 1.0)	(35.0, 1.6666666666666665)	(36.0, 5.333333333333332)	(37.0, 11.333333333333336)	(38.0, 14.000000000000007)	(39.0, 23.999999999999982)	(40.0, 89.66666666666647)	(41.0, 138.66666666666623)	(42.0, 273.33333333333525)	(43.0, 375.66666666666276)	(44.0, 582.9999999999964)	(45.0, 850.0000000000267)	(46.0, 612.333333333333)	(47.0, 619.6666666666672)	(48.0, 442.66666666665895)	(49.0, 748.0000000000151)	(50.0, 1832.333333333196)	(51.0, 5769.999999999222)	(52.0, 4642.000000000248)	(53.0, 1302.3333333333164)	(54.0, 1986.333333333161)	(55.0, 1677.6666666665644)	(56.0, 700.333333333343)	(57.0, 172.33333333333385)	(58.0, 31.33333333333329)	(59.0, 11.66666666666667)	(60.0, 5.666666666666665)	(61.0, 2.6666666666666665)	(62.0, 0.6666666666666666)	(63.0, 0.0)	(64.0, 0.0)	(65.0, 0.0)	(66.0, 0.3333333333333333)	(67.0, 0.0)	(68.0, 0.0)	(69.0, 0.0)	(70.0, 0.0)	(71.0, 0.0)	(72.0, 0.0)	(73.0, 0.0)	(74.0, 0.0)	(75.0, 0.0)	(76.0, 0.0)	(77.0, 0.0)	(78.0, 0.0)	(79.0, 0.0)	(80.0, 0.0)	(81.0, 0.0)	(82.0, 0.0)	(83.0, 0.0)	(84.0, 0.0)	(85.0, 0.0)	(86.0, 0.0)	(87.0, 0.0)	(88.0, 0.0)	(89.0, 0.0)	(90.0, 0.0)	(91.0, 0.0)	(92.0, 0.0)	(93.0, 0.0)	(94.0, 0.0)	(95.0, 0.0)	(96.0, 0.0)	(97.0, 0.0)	(98.0, 0.0)	(99.0, 0.0)	(100.0, 0.0)
SRR8438056_2	(0.0, 0.0)	(1.0, 0.0)	(2.0, 0.0)	(3.0, 0.0)	(4.0, 0.0)	(5.0, 0.0)	(6.0, 0.0)	(7.0, 0.0)	(8.0, 0.0)	(9.0, 0.0)	(10.0, 0.0)	(11.0, 0.0)	(12.0, 0.0)	(13.0, 0.0)	(14.0, 0.0)	(15.0, 0.0)	(16.0, 0.0)	(17.0, 0.0)	(18.0, 0.0)	(19.0, 0.0)	(20.0, 0.0)	(21.0, 0.0)	(22.0, 0.0)	(23.0, 0.0)	(24.0, 0.0)	(25.0, 0.0)	(26.0, 0.0)	(27.0, 0.3333333333333333)	(28.0, 0.6666666666666666)	(29.0, 0.6666666666666666)	(30.0, 0.6666666666666666)	(31.0, 1.0)	(32.0, 0.6666666666666666)	(33.0, 0.6666666666666666)	(34.0, 1.0)	(35.0, 3.0)	(36.0, 4.0)	(37.0, 4.0)	(38.0, 6.666666666666664)	(39.0, 8.666666666666664)	(40.0, 54.66666666666678)	(41.0, 79.99999999999994)	(42.0, 187.33333333333428)	(43.0, 604.6666666666655)	(44.0, 642.0000000000031)	(45.0, 548.9999999999925)	(46.0, 355.3333333333306)	(47.0, 438.9999999999925)	(48.0, 286.0000000000012)	(49.0, 687.6666666666749)	(50.0, 1657.3333333332357)	(51.0, 1428.3333333332878)	(52.0, 4774.333333333461)	(53.0, 4289.666666667235)	(54.0, 2115.9999999998445)	(55.0, 2140.333333333189)	(56.0, 1099.0000000000293)	(57.0, 627.0000000000014)	(58.0, 456.33333333332484)	(59.0, 232.33333333333556)	(60.0, 90.66666666666646)	(61.0, 50.66666666666675)	(62.0, 29.333333333333297)	(63.0, 19.333333333333332)	(64.0, 13.000000000000005)	(65.0, 10.333333333333334)	(66.0, 7.666666666666663)	(67.0, 6.666666666666664)	(68.0, 3.666666666666667)	(69.0, 1.9999999999999998)	(70.0, 1.9999999999999998)	(71.0, 0.6666666666666666)	(72.0, 0.3333333333333333)	(73.0, 0.0)	(74.0, 0.0)	(75.0, 0.6666666666666666)	(76.0, 0.3333333333333333)	(77.0, 0.0)	(78.0, 0.6666666666666666)	(79.0, 0.6666666666666666)	(80.0, 0.3333333333333333)	(81.0, 0.3333333333333333)	(82.0, 0.0)	(83.0, 0.3333333333333333)	(84.0, 0.0)	(85.0, 0.0)	(86.0, 0.0)	(87.0, 0.0)	(88.0, 0.0)	(89.0, 0.0)	(90.0, 0.0)	(91.0, 0.3333333333333333)	(92.0, 0.6666666666666666)	(93.0, 0.0)	(94.0, 0.0)	(95.0, 0.0)	(96.0, 0.0)	(97.0, 0.0)	(98.0, 0.0)	(99.0, 0.3333333333333333)	(100.0, 0.0)
SRR8438057	(0.0, 0.0)	(1.0, 0.0)	(2.0, 0.0)	(3.0, 0.0)	(4.0, 0.0)	(5.0, 0.0)	(6.0, 0.0)	(7.0, 0.0)	(8.0, 0.0)	(9.0, 0.0)	(10.0, 0.0)	(11.0, 0.0)	(12.0, 0.0)	(13.0, 0.0)	(14.0, 0.0)	(15.0, 0.0)	(16.0, 0.0)	(17.0, 0.0)	(18.0, 0.0)	(19.0, 0.0)	(20.0, 0.0)	(21.0, 0.0)	(22.0, 0.0)	(23.0, 0.0)	(24.0, 0.0)	(25.0, 0.0)	(26.0, 0.0)	(27.0, 0.0)	(28.0, 0.0)	(29.0, 0.0)	(30.0, 0.0)	(31.0, 0.0)	(32.0, 0.0)	(33.0, 0.0)	(34.0, 0.0)	(35.0, 0.0)	(36.0, 0.0)	(37.0, 0.0)	(38.0, 0.0)	(39.0, 0.0)	(40.0, 0.0)	(41.0, 0.0)	(42.0, 0.0)	(43.0, 0.0)	(44.0, 0.3333333333333333)	(45.0, 0.3333333333333333)	(46.0, 2.333333333333333)	(47.0, 0.6666666666666666)	(48.0, 0.6666666666666666)	(49.0, 1.0)	(50.0, 1.3333333333333333)	(51.0, 0.3333333333333333)	(52.0, 0.3333333333333333)	(53.0, 0.0)	(54.0, 0.0)	(55.0, 0.0)	(56.0, 0.0)	(57.0, 0.0)	(58.0, 0.0)	(59.0, 0.0)	(60.0, 0.0)	(61.0, 0.0)	(62.0, 0.0)	(63.0, 0.0)	(64.0, 0.0)	(65.0, 0.0)	(66.0, 0.0)	(67.0, 0.0)	(68.0, 0.0)	(69.0, 0.0)	(70.0, 0.0)	(71.0, 0.0)	(72.0, 0.0)	(73.0, 0.0)	(74.0, 0.0)	(75.0, 0.0)	(76.0, 0.0)	(77.0, 0.0)	(78.0, 0.0)	(79.0, 0.0)	(80.0, 0.0)	(81.0, 0.0)	(82.0, 0.0)	(83.0, 0.0)	(84.0, 0.0)	(85.0, 0.0)	(86.0, 0.0)	(87.0, 0.0)	(88.0, 0.0)	(89.0, 0.0)	(90.0, 0.0)	(91.0, 0.0)	(92.0, 0.0)	(93.0, 0.0)	(94.0, 0.0)	(95.0, 0.0)	(96.0, 0.0)	(97.0, 0.0)	(98.0, 0.0)	(99.0, 0.0)	(100.0, 0.0)
SRR8438057_1	(0.0, 0.0)	(1.0, 0.0)	(2.0, 0.0)	(3.0, 0.0)	(4.0, 0.0)	(5.0, 0.0)	(6.0, 0.0)	(7.0, 0.0)	(8.0, 0.0)	(9.0, 0.0)	(10.0, 0.0)	(11.0, 0.0)	(12.0, 0.0)	(13.0, 0.0)	(14.0, 0.0)	(15.0, 0.0)	(16.0, 0.0)	(17.0, 0.0)	(18.0, 0.0)	(19.0, 0.0)	(20.0, 0.0)	(21.0, 0.0)	(22.0, 0.0)	(23.0, 0.0)	(24.0, 0.0)	(25.0, 0.0)	(26.0, 0.0)	(27.0, 0.0)	(28.0, 0.0)	(29.0, 0.0)	(30.0, 0.0)	(31.0, 0.0)	(32.0, 0.0)	(33.0, 0.0)	(34.0, 0.3333333333333333)	(35.0, 12.666666666666671)	(36.0, 5.666666666666665)	(37.0, 3.666666666666667)	(38.0, 7.9999999999999964)	(39.0, 12.666666666666671)	(40.0, 28.666666666666632)	(41.0, 37.66666666666666)	(42.0, 186.0000000000009)	(43.0, 681.6666666666742)	(44.0, 313.6666666666663)	(45.0, 146.9999999999998)	(46.0, 193.6666666666678)	(47.0, 3739.0000000005825)	(48.0, 4724.66666666684)	(49.0, 927.6666666667022)	(50.0, 833.6666666666915)	(51.0, 11616.33333333658)	(52.0, 14167.666666674555)	(53.0, 4484.000000000392)	(54.0, 2026.666666666485)	(55.0, 921.6666666667015)	(56.0, 324.999999999999)	(57.0, 163.00000000000026)	(58.0, 48.666666666666735)	(59.0, 22.999999999999986)	(60.0, 9.666666666666666)	(61.0, 2.333333333333333)	(62.0, 1.0)	(63.0, 0.3333333333333333)	(64.0, 0.3333333333333333)	(65.0, 0.6666666666666666)	(66.0, 0.6666666666666666)	(67.0, 0.3333333333333333)	(68.0, 0.0)	(69.0, 0.0)	(70.0, 0.0)	(71.0, 0.0)	(72.0, 0.0)	(73.0, 0.0)	(74.0, 0.0)	(75.0, 0.0)	(76.0, 0.0)	(77.0, 0.0)	(78.0, 0.0)	(79.0, 0.0)	(80.0, 0.0)	(81.0, 0.0)	(82.0, 0.0)	(83.0, 0.0)	(84.0, 0.0)	(85.0, 0.0)	(86.0, 0.0)	(87.0, 0.0)	(88.0, 0.0)	(89.0, 0.0)	(90.0, 0.0)	(91.0, 0.0)	(92.0, 0.0)	(93.0, 0.0)	(94.0, 0.0)	(95.0, 0.0)	(96.0, 0.0)	(97.0, 0.0)	(98.0, 0.0)	(99.0, 0.0)	(100.0, 0.0)
SRR8438057_2	(0.0, 0.0)	(1.0, 0.0)	(2.0, 0.0)	(3.0, 0.0)	(4.0, 0.0)	(5.0, 0.0)	(6.0, 0.0)	(7.0, 0.0)	(8.0, 0.0)	(9.0, 0.0)	(10.0, 0.0)	(11.0, 0.0)	(12.0, 0.0)	(13.0, 0.0)	(14.0, 0.0)	(15.0, 0.0)	(16.0, 0.0)	(17.0, 0.0)	(18.0, 0.0)	(19.0, 0.0)	(20.0, 0.0)	(21.0, 0.0)	(22.0, 0.0)	(23.0, 0.0)	(24.0, 0.0)	(25.0, 0.0)	(26.0, 0.0)	(27.0, 0.0)	(28.0, 0.0)	(29.0, 0.0)	(30.0, 0.0)	(31.0, 0.0)	(32.0, 0.0)	(33.0, 0.3333333333333333)	(34.0, 0.3333333333333333)	(35.0, 1.6666666666666665)	(36.0, 10.666666666666668)	(37.0, 5.999999999999998)	(38.0, 4.333333333333333)	(39.0, 11.333333333333336)	(40.0, 22.166666666666657)	(41.0, 45.16666666666671)	(42.0, 70.50000000000009)	(43.0, 114.83333333333279)	(44.0, 595.6666666666645)	(45.0, 3200.6666666670044)	(46.0, 4463.333333333744)	(47.0, 1489.333333333274)	(48.0, 654.6666666666712)	(49.0, 313.6666666666663)	(50.0, 282.66666666666805)	(51.0, 852.3333333333603)	(52.0, 10483.666666667854)	(53.0, 13546.333333340091)	(54.0, 4797.33333333344)	(55.0, 1736.9999999998843)	(56.0, 930.3333333333692)	(57.0, 424.9999999999933)	(58.0, 243.66666666666922)	(59.0, 154.0)	(60.0, 84.99999999999987)	(61.0, 43.00000000000003)	(62.0, 24.666666666666647)	(63.0, 14.000000000000007)	(64.0, 13.33333333333334)	(65.0, 9.666666666666666)	(66.0, 6.666666666666664)	(67.0, 4.333333333333333)	(68.0, 1.6666666666666665)	(69.0, 1.0)	(70.0, 1.3333333333333333)	(71.0, 0.3333333333333333)	(72.0, 0.3333333333333333)	(73.0, 0.3333333333333333)	(74.0, 0.0)	(75.0, 0.3333333333333333)	(76.0, 1.0)	(77.0, 0.3333333333333333)	(78.0, 0.3333333333333333)	(79.0, 0.6666666666666666)	(80.0, 0.3333333333333333)	(81.0, 0.0)	(82.0, 0.6666666666666666)	(83.0, 1.0)	(84.0, 0.0)	(85.0, 0.0)	(86.0, 0.0)	(87.0, 0.0)	(88.0, 0.0)	(89.0, 0.0)	(90.0, 0.0)	(91.0, 0.0)	(92.0, 0.0)	(93.0, 0.0)	(94.0, 0.0)	(95.0, 0.3333333333333333)	(96.0, 0.0)	(97.0, 0.3333333333333333)	(98.0, 0.0)	(99.0, 0.0)	(100.0, 0.0)
SRR8438058	(0.0, 0.0)	(1.0, 0.0)	(2.0, 0.0)	(3.0, 0.0)	(4.0, 0.0)	(5.0, 0.0)	(6.0, 0.0)	(7.0, 0.0)	(8.0, 0.0)	(9.0, 0.0)	(10.0, 0.0)	(11.0, 0.0)	(12.0, 0.0)	(13.0, 0.0)	(14.0, 0.0)	(15.0, 0.0)	(16.0, 0.0)	(17.0, 0.0)	(18.0, 0.0)	(19.0, 0.0)	(20.0, 0.0)	(21.0, 0.0)	(22.0, 0.0)	(23.0, 0.0)	(24.0, 0.0)	(25.0, 0.0)	(26.0, 0.0)	(27.0, 0.0)	(28.0, 0.0)	(29.0, 0.0)	(30.0, 0.0)	(31.0, 0.0)	(32.0, 0.0)	(33.0, 0.0)	(34.0, 0.0)	(35.0, 0.0)	(36.0, 0.0)	(37.0, 0.0)	(38.0, 0.0)	(39.0, 0.0)	(40.0, 0.3333333333333333)	(41.0, 0.3333333333333333)	(42.0, 0.0)	(43.0, 1.0)	(44.0, 1.6666666666666665)	(45.0, 1.3333333333333333)	(46.0, 1.6666666666666665)	(47.0, 1.3333333333333333)	(48.0, 1.0)	(49.0, 0.6666666666666666)	(50.0, 0.3333333333333333)	(51.0, 0.0)	(52.0, 0.0)	(53.0, 0.0)	(54.0, 0.0)	(55.0, 0.0)	(56.0, 0.0)	(57.0, 0.0)	(58.0, 0.0)	(59.0, 0.0)	(60.0, 0.0)	(61.0, 0.0)	(62.0, 0.0)	(63.0, 0.0)	(64.0, 0.0)	(65.0, 0.0)	(66.0, 0.0)	(67.0, 0.0)	(68.0, 0.0)	(69.0, 0.0)	(70.0, 0.0)	(71.0, 0.0)	(72.0, 0.0)	(73.0, 0.0)	(74.0, 0.0)	(75.0, 0.0)	(76.0, 0.0)	(77.0, 0.0)	(78.0, 0.0)	(79.0, 0.0)	(80.0, 0.0)	(81.0, 0.0)	(82.0, 0.0)	(83.0, 0.0)	(84.0, 0.0)	(85.0, 0.0)	(86.0, 0.0)	(87.0, 0.0)	(88.0, 0.0)	(89.0, 0.0)	(90.0, 0.0)	(91.0, 0.0)	(92.0, 0.0)	(93.0, 0.0)	(94.0, 0.0)	(95.0, 0.0)	(96.0, 0.0)	(97.0, 0.0)	(98.0, 0.0)	(99.0, 0.0)	(100.0, 0.0)
SRR8438058_1	(0.0, 0.0)	(1.0, 0.0)	(2.0, 0.0)	(3.0, 0.0)	(4.0, 0.0)	(5.0, 0.0)	(6.0, 0.0)	(7.0, 0.0)	(8.0, 0.0)	(9.0, 0.0)	(10.0, 0.0)	(11.0, 0.0)	(12.0, 0.0)	(13.0, 0.0)	(14.0, 0.0)	(15.0, 0.0)	(16.0, 0.0)	(17.0, 0.0)	(18.0, 0.0)	(19.0, 0.0)	(20.0, 0.0)	(21.0, 0.0)	(22.0, 0.0)	(23.0, 0.0)	(24.0, 0.0)	(25.0, 0.0)	(26.0, 0.0)	(27.0, 0.0)	(28.0, 0.0)	(29.0, 0.3333333333333333)	(30.0, 0.0)	(31.0, 0.0)	(32.0, 0.3333333333333333)	(33.0, 0.0)	(34.0, 0.0)	(35.0, 0.3333333333333333)	(36.0, 25.666666666666643)	(37.0, 35.33333333333331)	(38.0, 26.99999999999997)	(39.0, 20.33333333333333)	(40.0, 91.33333333333312)	(41.0, 117.66666666666607)	(42.0, 111.66666666666616)	(43.0, 137.6666666666662)	(44.0, 133.33333333333275)	(45.0, 166.00000000000034)	(46.0, 257.33333333333616)	(47.0, 373.33333333332956)	(48.0, 1173.0000000000125)	(49.0, 10488.000000001195)	(50.0, 4485.666666667057)	(51.0, 6424.666666665294)	(52.0, 7167.666666664618)	(53.0, 2594.000000000062)	(54.0, 1913.3333333331775)	(55.0, 1304.9999999999825)	(56.0, 913.6666666667006)	(57.0, 304.3333333333335)	(58.0, 176.00000000000063)	(59.0, 97.66666666666636)	(60.0, 40.00000000000001)	(61.0, 18.666666666666668)	(62.0, 4.0)	(63.0, 7.666666666666663)	(64.0, 22.666666666666654)	(65.0, 3.3333333333333335)	(66.0, 0.6666666666666666)	(67.0, 0.3333333333333333)	(68.0, 0.3333333333333333)	(69.0, 0.0)	(70.0, 0.0)	(71.0, 0.0)	(72.0, 0.0)	(73.0, 0.0)	(74.0, 0.0)	(75.0, 0.0)	(76.0, 0.0)	(77.0, 0.0)	(78.0, 0.0)	(79.0, 0.0)	(80.0, 0.0)	(81.0, 0.0)	(82.0, 0.0)	(83.0, 0.0)	(84.0, 0.0)	(85.0, 0.0)	(86.0, 0.0)	(87.0, 0.0)	(88.0, 0.0)	(89.0, 0.0)	(90.0, 0.0)	(91.0, 0.0)	(92.0, 0.0)	(93.0, 0.0)	(94.0, 0.0)	(95.0, 0.0)	(96.0, 0.0)	(97.0, 0.0)	(98.0, 0.0)	(99.0, 0.0)	(100.0, 0.0)
SRR8438058_2	(0.0, 0.0)	(1.0, 0.0)	(2.0, 0.0)	(3.0, 0.0)	(4.0, 0.0)	(5.0, 0.0)	(6.0, 0.0)	(7.0, 0.0)	(8.0, 0.0)	(9.0, 0.0)	(10.0, 0.0)	(11.0, 0.0)	(12.0, 0.0)	(13.0, 0.0)	(14.0, 0.0)	(15.0, 0.0)	(16.0, 0.0)	(17.0, 0.0)	(18.0, 0.0)	(19.0, 0.0)	(20.0, 0.0)	(21.0, 0.0)	(22.0, 0.0)	(23.0, 0.0)	(24.0, 0.0)	(25.0, 0.0)	(26.0, 0.0)	(27.0, 0.0)	(28.0, 0.0)	(29.0, 0.0)	(30.0, 0.0)	(31.0, 0.0)	(32.0, 0.0)	(33.0, 0.3333333333333333)	(34.0, 0.6666666666666666)	(35.0, 4.999999999999999)	(36.0, 29.66666666666663)	(37.0, 10.0)	(38.0, 8.999999999999998)	(39.0, 48.3333333333334)	(40.0, 75.33333333333334)	(41.0, 98.66666666666634)	(42.0, 131.3333333333327)	(43.0, 128.66666666666595)	(44.0, 117.66666666666607)	(45.0, 158.33333333333346)	(46.0, 206.83333333333485)	(47.0, 255.16666666666956)	(48.0, 359.999999999997)	(49.0, 6457.166666665264)	(50.0, 9785.166666666584)	(51.0, 3259.666666667031)	(52.0, 5303.666666666313)	(53.0, 6502.999999998556)	(54.0, 2744.00000000013)	(55.0, 1651.9999999999036)	(56.0, 1454.9999999999484)	(57.0, 1228.6666666666665)	(58.0, 732.66666666668)	(59.0, 428.99999999999307)	(60.0, 258.0000000000028)	(61.0, 154.0)	(62.0, 114.99999999999945)	(63.0, 75.00000000000001)	(64.0, 48.000000000000064)	(65.0, 46.66666666666672)	(66.0, 36.999999999999986)	(67.0, 20.999999999999993)	(68.0, 13.33333333333334)	(69.0, 7.33333333333333)	(70.0, 4.333333333333333)	(71.0, 3.0)	(72.0, 2.333333333333333)	(73.0, 2.6666666666666665)	(74.0, 1.3333333333333333)	(75.0, 0.3333333333333333)	(76.0, 0.6666666666666666)	(77.0, 0.6666666666666666)	(78.0, 1.3333333333333333)	(79.0, 0.6666666666666666)	(80.0, 0.0)	(81.0, 0.0)	(82.0, 0.0)	(83.0, 0.0)	(84.0, 0.0)	(85.0, 0.3333333333333333)	(86.0, 0.0)	(87.0, 0.0)	(88.0, 0.0)	(89.0, 0.3333333333333333)	(90.0, 0.6666666666666666)	(91.0, 0.6666666666666666)	(92.0, 0.3333333333333333)	(93.0, 0.0)	(94.0, 0.0)	(95.0, 0.0)	(96.0, 0.0)	(97.0, 0.0)	(98.0, 0.0)	(99.0, 0.0)	(100.0, 0.5)
SRR8438059	(0.0, 0.0)	(1.0, 0.0)	(2.0, 0.0)	(3.0, 0.0)	(4.0, 0.0)	(5.0, 0.0)	(6.0, 0.0)	(7.0, 0.0)	(8.0, 0.0)	(9.0, 0.0)	(10.0, 0.0)	(11.0, 0.0)	(12.0, 0.0)	(13.0, 0.0)	(14.0, 0.0)	(15.0, 0.0)	(16.0, 0.0)	(17.0, 0.0)	(18.0, 0.0)	(19.0, 0.0)	(20.0, 0.0)	(21.0, 0.0)	(22.0, 0.0)	(23.0, 0.0)	(24.0, 0.0)	(25.0, 0.0)	(26.0, 0.0)	(27.0, 0.0)	(28.0, 0.0)	(29.0, 0.0)	(30.0, 0.0)	(31.0, 0.0)	(32.0, 0.0)	(33.0, 0.0)	(34.0, 0.0)	(35.0, 0.0)	(36.0, 0.0)	(37.0, 0.0)	(38.0, 0.0)	(39.0, 0.0)	(40.0, 0.0)	(41.0, 0.6666666666666666)	(42.0, 0.6666666666666666)	(43.0, 0.3333333333333333)	(44.0, 0.0)	(45.0, 0.3333333333333333)	(46.0, 0.6666666666666666)	(47.0, 0.6666666666666666)	(48.0, 1.3333333333333333)	(49.0, 2.333333333333333)	(50.0, 1.0)	(51.0, 0.0)	(52.0, 0.0)	(53.0, 0.0)	(54.0, 0.0)	(55.0, 0.0)	(56.0, 0.0)	(57.0, 0.0)	(58.0, 0.0)	(59.0, 0.0)	(60.0, 0.0)	(61.0, 0.0)	(62.0, 0.0)	(63.0, 0.0)	(64.0, 0.0)	(65.0, 0.0)	(66.0, 0.0)	(67.0, 0.0)	(68.0, 0.0)	(69.0, 0.0)	(70.0, 0.0)	(71.0, 0.0)	(72.0, 0.0)	(73.0, 0.0)	(74.0, 0.0)	(75.0, 0.0)	(76.0, 0.0)	(77.0, 0.0)	(78.0, 0.0)	(79.0, 0.0)	(80.0, 0.0)	(81.0, 0.0)	(82.0, 0.0)	(83.0, 0.0)	(84.0, 0.0)	(85.0, 0.0)	(86.0, 0.0)	(87.0, 0.0)	(88.0, 0.0)	(89.0, 0.0)	(90.0, 0.0)	(91.0, 0.0)	(92.0, 0.0)	(93.0, 0.0)	(94.0, 0.0)	(95.0, 0.0)	(96.0, 0.0)	(97.0, 0.0)	(98.0, 0.0)	(99.0, 0.0)	(100.0, 0.0)
SRR8438059_1	(0.0, 0.0)	(1.0, 0.0)	(2.0, 0.0)	(3.0, 0.0)	(4.0, 0.0)	(5.0, 0.0)	(6.0, 0.0)	(7.0, 0.0)	(8.0, 0.0)	(9.0, 0.0)	(10.0, 0.0)	(11.0, 0.0)	(12.0, 0.0)	(13.0, 0.0)	(14.0, 0.0)	(15.0, 0.0)	(16.0, 0.0)	(17.0, 0.0)	(18.0, 0.0)	(19.0, 0.0)	(20.0, 0.0)	(21.0, 0.0)	(22.0, 0.0)	(23.0, 0.0)	(24.0, 0.0)	(25.0, 0.3333333333333333)	(26.0, 0.0)	(27.0, 0.0)	(28.0, 0.0)	(29.0, 0.0)	(30.0, 0.0)	(31.0, 0.3333333333333333)	(32.0, 0.6666666666666666)	(33.0, 1.3333333333333333)	(34.0, 1.0)	(35.0, 0.3333333333333333)	(36.0, 4.0)	(37.0, 7.666666666666663)	(38.0, 9.333333333333332)	(39.0, 16.00000000000001)	(40.0, 33.66666666666663)	(41.0, 103.33333333333294)	(42.0, 139.66666666666626)	(43.0, 230.00000000000216)	(44.0, 261.0000000000026)	(45.0, 305.66666666666674)	(46.0, 312.66666666666634)	(47.0, 2142.33333333319)	(48.0, 2561.000000000047)	(49.0, 588.6666666666637)	(50.0, 834.6666666666916)	(51.0, 6024.9999999989905)	(52.0, 6375.333333332005)	(53.0, 2409.6666666666447)	(54.0, 1322.3333333333119)	(55.0, 474.99999999999045)	(56.0, 403.33333333332786)	(57.0, 219.00000000000185)	(58.0, 59.00000000000014)	(59.0, 29.66666666666663)	(60.0, 9.333333333333332)	(61.0, 4.333333333333333)	(62.0, 1.9999999999999998)	(63.0, 0.6666666666666666)	(64.0, 0.3333333333333333)	(65.0, 0.0)	(66.0, 0.3333333333333333)	(67.0, 0.3333333333333333)	(68.0, 0.3333333333333333)	(69.0, 0.3333333333333333)	(70.0, 0.0)	(71.0, 0.0)	(72.0, 0.3333333333333333)	(73.0, 0.0)	(74.0, 0.0)	(75.0, 0.0)	(76.0, 0.0)	(77.0, 0.0)	(78.0, 0.0)	(79.0, 0.0)	(80.0, 0.0)	(81.0, 0.0)	(82.0, 0.0)	(83.0, 0.0)	(84.0, 0.0)	(85.0, 0.0)	(86.0, 0.0)	(87.0, 0.0)	(88.0, 0.0)	(89.0, 0.0)	(90.0, 0.0)	(91.0, 0.0)	(92.0, 0.0)	(93.0, 0.0)	(94.0, 0.0)	(95.0, 0.0)	(96.0, 0.0)	(97.0, 0.0)	(98.0, 0.0)	(99.0, 0.0)	(100.0, 0.0)
SRR8438059_2	(0.0, 0.0)	(1.0, 0.0)	(2.0, 0.0)	(3.0, 0.0)	(4.0, 0.0)	(5.0, 0.0)	(6.0, 0.0)	(7.0, 0.0)	(8.0, 0.0)	(9.0, 0.0)	(10.0, 0.0)	(11.0, 0.0)	(12.0, 0.0)	(13.0, 0.0)	(14.0, 0.0)	(15.0, 0.0)	(16.0, 0.0)	(17.0, 0.0)	(18.0, 0.0)	(19.0, 0.0)	(20.0, 0.0)	(21.0, 0.0)	(22.0, 0.0)	(23.0, 0.0)	(24.0, 0.0)	(25.0, 0.0)	(26.0, 0.0)	(27.0, 0.0)	(28.0, 0.3333333333333333)	(29.0, 0.6666666666666666)	(30.0, 0.3333333333333333)	(31.0, 0.6666666666666666)	(32.0, 0.0)	(33.0, 0.0)	(34.0, 0.0)	(35.0, 0.0)	(36.0, 1.0)	(37.0, 1.0)	(38.0, 1.0)	(39.0, 5.333333333333332)	(40.0, 14.000000000000007)	(41.0, 29.66666666666663)	(42.0, 139.33333333333292)	(43.0, 288.8333333333344)	(44.0, 307.8333333333333)	(45.0, 1640.999999999906)	(46.0, 2362.33333333329)	(47.0, 1021.6666666667129)	(48.0, 538.9999999999914)	(49.0, 322.9999999999991)	(50.0, 342.3333333333313)	(51.0, 1008.6666666667114)	(52.0, 5437.333333332858)	(53.0, 6018.33333333233)	(54.0, 2422.999999999984)	(55.0, 1070.6666666667024)	(56.0, 662.6666666666721)	(57.0, 345.9999999999978)	(58.0, 186.33333333333425)	(59.0, 148.33333333333317)	(60.0, 89.33333333333314)	(61.0, 51.66666666666676)	(62.0, 30.666666666666625)	(63.0, 18.333333333333336)	(64.0, 8.999999999999998)	(65.0, 6.666666666666664)	(66.0, 6.333333333333331)	(67.0, 3.3333333333333335)	(68.0, 1.3333333333333333)	(69.0, 0.0)	(70.0, 0.6666666666666666)	(71.0, 0.6666666666666666)	(72.0, 0.3333333333333333)	(73.0, 0.3333333333333333)	(74.0, 0.3333333333333333)	(75.0, 0.6666666666666666)	(76.0, 0.3333333333333333)	(77.0, 0.0)	(78.0, 0.0)	(79.0, 0.0)	(80.0, 0.0)	(81.0, 0.3333333333333333)	(82.0, 0.3333333333333333)	(83.0, 0.0)	(84.0, 0.6666666666666666)	(85.0, 0.6666666666666666)	(86.0, 0.0)	(87.0, 0.0)	(88.0, 0.0)	(89.0, 0.0)	(90.0, 0.0)	(91.0, 0.3333333333333333)	(92.0, 0.3333333333333333)	(93.0, 0.0)	(94.0, 0.0)	(95.0, 0.0)	(96.0, 0.0)	(97.0, 0.0)	(98.0, 0.0)	(99.0, 0.0)	(100.0, 0.0)
SRR8438060	(0.0, 0.0)	(1.0, 0.0)	(2.0, 0.0)	(3.0, 0.0)	(4.0, 0.0)	(5.0, 0.0)	(6.0, 0.0)	(7.0, 0.0)	(8.0, 0.0)	(9.0, 0.0)	(10.0, 0.0)	(11.0, 0.0)	(12.0, 0.0)	(13.0, 0.0)	(14.0, 0.0)	(15.0, 0.0)	(16.0, 0.0)	(17.0, 0.0)	(18.0, 0.0)	(19.0, 0.0)	(20.0, 0.0)	(21.0, 0.0)	(22.0, 0.0)	(23.0, 0.0)	(24.0, 0.0)	(25.0, 0.0)	(26.0, 0.0)	(27.0, 0.0)	(28.0, 0.0)	(29.0, 0.0)	(30.0, 0.0)	(31.0, 0.0)	(32.0, 0.0)	(33.0, 0.0)	(34.0, 0.0)	(35.0, 0.0)	(36.0, 0.0)	(37.0, 0.0)	(38.0, 0.0)	(39.0, 0.0)	(40.0, 0.3333333333333333)	(41.0, 0.3333333333333333)	(42.0, 0.0)	(43.0, 0.0)	(44.0, 0.0)	(45.0, 0.6666666666666666)	(46.0, 0.6666666666666666)	(47.0, 0.0)	(48.0, 0.0)	(49.0, 0.0)	(50.0, 0.3333333333333333)	(51.0, 0.0)	(52.0, 0.3333333333333333)	(53.0, 0.0)	(54.0, 0.0)	(55.0, 0.0)	(56.0, 0.0)	(57.0, 0.0)	(58.0, 0.0)	(59.0, 0.0)	(60.0, 0.0)	(61.0, 0.0)	(62.0, 0.0)	(63.0, 0.0)	(64.0, 0.0)	(65.0, 0.0)	(66.0, 0.0)	(67.0, 0.0)	(68.0, 0.0)	(69.0, 0.0)	(70.0, 0.0)	(71.0, 0.0)	(72.0, 0.0)	(73.0, 0.0)	(74.0, 0.0)	(75.0, 0.0)	(76.0, 0.0)	(77.0, 0.0)	(78.0, 0.0)	(79.0, 0.0)	(80.0, 0.0)	(81.0, 0.0)	(82.0, 0.0)	(83.0, 0.0)	(84.0, 0.0)	(85.0, 0.0)	(86.0, 0.0)	(87.0, 0.0)	(88.0, 0.0)	(89.0, 0.0)	(90.0, 0.0)	(91.0, 0.0)	(92.0, 0.0)	(93.0, 0.0)	(94.0, 0.0)	(95.0, 0.0)	(96.0, 0.0)	(97.0, 0.0)	(98.0, 0.0)	(99.0, 0.0)	(100.0, 0.0)
SRR8438060_1	(0.0, 0.0)	(1.0, 0.0)	(2.0, 0.0)	(3.0, 0.0)	(4.0, 0.0)	(5.0, 0.0)	(6.0, 0.0)	(7.0, 0.0)	(8.0, 0.0)	(9.0, 0.0)	(10.0, 0.0)	(11.0, 0.0)	(12.0, 0.0)	(13.0, 0.0)	(14.0, 0.0)	(15.0, 0.0)	(16.0, 0.0)	(17.0, 0.0)	(18.0, 0.0)	(19.0, 0.0)	(20.0, 0.0)	(21.0, 0.0)	(22.0, 0.0)	(23.0, 0.0)	(24.0, 0.0)	(25.0, 0.0)	(26.0, 0.0)	(27.0, 0.0)	(28.0, 0.3333333333333333)	(29.0, 1.0)	(30.0, 1.6666666666666665)	(31.0, 0.6666666666666666)	(32.0, 1.0)	(33.0, 7.9999999999999964)	(34.0, 103.9999999999996)	(35.0, 32.99999999999996)	(36.0, 8.666666666666664)	(37.0, 13.33333333333334)	(38.0, 64.3333333333335)	(39.0, 64.66666666666683)	(40.0, 117.66666666666607)	(41.0, 183.6666666666675)	(42.0, 269.6666666666688)	(43.0, 350.33333333333087)	(44.0, 458.33333333332473)	(45.0, 604.6666666666655)	(46.0, 739.6666666666808)	(47.0, 628.0000000000015)	(48.0, 528.3333333333235)	(49.0, 490.99999999998954)	(50.0, 513.3333333333218)	(51.0, 1047.0000000000412)	(52.0, 1271.3333333333235)	(53.0, 542.9999999999918)	(54.0, 428.66666666665975)	(55.0, 275.0000000000018)	(56.0, 259.00000000000273)	(57.0, 225.6666666666687)	(58.0, 69.0000000000001)	(59.0, 20.33333333333333)	(60.0, 10.0)	(61.0, 3.666666666666667)	(62.0, 0.6666666666666666)	(63.0, 1.9999999999999998)	(64.0, 1.0)	(65.0, 0.3333333333333333)	(66.0, 0.3333333333333333)	(67.0, 0.0)	(68.0, 0.0)	(69.0, 0.0)	(70.0, 0.0)	(71.0, 0.3333333333333333)	(72.0, 0.3333333333333333)	(73.0, 0.0)	(74.0, 0.0)	(75.0, 0.0)	(76.0, 0.0)	(77.0, 0.0)	(78.0, 0.0)	(79.0, 0.0)	(80.0, 0.0)	(81.0, 0.0)	(82.0, 0.0)	(83.0, 0.0)	(84.0, 0.0)	(85.0, 0.0)	(86.0, 0.0)	(87.0, 0.0)	(88.0, 0.0)	(89.0, 0.0)	(90.0, 0.0)	(91.0, 0.0)	(92.0, 0.0)	(93.0, 0.0)	(94.0, 0.0)	(95.0, 0.0)	(96.0, 0.0)	(97.0, 0.0)	(98.0, 0.0)	(99.0, 0.0)	(100.0, 0.0)
SRR8438060_2	(0.0, 0.0)	(1.0, 0.0)	(2.0, 0.0)	(3.0, 0.0)	(4.0, 0.0)	(5.0, 0.0)	(6.0, 0.0)	(7.0, 0.0)	(8.0, 0.0)	(9.0, 0.0)	(10.0, 0.0)	(11.0, 0.0)	(12.0, 0.0)	(13.0, 0.0)	(14.0, 0.0)	(15.0, 0.0)	(16.0, 0.0)	(17.0, 0.0)	(18.0, 0.0)	(19.0, 0.0)	(20.0, 0.0)	(21.0, 0.0)	(22.0, 0.0)	(23.0, 0.0)	(24.0, 0.0)	(25.0, 0.0)	(26.0, 0.0)	(27.0, 0.3333333333333333)	(28.0, 0.3333333333333333)	(29.0, 0.0)	(30.0, 0.0)	(31.0, 0.0)	(32.0, 1.0)	(33.0, 2.333333333333333)	(34.0, 10.666666666666668)	(35.0, 67.66666666666679)	(36.0, 44.33333333333337)	(37.0, 14.333333333333341)	(38.0, 17.33333333333334)	(39.0, 28.666666666666632)	(40.0, 24.333333333333314)	(41.0, 21.333333333333325)	(42.0, 21.333333333333325)	(43.0, 30.333333333333293)	(44.0, 48.666666666666735)	(45.0, 98.66666666666634)	(46.0, 163.3333333333336)	(47.0, 316.3333333333328)	(48.0, 374.99999999999613)	(49.0, 436.6666666666593)	(50.0, 535.1666666666576)	(51.0, 635.166666666669)	(52.0, 1227.3333333333335)	(53.0, 1548.3333333332605)	(54.0, 882.3333333333637)	(55.0, 659.000000000005)	(56.0, 546.3333333333255)	(57.0, 446.99999999999204)	(58.0, 362.9999999999968)	(59.0, 260.0000000000027)	(60.0, 193.0000000000011)	(61.0, 130.99999999999935)	(62.0, 83.33333333333323)	(63.0, 54.66666666666678)	(64.0, 32.99999999999996)	(65.0, 25.999999999999975)	(66.0, 15.000000000000009)	(67.0, 7.9999999999999964)	(68.0, 5.666666666666665)	(69.0, 7.33333333333333)	(70.0, 4.333333333333333)	(71.0, 1.6666666666666665)	(72.0, 1.9999999999999998)	(73.0, 1.3333333333333333)	(74.0, 1.0)	(75.0, 1.3333333333333333)	(76.0, 0.3333333333333333)	(77.0, 0.0)	(78.0, 0.0)	(79.0, 0.6666666666666666)	(80.0, 0.3333333333333333)	(81.0, 0.6666666666666666)	(82.0, 0.6666666666666666)	(83.0, 0.6666666666666666)	(84.0, 0.0)	(85.0, 0.3333333333333333)	(86.0, 0.0)	(87.0, 0.0)	(88.0, 0.0)	(89.0, 0.0)	(90.0, 0.0)	(91.0, 0.0)	(92.0, 0.0)	(93.0, 0.0)	(94.0, 0.0)	(95.0, 0.0)	(96.0, 0.0)	(97.0, 0.0)	(98.0, 0.3333333333333333)	(99.0, 0.0)	(100.0, 0.0)
SRR8438061	(0.0, 0.0)	(1.0, 0.0)	(2.0, 0.0)	(3.0, 0.0)	(4.0, 0.0)	(5.0, 0.0)	(6.0, 0.0)	(7.0, 0.0)	(8.0, 0.0)	(9.0, 0.0)	(10.0, 0.0)	(11.0, 0.0)	(12.0, 0.0)	(13.0, 0.0)	(14.0, 0.0)	(15.0, 0.0)	(16.0, 0.0)	(17.0, 0.0)	(18.0, 0.0)	(19.0, 0.0)	(20.0, 0.0)	(21.0, 0.0)	(22.0, 0.0)	(23.0, 0.0)	(24.0, 0.0)	(25.0, 0.0)	(26.0, 0.0)	(27.0, 0.0)	(28.0, 0.0)	(29.0, 0.0)	(30.0, 0.0)	(31.0, 0.0)	(32.0, 0.0)	(33.0, 0.0)	(34.0, 0.0)	(35.0, 0.0)	(36.0, 0.0)	(37.0, 0.0)	(38.0, 0.0)	(39.0, 0.0)	(40.0, 0.3333333333333333)	(41.0, 0.3333333333333333)	(42.0, 0.0)	(43.0, 0.3333333333333333)	(44.0, 0.6666666666666666)	(45.0, 1.6666666666666665)	(46.0, 2.6666666666666665)	(47.0, 3.0)	(48.0, 3.0)	(49.0, 1.3333333333333333)	(50.0, 1.0)	(51.0, 0.3333333333333333)	(52.0, 0.0)	(53.0, 0.6666666666666666)	(54.0, 0.6666666666666666)	(55.0, 0.0)	(56.0, 0.0)	(57.0, 0.0)	(58.0, 0.0)	(59.0, 0.0)	(60.0, 0.0)	(61.0, 0.0)	(62.0, 0.0)	(63.0, 0.0)	(64.0, 0.0)	(65.0, 0.0)	(66.0, 0.0)	(67.0, 0.0)	(68.0, 0.0)	(69.0, 0.0)	(70.0, 0.0)	(71.0, 0.0)	(72.0, 0.0)	(73.0, 0.0)	(74.0, 0.0)	(75.0, 0.0)	(76.0, 0.0)	(77.0, 0.0)	(78.0, 0.0)	(79.0, 0.0)	(80.0, 0.0)	(81.0, 0.0)	(82.0, 0.0)	(83.0, 0.0)	(84.0, 0.0)	(85.0, 0.0)	(86.0, 0.0)	(87.0, 0.0)	(88.0, 0.0)	(89.0, 0.0)	(90.0, 0.0)	(91.0, 0.0)	(92.0, 0.0)	(93.0, 0.0)	(94.0, 0.0)	(95.0, 0.0)	(96.0, 0.0)	(97.0, 0.0)	(98.0, 0.0)	(99.0, 0.0)	(100.0, 0.0)
SRR8438061_1	(0.0, 0.0)	(1.0, 0.0)	(2.0, 0.0)	(3.0, 0.0)	(4.0, 0.0)	(5.0, 0.0)	(6.0, 0.0)	(7.0, 0.0)	(8.0, 0.0)	(9.0, 0.0)	(10.0, 0.0)	(11.0, 0.0)	(12.0, 0.0)	(13.0, 0.0)	(14.0, 0.0)	(15.0, 0.0)	(16.0, 0.0)	(17.0, 0.0)	(18.0, 0.0)	(19.0, 0.0)	(20.0, 0.0)	(21.0, 0.0)	(22.0, 0.0)	(23.0, 0.0)	(24.0, 0.0)	(25.0, 0.0)	(26.0, 0.0)	(27.0, 0.0)	(28.0, 0.0)	(29.0, 0.0)	(30.0, 0.0)	(31.0, 0.3333333333333333)	(32.0, 0.3333333333333333)	(33.0, 0.0)	(34.0, 0.3333333333333333)	(35.0, 0.6666666666666666)	(36.0, 2.6666666666666665)	(37.0, 6.666666666666664)	(38.0, 15.000000000000009)	(39.0, 23.333333333333318)	(40.0, 46.00000000000005)	(41.0, 60.00000000000015)	(42.0, 75.00000000000001)	(43.0, 100.99999999999964)	(44.0, 178.66666666666737)	(45.0, 162.6666666666669)	(46.0, 231.66666666666887)	(47.0, 3013.0000000002524)	(48.0, 3764.000000000594)	(49.0, 1022.0000000000463)	(50.0, 1040.6666666667093)	(51.0, 8508.333333330927)	(52.0, 9373.999999999169)	(53.0, 3869.0000000006416)	(54.0, 2680.3333333334344)	(55.0, 1117.3333333333585)	(56.0, 659.6666666666717)	(57.0, 572.3333333333285)	(58.0, 107.66666666666622)	(59.0, 46.00000000000005)	(60.0, 23.333333333333318)	(61.0, 11.66666666666667)	(62.0, 4.333333333333333)	(63.0, 1.3333333333333333)	(64.0, 1.0)	(65.0, 1.3333333333333333)	(66.0, 0.0)	(67.0, 0.0)	(68.0, 0.0)	(69.0, 0.0)	(70.0, 0.0)	(71.0, 0.0)	(72.0, 0.0)	(73.0, 0.0)	(74.0, 0.0)	(75.0, 0.0)	(76.0, 0.0)	(77.0, 0.0)	(78.0, 0.0)	(79.0, 0.0)	(80.0, 0.0)	(81.0, 0.0)	(82.0, 0.0)	(83.0, 0.0)	(84.0, 0.0)	(85.0, 0.0)	(86.0, 0.0)	(87.0, 0.0)	(88.0, 0.0)	(89.0, 0.0)	(90.0, 0.0)	(91.0, 0.0)	(92.0, 0.0)	(93.0, 0.0)	(94.0, 0.0)	(95.0, 0.0)	(96.0, 0.0)	(97.0, 0.0)	(98.0, 0.0)	(99.0, 0.0)	(100.0, 0.0)
SRR8438061_2	(0.0, 0.0)	(1.0, 0.0)	(2.0, 0.0)	(3.0, 0.0)	(4.0, 0.0)	(5.0, 0.0)	(6.0, 0.0)	(7.0, 0.0)	(8.0, 0.0)	(9.0, 0.0)	(10.0, 0.0)	(11.0, 0.0)	(12.0, 0.0)	(13.0, 0.0)	(14.0, 0.0)	(15.0, 0.0)	(16.0, 0.0)	(17.0, 0.0)	(18.0, 0.0)	(19.0, 0.0)	(20.0, 0.0)	(21.0, 0.0)	(22.0, 0.0)	(23.0, 0.0)	(24.0, 0.0)	(25.0, 0.0)	(26.0, 0.0)	(27.0, 0.0)	(28.0, 0.0)	(29.0, 0.0)	(30.0, 0.0)	(31.0, 0.0)	(32.0, 0.0)	(33.0, 0.6666666666666666)	(34.0, 2.333333333333333)	(35.0, 1.0)	(36.0, 1.3333333333333333)	(37.0, 6.666666666666664)	(38.0, 5.999999999999998)	(39.0, 14.666666666666675)	(40.0, 28.999999999999964)	(41.0, 46.00000000000005)	(42.0, 55.666666666666785)	(43.0, 117.66666666666607)	(44.0, 166.66666666666703)	(45.0, 2263.333333333245)	(46.0, 3471.333333333794)	(47.0, 1338.999999999975)	(48.0, 654.6666666666711)	(49.0, 418.99999999999363)	(50.0, 440.9999999999924)	(51.0, 1178.3333333333446)	(52.0, 7970.666666663888)	(53.0, 9079.6666666653)	(54.0, 3985.333333334028)	(55.0, 2136.999999999854)	(56.0, 1347.6666666666395)	(57.0, 613.9999999999999)	(58.0, 252.66666666666947)	(59.0, 143.66666666666637)	(60.0, 101.99999999999963)	(61.0, 69.33333333333343)	(62.0, 40.33333333333334)	(63.0, 28.666666666666632)	(64.0, 17.66666666666667)	(65.0, 12.666666666666671)	(66.0, 6.999999999999997)	(67.0, 3.666666666666667)	(68.0, 3.3333333333333335)	(69.0, 3.666666666666667)	(70.0, 0.6666666666666666)	(71.0, 0.6666666666666666)	(72.0, 0.6666666666666666)	(73.0, 0.3333333333333333)	(74.0, 1.0)	(75.0, 1.3333333333333333)	(76.0, 1.3333333333333333)	(77.0, 1.0)	(78.0, 1.0)	(79.0, 0.0)	(80.0, 0.3333333333333333)	(81.0, 0.3333333333333333)	(82.0, 1.0)	(83.0, 1.0)	(84.0, 0.3333333333333333)	(85.0, 0.0)	(86.0, 0.0)	(87.0, 0.0)	(88.0, 0.0)	(89.0, 0.0)	(90.0, 0.0)	(91.0, 0.0)	(92.0, 0.3333333333333333)	(93.0, 0.3333333333333333)	(94.0, 0.0)	(95.0, 0.3333333333333333)	(96.0, 0.0)	(97.0, 0.3333333333333333)	(98.0, 0.3333333333333333)	(99.0, 0.0)	(100.0, 0.0)
SRR8438062	(0.0, 0.0)	(1.0, 0.0)	(2.0, 0.0)	(3.0, 0.0)	(4.0, 0.0)	(5.0, 0.0)	(6.0, 0.0)	(7.0, 0.0)	(8.0, 0.0)	(9.0, 0.0)	(10.0, 0.0)	(11.0, 0.0)	(12.0, 0.0)	(13.0, 0.0)	(14.0, 0.0)	(15.0, 0.0)	(16.0, 0.0)	(17.0, 0.0)	(18.0, 0.0)	(19.0, 0.0)	(20.0, 0.0)	(21.0, 0.0)	(22.0, 0.0)	(23.0, 0.0)	(24.0, 0.0)	(25.0, 0.0)	(26.0, 0.0)	(27.0, 0.0)	(28.0, 0.0)	(29.0, 0.0)	(30.0, 0.0)	(31.0, 0.0)	(32.0, 0.0)	(33.0, 0.0)	(34.0, 0.0)	(35.0, 0.0)	(36.0, 0.0)	(37.0, 0.0)	(38.0, 0.0)	(39.0, 0.0)	(40.0, 0.0)	(41.0, 0.3333333333333333)	(42.0, 0.3333333333333333)	(43.0, 0.0)	(44.0, 0.0)	(45.0, 0.0)	(46.0, 0.3333333333333333)	(47.0, 0.0)	(48.0, 0.0)	(49.0, 0.0)	(50.0, 0.3333333333333333)	(51.0, 0.0)	(52.0, 0.0)	(53.0, 0.0)	(54.0, 0.0)	(55.0, 0.0)	(56.0, 0.3333333333333333)	(57.0, 0.3333333333333333)	(58.0, 0.0)	(59.0, 0.0)	(60.0, 0.0)	(61.0, 0.0)	(62.0, 0.0)	(63.0, 0.0)	(64.0, 0.0)	(65.0, 0.0)	(66.0, 0.0)	(67.0, 0.0)	(68.0, 0.0)	(69.0, 0.0)	(70.0, 0.0)	(71.0, 0.0)	(72.0, 0.0)	(73.0, 0.0)	(74.0, 0.0)	(75.0, 0.0)	(76.0, 0.0)	(77.0, 0.0)	(78.0, 0.0)	(79.0, 0.0)	(80.0, 0.0)	(81.0, 0.0)	(82.0, 0.0)	(83.0, 0.0)	(84.0, 0.0)	(85.0, 0.0)	(86.0, 0.0)	(87.0, 0.0)	(88.0, 0.0)	(89.0, 0.0)	(90.0, 0.0)	(91.0, 0.0)	(92.0, 0.0)	(93.0, 0.0)	(94.0, 0.0)	(95.0, 0.0)	(96.0, 0.0)	(97.0, 0.0)	(98.0, 0.0)	(99.0, 0.0)	(100.0, 0.0)
SRR8438062_1	(0.0, 0.0)	(1.0, 0.0)	(2.0, 0.0)	(3.0, 0.0)	(4.0, 0.0)	(5.0, 0.0)	(6.0, 0.0)	(7.0, 0.0)	(8.0, 0.0)	(9.0, 0.0)	(10.0, 0.0)	(11.0, 0.0)	(12.0, 0.0)	(13.0, 0.0)	(14.0, 0.0)	(15.0, 0.0)	(16.0, 0.0)	(17.0, 0.3333333333333333)	(18.0, 0.0)	(19.0, 0.0)	(20.0, 0.0)	(21.0, 0.3333333333333333)	(22.0, 0.3333333333333333)	(23.0, 0.3333333333333333)	(24.0, 0.0)	(25.0, 0.3333333333333333)	(26.0, 1.3333333333333333)	(27.0, 1.0)	(28.0, 0.0)	(29.0, 1.0)	(30.0, 69.66666666666676)	(31.0, 104.33333333333293)	(32.0, 19.999999999999996)	(33.0, 16.00000000000001)	(34.0, 127.99999999999926)	(35.0, 74.66666666666669)	(36.0, 24.99999999999998)	(37.0, 37.99999999999999)	(38.0, 72.66666666666671)	(39.0, 219.00000000000185)	(40.0, 337.99999999999824)	(41.0, 345.33333333333115)	(42.0, 406.3333333333277)	(43.0, 777.0000000000184)	(44.0, 2218.9999999998913)	(45.0, 2961.333333333562)	(46.0, 1227.6666666666667)	(47.0, 804.0000000000215)	(48.0, 866.3333333333619)	(49.0, 630.6666666666684)	(50.0, 592.3333333333308)	(51.0, 1202.3333333333392)	(52.0, 1095.0000000000302)	(53.0, 836.3333333333585)	(54.0, 1148.6666666666847)	(55.0, 770.0000000000176)	(56.0, 556.9999999999934)	(57.0, 272.000000000002)	(58.0, 120.3333333333327)	(59.0, 45.33333333333338)	(60.0, 13.000000000000005)	(61.0, 6.666666666666664)	(62.0, 5.666666666666665)	(63.0, 4.0)	(64.0, 1.9999999999999998)	(65.0, 1.6666666666666665)	(66.0, 0.6666666666666666)	(67.0, 0.0)	(68.0, 0.3333333333333333)	(69.0, 0.3333333333333333)	(70.0, 0.3333333333333333)	(71.0, 0.0)	(72.0, 0.0)	(73.0, 0.0)	(74.0, 0.0)	(75.0, 0.0)	(76.0, 0.0)	(77.0, 0.0)	(78.0, 0.0)	(79.0, 0.0)	(80.0, 0.0)	(81.0, 0.0)	(82.0, 0.0)	(83.0, 0.0)	(84.0, 0.0)	(85.0, 0.0)	(86.0, 0.0)	(87.0, 0.0)	(88.0, 0.0)	(89.0, 0.0)	(90.0, 0.0)	(91.0, 0.0)	(92.0, 0.0)	(93.0, 0.0)	(94.0, 0.0)	(95.0, 0.0)	(96.0, 0.0)	(97.0, 0.0)	(98.0, 0.0)	(99.0, 0.0)	(100.0, 0.0)
SRR8438062_2	(0.0, 0.0)	(1.0, 0.0)	(2.0, 0.0)	(3.0, 0.0)	(4.0, 0.0)	(5.0, 0.0)	(6.0, 0.0)	(7.0, 0.0)	(8.0, 0.0)	(9.0, 0.0)	(10.0, 0.0)	(11.0, 0.0)	(12.0, 0.0)	(13.0, 0.0)	(14.0, 0.0)	(15.0, 0.0)	(16.0, 0.0)	(17.0, 0.0)	(18.0, 0.0)	(19.0, 0.0)	(20.0, 0.0)	(21.0, 0.0)	(22.0, 0.0)	(23.0, 0.0)	(24.0, 0.0)	(25.0, 0.0)	(26.0, 0.0)	(27.0, 0.3333333333333333)	(28.0, 1.6666666666666665)	(29.0, 48.666666666666735)	(30.0, 89.9999999999998)	(31.0, 29.333333333333297)	(32.0, 12.333333333333337)	(33.0, 13.666666666666673)	(34.0, 27.333333333333304)	(35.0, 84.99999999999987)	(36.0, 66.6666666666668)	(37.0, 19.999999999999996)	(38.0, 43.333333333333364)	(39.0, 106.66666666666623)	(40.0, 97.99999999999969)	(41.0, 69.66666666666676)	(42.0, 160.00000000000017)	(43.0, 425.3333333333266)	(44.0, 389.33333333332865)	(45.0, 937.0000000000366)	(46.0, 2083.333333333163)	(47.0, 1261.3333333333258)	(48.0, 1108.6666666666938)	(49.0, 999.333333333377)	(50.0, 915.3333333333675)	(51.0, 845.6666666666929)	(52.0, 1348.333333333306)	(53.0, 1458.333333333281)	(54.0, 1074.000000000035)	(55.0, 990.6666666667094)	(56.0, 951.3333333333716)	(57.0, 675.0000000000068)	(58.0, 527.6666666666567)	(59.0, 393.66666666666174)	(60.0, 284.3333333333346)	(61.0, 183.00000000000082)	(62.0, 105.99999999999957)	(63.0, 58.33333333333347)	(64.0, 34.99999999999997)	(65.0, 29.333333333333297)	(66.0, 18.000000000000004)	(67.0, 14.000000000000007)	(68.0, 7.666666666666663)	(69.0, 5.999999999999998)	(70.0, 6.666666666666664)	(71.0, 2.6666666666666665)	(72.0, 1.9999999999999998)	(73.0, 4.0)	(74.0, 1.6666666666666665)	(75.0, 0.3333333333333333)	(76.0, 1.0)	(77.0, 0.6666666666666666)	(78.0, 0.0)	(79.0, 0.0)	(80.0, 0.0)	(81.0, 0.0)	(82.0, 0.0)	(83.0, 0.0)	(84.0, 0.3333333333333333)	(85.0, 0.3333333333333333)	(86.0, 0.0)	(87.0, 0.0)	(88.0, 0.0)	(89.0, 0.0)	(90.0, 0.0)	(91.0, 0.0)	(92.0, 0.0)	(93.0, 0.6666666666666666)	(94.0, 0.3333333333333333)	(95.0, 0.0)	(96.0, 0.0)	(97.0, 0.3333333333333333)	(98.0, 0.0)	(99.0, 0.0)	(100.0, 0.5)
SRR8438063	(0.0, 0.0)	(1.0, 0.0)	(2.0, 0.0)	(3.0, 0.0)	(4.0, 0.0)	(5.0, 0.0)	(6.0, 0.0)	(7.0, 0.0)	(8.0, 0.0)	(9.0, 0.0)	(10.0, 0.0)	(11.0, 0.0)	(12.0, 0.0)	(13.0, 0.0)	(14.0, 0.0)	(15.0, 0.0)	(16.0, 0.0)	(17.0, 0.0)	(18.0, 0.0)	(19.0, 0.0)	(20.0, 0.0)	(21.0, 0.0)	(22.0, 0.0)	(23.0, 0.0)	(24.0, 0.0)	(25.0, 0.0)	(26.0, 0.0)	(27.0, 0.0)	(28.0, 0.0)	(29.0, 0.0)	(30.0, 0.0)	(31.0, 0.0)	(32.0, 0.0)	(33.0, 0.0)	(34.0, 0.0)	(35.0, 0.0)	(36.0, 0.0)	(37.0, 0.0)	(38.0, 0.0)	(39.0, 0.0)	(40.0, 0.0)	(41.0, 0.0)	(42.0, 0.0)	(43.0, 0.0)	(44.0, 0.3333333333333333)	(45.0, 0.6666666666666666)	(46.0, 1.9999999999999998)	(47.0, 1.6666666666666665)	(48.0, 1.3333333333333333)	(49.0, 1.0)	(50.0, 0.0)	(51.0, 0.3333333333333333)	(52.0, 0.3333333333333333)	(53.0, 0.0)	(54.0, 0.0)	(55.0, 0.0)	(56.0, 0.0)	(57.0, 0.0)	(58.0, 0.0)	(59.0, 0.0)	(60.0, 0.0)	(61.0, 0.0)	(62.0, 0.0)	(63.0, 0.0)	(64.0, 0.0)	(65.0, 0.0)	(66.0, 0.0)	(67.0, 0.0)	(68.0, 0.0)	(69.0, 0.0)	(70.0, 0.0)	(71.0, 0.0)	(72.0, 0.0)	(73.0, 0.0)	(74.0, 0.0)	(75.0, 0.0)	(76.0, 0.0)	(77.0, 0.0)	(78.0, 0.0)	(79.0, 0.0)	(80.0, 0.0)	(81.0, 0.0)	(82.0, 0.0)	(83.0, 0.0)	(84.0, 0.0)	(85.0, 0.0)	(86.0, 0.0)	(87.0, 0.0)	(88.0, 0.0)	(89.0, 0.0)	(90.0, 0.0)	(91.0, 0.0)	(92.0, 0.0)	(93.0, 0.0)	(94.0, 0.0)	(95.0, 0.0)	(96.0, 0.0)	(97.0, 0.0)	(98.0, 0.0)	(99.0, 0.0)	(100.0, 0.0)
SRR8438063_1	(0.0, 0.0)	(1.0, 0.0)	(2.0, 0.0)	(3.0, 0.0)	(4.0, 0.0)	(5.0, 0.0)	(6.0, 0.0)	(7.0, 0.0)	(8.0, 0.0)	(9.0, 0.0)	(10.0, 0.0)	(11.0, 0.0)	(12.0, 0.0)	(13.0, 0.0)	(14.0, 0.0)	(15.0, 0.0)	(16.0, 0.0)	(17.0, 0.0)	(18.0, 0.0)	(19.0, 0.0)	(20.0, 0.0)	(21.0, 0.0)	(22.0, 0.0)	(23.0, 0.0)	(24.0, 0.0)	(25.0, 0.0)	(26.0, 0.0)	(27.0, 0.0)	(28.0, 0.0)	(29.0, 0.0)	(30.0, 0.0)	(31.0, 0.0)	(32.0, 0.0)	(33.0, 0.0)	(34.0, 3.0)	(35.0, 0.6666666666666666)	(36.0, 1.0)	(37.0, 1.9999999999999998)	(38.0, 2.6666666666666665)	(39.0, 14.333333333333341)	(40.0, 135.3333333333328)	(41.0, 124.33333333333265)	(42.0, 121.66666666666602)	(43.0, 125.99999999999929)	(44.0, 171.33333333333383)	(45.0, 209.00000000000156)	(46.0, 205.3333333333348)	(47.0, 225.00000000000202)	(48.0, 308.33333333333326)	(49.0, 499.6666666666557)	(50.0, 993.3333333333763)	(51.0, 15210.666666676452)	(52.0, 17639.666666674017)	(53.0, 2927.3333333335468)	(54.0, 1465.3333333332794)	(55.0, 901.3333333333659)	(56.0, 620.3333333333339)	(57.0, 219.66666666666853)	(58.0, 164.66666666666697)	(59.0, 66.6666666666668)	(60.0, 31.999999999999954)	(61.0, 22.999999999999986)	(62.0, 12.666666666666671)	(63.0, 11.333333333333336)	(64.0, 27.666666666666636)	(65.0, 3.3333333333333335)	(66.0, 1.9999999999999998)	(67.0, 1.0)	(68.0, 0.3333333333333333)	(69.0, 0.0)	(70.0, 0.0)	(71.0, 0.0)	(72.0, 0.0)	(73.0, 0.0)	(74.0, 0.0)	(75.0, 0.0)	(76.0, 0.0)	(77.0, 0.0)	(78.0, 0.0)	(79.0, 0.0)	(80.0, 0.0)	(81.0, 0.0)	(82.0, 0.0)	(83.0, 0.0)	(84.0, 0.0)	(85.0, 0.0)	(86.0, 0.0)	(87.0, 0.0)	(88.0, 0.0)	(89.0, 0.0)	(90.0, 0.0)	(91.0, 0.0)	(92.0, 0.0)	(93.0, 0.0)	(94.0, 0.0)	(95.0, 0.0)	(96.0, 0.0)	(97.0, 0.0)	(98.0, 0.0)	(99.0, 0.0)	(100.0, 0.0)
SRR8438063_2	(0.0, 0.0)	(1.0, 0.0)	(2.0, 0.0)	(3.0, 0.0)	(4.0, 0.0)	(5.0, 0.0)	(6.0, 0.0)	(7.0, 0.0)	(8.0, 0.0)	(9.0, 0.0)	(10.0, 0.0)	(11.0, 0.0)	(12.0, 0.0)	(13.0, 0.0)	(14.0, 0.0)	(15.0, 0.0)	(16.0, 0.0)	(17.0, 0.0)	(18.0, 0.0)	(19.0, 0.0)	(20.0, 0.0)	(21.0, 0.0)	(22.0, 0.0)	(23.0, 0.0)	(24.0, 0.0)	(25.0, 0.0)	(26.0, 0.0)	(27.0, 0.0)	(28.0, 0.0)	(29.0, 0.0)	(30.0, 0.3333333333333333)	(31.0, 0.0)	(32.0, 0.0)	(33.0, 0.3333333333333333)	(34.0, 1.0)	(35.0, 1.3333333333333333)	(36.0, 0.3333333333333333)	(37.0, 1.6666666666666665)	(38.0, 6.666666666666664)	(39.0, 83.33333333333323)	(40.0, 107.33333333333289)	(41.0, 56.00000000000012)	(42.0, 128.9999999999993)	(43.0, 197.00000000000122)	(44.0, 172.6666666666672)	(45.0, 129.66666666666598)	(46.0, 146.33333333333312)	(47.0, 209.00000000000156)	(48.0, 151.33333333333326)	(49.0, 319.99999999999926)	(50.0, 727.0000000000127)	(51.0, 931.6666666667027)	(52.0, 12129.666666670848)	(53.0, 16107.666666678084)	(54.0, 4070.6666666674)	(55.0, 1685.6666666665626)	(56.0, 1059.3333333333717)	(57.0, 875.6666666666963)	(58.0, 580.6666666666628)	(59.0, 328.3333333333321)	(60.0, 196.0000000000012)	(61.0, 132.9999999999994)	(62.0, 95.99999999999972)	(63.0, 63.66666666666684)	(64.0, 41.33333333333335)	(65.0, 42.33333333333336)	(66.0, 35.33333333333331)	(67.0, 19.333333333333332)	(68.0, 11.000000000000002)	(69.0, 7.9999999999999964)	(70.0, 2.333333333333333)	(71.0, 2.6666666666666665)	(72.0, 0.6666666666666666)	(73.0, 0.3333333333333333)	(74.0, 0.3333333333333333)	(75.0, 0.3333333333333333)	(76.0, 0.0)	(77.0, 0.0)	(78.0, 0.0)	(79.0, 0.6666666666666666)	(80.0, 0.0)	(81.0, 0.0)	(82.0, 0.0)	(83.0, 0.3333333333333333)	(84.0, 0.0)	(85.0, 0.0)	(86.0, 0.3333333333333333)	(87.0, 0.3333333333333333)	(88.0, 0.0)	(89.0, 0.0)	(90.0, 0.0)	(91.0, 0.0)	(92.0, 0.0)	(93.0, 0.0)	(94.0, 0.0)	(95.0, 0.0)	(96.0, 0.0)	(97.0, 0.0)	(98.0, 0.0)	(99.0, 0.0)	(100.0, 0.0)
SRR8438064	(0.0, 0.0)	(1.0, 0.0)	(2.0, 0.0)	(3.0, 0.0)	(4.0, 0.0)	(5.0, 0.0)	(6.0, 0.0)	(7.0, 0.0)	(8.0, 0.0)	(9.0, 0.0)	(10.0, 0.0)	(11.0, 0.0)	(12.0, 0.0)	(13.0, 0.0)	(14.0, 0.0)	(15.0, 0.0)	(16.0, 0.0)	(17.0, 0.0)	(18.0, 0.0)	(19.0, 0.0)	(20.0, 0.0)	(21.0, 0.0)	(22.0, 0.0)	(23.0, 0.0)	(24.0, 0.0)	(25.0, 0.0)	(26.0, 0.0)	(27.0, 0.0)	(28.0, 0.0)	(29.0, 0.0)	(30.0, 0.0)	(31.0, 0.0)	(32.0, 0.0)	(33.0, 0.0)	(34.0, 0.0)	(35.0, 0.0)	(36.0, 0.0)	(37.0, 0.0)	(38.0, 0.0)	(39.0, 0.0)	(40.0, 0.0)	(41.0, 0.0)	(42.0, 0.0)	(43.0, 0.0)	(44.0, 0.6666666666666666)	(45.0, 0.3333333333333333)	(46.0, 0.3333333333333333)	(47.0, 0.6666666666666666)	(48.0, 0.0)	(49.0, 0.0)	(50.0, 0.0)	(51.0, 0.0)	(52.0, 0.0)	(53.0, 0.0)	(54.0, 0.0)	(55.0, 0.0)	(56.0, 0.0)	(57.0, 0.0)	(58.0, 0.0)	(59.0, 0.0)	(60.0, 0.0)	(61.0, 0.0)	(62.0, 0.0)	(63.0, 0.0)	(64.0, 0.0)	(65.0, 0.0)	(66.0, 0.0)	(67.0, 0.0)	(68.0, 0.0)	(69.0, 0.0)	(70.0, 0.0)	(71.0, 0.0)	(72.0, 0.0)	(73.0, 0.0)	(74.0, 0.0)	(75.0, 0.0)	(76.0, 0.0)	(77.0, 0.0)	(78.0, 0.0)	(79.0, 0.0)	(80.0, 0.0)	(81.0, 0.0)	(82.0, 0.0)	(83.0, 0.0)	(84.0, 0.0)	(85.0, 0.0)	(86.0, 0.0)	(87.0, 0.0)	(88.0, 0.0)	(89.0, 0.0)	(90.0, 0.0)	(91.0, 0.0)	(92.0, 0.0)	(93.0, 0.0)	(94.0, 0.0)	(95.0, 0.0)	(96.0, 0.0)	(97.0, 0.0)	(98.0, 0.0)	(99.0, 0.0)	(100.0, 0.0)
SRR8438064_1	(0.0, 0.0)	(1.0, 0.0)	(2.0, 0.0)	(3.0, 0.0)	(4.0, 0.0)	(5.0, 0.0)	(6.0, 0.0)	(7.0, 0.0)	(8.0, 0.0)	(9.0, 0.0)	(10.0, 0.0)	(11.0, 0.0)	(12.0, 0.0)	(13.0, 0.0)	(14.0, 0.0)	(15.0, 0.0)	(16.0, 0.0)	(17.0, 0.0)	(18.0, 0.0)	(19.0, 0.0)	(20.0, 0.0)	(21.0, 0.0)	(22.0, 0.0)	(23.0, 0.0)	(24.0, 0.0)	(25.0, 0.3333333333333333)	(26.0, 2.6666666666666665)	(27.0, 29.99999999999996)	(28.0, 7.33333333333333)	(29.0, 1.6666666666666665)	(30.0, 1.6666666666666665)	(31.0, 0.6666666666666666)	(32.0, 1.3333333333333333)	(33.0, 2.6666666666666665)	(34.0, 2.6666666666666665)	(35.0, 4.999999999999999)	(36.0, 12.666666666666671)	(37.0, 23.66666666666665)	(38.0, 47.00000000000006)	(39.0, 103.9999999999996)	(40.0, 181.3333333333341)	(41.0, 242.6666666666692)	(42.0, 329.9999999999987)	(43.0, 469.99999999999073)	(44.0, 1458.6666666666142)	(45.0, 2213.999999999889)	(46.0, 916.0000000000342)	(47.0, 589.9999999999972)	(48.0, 483.99999999998994)	(49.0, 867.6666666666954)	(50.0, 1067.3333333333699)	(51.0, 7256.333333331204)	(52.0, 7796.666666664046)	(53.0, 1683.9999999998963)	(54.0, 1199.0000000000066)	(55.0, 969.0000000000402)	(56.0, 697.0000000000093)	(57.0, 419.9999999999936)	(58.0, 166.33333333333368)	(59.0, 72.00000000000006)	(60.0, 12.333333333333337)	(61.0, 5.333333333333332)	(62.0, 2.6666666666666665)	(63.0, 1.6666666666666665)	(64.0, 3.3333333333333335)	(65.0, 16.666666666666675)	(66.0, 3.666666666666667)	(67.0, 0.6666666666666666)	(68.0, 0.0)	(69.0, 0.0)	(70.0, 0.0)	(71.0, 0.0)	(72.0, 0.0)	(73.0, 0.0)	(74.0, 0.0)	(75.0, 0.0)	(76.0, 0.0)	(77.0, 0.0)	(78.0, 0.0)	(79.0, 0.0)	(80.0, 0.0)	(81.0, 0.0)	(82.0, 0.0)	(83.0, 0.0)	(84.0, 0.0)	(85.0, 0.0)	(86.0, 0.0)	(87.0, 0.0)	(88.0, 0.0)	(89.0, 0.0)	(90.0, 0.0)	(91.0, 0.0)	(92.0, 0.0)	(93.0, 0.0)	(94.0, 0.0)	(95.0, 0.0)	(96.0, 0.0)	(97.0, 0.0)	(98.0, 0.0)	(99.0, 0.0)	(100.0, 0.0)
SRR8438064_2	(0.0, 0.0)	(1.0, 0.0)	(2.0, 0.0)	(3.0, 0.0)	(4.0, 0.0)	(5.0, 0.0)	(6.0, 0.0)	(7.0, 0.0)	(8.0, 0.0)	(9.0, 0.0)	(10.0, 0.0)	(11.0, 0.0)	(12.0, 0.0)	(13.0, 0.0)	(14.0, 0.0)	(15.0, 0.0)	(16.0, 0.0)	(17.0, 0.0)	(18.0, 0.0)	(19.0, 0.0)	(20.0, 0.0)	(21.0, 0.0)	(22.0, 0.0)	(23.0, 0.0)	(24.0, 0.0)	(25.0, 1.0)	(26.0, 15.666666666666677)	(27.0, 15.666666666666677)	(28.0, 5.333333333333332)	(29.0, 3.0)	(30.0, 1.0)	(31.0, 1.0)	(32.0, 1.0)	(33.0, 1.0)	(34.0, 0.3333333333333333)	(35.0, 0.3333333333333333)	(36.0, 0.0)	(37.0, 0.6666666666666666)	(38.0, 1.3333333333333333)	(39.0, 7.666666666666663)	(40.0, 20.33333333333333)	(41.0, 18.000000000000004)	(42.0, 27.333333333333304)	(43.0, 55.666666666666785)	(44.0, 117.33333333333275)	(45.0, 638.6666666666694)	(46.0, 1501.3333333332712)	(47.0, 933.0000000000362)	(48.0, 686.0000000000081)	(49.0, 887.0000000000309)	(50.0, 1143.0000000000193)	(51.0, 1005.0000000000443)	(52.0, 6036.6666666656465)	(53.0, 7446.666666664364)	(54.0, 2738.333333333461)	(55.0, 1782.3333333332073)	(56.0, 1173.666666666679)	(57.0, 865.0000000000284)	(58.0, 607.9999999999992)	(59.0, 405.9999999999944)	(60.0, 272.6666666666686)	(61.0, 164.66666666666697)	(62.0, 109.66666666666619)	(63.0, 74.33333333333336)	(64.0, 49.33333333333341)	(65.0, 26.99999999999997)	(66.0, 21.333333333333325)	(67.0, 20.33333333333333)	(68.0, 17.66666666666667)	(69.0, 10.666666666666668)	(70.0, 4.333333333333333)	(71.0, 3.3333333333333335)	(72.0, 2.6666666666666665)	(73.0, 1.3333333333333333)	(74.0, 1.3333333333333333)	(75.0, 1.9999999999999998)	(76.0, 1.3333333333333333)	(77.0, 0.6666666666666666)	(78.0, 1.0)	(79.0, 0.0)	(80.0, 0.0)	(81.0, 0.0)	(82.0, 0.0)	(83.0, 0.0)	(84.0, 0.3333333333333333)	(85.0, 0.0)	(86.0, 0.0)	(87.0, 0.0)	(88.0, 0.0)	(89.0, 0.0)	(90.0, 0.0)	(91.0, 0.0)	(92.0, 0.3333333333333333)	(93.0, 0.0)	(94.0, 0.0)	(95.0, 0.0)	(96.0, 0.0)	(97.0, 0.0)	(98.0, 0.0)	(99.0, 0.3333333333333333)	(100.0, 0.0)
SRR8438065	(0.0, 0.0)	(1.0, 0.0)	(2.0, 0.0)	(3.0, 0.0)	(4.0, 0.0)	(5.0, 0.0)	(6.0, 0.0)	(7.0, 0.0)	(8.0, 0.0)	(9.0, 0.0)	(10.0, 0.0)	(11.0, 0.0)	(12.0, 0.0)	(13.0, 0.0)	(14.0, 0.0)	(15.0, 0.0)	(16.0, 0.0)	(17.0, 0.0)	(18.0, 0.0)	(19.0, 0.0)	(20.0, 0.0)	(21.0, 0.0)	(22.0, 0.0)	(23.0, 0.0)	(24.0, 0.0)	(25.0, 0.0)	(26.0, 0.0)	(27.0, 0.0)	(28.0, 0.0)	(29.0, 0.0)	(30.0, 0.0)	(31.0, 0.0)	(32.0, 0.0)	(33.0, 0.0)	(34.0, 0.0)	(35.0, 0.0)	(36.0, 0.0)	(37.0, 0.0)	(38.0, 0.0)	(39.0, 0.0)	(40.0, 0.0)	(41.0, 0.0)	(42.0, 0.0)	(43.0, 0.0)	(44.0, 0.0)	(45.0, 0.3333333333333333)	(46.0, 1.3333333333333333)	(47.0, 0.6666666666666666)	(48.0, 1.3333333333333333)	(49.0, 1.6666666666666665)	(50.0, 0.3333333333333333)	(51.0, 0.3333333333333333)	(52.0, 0.3333333333333333)	(53.0, 0.0)	(54.0, 0.0)	(55.0, 0.0)	(56.0, 0.0)	(57.0, 0.0)	(58.0, 0.0)	(59.0, 0.0)	(60.0, 0.0)	(61.0, 0.0)	(62.0, 0.0)	(63.0, 0.0)	(64.0, 0.0)	(65.0, 0.0)	(66.0, 0.0)	(67.0, 0.0)	(68.0, 0.0)	(69.0, 0.0)	(70.0, 0.0)	(71.0, 0.0)	(72.0, 0.0)	(73.0, 0.0)	(74.0, 0.0)	(75.0, 0.0)	(76.0, 0.0)	(77.0, 0.0)	(78.0, 0.0)	(79.0, 0.0)	(80.0, 0.0)	(81.0, 0.0)	(82.0, 0.0)	(83.0, 0.0)	(84.0, 0.0)	(85.0, 0.0)	(86.0, 0.0)	(87.0, 0.0)	(88.0, 0.0)	(89.0, 0.0)	(90.0, 0.0)	(91.0, 0.0)	(92.0, 0.0)	(93.0, 0.0)	(94.0, 0.0)	(95.0, 0.0)	(96.0, 0.0)	(97.0, 0.0)	(98.0, 0.0)	(99.0, 0.0)	(100.0, 0.0)
SRR8438065_1	(0.0, 0.0)	(1.0, 0.0)	(2.0, 0.0)	(3.0, 0.0)	(4.0, 0.0)	(5.0, 0.0)	(6.0, 0.0)	(7.0, 0.0)	(8.0, 0.0)	(9.0, 0.0)	(10.0, 0.0)	(11.0, 0.0)	(12.0, 0.0)	(13.0, 0.0)	(14.0, 0.0)	(15.0, 0.0)	(16.0, 0.0)	(17.0, 0.0)	(18.0, 0.0)	(19.0, 0.0)	(20.0, 0.0)	(21.0, 0.0)	(22.0, 0.0)	(23.0, 0.0)	(24.0, 0.0)	(25.0, 0.3333333333333333)	(26.0, 0.3333333333333333)	(27.0, 0.0)	(28.0, 0.0)	(29.0, 0.0)	(30.0, 0.0)	(31.0, 0.0)	(32.0, 0.3333333333333333)	(33.0, 0.3333333333333333)	(34.0, 0.3333333333333333)	(35.0, 0.6666666666666666)	(36.0, 1.3333333333333333)	(37.0, 8.33333333333333)	(38.0, 70.00000000000009)	(39.0, 52.00000000000009)	(40.0, 175.0000000000006)	(41.0, 75.00000000000001)	(42.0, 50.00000000000008)	(43.0, 179.33333333333405)	(44.0, 128.3333333333326)	(45.0, 141.33333333333297)	(46.0, 94.99999999999973)	(47.0, 153.66666666666666)	(48.0, 271.00000000000205)	(49.0, 1120.3333333333578)	(50.0, 1069.0000000000362)	(51.0, 20225.66666666461)	(52.0, 25606.3333333117)	(53.0, 4270.33333333392)	(54.0, 1769.9999999998768)	(55.0, 1290.3333333333192)	(56.0, 901.6666666666993)	(57.0, 494.3333333333227)	(58.0, 135.9999999999995)	(59.0, 57.00000000000013)	(60.0, 29.333333333333297)	(61.0, 15.666666666666677)	(62.0, 5.999999999999998)	(63.0, 3.666666666666667)	(64.0, 2.6666666666666665)	(65.0, 2.333333333333333)	(66.0, 1.3333333333333333)	(67.0, 0.0)	(68.0, 0.0)	(69.0, 0.0)	(70.0, 0.0)	(71.0, 0.0)	(72.0, 0.0)	(73.0, 0.0)	(74.0, 0.0)	(75.0, 0.0)	(76.0, 0.0)	(77.0, 0.0)	(78.0, 0.0)	(79.0, 0.0)	(80.0, 0.0)	(81.0, 0.0)	(82.0, 0.0)	(83.0, 0.0)	(84.0, 0.0)	(85.0, 0.0)	(86.0, 0.0)	(87.0, 0.0)	(88.0, 0.0)	(89.0, 0.0)	(90.0, 0.0)	(91.0, 0.0)	(92.0, 0.0)	(93.0, 0.0)	(94.0, 0.0)	(95.0, 0.0)	(96.0, 0.0)	(97.0, 0.0)	(98.0, 0.0)	(99.0, 0.0)	(100.0, 0.0)
SRR8438065_2	(0.0, 0.0)	(1.0, 0.0)	(2.0, 0.0)	(3.0, 0.0)	(4.0, 0.0)	(5.0, 0.0)	(6.0, 0.0)	(7.0, 0.0)	(8.0, 0.0)	(9.0, 0.0)	(10.0, 0.0)	(11.0, 0.0)	(12.0, 0.0)	(13.0, 0.0)	(14.0, 0.0)	(15.0, 0.0)	(16.0, 0.0)	(17.0, 0.0)	(18.0, 0.0)	(19.0, 0.0)	(20.0, 0.0)	(21.0, 0.0)	(22.0, 0.0)	(23.0, 0.0)	(24.0, 0.0)	(25.0, 0.0)	(26.0, 0.0)	(27.0, 0.3333333333333333)	(28.0, 0.0)	(29.0, 0.0)	(30.0, 0.0)	(31.0, 0.0)	(32.0, 0.0)	(33.0, 0.0)	(34.0, 0.0)	(35.0, 0.0)	(36.0, 0.3333333333333333)	(37.0, 1.3333333333333333)	(38.0, 6.999999999999997)	(39.0, 120.99999999999936)	(40.0, 186.33333333333425)	(41.0, 71.66666666666673)	(42.0, 49.50000000000007)	(43.0, 53.66666666666677)	(44.0, 164.5000000000003)	(45.0, 142.333333333333)	(46.0, 103.16666666666629)	(47.0, 108.49999999999955)	(48.0, 146.9999999999998)	(49.0, 383.333333333329)	(50.0, 1009.6666666667115)	(51.0, 1034.3333333333774)	(52.0, 15549.333333343735)	(53.0, 23127.66666665405)	(54.0, 6662.99999999841)	(55.0, 2868.6666666668534)	(56.0, 1620.3333333332441)	(57.0, 1078.000000000034)	(58.0, 757.0000000000161)	(59.0, 481.66666666665674)	(60.0, 313.333333333333)	(61.0, 223.00000000000196)	(62.0, 167.66666666666706)	(63.0, 118.66666666666606)	(64.0, 76.66666666666666)	(65.0, 51.66666666666676)	(66.0, 34.3333333333333)	(67.0, 25.666666666666643)	(68.0, 16.00000000000001)	(69.0, 6.999999999999997)	(70.0, 6.333333333333331)	(71.0, 4.999999999999999)	(72.0, 1.0)	(73.0, 1.9999999999999998)	(74.0, 1.3333333333333333)	(75.0, 0.3333333333333333)	(76.0, 0.6666666666666666)	(77.0, 0.3333333333333333)	(78.0, 0.0)	(79.0, 0.3333333333333333)	(80.0, 0.0)	(81.0, 0.0)	(82.0, 0.0)	(83.0, 0.3333333333333333)	(84.0, 0.0)	(85.0, 0.3333333333333333)	(86.0, 0.0)	(87.0, 0.3333333333333333)	(88.0, 0.3333333333333333)	(89.0, 0.0)	(90.0, 0.6666666666666666)	(91.0, 0.0)	(92.0, 0.3333333333333333)	(93.0, 0.6666666666666666)	(94.0, 0.0)	(95.0, 0.3333333333333333)	(96.0, 0.0)	(97.0, 0.0)	(98.0, 0.0)	(99.0, 0.0)	(100.0, 0.0)
SRR8438066	(0.0, 0.0)	(1.0, 0.0)	(2.0, 0.0)	(3.0, 0.0)	(4.0, 0.0)	(5.0, 0.0)	(6.0, 0.0)	(7.0, 0.0)	(8.0, 0.0)	(9.0, 0.0)	(10.0, 0.0)	(11.0, 0.0)	(12.0, 0.0)	(13.0, 0.0)	(14.0, 0.0)	(15.0, 0.0)	(16.0, 0.0)	(17.0, 0.0)	(18.0, 0.0)	(19.0, 0.0)	(20.0, 0.0)	(21.0, 0.0)	(22.0, 0.0)	(23.0, 0.0)	(24.0, 0.0)	(25.0, 0.0)	(26.0, 0.0)	(27.0, 0.0)	(28.0, 0.0)	(29.0, 0.0)	(30.0, 0.0)	(31.0, 0.0)	(32.0, 0.0)	(33.0, 0.0)	(34.0, 0.0)	(35.0, 0.0)	(36.0, 0.0)	(37.0, 0.0)	(38.0, 0.0)	(39.0, 0.0)	(40.0, 0.0)	(41.0, 0.0)	(42.0, 0.6666666666666666)	(43.0, 0.6666666666666666)	(44.0, 1.3333333333333333)	(45.0, 1.3333333333333333)	(46.0, 0.6666666666666666)	(47.0, 1.0)	(48.0, 1.3333333333333333)	(49.0, 0.6666666666666666)	(50.0, 0.6666666666666666)	(51.0, 0.6666666666666666)	(52.0, 1.3333333333333333)	(53.0, 0.0)	(54.0, 0.0)	(55.0, 0.0)	(56.0, 0.0)	(57.0, 0.0)	(58.0, 0.0)	(59.0, 0.0)	(60.0, 0.0)	(61.0, 0.0)	(62.0, 0.0)	(63.0, 0.0)	(64.0, 0.0)	(65.0, 0.0)	(66.0, 0.0)	(67.0, 0.0)	(68.0, 0.0)	(69.0, 0.0)	(70.0, 0.0)	(71.0, 0.0)	(72.0, 0.0)	(73.0, 0.0)	(74.0, 0.0)	(75.0, 0.0)	(76.0, 0.0)	(77.0, 0.0)	(78.0, 0.0)	(79.0, 0.0)	(80.0, 0.0)	(81.0, 0.0)	(82.0, 0.0)	(83.0, 0.0)	(84.0, 0.0)	(85.0, 0.0)	(86.0, 0.0)	(87.0, 0.0)	(88.0, 0.0)	(89.0, 0.0)	(90.0, 0.0)	(91.0, 0.0)	(92.0, 0.0)	(93.0, 0.0)	(94.0, 0.0)	(95.0, 0.0)	(96.0, 0.0)	(97.0, 0.0)	(98.0, 0.0)	(99.0, 0.0)	(100.0, 0.0)
SRR8438066_1	(0.0, 0.0)	(1.0, 0.0)	(2.0, 0.0)	(3.0, 0.0)	(4.0, 0.0)	(5.0, 0.0)	(6.0, 0.0)	(7.0, 0.0)	(8.0, 0.0)	(9.0, 0.0)	(10.0, 0.0)	(11.0, 0.0)	(12.0, 0.0)	(13.0, 0.0)	(14.0, 0.0)	(15.0, 0.0)	(16.0, 0.0)	(17.0, 0.0)	(18.0, 0.0)	(19.0, 0.0)	(20.0, 0.0)	(21.0, 0.0)	(22.0, 0.0)	(23.0, 0.0)	(24.0, 0.0)	(25.0, 0.0)	(26.0, 0.0)	(27.0, 0.0)	(28.0, 0.0)	(29.0, 0.0)	(30.0, 0.0)	(31.0, 0.0)	(32.0, 0.0)	(33.0, 0.0)	(34.0, 0.3333333333333333)	(35.0, 0.0)	(36.0, 0.3333333333333333)	(37.0, 1.0)	(38.0, 4.0)	(39.0, 10.333333333333334)	(40.0, 28.999999999999964)	(41.0, 45.666666666666714)	(42.0, 58.666666666666806)	(43.0, 90.99999999999979)	(44.0, 97.33333333333303)	(45.0, 111.99999999999949)	(46.0, 105.33333333333292)	(47.0, 109.33333333333286)	(48.0, 114.66666666666612)	(49.0, 100.33333333333299)	(50.0, 109.99999999999952)	(51.0, 623.0000000000009)	(52.0, 835.3333333333584)	(53.0, 620.6666666666673)	(54.0, 29784.999999963165)	(55.0, 37028.333333316645)	(56.0, 3953.666666667347)	(57.0, 951.0000000000382)	(58.0, 330.6666666666653)	(59.0, 134.66666666666612)	(60.0, 67.66666666666679)	(61.0, 40.33333333333334)	(62.0, 22.999999999999986)	(63.0, 21.666666666666657)	(64.0, 12.000000000000004)	(65.0, 6.666666666666664)	(66.0, 4.0)	(67.0, 1.3333333333333333)	(68.0, 1.3333333333333333)	(69.0, 0.3333333333333333)	(70.0, 0.0)	(71.0, 0.0)	(72.0, 0.3333333333333333)	(73.0, 0.0)	(74.0, 1.0)	(75.0, 1.0)	(76.0, 0.3333333333333333)	(77.0, 0.3333333333333333)	(78.0, 0.0)	(79.0, 0.0)	(80.0, 0.3333333333333333)	(81.0, 0.3333333333333333)	(82.0, 0.0)	(83.0, 0.0)	(84.0, 0.0)	(85.0, 0.0)	(86.0, 0.3333333333333333)	(87.0, 0.0)	(88.0, 0.0)	(89.0, 0.0)	(90.0, 0.0)	(91.0, 0.0)	(92.0, 0.0)	(93.0, 0.0)	(94.0, 0.0)	(95.0, 0.0)	(96.0, 0.0)	(97.0, 0.0)	(98.0, 0.0)	(99.0, 0.0)	(100.0, 0.0)
SRR8438066_2	(0.0, 0.0)	(1.0, 0.0)	(2.0, 0.0)	(3.0, 0.0)	(4.0, 0.0)	(5.0, 0.0)	(6.0, 0.0)	(7.0, 0.0)	(8.0, 0.0)	(9.0, 0.0)	(10.0, 0.0)	(11.0, 0.0)	(12.0, 0.0)	(13.0, 0.0)	(14.0, 0.0)	(15.0, 0.0)	(16.0, 0.0)	(17.0, 0.0)	(18.0, 0.0)	(19.0, 0.0)	(20.0, 0.0)	(21.0, 0.0)	(22.0, 0.0)	(23.0, 0.0)	(24.0, 0.0)	(25.0, 0.0)	(26.0, 0.0)	(27.0, 0.0)	(28.0, 0.0)	(29.0, 0.0)	(30.0, 0.0)	(31.0, 0.0)	(32.0, 0.0)	(33.0, 0.0)	(34.0, 0.0)	(35.0, 0.0)	(36.0, 1.0)	(37.0, 1.9999999999999998)	(38.0, 2.333333333333333)	(39.0, 11.16666666666667)	(40.0, 22.166666666666657)	(41.0, 37.99999999999999)	(42.0, 52.33333333333343)	(43.0, 64.16666666666684)	(44.0, 77.0)	(45.0, 86.49999999999986)	(46.0, 86.33333333333319)	(47.0, 96.16666666666639)	(48.0, 124.49999999999932)	(49.0, 130.33333333333266)	(50.0, 136.16666666666617)	(51.0, 133.83333333333277)	(52.0, 496.6666666666559)	(53.0, 851.3333333333602)	(54.0, 2359.3333333332885)	(55.0, 24696.33333331501)	(56.0, 19027.000000002303)	(57.0, 7457.999999997687)	(58.0, 3351.3333333337396)	(59.0, 1682.6666666665633)	(60.0, 917.3333333333677)	(61.0, 541.9999999999917)	(62.0, 336.666666666665)	(63.0, 251.00000000000276)	(64.0, 198.00000000000125)	(65.0, 143.99999999999972)	(66.0, 107.66666666666622)	(67.0, 85.3333333333332)	(68.0, 52.00000000000009)	(69.0, 32.66666666666662)	(70.0, 18.333333333333336)	(71.0, 11.66666666666667)	(72.0, 5.999999999999998)	(73.0, 3.666666666666667)	(74.0, 4.0)	(75.0, 1.3333333333333333)	(76.0, 1.6666666666666665)	(77.0, 1.6666666666666665)	(78.0, 1.9999999999999998)	(79.0, 1.3333333333333333)	(80.0, 0.6666666666666666)	(81.0, 1.0)	(82.0, 1.3333333333333333)	(83.0, 0.3333333333333333)	(84.0, 0.6666666666666666)	(85.0, 1.3333333333333333)	(86.0, 1.0)	(87.0, 0.3333333333333333)	(88.0, 1.0)	(89.0, 0.0)	(90.0, 0.3333333333333333)	(91.0, 1.0)	(92.0, 0.6666666666666666)	(93.0, 0.3333333333333333)	(94.0, 0.0)	(95.0, 0.6666666666666666)	(96.0, 0.0)	(97.0, 0.3333333333333333)	(98.0, 1.0)	(99.0, 0.6666666666666666)	(100.0, 1.5)
SRR8438067	(0.0, 0.0)	(1.0, 0.0)	(2.0, 0.0)	(3.0, 0.0)	(4.0, 0.0)	(5.0, 0.0)	(6.0, 0.0)	(7.0, 0.0)	(8.0, 0.0)	(9.0, 0.0)	(10.0, 0.0)	(11.0, 0.0)	(12.0, 0.0)	(13.0, 0.0)	(14.0, 0.0)	(15.0, 0.0)	(16.0, 0.0)	(17.0, 0.0)	(18.0, 0.0)	(19.0, 0.0)	(20.0, 0.0)	(21.0, 0.0)	(22.0, 0.0)	(23.0, 0.0)	(24.0, 0.0)	(25.0, 0.0)	(26.0, 0.0)	(27.0, 0.0)	(28.0, 0.0)	(29.0, 0.0)	(30.0, 0.0)	(31.0, 0.0)	(32.0, 0.0)	(33.0, 0.0)	(34.0, 0.0)	(35.0, 0.0)	(36.0, 0.0)	(37.0, 0.0)	(38.0, 0.0)	(39.0, 0.0)	(40.0, 0.0)	(41.0, 0.0)	(42.0, 0.0)	(43.0, 0.0)	(44.0, 0.0)	(45.0, 0.3333333333333333)	(46.0, 0.3333333333333333)	(47.0, 0.3333333333333333)	(48.0, 1.0)	(49.0, 1.0)	(50.0, 0.0)	(51.0, 0.0)	(52.0, 0.0)	(53.0, 0.0)	(54.0, 0.0)	(55.0, 0.0)	(56.0, 0.0)	(57.0, 0.0)	(58.0, 0.0)	(59.0, 0.0)	(60.0, 0.0)	(61.0, 0.0)	(62.0, 0.0)	(63.0, 0.0)	(64.0, 0.0)	(65.0, 0.0)	(66.0, 0.0)	(67.0, 0.0)	(68.0, 0.0)	(69.0, 0.0)	(70.0, 0.0)	(71.0, 0.0)	(72.0, 0.0)	(73.0, 0.0)	(74.0, 0.0)	(75.0, 0.0)	(76.0, 0.0)	(77.0, 0.0)	(78.0, 0.0)	(79.0, 0.0)	(80.0, 0.0)	(81.0, 0.0)	(82.0, 0.0)	(83.0, 0.0)	(84.0, 0.0)	(85.0, 0.0)	(86.0, 0.0)	(87.0, 0.0)	(88.0, 0.0)	(89.0, 0.0)	(90.0, 0.0)	(91.0, 0.0)	(92.0, 0.0)	(93.0, 0.0)	(94.0, 0.0)	(95.0, 0.0)	(96.0, 0.0)	(97.0, 0.0)	(98.0, 0.0)	(99.0, 0.0)	(100.0, 0.0)
SRR8438067_1	(0.0, 0.0)	(1.0, 0.0)	(2.0, 0.0)	(3.0, 0.0)	(4.0, 0.0)	(5.0, 0.0)	(6.0, 0.0)	(7.0, 0.0)	(8.0, 0.0)	(9.0, 0.0)	(10.0, 0.0)	(11.0, 0.0)	(12.0, 0.0)	(13.0, 0.0)	(14.0, 0.0)	(15.0, 0.0)	(16.0, 0.0)	(17.0, 0.0)	(18.0, 0.0)	(19.0, 0.0)	(20.0, 0.0)	(21.0, 0.0)	(22.0, 0.0)	(23.0, 0.0)	(24.0, 0.0)	(25.0, 0.0)	(26.0, 0.0)	(27.0, 0.0)	(28.0, 0.0)	(29.0, 0.0)	(30.0, 0.0)	(31.0, 0.6666666666666666)	(32.0, 0.6666666666666666)	(33.0, 0.3333333333333333)	(34.0, 7.33333333333333)	(35.0, 36.66666666666665)	(36.0, 16.666666666666675)	(37.0, 32.66666666666662)	(38.0, 104.99999999999959)	(39.0, 87.33333333333317)	(40.0, 60.66666666666682)	(41.0, 52.666666666666764)	(42.0, 102.33333333333296)	(43.0, 402.99999999999454)	(44.0, 271.33333333333536)	(45.0, 182.0000000000008)	(46.0, 176.00000000000063)	(47.0, 167.3333333333337)	(48.0, 433.66666666665947)	(49.0, 466.3333333333243)	(50.0, 663.3333333333388)	(51.0, 4021.0000000007108)	(52.0, 4826.333333333414)	(53.0, 1174.3333333333455)	(54.0, 926.3333333333687)	(55.0, 784.666666666686)	(56.0, 999.0000000000437)	(57.0, 421.33333333332683)	(58.0, 92.99999999999976)	(59.0, 25.999999999999975)	(60.0, 14.333333333333341)	(61.0, 7.33333333333333)	(62.0, 5.333333333333332)	(63.0, 2.6666666666666665)	(64.0, 1.9999999999999998)	(65.0, 1.3333333333333333)	(66.0, 0.3333333333333333)	(67.0, 0.3333333333333333)	(68.0, 0.6666666666666666)	(69.0, 0.6666666666666666)	(70.0, 0.6666666666666666)	(71.0, 0.6666666666666666)	(72.0, 0.3333333333333333)	(73.0, 0.0)	(74.0, 0.0)	(75.0, 0.0)	(76.0, 0.0)	(77.0, 0.0)	(78.0, 0.0)	(79.0, 0.0)	(80.0, 0.0)	(81.0, 0.0)	(82.0, 0.3333333333333333)	(83.0, 0.3333333333333333)	(84.0, 0.0)	(85.0, 0.0)	(86.0, 0.0)	(87.0, 0.0)	(88.0, 0.0)	(89.0, 0.0)	(90.0, 0.0)	(91.0, 0.0)	(92.0, 0.0)	(93.0, 0.0)	(94.0, 0.0)	(95.0, 0.0)	(96.0, 0.0)	(97.0, 0.0)	(98.0, 0.0)	(99.0, 0.0)	(100.0, 0.0)
SRR8438067_2	(0.0, 0.0)	(1.0, 0.0)	(2.0, 0.0)	(3.0, 0.0)	(4.0, 0.0)	(5.0, 0.0)	(6.0, 0.0)	(7.0, 0.0)	(8.0, 0.0)	(9.0, 0.0)	(10.0, 0.0)	(11.0, 0.0)	(12.0, 0.0)	(13.0, 0.0)	(14.0, 0.0)	(15.0, 0.0)	(16.0, 0.0)	(17.0, 0.0)	(18.0, 0.0)	(19.0, 0.0)	(20.0, 0.0)	(21.0, 0.0)	(22.0, 0.0)	(23.0, 0.0)	(24.0, 0.0)	(25.0, 0.0)	(26.0, 0.0)	(27.0, 0.0)	(28.0, 0.0)	(29.0, 0.0)	(30.0, 0.0)	(31.0, 0.0)	(32.0, 0.0)	(33.0, 0.3333333333333333)	(34.0, 1.0)	(35.0, 3.0)	(36.0, 3.0)	(37.0, 11.66666666666667)	(38.0, 25.33333333333331)	(39.0, 71.66666666666673)	(40.0, 95.66666666666639)	(41.0, 42.66666666666669)	(42.0, 39.0)	(43.0, 147.83333333333317)	(44.0, 343.16666666666464)	(45.0, 261.33333333333593)	(46.0, 142.333333333333)	(47.0, 190.00000000000102)	(48.0, 359.999999999997)	(49.0, 504.3333333333221)	(50.0, 699.0000000000095)	(51.0, 717.6666666666783)	(52.0, 3266.0000000003674)	(53.0, 4499.333333333711)	(54.0, 1543.3333333332616)	(55.0, 863.6666666666949)	(56.0, 672.3333333333399)	(57.0, 613.6666666666665)	(58.0, 502.33333333332223)	(59.0, 280.66666666666816)	(60.0, 173.33333333333388)	(61.0, 105.33333333333292)	(62.0, 73.00000000000004)	(63.0, 48.666666666666735)	(64.0, 28.999999999999964)	(65.0, 19.333333333333332)	(66.0, 11.66666666666667)	(67.0, 14.333333333333341)	(68.0, 9.666666666666666)	(69.0, 8.666666666666664)	(70.0, 4.666666666666666)	(71.0, 3.0)	(72.0, 3.3333333333333335)	(73.0, 0.3333333333333333)	(74.0, 0.0)	(75.0, 0.0)	(76.0, 0.6666666666666666)	(77.0, 0.6666666666666666)	(78.0, 0.3333333333333333)	(79.0, 0.0)	(80.0, 0.0)	(81.0, 0.0)	(82.0, 0.0)	(83.0, 0.3333333333333333)	(84.0, 0.3333333333333333)	(85.0, 0.0)	(86.0, 0.0)	(87.0, 0.0)	(88.0, 0.0)	(89.0, 0.0)	(90.0, 0.0)	(91.0, 0.0)	(92.0, 0.6666666666666666)	(93.0, 0.3333333333333333)	(94.0, 0.0)	(95.0, 0.0)	(96.0, 0.0)	(97.0, 0.0)	(98.0, 0.0)	(99.0, 0.0)	(100.0, 0.0)
SRR8438068_1	(0.0, 0.0)	(1.0, 0.0)	(2.0, 0.0)	(3.0, 0.0)	(4.0, 0.0)	(5.0, 0.0)	(6.0, 0.0)	(7.0, 0.0)	(8.0, 0.0)	(9.0, 0.0)	(10.0, 0.0)	(11.0, 0.0)	(12.0, 0.0)	(13.0, 0.0)	(14.0, 0.0)	(15.0, 0.0)	(16.0, 0.0)	(17.0, 0.0)	(18.0, 0.0)	(19.0, 0.0)	(20.0, 0.0)	(21.0, 0.0)	(22.0, 0.0)	(23.0, 0.0)	(24.0, 0.0)	(25.0, 0.0)	(26.0, 0.0)	(27.0, 0.0)	(28.0, 0.0)	(29.0, 0.0)	(30.0, 0.3333333333333333)	(31.0, 0.0)	(32.0, 0.0)	(33.0, 3.0)	(34.0, 36.66666666666665)	(35.0, 26.66666666666664)	(36.0, 3.0)	(37.0, 4.666666666666666)	(38.0, 7.666666666666663)	(39.0, 12.666666666666671)	(40.0, 21.99999999999999)	(41.0, 36.66666666666665)	(42.0, 48.000000000000064)	(43.0, 98.99999999999967)	(44.0, 80.99999999999993)	(45.0, 133.99999999999943)	(46.0, 182.66666666666748)	(47.0, 158.33333333333346)	(48.0, 107.66666666666622)	(49.0, 144.99999999999974)	(50.0, 200.33333333333465)	(51.0, 606.3333333333323)	(52.0, 849.0000000000266)	(53.0, 684.3333333333412)	(54.0, 580.6666666666628)	(55.0, 340.33333333333144)	(56.0, 271.00000000000205)	(57.0, 61.33333333333349)	(58.0, 41.000000000000014)	(59.0, 39.66666666666667)	(60.0, 11.000000000000002)	(61.0, 4.333333333333333)	(62.0, 7.33333333333333)	(63.0, 1.9999999999999998)	(64.0, 0.6666666666666666)	(65.0, 0.3333333333333333)	(66.0, 0.3333333333333333)	(67.0, 0.0)	(68.0, 0.0)	(69.0, 0.0)	(70.0, 0.0)	(71.0, 0.0)	(72.0, 0.0)	(73.0, 0.0)	(74.0, 0.0)	(75.0, 0.0)	(76.0, 0.0)	(77.0, 0.0)	(78.0, 0.0)	(79.0, 0.0)	(80.0, 0.0)	(81.0, 0.0)	(82.0, 0.0)	(83.0, 0.0)	(84.0, 0.0)	(85.0, 0.0)	(86.0, 0.0)	(87.0, 0.0)	(88.0, 0.0)	(89.0, 0.0)	(90.0, 0.0)	(91.0, 0.0)	(92.0, 0.0)	(93.0, 0.0)	(94.0, 0.0)	(95.0, 0.0)	(96.0, 0.0)	(97.0, 0.0)	(98.0, 0.0)	(99.0, 0.0)	(100.0, 0.0)
SRR8438068_2	(0.0, 0.0)	(1.0, 0.0)	(2.0, 0.0)	(3.0, 0.0)	(4.0, 0.0)	(5.0, 0.0)	(6.0, 0.0)	(7.0, 0.0)	(8.0, 0.0)	(9.0, 0.0)	(10.0, 0.0)	(11.0, 0.0)	(12.0, 0.0)	(13.0, 0.0)	(14.0, 0.0)	(15.0, 0.0)	(16.0, 0.0)	(17.0, 0.0)	(18.0, 0.0)	(19.0, 0.0)	(20.0, 0.0)	(21.0, 0.0)	(22.0, 0.0)	(23.0, 0.0)	(24.0, 0.0)	(25.0, 0.0)	(26.0, 0.0)	(27.0, 0.0)	(28.0, 0.0)	(29.0, 0.0)	(30.0, 0.3333333333333333)	(31.0, 0.0)	(32.0, 0.0)	(33.0, 1.0)	(34.0, 6.999999999999997)	(35.0, 27.666666666666636)	(36.0, 22.999999999999986)	(37.0, 5.666666666666665)	(38.0, 1.9999999999999998)	(39.0, 1.3333333333333333)	(40.0, 6.999999999999997)	(41.0, 16.333333333333343)	(42.0, 28.666666666666632)	(43.0, 28.999999999999964)	(44.0, 21.666666666666657)	(45.0, 35.99999999999998)	(46.0, 85.3333333333332)	(47.0, 126.66666666666595)	(48.0, 131.3333333333327)	(49.0, 196.66666666666788)	(50.0, 297.6666666666672)	(51.0, 248.33333333333601)	(52.0, 610.3333333333328)	(53.0, 827.3333333333575)	(54.0, 577.6666666666624)	(55.0, 410.33333333332746)	(56.0, 405.33333333332774)	(57.0, 290.00000000000097)	(58.0, 157.00000000000009)	(59.0, 86.66666666666652)	(60.0, 73.33333333333337)	(61.0, 43.00000000000003)	(62.0, 27.666666666666636)	(63.0, 20.999999999999993)	(64.0, 9.666666666666666)	(65.0, 6.333333333333331)	(66.0, 3.3333333333333335)	(67.0, 3.666666666666667)	(68.0, 1.3333333333333333)	(69.0, 1.3333333333333333)	(70.0, 1.3333333333333333)	(71.0, 0.6666666666666666)	(72.0, 0.0)	(73.0, 0.3333333333333333)	(74.0, 0.3333333333333333)	(75.0, 0.0)	(76.0, 0.0)	(77.0, 0.3333333333333333)	(78.0, 0.3333333333333333)	(79.0, 0.0)	(80.0, 0.0)	(81.0, 0.3333333333333333)	(82.0, 0.0)	(83.0, 0.0)	(84.0, 0.0)	(85.0, 0.3333333333333333)	(86.0, 0.0)	(87.0, 0.0)	(88.0, 0.0)	(89.0, 0.0)	(90.0, 0.0)	(91.0, 0.0)	(92.0, 0.0)	(93.0, 0.0)	(94.0, 0.0)	(95.0, 0.0)	(96.0, 0.0)	(97.0, 0.0)	(98.0, 0.3333333333333333)	(99.0, 0.0)	(100.0, 0.0)
SRR8438069	(0.0, 0.0)	(1.0, 0.0)	(2.0, 0.0)	(3.0, 0.0)	(4.0, 0.0)	(5.0, 0.0)	(6.0, 0.0)	(7.0, 0.0)	(8.0, 0.0)	(9.0, 0.0)	(10.0, 0.0)	(11.0, 0.0)	(12.0, 0.0)	(13.0, 0.0)	(14.0, 0.0)	(15.0, 0.0)	(16.0, 0.0)	(17.0, 0.0)	(18.0, 0.0)	(19.0, 0.0)	(20.0, 0.0)	(21.0, 0.0)	(22.0, 0.0)	(23.0, 0.0)	(24.0, 0.0)	(25.0, 0.0)	(26.0, 0.0)	(27.0, 0.0)	(28.0, 0.0)	(29.0, 0.0)	(30.0, 0.0)	(31.0, 0.0)	(32.0, 0.0)	(33.0, 0.0)	(34.0, 0.0)	(35.0, 0.0)	(36.0, 0.0)	(37.0, 0.0)	(38.0, 0.0)	(39.0, 0.0)	(40.0, 0.0)	(41.0, 0.0)	(42.0, 0.3333333333333333)	(43.0, 0.6666666666666666)	(44.0, 1.3333333333333333)	(45.0, 0.6666666666666666)	(46.0, 1.0)	(47.0, 1.0)	(48.0, 1.3333333333333333)	(49.0, 0.3333333333333333)	(50.0, 0.3333333333333333)	(51.0, 0.6666666666666666)	(52.0, 0.0)	(53.0, 0.0)	(54.0, 0.3333333333333333)	(55.0, 0.3333333333333333)	(56.0, 0.0)	(57.0, 0.0)	(58.0, 0.0)	(59.0, 0.0)	(60.0, 0.0)	(61.0, 0.0)	(62.0, 0.0)	(63.0, 0.0)	(64.0, 0.0)	(65.0, 0.0)	(66.0, 0.0)	(67.0, 0.0)	(68.0, 0.0)	(69.0, 0.0)	(70.0, 0.0)	(71.0, 0.0)	(72.0, 0.0)	(73.0, 0.0)	(74.0, 0.0)	(75.0, 0.0)	(76.0, 0.0)	(77.0, 0.0)	(78.0, 0.0)	(79.0, 0.0)	(80.0, 0.0)	(81.0, 0.0)	(82.0, 0.0)	(83.0, 0.0)	(84.0, 0.0)	(85.0, 0.0)	(86.0, 0.0)	(87.0, 0.0)	(88.0, 0.0)	(89.0, 0.0)	(90.0, 0.0)	(91.0, 0.0)	(92.0, 0.0)	(93.0, 0.0)	(94.0, 0.0)	(95.0, 0.0)	(96.0, 0.0)	(97.0, 0.0)	(98.0, 0.0)	(99.0, 0.0)	(100.0, 0.0)
SRR8438069_1	(0.0, 0.0)	(1.0, 0.0)	(2.0, 0.0)	(3.0, 0.0)	(4.0, 0.0)	(5.0, 0.0)	(6.0, 0.0)	(7.0, 0.0)	(8.0, 0.0)	(9.0, 0.0)	(10.0, 0.0)	(11.0, 0.0)	(12.0, 0.0)	(13.0, 0.0)	(14.0, 0.0)	(15.0, 0.0)	(16.0, 0.0)	(17.0, 0.0)	(18.0, 0.3333333333333333)	(19.0, 0.0)	(20.0, 0.0)	(21.0, 0.0)	(22.0, 0.0)	(23.0, 0.0)	(24.0, 0.0)	(25.0, 0.0)	(26.0, 0.0)	(27.0, 0.0)	(28.0, 0.6666666666666666)	(29.0, 2.333333333333333)	(30.0, 1.0)	(31.0, 0.6666666666666666)	(32.0, 0.6666666666666666)	(33.0, 2.333333333333333)	(34.0, 1.6666666666666665)	(35.0, 0.6666666666666666)	(36.0, 0.3333333333333333)	(37.0, 3.0)	(38.0, 8.666666666666664)	(39.0, 194.33333333333448)	(40.0, 271.00000000000205)	(41.0, 52.00000000000009)	(42.0, 42.33333333333336)	(43.0, 59.66666666666681)	(44.0, 74.00000000000003)	(45.0, 74.33333333333336)	(46.0, 85.66666666666653)	(47.0, 79.66666666666661)	(48.0, 75.00000000000001)	(49.0, 83.33333333333323)	(50.0, 607.9999999999992)	(51.0, 7496.333333330986)	(52.0, 1466.3333333332791)	(53.0, 147.6666666666665)	(54.0, 88.99999999999982)	(55.0, 62.666666666666835)	(56.0, 51.33333333333342)	(57.0, 21.99999999999999)	(58.0, 14.666666666666675)	(59.0, 6.999999999999997)	(60.0, 3.0)	(61.0, 1.3333333333333333)	(62.0, 0.3333333333333333)	(63.0, 0.3333333333333333)	(64.0, 0.6666666666666666)	(65.0, 0.0)	(66.0, 0.3333333333333333)	(67.0, 0.0)	(68.0, 0.0)	(69.0, 0.0)	(70.0, 0.0)	(71.0, 0.0)	(72.0, 0.0)	(73.0, 0.0)	(74.0, 0.0)	(75.0, 0.0)	(76.0, 0.0)	(77.0, 0.0)	(78.0, 0.0)	(79.0, 0.0)	(80.0, 0.0)	(81.0, 0.0)	(82.0, 0.0)	(83.0, 0.0)	(84.0, 0.0)	(85.0, 0.0)	(86.0, 0.0)	(87.0, 0.0)	(88.0, 0.0)	(89.0, 0.0)	(90.0, 0.0)	(91.0, 0.0)	(92.0, 0.0)	(93.0, 0.0)	(94.0, 0.0)	(95.0, 0.0)	(96.0, 0.0)	(97.0, 0.0)	(98.0, 0.0)	(99.0, 0.0)	(100.0, 0.0)
SRR8438069_2	(0.0, 0.0)	(1.0, 0.0)	(2.0, 0.0)	(3.0, 0.0)	(4.0, 0.0)	(5.0, 0.0)	(6.0, 0.0)	(7.0, 0.0)	(8.0, 0.0)	(9.0, 0.0)	(10.0, 0.0)	(11.0, 0.0)	(12.0, 0.0)	(13.0, 0.0)	(14.0, 0.0)	(15.0, 0.0)	(16.0, 0.0)	(17.0, 0.0)	(18.0, 0.0)	(19.0, 0.0)	(20.0, 0.0)	(21.0, 0.0)	(22.0, 0.0)	(23.0, 0.0)	(24.0, 0.0)	(25.0, 0.0)	(26.0, 0.0)	(27.0, 0.3333333333333333)	(28.0, 0.3333333333333333)	(29.0, 1.9999999999999998)	(30.0, 0.6666666666666666)	(31.0, 1.3333333333333333)	(32.0, 0.3333333333333333)	(33.0, 1.0)	(34.0, 1.3333333333333333)	(35.0, 1.3333333333333333)	(36.0, 1.0)	(37.0, 3.0)	(38.0, 7.666666666666663)	(39.0, 13.000000000000005)	(40.0, 53.66666666666677)	(41.0, 276.3333333333351)	(42.0, 127.66666666666593)	(43.0, 73.33333333333337)	(44.0, 81.33333333333326)	(45.0, 74.83333333333336)	(46.0, 76.33333333333333)	(47.0, 72.16666666666673)	(48.0, 61.66666666666683)	(49.0, 75.16666666666669)	(50.0, 149.83333333333323)	(51.0, 3280.3333333337073)	(52.0, 6848.333333331575)	(53.0, 1292.9999999999852)	(54.0, 279.3333333333349)	(55.0, 145.3333333333331)	(56.0, 84.66666666666654)	(57.0, 55.666666666666785)	(58.0, 41.33333333333335)	(59.0, 35.66666666666664)	(60.0, 19.333333333333332)	(61.0, 13.33333333333334)	(62.0, 7.666666666666663)	(63.0, 4.0)	(64.0, 1.9999999999999998)	(65.0, 1.6666666666666665)	(66.0, 1.0)	(67.0, 1.6666666666666665)	(68.0, 1.0)	(69.0, 0.0)	(70.0, 0.0)	(71.0, 0.3333333333333333)	(72.0, 0.0)	(73.0, 0.0)	(74.0, 0.0)	(75.0, 0.0)	(76.0, 0.0)	(77.0, 0.0)	(78.0, 0.0)	(79.0, 0.0)	(80.0, 0.0)	(81.0, 0.3333333333333333)	(82.0, 0.3333333333333333)	(83.0, 0.0)	(84.0, 0.0)	(85.0, 0.0)	(86.0, 0.0)	(87.0, 0.0)	(88.0, 0.0)	(89.0, 0.0)	(90.0, 0.0)	(91.0, 0.0)	(92.0, 0.0)	(93.0, 0.0)	(94.0, 0.0)	(95.0, 0.0)	(96.0, 0.0)	(97.0, 0.0)	(98.0, 0.0)	(99.0, 0.0)	(100.0, 0.0)
SRR8438070	(0.0, 0.0)	(1.0, 0.0)	(2.0, 0.0)	(3.0, 0.0)	(4.0, 0.0)	(5.0, 0.0)	(6.0, 0.0)	(7.0, 0.0)	(8.0, 0.0)	(9.0, 0.0)	(10.0, 0.0)	(11.0, 0.0)	(12.0, 0.0)	(13.0, 0.0)	(14.0, 0.0)	(15.0, 0.0)	(16.0, 0.0)	(17.0, 0.0)	(18.0, 0.0)	(19.0, 0.0)	(20.0, 0.0)	(21.0, 0.0)	(22.0, 0.0)	(23.0, 0.0)	(24.0, 0.0)	(25.0, 0.0)	(26.0, 0.0)	(27.0, 0.0)	(28.0, 0.0)	(29.0, 0.0)	(30.0, 0.0)	(31.0, 0.0)	(32.0, 0.0)	(33.0, 0.0)	(34.0, 0.0)	(35.0, 0.0)	(36.0, 0.0)	(37.0, 0.0)	(38.0, 0.0)	(39.0, 0.0)	(40.0, 0.0)	(41.0, 0.0)	(42.0, 0.0)	(43.0, 0.3333333333333333)	(44.0, 0.6666666666666666)	(45.0, 0.6666666666666666)	(46.0, 1.3333333333333333)	(47.0, 1.3333333333333333)	(48.0, 1.3333333333333333)	(49.0, 0.3333333333333333)	(50.0, 0.6666666666666666)	(51.0, 0.3333333333333333)	(52.0, 0.0)	(53.0, 0.0)	(54.0, 0.0)	(55.0, 0.0)	(56.0, 0.0)	(57.0, 0.0)	(58.0, 0.0)	(59.0, 0.0)	(60.0, 0.0)	(61.0, 0.0)	(62.0, 0.0)	(63.0, 0.0)	(64.0, 0.0)	(65.0, 0.0)	(66.0, 0.0)	(67.0, 0.0)	(68.0, 0.0)	(69.0, 0.0)	(70.0, 0.0)	(71.0, 0.0)	(72.0, 0.0)	(73.0, 0.0)	(74.0, 0.0)	(75.0, 0.0)	(76.0, 0.0)	(77.0, 0.0)	(78.0, 0.0)	(79.0, 0.0)	(80.0, 0.0)	(81.0, 0.0)	(82.0, 0.0)	(83.0, 0.0)	(84.0, 0.0)	(85.0, 0.0)	(86.0, 0.0)	(87.0, 0.0)	(88.0, 0.0)	(89.0, 0.0)	(90.0, 0.0)	(91.0, 0.0)	(92.0, 0.0)	(93.0, 0.0)	(94.0, 0.0)	(95.0, 0.0)	(96.0, 0.0)	(97.0, 0.0)	(98.0, 0.0)	(99.0, 0.0)	(100.0, 0.0)
SRR8438070_1	(0.0, 0.0)	(1.0, 0.0)	(2.0, 0.0)	(3.0, 0.0)	(4.0, 0.0)	(5.0, 0.0)	(6.0, 0.0)	(7.0, 0.0)	(8.0, 0.0)	(9.0, 0.0)	(10.0, 0.0)	(11.0, 0.0)	(12.0, 0.0)	(13.0, 0.0)	(14.0, 0.0)	(15.0, 0.0)	(16.0, 0.0)	(17.0, 0.0)	(18.0, 0.0)	(19.0, 0.0)	(20.0, 0.0)	(21.0, 0.0)	(22.0, 0.0)	(23.0, 0.0)	(24.0, 0.0)	(25.0, 0.0)	(26.0, 0.0)	(27.0, 0.0)	(28.0, 0.0)	(29.0, 0.0)	(30.0, 0.0)	(31.0, 0.0)	(32.0, 0.0)	(33.0, 0.0)	(34.0, 0.0)	(35.0, 0.6666666666666666)	(36.0, 1.3333333333333333)	(37.0, 9.333333333333332)	(38.0, 10.666666666666668)	(39.0, 15.333333333333343)	(40.0, 74.66666666666669)	(41.0, 61.66666666666683)	(42.0, 52.666666666666764)	(43.0, 73.33333333333337)	(44.0, 97.99999999999969)	(45.0, 106.66666666666623)	(46.0, 94.33333333333307)	(47.0, 111.99999999999949)	(48.0, 140.33333333333294)	(49.0, 365.33333333333)	(50.0, 588.999999999997)	(51.0, 16205.666666678262)	(52.0, 20744.999999996053)	(53.0, 3800.0000000006103)	(54.0, 1391.9999999999627)	(55.0, 771.0000000000177)	(56.0, 452.6666666666584)	(57.0, 249.66666666666939)	(58.0, 89.66666666666647)	(59.0, 45.666666666666714)	(60.0, 24.333333333333314)	(61.0, 16.00000000000001)	(62.0, 8.33333333333333)	(63.0, 3.3333333333333335)	(64.0, 1.3333333333333333)	(65.0, 0.6666666666666666)	(66.0, 0.3333333333333333)	(67.0, 0.0)	(68.0, 0.0)	(69.0, 0.3333333333333333)	(70.0, 0.0)	(71.0, 0.0)	(72.0, 0.0)	(73.0, 0.0)	(74.0, 0.0)	(75.0, 0.0)	(76.0, 0.0)	(77.0, 0.0)	(78.0, 0.0)	(79.0, 0.0)	(80.0, 0.0)	(81.0, 0.3333333333333333)	(82.0, 0.0)	(83.0, 0.0)	(84.0, 0.0)	(85.0, 0.0)	(86.0, 0.0)	(87.0, 0.0)	(88.0, 0.0)	(89.0, 0.0)	(90.0, 0.0)	(91.0, 0.0)	(92.0, 0.0)	(93.0, 0.0)	(94.0, 0.0)	(95.0, 0.0)	(96.0, 0.0)	(97.0, 0.0)	(98.0, 0.0)	(99.0, 0.0)	(100.0, 0.0)
SRR8438070_2	(0.0, 0.0)	(1.0, 0.0)	(2.0, 0.0)	(3.0, 0.0)	(4.0, 0.0)	(5.0, 0.0)	(6.0, 0.0)	(7.0, 0.0)	(8.0, 0.0)	(9.0, 0.0)	(10.0, 0.0)	(11.0, 0.0)	(12.0, 0.0)	(13.0, 0.0)	(14.0, 0.0)	(15.0, 0.0)	(16.0, 0.0)	(17.0, 0.0)	(18.0, 0.0)	(19.0, 0.0)	(20.0, 0.0)	(21.0, 0.0)	(22.0, 0.0)	(23.0, 0.0)	(24.0, 0.0)	(25.0, 0.0)	(26.0, 0.0)	(27.0, 0.0)	(28.0, 0.0)	(29.0, 0.0)	(30.0, 0.0)	(31.0, 0.0)	(32.0, 2.333333333333333)	(33.0, 2.6666666666666665)	(34.0, 1.0)	(35.0, 0.3333333333333333)	(36.0, 0.0)	(37.0, 2.333333333333333)	(38.0, 5.333333333333332)	(39.0, 37.83333333333333)	(40.0, 62.16666666666683)	(41.0, 36.66666666666665)	(42.0, 49.33333333333341)	(43.0, 58.50000000000014)	(44.0, 66.00000000000016)	(45.0, 73.83333333333337)	(46.0, 71.00000000000007)	(47.0, 82.9999999999999)	(48.0, 132.33333333333272)	(49.0, 212.00000000000165)	(50.0, 293.6666666666674)	(51.0, 513.3333333333218)	(52.0, 12396.000000004666)	(53.0, 18451.0000000044)	(54.0, 5506.999999999462)	(55.0, 2428.999999999987)	(56.0, 1343.333333333307)	(57.0, 791.6666666666868)	(58.0, 514.3333333333219)	(59.0, 354.66666666666396)	(60.0, 259.66666666666936)	(61.0, 191.66666666666774)	(62.0, 155.00000000000003)	(63.0, 120.99999999999936)	(64.0, 92.99999999999976)	(65.0, 73.6666666666667)	(66.0, 45.666666666666714)	(67.0, 29.66666666666663)	(68.0, 21.99999999999999)	(69.0, 10.666666666666668)	(70.0, 6.666666666666664)	(71.0, 5.666666666666665)	(72.0, 4.333333333333333)	(73.0, 1.9999999999999998)	(74.0, 1.0)	(75.0, 1.0)	(76.0, 1.0)	(77.0, 0.3333333333333333)	(78.0, 0.6666666666666666)	(79.0, 0.3333333333333333)	(80.0, 0.3333333333333333)	(81.0, 0.3333333333333333)	(82.0, 0.0)	(83.0, 0.3333333333333333)	(84.0, 0.6666666666666666)	(85.0, 1.0)	(86.0, 0.0)	(87.0, 0.3333333333333333)	(88.0, 0.0)	(89.0, 0.0)	(90.0, 0.0)	(91.0, 0.3333333333333333)	(92.0, 0.3333333333333333)	(93.0, 0.3333333333333333)	(94.0, 0.0)	(95.0, 0.0)	(96.0, 0.0)	(97.0, 0.0)	(98.0, 0.0)	(99.0, 0.3333333333333333)	(100.0, 0.0)
SRR8438071	(0.0, 0.0)	(1.0, 0.0)	(2.0, 0.0)	(3.0, 0.0)	(4.0, 0.0)	(5.0, 0.0)	(6.0, 0.0)	(7.0, 0.0)	(8.0, 0.0)	(9.0, 0.0)	(10.0, 0.0)	(11.0, 0.0)	(12.0, 0.0)	(13.0, 0.0)	(14.0, 0.0)	(15.0, 0.0)	(16.0, 0.0)	(17.0, 0.0)	(18.0, 0.0)	(19.0, 0.0)	(20.0, 0.0)	(21.0, 0.0)	(22.0, 0.0)	(23.0, 0.0)	(24.0, 0.0)	(25.0, 0.0)	(26.0, 0.0)	(27.0, 0.0)	(28.0, 0.0)	(29.0, 0.0)	(30.0, 0.0)	(31.0, 0.0)	(32.0, 0.0)	(33.0, 0.0)	(34.0, 0.0)	(35.0, 0.0)	(36.0, 0.0)	(37.0, 0.0)	(38.0, 0.0)	(39.0, 0.0)	(40.0, 0.0)	(41.0, 0.6666666666666666)	(42.0, 1.3333333333333333)	(43.0, 1.0)	(44.0, 0.6666666666666666)	(45.0, 1.9999999999999998)	(46.0, 3.0)	(47.0, 3.0)	(48.0, 3.0)	(49.0, 1.0)	(50.0, 0.6666666666666666)	(51.0, 0.0)	(52.0, 0.6666666666666666)	(53.0, 0.0)	(54.0, 0.0)	(55.0, 0.0)	(56.0, 0.0)	(57.0, 0.0)	(58.0, 0.0)	(59.0, 0.0)	(60.0, 0.0)	(61.0, 0.0)	(62.0, 0.0)	(63.0, 0.0)	(64.0, 0.0)	(65.0, 0.0)	(66.0, 0.0)	(67.0, 0.0)	(68.0, 0.0)	(69.0, 0.0)	(70.0, 0.0)	(71.0, 0.0)	(72.0, 0.0)	(73.0, 0.0)	(74.0, 0.0)	(75.0, 0.0)	(76.0, 0.0)	(77.0, 0.0)	(78.0, 0.0)	(79.0, 0.0)	(80.0, 0.0)	(81.0, 0.0)	(82.0, 0.0)	(83.0, 0.0)	(84.0, 0.0)	(85.0, 0.0)	(86.0, 0.0)	(87.0, 0.0)	(88.0, 0.0)	(89.0, 0.0)	(90.0, 0.0)	(91.0, 0.0)	(92.0, 0.0)	(93.0, 0.0)	(94.0, 0.0)	(95.0, 0.0)	(96.0, 0.0)	(97.0, 0.0)	(98.0, 0.0)	(99.0, 0.0)	(100.0, 0.0)
SRR8438071_1	(0.0, 0.0)	(1.0, 0.0)	(2.0, 0.0)	(3.0, 0.0)	(4.0, 0.0)	(5.0, 0.0)	(6.0, 0.0)	(7.0, 0.0)	(8.0, 0.0)	(9.0, 0.0)	(10.0, 0.0)	(11.0, 0.0)	(12.0, 0.0)	(13.0, 0.0)	(14.0, 0.0)	(15.0, 0.0)	(16.0, 0.0)	(17.0, 0.0)	(18.0, 0.0)	(19.0, 0.0)	(20.0, 0.0)	(21.0, 0.0)	(22.0, 0.0)	(23.0, 0.0)	(24.0, 0.0)	(25.0, 0.0)	(26.0, 0.0)	(27.0, 0.0)	(28.0, 0.0)	(29.0, 0.0)	(30.0, 0.0)	(31.0, 0.0)	(32.0, 0.0)	(33.0, 0.0)	(34.0, 0.0)	(35.0, 0.0)	(36.0, 0.6666666666666666)	(37.0, 2.333333333333333)	(38.0, 5.999999999999998)	(39.0, 87.33333333333317)	(40.0, 618.3333333333337)	(41.0, 728.3333333333462)	(42.0, 573.666666666662)	(43.0, 689.0000000000084)	(44.0, 218.6666666666685)	(45.0, 196.33333333333454)	(46.0, 199.66666666666796)	(47.0, 166.00000000000034)	(48.0, 173.33333333333388)	(49.0, 327.9999999999988)	(50.0, 1190.0000000000086)	(51.0, 19679.333333333263)	(52.0, 19130.000000001928)	(53.0, 4224.6666666672945)	(54.0, 2559.3333333333794)	(55.0, 737.6666666666806)	(56.0, 247.333333333336)	(57.0, 112.33333333333282)	(58.0, 53.0000000000001)	(59.0, 24.99999999999998)	(60.0, 10.666666666666668)	(61.0, 2.6666666666666665)	(62.0, 0.3333333333333333)	(63.0, 0.3333333333333333)	(64.0, 3.0)	(65.0, 1.0)	(66.0, 0.0)	(67.0, 0.3333333333333333)	(68.0, 0.3333333333333333)	(69.0, 0.3333333333333333)	(70.0, 0.0)	(71.0, 0.0)	(72.0, 0.0)	(73.0, 0.0)	(74.0, 0.0)	(75.0, 0.0)	(76.0, 0.0)	(77.0, 0.0)	(78.0, 0.0)	(79.0, 0.0)	(80.0, 0.0)	(81.0, 0.0)	(82.0, 0.0)	(83.0, 0.0)	(84.0, 0.0)	(85.0, 0.0)	(86.0, 0.0)	(87.0, 0.3333333333333333)	(88.0, 0.0)	(89.0, 0.0)	(90.0, 0.0)	(91.0, 0.0)	(92.0, 0.0)	(93.0, 0.0)	(94.0, 0.0)	(95.0, 0.0)	(96.0, 0.0)	(97.0, 0.0)	(98.0, 0.0)	(99.0, 0.0)	(100.0, 0.0)
SRR8438071_2	(0.0, 0.0)	(1.0, 0.0)	(2.0, 0.0)	(3.0, 0.0)	(4.0, 0.0)	(5.0, 0.0)	(6.0, 0.0)	(7.0, 0.0)	(8.0, 0.0)	(9.0, 0.0)	(10.0, 0.0)	(11.0, 0.0)	(12.0, 0.0)	(13.0, 0.0)	(14.0, 0.0)	(15.0, 0.0)	(16.0, 0.0)	(17.0, 0.0)	(18.0, 0.0)	(19.0, 0.0)	(20.0, 0.0)	(21.0, 0.0)	(22.0, 0.0)	(23.0, 0.0)	(24.0, 0.0)	(25.0, 0.0)	(26.0, 0.0)	(27.0, 0.0)	(28.0, 0.6666666666666666)	(29.0, 0.3333333333333333)	(30.0, 0.3333333333333333)	(31.0, 0.0)	(32.0, 0.0)	(33.0, 0.3333333333333333)	(34.0, 1.6666666666666665)	(35.0, 4.333333333333333)	(36.0, 13.000000000000005)	(37.0, 50.16666666666674)	(38.0, 97.9999999999997)	(39.0, 471.4999999999906)	(40.0, 561.999999999994)	(41.0, 182.83333333333417)	(42.0, 480.16666666665685)	(43.0, 526.99999999999)	(44.0, 270.16666666666873)	(45.0, 198.16666666666794)	(46.0, 162.33333333333357)	(47.0, 131.3333333333327)	(48.0, 136.16666666666617)	(49.0, 206.83333333333485)	(50.0, 540.3333333333248)	(51.0, 2923.6666666668784)	(52.0, 16495.333333344846)	(53.0, 12595.333333338362)	(54.0, 5514.999999999454)	(55.0, 2872.6666666668552)	(56.0, 1284.999999999987)	(57.0, 694.000000000009)	(58.0, 427.3333333333265)	(59.0, 261.0000000000026)	(60.0, 173.00000000000054)	(61.0, 117.33333333333275)	(62.0, 80.6666666666666)	(63.0, 50.333333333333414)	(64.0, 38.33333333333333)	(65.0, 21.99999999999999)	(66.0, 18.000000000000004)	(67.0, 10.666666666666668)	(68.0, 4.999999999999999)	(69.0, 4.333333333333333)	(70.0, 1.9999999999999998)	(71.0, 2.333333333333333)	(72.0, 1.6666666666666665)	(73.0, 1.3333333333333333)	(74.0, 1.3333333333333333)	(75.0, 0.3333333333333333)	(76.0, 0.0)	(77.0, 0.0)	(78.0, 0.0)	(79.0, 0.0)	(80.0, 0.0)	(81.0, 0.3333333333333333)	(82.0, 1.0)	(83.0, 0.6666666666666666)	(84.0, 0.0)	(85.0, 0.3333333333333333)	(86.0, 0.3333333333333333)	(87.0, 0.0)	(88.0, 0.0)	(89.0, 0.0)	(90.0, 0.3333333333333333)	(91.0, 0.3333333333333333)	(92.0, 0.3333333333333333)	(93.0, 0.0)	(94.0, 0.0)	(95.0, 0.0)	(96.0, 0.3333333333333333)	(97.0, 0.0)	(98.0, 0.3333333333333333)	(99.0, 1.0)	(100.0, 0.0)
SRR8438072	(0.0, 0.0)	(1.0, 0.0)	(2.0, 0.0)	(3.0, 0.0)	(4.0, 0.0)	(5.0, 0.0)	(6.0, 0.0)	(7.0, 0.0)	(8.0, 0.0)	(9.0, 0.0)	(10.0, 0.0)	(11.0, 0.0)	(12.0, 0.0)	(13.0, 0.0)	(14.0, 0.0)	(15.0, 0.0)	(16.0, 0.0)	(17.0, 0.0)	(18.0, 0.0)	(19.0, 0.0)	(20.0, 0.0)	(21.0, 0.0)	(22.0, 0.0)	(23.0, 0.0)	(24.0, 0.0)	(25.0, 0.0)	(26.0, 0.0)	(27.0, 0.0)	(28.0, 0.0)	(29.0, 0.0)	(30.0, 0.0)	(31.0, 0.0)	(32.0, 0.0)	(33.0, 0.0)	(34.0, 0.0)	(35.0, 0.0)	(36.0, 0.0)	(37.0, 0.0)	(38.0, 0.0)	(39.0, 0.0)	(40.0, 0.0)	(41.0, 0.0)	(42.0, 0.0)	(43.0, 0.3333333333333333)	(44.0, 0.3333333333333333)	(45.0, 0.3333333333333333)	(46.0, 1.0)	(47.0, 1.0)	(48.0, 1.6666666666666665)	(49.0, 1.6666666666666665)	(50.0, 0.6666666666666666)	(51.0, 0.3333333333333333)	(52.0, 1.3333333333333333)	(53.0, 0.3333333333333333)	(54.0, 0.0)	(55.0, 0.0)	(56.0, 0.0)	(57.0, 0.0)	(58.0, 0.0)	(59.0, 0.0)	(60.0, 0.0)	(61.0, 0.0)	(62.0, 0.0)	(63.0, 0.0)	(64.0, 0.0)	(65.0, 0.0)	(66.0, 0.0)	(67.0, 0.0)	(68.0, 0.0)	(69.0, 0.0)	(70.0, 0.0)	(71.0, 0.0)	(72.0, 0.0)	(73.0, 0.0)	(74.0, 0.0)	(75.0, 0.0)	(76.0, 0.0)	(77.0, 0.0)	(78.0, 0.0)	(79.0, 0.0)	(80.0, 0.0)	(81.0, 0.0)	(82.0, 0.0)	(83.0, 0.0)	(84.0, 0.0)	(85.0, 0.0)	(86.0, 0.0)	(87.0, 0.0)	(88.0, 0.0)	(89.0, 0.0)	(90.0, 0.0)	(91.0, 0.0)	(92.0, 0.0)	(93.0, 0.0)	(94.0, 0.0)	(95.0, 0.0)	(96.0, 0.0)	(97.0, 0.0)	(98.0, 0.0)	(99.0, 0.0)	(100.0, 0.0)
SRR8438072_1	(0.0, 0.0)	(1.0, 0.0)	(2.0, 0.0)	(3.0, 0.0)	(4.0, 0.0)	(5.0, 0.0)	(6.0, 0.0)	(7.0, 0.0)	(8.0, 0.0)	(9.0, 0.0)	(10.0, 0.0)	(11.0, 0.0)	(12.0, 0.0)	(13.0, 0.0)	(14.0, 0.0)	(15.0, 0.0)	(16.0, 0.0)	(17.0, 0.0)	(18.0, 0.0)	(19.0, 0.0)	(20.0, 0.0)	(21.0, 0.0)	(22.0, 0.0)	(23.0, 0.0)	(24.0, 0.0)	(25.0, 0.0)	(26.0, 0.0)	(27.0, 0.0)	(28.0, 0.0)	(29.0, 0.0)	(30.0, 0.0)	(31.0, 0.0)	(32.0, 0.0)	(33.0, 0.0)	(34.0, 0.0)	(35.0, 0.0)	(36.0, 1.0)	(37.0, 2.6666666666666665)	(38.0, 5.333333333333332)	(39.0, 15.333333333333343)	(40.0, 72.00000000000006)	(41.0, 99.333333333333)	(42.0, 77.33333333333331)	(43.0, 115.99999999999943)	(44.0, 111.66666666666616)	(45.0, 108.99999999999953)	(46.0, 116.66666666666609)	(47.0, 109.33333333333286)	(48.0, 112.99999999999947)	(49.0, 159.33333333333348)	(50.0, 1347.3333333333062)	(51.0, 30111.666666628644)	(52.0, 30231.99999996154)	(53.0, 4845.66666666673)	(54.0, 1929.9999999998404)	(55.0, 585.6666666666633)	(56.0, 212.66666666666833)	(57.0, 98.33333333333302)	(58.0, 41.666666666666686)	(59.0, 15.333333333333343)	(60.0, 7.9999999999999964)	(61.0, 3.3333333333333335)	(62.0, 1.9999999999999998)	(63.0, 1.3333333333333333)	(64.0, 1.0)	(65.0, 0.3333333333333333)	(66.0, 0.0)	(67.0, 0.0)	(68.0, 0.0)	(69.0, 0.0)	(70.0, 0.0)	(71.0, 0.0)	(72.0, 0.0)	(73.0, 0.0)	(74.0, 0.0)	(75.0, 0.0)	(76.0, 0.0)	(77.0, 0.0)	(78.0, 0.0)	(79.0, 0.0)	(80.0, 0.0)	(81.0, 0.0)	(82.0, 0.0)	(83.0, 0.0)	(84.0, 0.0)	(85.0, 0.0)	(86.0, 0.0)	(87.0, 0.0)	(88.0, 0.0)	(89.0, 0.0)	(90.0, 0.0)	(91.0, 0.0)	(92.0, 0.0)	(93.0, 0.0)	(94.0, 0.0)	(95.0, 0.0)	(96.0, 0.0)	(97.0, 0.0)	(98.0, 0.0)	(99.0, 0.0)	(100.0, 0.0)
SRR8438072_2	(0.0, 0.0)	(1.0, 0.0)	(2.0, 0.0)	(3.0, 0.0)	(4.0, 0.0)	(5.0, 0.0)	(6.0, 0.0)	(7.0, 0.0)	(8.0, 0.0)	(9.0, 0.0)	(10.0, 0.0)	(11.0, 0.0)	(12.0, 0.0)	(13.0, 0.0)	(14.0, 0.0)	(15.0, 0.0)	(16.0, 0.0)	(17.0, 0.0)	(18.0, 0.0)	(19.0, 0.0)	(20.0, 0.0)	(21.0, 0.0)	(22.0, 0.0)	(23.0, 0.0)	(24.0, 0.0)	(25.0, 0.0)	(26.0, 0.0)	(27.0, 0.3333333333333333)	(28.0, 0.3333333333333333)	(29.0, 0.0)	(30.0, 0.0)	(31.0, 0.3333333333333333)	(32.0, 0.0)	(33.0, 0.0)	(34.0, 0.0)	(35.0, 0.3333333333333333)	(36.0, 1.0)	(37.0, 3.0)	(38.0, 4.999999999999999)	(39.0, 42.00000000000002)	(40.0, 58.666666666666806)	(41.0, 43.6666666666667)	(42.0, 61.000000000000156)	(43.0, 90.33333333333313)	(44.0, 100.99999999999964)	(45.0, 100.66666666666632)	(46.0, 100.99999999999964)	(47.0, 103.9999999999996)	(48.0, 115.33333333333277)	(49.0, 150.33333333333323)	(50.0, 1011.6666666667118)	(51.0, 8678.66666666457)	(52.0, 27921.33333330328)	(53.0, 13701.00000000704)	(54.0, 4494.333333333716)	(55.0, 2157.3333333331966)	(56.0, 998.3333333333769)	(57.0, 539.3333333333247)	(58.0, 329.33333333333206)	(59.0, 213.66666666666836)	(60.0, 143.33333333333303)	(61.0, 105.33333333333292)	(62.0, 70.33333333333341)	(63.0, 48.000000000000064)	(64.0, 32.99999999999996)	(65.0, 19.666666666666664)	(66.0, 12.666666666666671)	(67.0, 8.33333333333333)	(68.0, 6.666666666666664)	(69.0, 4.0)	(70.0, 1.3333333333333333)	(71.0, 0.6666666666666666)	(72.0, 1.0)	(73.0, 0.3333333333333333)	(74.0, 0.3333333333333333)	(75.0, 0.3333333333333333)	(76.0, 0.3333333333333333)	(77.0, 1.0)	(78.0, 0.3333333333333333)	(79.0, 0.0)	(80.0, 0.0)	(81.0, 0.3333333333333333)	(82.0, 0.3333333333333333)	(83.0, 0.3333333333333333)	(84.0, 1.0)	(85.0, 0.6666666666666666)	(86.0, 0.3333333333333333)	(87.0, 1.0)	(88.0, 0.6666666666666666)	(89.0, 0.0)	(90.0, 0.3333333333333333)	(91.0, 0.3333333333333333)	(92.0, 0.0)	(93.0, 0.0)	(94.0, 0.0)	(95.0, 0.0)	(96.0, 0.0)	(97.0, 0.6666666666666666)	(98.0, 0.3333333333333333)	(99.0, 0.3333333333333333)	(100.0, 0.0)
SRR8438073	(0.0, 0.0)	(1.0, 0.0)	(2.0, 0.0)	(3.0, 0.0)	(4.0, 0.0)	(5.0, 0.0)	(6.0, 0.0)	(7.0, 0.0)	(8.0, 0.0)	(9.0, 0.0)	(10.0, 0.0)	(11.0, 0.0)	(12.0, 0.0)	(13.0, 0.0)	(14.0, 0.0)	(15.0, 0.0)	(16.0, 0.0)	(17.0, 0.0)	(18.0, 0.0)	(19.0, 0.0)	(20.0, 0.0)	(21.0, 0.0)	(22.0, 0.0)	(23.0, 0.0)	(24.0, 0.0)	(25.0, 0.0)	(26.0, 0.0)	(27.0, 0.0)	(28.0, 0.0)	(29.0, 0.0)	(30.0, 0.0)	(31.0, 0.0)	(32.0, 0.0)	(33.0, 0.0)	(34.0, 0.0)	(35.0, 0.0)	(36.0, 0.0)	(37.0, 0.0)	(38.0, 0.0)	(39.0, 0.0)	(40.0, 0.0)	(41.0, 0.0)	(42.0, 0.0)	(43.0, 0.3333333333333333)	(44.0, 1.0)	(45.0, 1.6666666666666665)	(46.0, 1.6666666666666665)	(47.0, 0.6666666666666666)	(48.0, 1.0)	(49.0, 0.6666666666666666)	(50.0, 0.0)	(51.0, 0.6666666666666666)	(52.0, 0.3333333333333333)	(53.0, 0.0)	(54.0, 0.0)	(55.0, 0.0)	(56.0, 0.0)	(57.0, 0.0)	(58.0, 0.0)	(59.0, 0.0)	(60.0, 0.0)	(61.0, 0.0)	(62.0, 0.0)	(63.0, 0.0)	(64.0, 0.0)	(65.0, 0.0)	(66.0, 0.0)	(67.0, 0.0)	(68.0, 0.0)	(69.0, 0.0)	(70.0, 0.0)	(71.0, 0.0)	(72.0, 0.0)	(73.0, 0.0)	(74.0, 0.0)	(75.0, 0.0)	(76.0, 0.0)	(77.0, 0.0)	(78.0, 0.0)	(79.0, 0.0)	(80.0, 0.0)	(81.0, 0.0)	(82.0, 0.0)	(83.0, 0.0)	(84.0, 0.0)	(85.0, 0.0)	(86.0, 0.0)	(87.0, 0.0)	(88.0, 0.0)	(89.0, 0.0)	(90.0, 0.0)	(91.0, 0.0)	(92.0, 0.0)	(93.0, 0.0)	(94.0, 0.0)	(95.0, 0.0)	(96.0, 0.0)	(97.0, 0.0)	(98.0, 0.0)	(99.0, 0.0)	(100.0, 0.0)
SRR8438073_1	(0.0, 0.0)	(1.0, 0.0)	(2.0, 0.0)	(3.0, 0.0)	(4.0, 0.0)	(5.0, 0.0)	(6.0, 0.0)	(7.0, 0.0)	(8.0, 0.0)	(9.0, 0.0)	(10.0, 0.0)	(11.0, 0.0)	(12.0, 0.0)	(13.0, 0.0)	(14.0, 0.0)	(15.0, 0.0)	(16.0, 0.0)	(17.0, 0.0)	(18.0, 0.0)	(19.0, 0.0)	(20.0, 0.0)	(21.0, 0.0)	(22.0, 0.0)	(23.0, 0.0)	(24.0, 0.0)	(25.0, 0.3333333333333333)	(26.0, 0.0)	(27.0, 0.0)	(28.0, 0.0)	(29.0, 0.0)	(30.0, 0.0)	(31.0, 0.0)	(32.0, 0.0)	(33.0, 3.3333333333333335)	(34.0, 7.33333333333333)	(35.0, 4.333333333333333)	(36.0, 11.333333333333336)	(37.0, 79.99999999999994)	(38.0, 48.000000000000064)	(39.0, 17.33333333333334)	(40.0, 79.66666666666661)	(41.0, 64.3333333333335)	(42.0, 58.666666666666806)	(43.0, 83.66666666666656)	(44.0, 87.33333333333317)	(45.0, 166.00000000000034)	(46.0, 901.3333333333659)	(47.0, 966.0000000000399)	(48.0, 211.00000000000162)	(49.0, 177.333333333334)	(50.0, 394.33333333332837)	(51.0, 8072.666666663795)	(52.0, 8857.333333331562)	(53.0, 1201.0000000000061)	(54.0, 11192.000000002476)	(55.0, 12566.000000004975)	(56.0, 970.0000000000404)	(57.0, 288.3333333333344)	(58.0, 110.9999999999995)	(59.0, 55.666666666666785)	(60.0, 15.000000000000009)	(61.0, 6.666666666666664)	(62.0, 9.333333333333332)	(63.0, 13.000000000000005)	(64.0, 13.33333333333334)	(65.0, 1.6666666666666665)	(66.0, 1.3333333333333333)	(67.0, 0.0)	(68.0, 0.0)	(69.0, 0.0)	(70.0, 0.0)	(71.0, 0.0)	(72.0, 0.0)	(73.0, 0.0)	(74.0, 0.0)	(75.0, 0.0)	(76.0, 0.0)	(77.0, 0.0)	(78.0, 0.0)	(79.0, 0.0)	(80.0, 0.0)	(81.0, 0.0)	(82.0, 0.0)	(83.0, 0.0)	(84.0, 0.0)	(85.0, 0.0)	(86.0, 0.0)	(87.0, 0.0)	(88.0, 0.0)	(89.0, 0.0)	(90.0, 0.0)	(91.0, 0.0)	(92.0, 0.0)	(93.0, 0.0)	(94.0, 0.0)	(95.0, 0.0)	(96.0, 0.0)	(97.0, 0.0)	(98.0, 0.0)	(99.0, 0.0)	(100.0, 0.0)
SRR8438073_2	(0.0, 0.0)	(1.0, 0.0)	(2.0, 0.0)	(3.0, 0.0)	(4.0, 0.0)	(5.0, 0.0)	(6.0, 0.0)	(7.0, 0.0)	(8.0, 0.0)	(9.0, 0.0)	(10.0, 0.0)	(11.0, 0.0)	(12.0, 0.0)	(13.0, 0.0)	(14.0, 0.0)	(15.0, 0.0)	(16.0, 0.0)	(17.0, 0.0)	(18.0, 0.0)	(19.0, 0.0)	(20.0, 0.0)	(21.0, 0.0)	(22.0, 0.0)	(23.0, 0.0)	(24.0, 0.0)	(25.0, 0.3333333333333333)	(26.0, 0.3333333333333333)	(27.0, 0.0)	(28.0, 0.0)	(29.0, 0.0)	(30.0, 0.0)	(31.0, 0.3333333333333333)	(32.0, 0.3333333333333333)	(33.0, 4.0)	(34.0, 2.6666666666666665)	(35.0, 0.0)	(36.0, 5.999999999999998)	(37.0, 10.333333333333334)	(38.0, 19.999999999999996)	(39.0, 29.333333333333297)	(40.0, 55.666666666666785)	(41.0, 65.00000000000016)	(42.0, 74.33333333333336)	(43.0, 84.33333333333321)	(44.0, 121.66666666666602)	(45.0, 150.66666666666657)	(46.0, 122.33333333333267)	(47.0, 482.99999999999)	(48.0, 778.6666666666853)	(49.0, 514.9999999999886)	(50.0, 456.33333333332484)	(51.0, 566.4999999999945)	(52.0, 4520.500000000359)	(53.0, 7615.333333330877)	(54.0, 3983.6666666673605)	(55.0, 10927.333333335328)	(56.0, 6130.333333332228)	(57.0, 1861.3333333331893)	(58.0, 694.3333333333424)	(59.0, 306.33333333333337)	(60.0, 172.33333333333385)	(61.0, 103.33333333333294)	(62.0, 55.000000000000114)	(63.0, 40.00000000000001)	(64.0, 30.666666666666625)	(65.0, 26.66666666666664)	(66.0, 17.000000000000007)	(67.0, 6.999999999999997)	(68.0, 4.0)	(69.0, 3.666666666666667)	(70.0, 0.6666666666666666)	(71.0, 0.6666666666666666)	(72.0, 1.3333333333333333)	(73.0, 1.0)	(74.0, 0.0)	(75.0, 0.0)	(76.0, 0.0)	(77.0, 0.0)	(78.0, 0.0)	(79.0, 0.0)	(80.0, 0.0)	(81.0, 0.0)	(82.0, 0.0)	(83.0, 0.0)	(84.0, 0.0)	(85.0, 0.0)	(86.0, 0.0)	(87.0, 0.0)	(88.0, 0.0)	(89.0, 0.0)	(90.0, 0.0)	(91.0, 0.3333333333333333)	(92.0, 0.0)	(93.0, 0.0)	(94.0, 0.0)	(95.0, 0.0)	(96.0, 0.0)	(97.0, 0.0)	(98.0, 0.0)	(99.0, 0.0)	(100.0, 1.0)
SRR8438074	(0.0, 0.0)	(1.0, 0.0)	(2.0, 0.0)	(3.0, 0.0)	(4.0, 0.0)	(5.0, 0.0)	(6.0, 0.0)	(7.0, 0.0)	(8.0, 0.0)	(9.0, 0.0)	(10.0, 0.0)	(11.0, 0.0)	(12.0, 0.0)	(13.0, 0.0)	(14.0, 0.0)	(15.0, 0.0)	(16.0, 0.0)	(17.0, 0.0)	(18.0, 0.0)	(19.0, 0.0)	(20.0, 0.0)	(21.0, 0.0)	(22.0, 0.0)	(23.0, 0.0)	(24.0, 0.0)	(25.0, 0.0)	(26.0, 0.0)	(27.0, 0.0)	(28.0, 0.0)	(29.0, 0.0)	(30.0, 0.0)	(31.0, 0.0)	(32.0, 0.0)	(33.0, 0.0)	(34.0, 0.0)	(35.0, 0.0)	(36.0, 0.0)	(37.0, 0.0)	(38.0, 0.0)	(39.0, 0.0)	(40.0, 0.0)	(41.0, 0.3333333333333333)	(42.0, 0.0)	(43.0, 0.3333333333333333)	(44.0, 0.0)	(45.0, 0.0)	(46.0, 0.6666666666666666)	(47.0, 1.0)	(48.0, 0.3333333333333333)	(49.0, 0.0)	(50.0, 0.3333333333333333)	(51.0, 0.6666666666666666)	(52.0, 0.0)	(53.0, 0.0)	(54.0, 0.0)	(55.0, 0.0)	(56.0, 0.0)	(57.0, 0.0)	(58.0, 0.0)	(59.0, 0.0)	(60.0, 0.0)	(61.0, 0.0)	(62.0, 0.0)	(63.0, 0.0)	(64.0, 0.0)	(65.0, 0.0)	(66.0, 0.0)	(67.0, 0.0)	(68.0, 0.0)	(69.0, 0.0)	(70.0, 0.0)	(71.0, 0.0)	(72.0, 0.0)	(73.0, 0.0)	(74.0, 0.0)	(75.0, 0.0)	(76.0, 0.0)	(77.0, 0.0)	(78.0, 0.0)	(79.0, 0.0)	(80.0, 0.0)	(81.0, 0.0)	(82.0, 0.0)	(83.0, 0.0)	(84.0, 0.0)	(85.0, 0.0)	(86.0, 0.0)	(87.0, 0.0)	(88.0, 0.0)	(89.0, 0.0)	(90.0, 0.0)	(91.0, 0.0)	(92.0, 0.0)	(93.0, 0.0)	(94.0, 0.0)	(95.0, 0.0)	(96.0, 0.0)	(97.0, 0.0)	(98.0, 0.0)	(99.0, 0.0)	(100.0, 0.0)
SRR8438074_1	(0.0, 0.0)	(1.0, 0.0)	(2.0, 0.0)	(3.0, 0.0)	(4.0, 0.0)	(5.0, 0.0)	(6.0, 0.0)	(7.0, 0.0)	(8.0, 0.0)	(9.0, 0.0)	(10.0, 0.0)	(11.0, 0.0)	(12.0, 0.0)	(13.0, 0.0)	(14.0, 0.0)	(15.0, 0.0)	(16.0, 0.0)	(17.0, 0.0)	(18.0, 0.0)	(19.0, 0.0)	(20.0, 0.0)	(21.0, 0.0)	(22.0, 0.0)	(23.0, 0.0)	(24.0, 0.0)	(25.0, 0.0)	(26.0, 0.0)	(27.0, 0.0)	(28.0, 0.0)	(29.0, 0.0)	(30.0, 0.0)	(31.0, 0.0)	(32.0, 0.0)	(33.0, 0.0)	(34.0, 0.0)	(35.0, 0.0)	(36.0, 0.0)	(37.0, 1.3333333333333333)	(38.0, 2.333333333333333)	(39.0, 7.9999999999999964)	(40.0, 12.000000000000004)	(41.0, 16.00000000000001)	(42.0, 23.999999999999982)	(43.0, 41.666666666666686)	(44.0, 53.0000000000001)	(45.0, 56.00000000000012)	(46.0, 69.0000000000001)	(47.0, 86.33333333333319)	(48.0, 1465.6666666666126)	(49.0, 27678.333333304163)	(50.0, 13399.00000000649)	(51.0, 2956.33333333356)	(52.0, 1078.6666666667006)	(53.0, 499.3333333333224)	(54.0, 267.6666666666689)	(55.0, 172.33333333333385)	(56.0, 124.9999999999993)	(57.0, 69.0000000000001)	(58.0, 27.666666666666636)	(59.0, 14.000000000000007)	(60.0, 7.9999999999999964)	(61.0, 4.333333333333333)	(62.0, 1.6666666666666665)	(63.0, 1.0)	(64.0, 0.3333333333333333)	(65.0, 0.0)	(66.0, 0.3333333333333333)	(67.0, 0.0)	(68.0, 0.0)	(69.0, 0.0)	(70.0, 0.3333333333333333)	(71.0, 0.3333333333333333)	(72.0, 0.0)	(73.0, 0.0)	(74.0, 0.0)	(75.0, 0.0)	(76.0, 0.0)	(77.0, 0.0)	(78.0, 0.0)	(79.0, 0.0)	(80.0, 0.0)	(81.0, 0.0)	(82.0, 0.0)	(83.0, 0.0)	(84.0, 0.0)	(85.0, 0.0)	(86.0, 0.0)	(87.0, 0.0)	(88.0, 0.0)	(89.0, 0.0)	(90.0, 0.0)	(91.0, 0.0)	(92.0, 0.0)	(93.0, 0.0)	(94.0, 0.0)	(95.0, 0.0)	(96.0, 0.0)	(97.0, 0.0)	(98.0, 0.0)	(99.0, 0.0)	(100.0, 0.0)
SRR8438074_2	(0.0, 0.0)	(1.0, 0.0)	(2.0, 0.0)	(3.0, 0.0)	(4.0, 0.0)	(5.0, 0.0)	(6.0, 0.0)	(7.0, 0.0)	(8.0, 0.0)	(9.0, 0.0)	(10.0, 0.0)	(11.0, 0.0)	(12.0, 0.0)	(13.0, 0.0)	(14.0, 0.0)	(15.0, 0.0)	(16.0, 0.0)	(17.0, 0.0)	(18.0, 0.0)	(19.0, 0.0)	(20.0, 0.0)	(21.0, 0.0)	(22.0, 0.0)	(23.0, 0.0)	(24.0, 0.0)	(25.0, 0.0)	(26.0, 0.0)	(27.0, 0.0)	(28.0, 0.0)	(29.0, 0.0)	(30.0, 0.0)	(31.0, 0.0)	(32.0, 0.0)	(33.0, 0.0)	(34.0, 0.0)	(35.0, 0.0)	(36.0, 0.0)	(37.0, 0.6666666666666666)	(38.0, 1.3333333333333333)	(39.0, 3.3333333333333335)	(40.0, 9.333333333333332)	(41.0, 17.000000000000007)	(42.0, 21.333333333333325)	(43.0, 26.833333333333307)	(44.0, 38.166666666666664)	(45.0, 42.00000000000002)	(46.0, 39.0)	(47.0, 56.00000000000012)	(48.0, 167.00000000000037)	(49.0, 13914.000000007427)	(50.0, 24751.999999981475)	(51.0, 8555.666666664347)	(52.0, 3677.333333333888)	(53.0, 1939.6666666665049)	(54.0, 1111.0000000000266)	(55.0, 698.3333333333428)	(56.0, 498.6666666666558)	(57.0, 359.999999999997)	(58.0, 244.3333333333359)	(59.0, 175.66666666666728)	(60.0, 134.33333333333277)	(61.0, 88.99999999999982)	(62.0, 54.00000000000011)	(63.0, 31.999999999999954)	(64.0, 21.99999999999999)	(65.0, 12.000000000000004)	(66.0, 7.33333333333333)	(67.0, 5.666666666666665)	(68.0, 3.0)	(69.0, 1.9999999999999998)	(70.0, 1.6666666666666665)	(71.0, 1.0)	(72.0, 0.6666666666666666)	(73.0, 0.3333333333333333)	(74.0, 0.0)	(75.0, 0.0)	(76.0, 0.0)	(77.0, 0.3333333333333333)	(78.0, 0.6666666666666666)	(79.0, 0.0)	(80.0, 0.3333333333333333)	(81.0, 0.0)	(82.0, 0.3333333333333333)	(83.0, 0.6666666666666666)	(84.0, 0.0)	(85.0, 0.0)	(86.0, 0.0)	(87.0, 0.3333333333333333)	(88.0, 0.3333333333333333)	(89.0, 0.0)	(90.0, 0.0)	(91.0, 0.0)	(92.0, 0.0)	(93.0, 0.0)	(94.0, 0.3333333333333333)	(95.0, 0.3333333333333333)	(96.0, 0.0)	(97.0, 0.0)	(98.0, 0.6666666666666666)	(99.0, 0.0)	(100.0, 1.5)
SRR8438075	(0.0, 0.0)	(1.0, 0.0)	(2.0, 0.0)	(3.0, 0.0)	(4.0, 0.0)	(5.0, 0.0)	(6.0, 0.0)	(7.0, 0.0)	(8.0, 0.0)	(9.0, 0.0)	(10.0, 0.0)	(11.0, 0.0)	(12.0, 0.0)	(13.0, 0.0)	(14.0, 0.0)	(15.0, 0.0)	(16.0, 0.0)	(17.0, 0.0)	(18.0, 0.0)	(19.0, 0.0)	(20.0, 0.0)	(21.0, 0.0)	(22.0, 0.0)	(23.0, 0.0)	(24.0, 0.0)	(25.0, 0.0)	(26.0, 0.0)	(27.0, 0.0)	(28.0, 0.0)	(29.0, 0.0)	(30.0, 0.0)	(31.0, 0.0)	(32.0, 0.0)	(33.0, 0.0)	(34.0, 0.0)	(35.0, 0.0)	(36.0, 0.0)	(37.0, 0.0)	(38.0, 0.0)	(39.0, 0.0)	(40.0, 0.0)	(41.0, 0.0)	(42.0, 0.0)	(43.0, 0.3333333333333333)	(44.0, 0.3333333333333333)	(45.0, 0.3333333333333333)	(46.0, 0.3333333333333333)	(47.0, 0.3333333333333333)	(48.0, 0.0)	(49.0, 0.0)	(50.0, 0.0)	(51.0, 0.0)	(52.0, 0.0)	(53.0, 0.0)	(54.0, 0.0)	(55.0, 0.0)	(56.0, 0.0)	(57.0, 0.0)	(58.0, 0.0)	(59.0, 0.0)	(60.0, 0.0)	(61.0, 0.0)	(62.0, 0.0)	(63.0, 0.0)	(64.0, 0.0)	(65.0, 0.0)	(66.0, 0.0)	(67.0, 0.0)	(68.0, 0.0)	(69.0, 0.0)	(70.0, 0.0)	(71.0, 0.0)	(72.0, 0.0)	(73.0, 0.0)	(74.0, 0.0)	(75.0, 0.0)	(76.0, 0.0)	(77.0, 0.0)	(78.0, 0.0)	(79.0, 0.0)	(80.0, 0.0)	(81.0, 0.0)	(82.0, 0.0)	(83.0, 0.0)	(84.0, 0.0)	(85.0, 0.0)	(86.0, 0.0)	(87.0, 0.0)	(88.0, 0.0)	(89.0, 0.0)	(90.0, 0.0)	(91.0, 0.0)	(92.0, 0.0)	(93.0, 0.0)	(94.0, 0.0)	(95.0, 0.0)	(96.0, 0.0)	(97.0, 0.0)	(98.0, 0.0)	(99.0, 0.0)	(100.0, 0.0)
SRR8438075_1	(0.0, 0.0)	(1.0, 0.0)	(2.0, 0.0)	(3.0, 0.0)	(4.0, 0.0)	(5.0, 0.0)	(6.0, 0.0)	(7.0, 0.0)	(8.0, 0.0)	(9.0, 0.0)	(10.0, 0.0)	(11.0, 0.0)	(12.0, 0.0)	(13.0, 0.0)	(14.0, 0.0)	(15.0, 0.0)	(16.0, 0.0)	(17.0, 0.0)	(18.0, 0.0)	(19.0, 0.0)	(20.0, 0.0)	(21.0, 0.0)	(22.0, 0.0)	(23.0, 0.0)	(24.0, 0.0)	(25.0, 0.0)	(26.0, 0.0)	(27.0, 0.0)	(28.0, 0.3333333333333333)	(29.0, 0.0)	(30.0, 0.3333333333333333)	(31.0, 0.6666666666666666)	(32.0, 0.0)	(33.0, 0.6666666666666666)	(34.0, 2.333333333333333)	(35.0, 3.3333333333333335)	(36.0, 5.333333333333332)	(37.0, 11.000000000000002)	(38.0, 26.66666666666664)	(39.0, 82.33333333333324)	(40.0, 82.66666666666657)	(41.0, 117.9999999999994)	(42.0, 169.33333333333377)	(43.0, 226.3333333333354)	(44.0, 341.3333333333314)	(45.0, 354.99999999999727)	(46.0, 483.6666666666566)	(47.0, 535.3333333333243)	(48.0, 482.6666666666567)	(49.0, 377.33333333332934)	(50.0, 276.3333333333351)	(51.0, 293.3333333333341)	(52.0, 306.00000000000006)	(53.0, 289.66666666666765)	(54.0, 377.66666666666265)	(55.0, 379.66666666666254)	(56.0, 386.66666666666214)	(57.0, 243.66666666666922)	(58.0, 157.00000000000009)	(59.0, 93.99999999999974)	(60.0, 15.000000000000009)	(61.0, 3.666666666666667)	(62.0, 3.666666666666667)	(63.0, 1.9999999999999998)	(64.0, 1.3333333333333333)	(65.0, 1.0)	(66.0, 0.6666666666666666)	(67.0, 0.0)	(68.0, 0.0)	(69.0, 0.0)	(70.0, 0.3333333333333333)	(71.0, 0.3333333333333333)	(72.0, 0.0)	(73.0, 0.0)	(74.0, 0.0)	(75.0, 0.0)	(76.0, 0.0)	(77.0, 0.3333333333333333)	(78.0, 0.6666666666666666)	(79.0, 0.3333333333333333)	(80.0, 0.0)	(81.0, 0.0)	(82.0, 0.0)	(83.0, 0.0)	(84.0, 0.0)	(85.0, 0.0)	(86.0, 0.0)	(87.0, 0.0)	(88.0, 0.0)	(89.0, 0.0)	(90.0, 0.0)	(91.0, 0.0)	(92.0, 0.0)	(93.0, 0.0)	(94.0, 0.0)	(95.0, 0.0)	(96.0, 0.0)	(97.0, 0.0)	(98.0, 0.0)	(99.0, 0.0)	(100.0, 0.0)
SRR8438075_2	(0.0, 0.0)	(1.0, 0.0)	(2.0, 0.0)	(3.0, 0.0)	(4.0, 0.0)	(5.0, 0.0)	(6.0, 0.0)	(7.0, 0.0)	(8.0, 0.0)	(9.0, 0.0)	(10.0, 0.0)	(11.0, 0.0)	(12.0, 0.0)	(13.0, 0.0)	(14.0, 0.0)	(15.0, 0.0)	(16.0, 0.0)	(17.0, 0.0)	(18.0, 0.0)	(19.0, 0.0)	(20.0, 0.0)	(21.0, 0.0)	(22.0, 0.0)	(23.0, 0.0)	(24.0, 0.0)	(25.0, 0.0)	(26.0, 0.0)	(27.0, 0.0)	(28.0, 0.0)	(29.0, 0.0)	(30.0, 0.0)	(31.0, 0.0)	(32.0, 0.3333333333333333)	(33.0, 0.0)	(34.0, 0.3333333333333333)	(35.0, 0.0)	(36.0, 1.0)	(37.0, 1.3333333333333333)	(38.0, 0.6666666666666666)	(39.0, 6.333333333333331)	(40.0, 32.333333333333286)	(41.0, 28.3333333333333)	(42.0, 32.66666666666662)	(43.0, 68.33333333333344)	(44.0, 78.99999999999996)	(45.0, 72.66666666666671)	(46.0, 102.66666666666629)	(47.0, 248.50000000000267)	(48.0, 334.8333333333318)	(49.0, 439.3333333333258)	(50.0, 508.3333333333219)	(51.0, 414.99999999999386)	(52.0, 446.3333333333254)	(53.0, 554.9999999999932)	(54.0, 484.9999999999899)	(55.0, 440.66666666665907)	(56.0, 454.9999999999916)	(57.0, 344.3333333333312)	(58.0, 287.33333333333445)	(59.0, 336.33333333333167)	(60.0, 239.33333333333576)	(61.0, 133.33333333333275)	(62.0, 78.66666666666663)	(63.0, 38.33333333333333)	(64.0, 27.333333333333304)	(65.0, 19.999999999999996)	(66.0, 13.000000000000005)	(67.0, 12.666666666666671)	(68.0, 8.33333333333333)	(69.0, 5.666666666666665)	(70.0, 5.999999999999998)	(71.0, 3.666666666666667)	(72.0, 1.3333333333333333)	(73.0, 0.6666666666666666)	(74.0, 0.3333333333333333)	(75.0, 0.3333333333333333)	(76.0, 0.0)	(77.0, 0.3333333333333333)	(78.0, 0.3333333333333333)	(79.0, 0.0)	(80.0, 0.0)	(81.0, 0.0)	(82.0, 0.0)	(83.0, 0.3333333333333333)	(84.0, 0.6666666666666666)	(85.0, 0.3333333333333333)	(86.0, 0.3333333333333333)	(87.0, 0.0)	(88.0, 0.3333333333333333)	(89.0, 0.3333333333333333)	(90.0, 0.3333333333333333)	(91.0, 0.3333333333333333)	(92.0, 0.6666666666666666)	(93.0, 0.0)	(94.0, 0.0)	(95.0, 0.0)	(96.0, 0.0)	(97.0, 0.0)	(98.0, 0.0)	(99.0, 0.3333333333333333)	(100.0, 0.0)
SRR8438076	(0.0, 0.0)	(1.0, 0.0)	(2.0, 0.0)	(3.0, 0.0)	(4.0, 0.0)	(5.0, 0.0)	(6.0, 0.0)	(7.0, 0.0)	(8.0, 0.0)	(9.0, 0.0)	(10.0, 0.0)	(11.0, 0.0)	(12.0, 0.0)	(13.0, 0.0)	(14.0, 0.0)	(15.0, 0.0)	(16.0, 0.0)	(17.0, 0.0)	(18.0, 0.0)	(19.0, 0.0)	(20.0, 0.0)	(21.0, 0.0)	(22.0, 0.0)	(23.0, 0.0)	(24.0, 0.0)	(25.0, 0.0)	(26.0, 0.0)	(27.0, 0.0)	(28.0, 0.0)	(29.0, 0.0)	(30.0, 0.0)	(31.0, 0.0)	(32.0, 0.0)	(33.0, 0.0)	(34.0, 0.0)	(35.0, 0.0)	(36.0, 0.0)	(37.0, 0.0)	(38.0, 0.0)	(39.0, 0.0)	(40.0, 0.0)	(41.0, 0.0)	(42.0, 0.0)	(43.0, 0.0)	(44.0, 0.3333333333333333)	(45.0, 0.3333333333333333)	(46.0, 0.0)	(47.0, 0.6666666666666666)	(48.0, 0.3333333333333333)	(49.0, 0.3333333333333333)	(50.0, 0.0)	(51.0, 0.3333333333333333)	(52.0, 0.0)	(53.0, 0.0)	(54.0, 0.3333333333333333)	(55.0, 0.0)	(56.0, 0.0)	(57.0, 0.0)	(58.0, 0.0)	(59.0, 0.0)	(60.0, 0.0)	(61.0, 0.0)	(62.0, 0.0)	(63.0, 0.0)	(64.0, 0.0)	(65.0, 0.0)	(66.0, 0.0)	(67.0, 0.0)	(68.0, 0.0)	(69.0, 0.0)	(70.0, 0.0)	(71.0, 0.0)	(72.0, 0.0)	(73.0, 0.0)	(74.0, 0.0)	(75.0, 0.0)	(76.0, 0.0)	(77.0, 0.0)	(78.0, 0.0)	(79.0, 0.0)	(80.0, 0.0)	(81.0, 0.0)	(82.0, 0.0)	(83.0, 0.0)	(84.0, 0.0)	(85.0, 0.0)	(86.0, 0.0)	(87.0, 0.0)	(88.0, 0.0)	(89.0, 0.0)	(90.0, 0.0)	(91.0, 0.0)	(92.0, 0.0)	(93.0, 0.0)	(94.0, 0.0)	(95.0, 0.0)	(96.0, 0.0)	(97.0, 0.0)	(98.0, 0.0)	(99.0, 0.0)	(100.0, 0.0)
SRR8438076_1	(0.0, 0.0)	(1.0, 0.0)	(2.0, 0.0)	(3.0, 0.0)	(4.0, 0.0)	(5.0, 0.0)	(6.0, 0.0)	(7.0, 0.0)	(8.0, 0.0)	(9.0, 0.0)	(10.0, 0.0)	(11.0, 0.0)	(12.0, 0.0)	(13.0, 0.0)	(14.0, 0.0)	(15.0, 0.0)	(16.0, 0.0)	(17.0, 0.0)	(18.0, 0.0)	(19.0, 0.0)	(20.0, 0.0)	(21.0, 0.0)	(22.0, 0.0)	(23.0, 0.0)	(24.0, 0.0)	(25.0, 0.0)	(26.0, 0.3333333333333333)	(27.0, 0.3333333333333333)	(28.0, 0.3333333333333333)	(29.0, 1.3333333333333333)	(30.0, 1.0)	(31.0, 0.3333333333333333)	(32.0, 0.3333333333333333)	(33.0, 0.3333333333333333)	(34.0, 2.333333333333333)	(35.0, 4.666666666666666)	(36.0, 10.666666666666668)	(37.0, 16.666666666666675)	(38.0, 31.33333333333329)	(39.0, 59.66666666666681)	(40.0, 425.99999999999324)	(41.0, 282.33333333333474)	(42.0, 247.66666666666933)	(43.0, 273.66666666666856)	(44.0, 300.0000000000004)	(45.0, 537.9999999999912)	(46.0, 731.0000000000132)	(47.0, 485.3333333333232)	(48.0, 314.66666666666623)	(49.0, 1176.333333333345)	(50.0, 986.0000000000422)	(51.0, 10731.000000001637)	(52.0, 13516.333333340037)	(53.0, 2379.3333333332976)	(54.0, 1426.6666666666215)	(55.0, 764.6666666666837)	(56.0, 661.0000000000052)	(57.0, 443.9999999999922)	(58.0, 174.00000000000057)	(59.0, 89.33333333333314)	(60.0, 61.33333333333349)	(61.0, 19.333333333333332)	(62.0, 8.33333333333333)	(63.0, 2.6666666666666665)	(64.0, 1.3333333333333333)	(65.0, 0.3333333333333333)	(66.0, 0.3333333333333333)	(67.0, 0.3333333333333333)	(68.0, 3.3333333333333335)	(69.0, 23.66666666666665)	(70.0, 11.000000000000002)	(71.0, 3.0)	(72.0, 0.6666666666666666)	(73.0, 0.0)	(74.0, 0.0)	(75.0, 0.0)	(76.0, 0.0)	(77.0, 0.0)	(78.0, 0.0)	(79.0, 0.0)	(80.0, 0.0)	(81.0, 0.0)	(82.0, 0.0)	(83.0, 0.0)	(84.0, 0.0)	(85.0, 0.0)	(86.0, 0.0)	(87.0, 0.0)	(88.0, 0.0)	(89.0, 0.0)	(90.0, 0.0)	(91.0, 0.0)	(92.0, 0.0)	(93.0, 0.0)	(94.0, 0.0)	(95.0, 0.0)	(96.0, 0.0)	(97.0, 0.0)	(98.0, 0.0)	(99.0, 0.0)	(100.0, 0.0)
SRR8438076_2	(0.0, 0.0)	(1.0, 0.0)	(2.0, 0.0)	(3.0, 0.0)	(4.0, 0.0)	(5.0, 0.0)	(6.0, 0.0)	(7.0, 0.0)	(8.0, 0.0)	(9.0, 0.0)	(10.0, 0.0)	(11.0, 0.0)	(12.0, 0.0)	(13.0, 0.0)	(14.0, 0.0)	(15.0, 0.0)	(16.0, 0.0)	(17.0, 0.0)	(18.0, 0.0)	(19.0, 0.0)	(20.0, 0.0)	(21.0, 0.0)	(22.0, 0.0)	(23.0, 0.0)	(24.0, 0.0)	(25.0, 0.0)	(26.0, 0.0)	(27.0, 0.0)	(28.0, 0.3333333333333333)	(29.0, 1.0)	(30.0, 0.0)	(31.0, 0.3333333333333333)	(32.0, 0.3333333333333333)	(33.0, 0.3333333333333333)	(34.0, 0.0)	(35.0, 0.0)	(36.0, 0.6666666666666666)	(37.0, 0.3333333333333333)	(38.0, 6.333333333333331)	(39.0, 171.00000000000048)	(40.0, 275.33333333333513)	(41.0, 96.33333333333304)	(42.0, 53.333333333333435)	(43.0, 80.33333333333327)	(44.0, 140.33333333333294)	(45.0, 195.3333333333345)	(46.0, 226.83333333333542)	(47.0, 391.16666666666185)	(48.0, 419.33333333332695)	(49.0, 607.6666666666658)	(50.0, 1041.0000000000425)	(51.0, 995.3333333333766)	(52.0, 8848.333333331546)	(53.0, 12804.166666672076)	(54.0, 3653.1666666672104)	(55.0, 1618.3333333332446)	(56.0, 1126.6666666666897)	(57.0, 766.0000000000172)	(58.0, 576.6666666666623)	(59.0, 447.66666666665867)	(60.0, 299.00000000000045)	(61.0, 194.33333333333448)	(62.0, 115.6666666666661)	(63.0, 75.00000000000001)	(64.0, 51.66666666666676)	(65.0, 32.99999999999996)	(66.0, 20.999999999999993)	(67.0, 15.666666666666677)	(68.0, 10.666666666666668)	(69.0, 7.666666666666663)	(70.0, 6.666666666666664)	(71.0, 6.333333333333331)	(72.0, 18.666666666666668)	(73.0, 14.666666666666675)	(74.0, 7.666666666666663)	(75.0, 4.666666666666666)	(76.0, 2.333333333333333)	(77.0, 1.9999999999999998)	(78.0, 1.3333333333333333)	(79.0, 0.3333333333333333)	(80.0, 1.3333333333333333)	(81.0, 0.3333333333333333)	(82.0, 0.0)	(83.0, 0.6666666666666666)	(84.0, 0.3333333333333333)	(85.0, 0.0)	(86.0, 0.0)	(87.0, 0.0)	(88.0, 0.0)	(89.0, 0.0)	(90.0, 0.0)	(91.0, 0.0)	(92.0, 0.0)	(93.0, 0.0)	(94.0, 0.0)	(95.0, 0.0)	(96.0, 0.0)	(97.0, 0.0)	(98.0, 0.0)	(99.0, 0.0)	(100.0, 0.5)
SRR8438077	(0.0, 0.0)	(1.0, 0.0)	(2.0, 0.0)	(3.0, 0.0)	(4.0, 0.0)	(5.0, 0.0)	(6.0, 0.0)	(7.0, 0.0)	(8.0, 0.0)	(9.0, 0.0)	(10.0, 0.0)	(11.0, 0.0)	(12.0, 0.0)	(13.0, 0.0)	(14.0, 0.0)	(15.0, 0.0)	(16.0, 0.0)	(17.0, 0.0)	(18.0, 0.0)	(19.0, 0.0)	(20.0, 0.0)	(21.0, 0.0)	(22.0, 0.0)	(23.0, 0.0)	(24.0, 0.0)	(25.0, 0.0)	(26.0, 0.0)	(27.0, 0.0)	(28.0, 0.0)	(29.0, 0.0)	(30.0, 0.0)	(31.0, 0.0)	(32.0, 0.0)	(33.0, 0.0)	(34.0, 0.0)	(35.0, 0.0)	(36.0, 0.0)	(37.0, 0.0)	(38.0, 0.0)	(39.0, 0.0)	(40.0, 0.0)	(41.0, 0.0)	(42.0, 1.0)	(43.0, 0.6666666666666666)	(44.0, 0.0)	(45.0, 0.6666666666666666)	(46.0, 1.3333333333333333)	(47.0, 2.6666666666666665)	(48.0, 2.6666666666666665)	(49.0, 1.6666666666666665)	(50.0, 1.0)	(51.0, 0.6666666666666666)	(52.0, 0.6666666666666666)	(53.0, 0.0)	(54.0, 0.0)	(55.0, 0.0)	(56.0, 0.0)	(57.0, 0.0)	(58.0, 0.0)	(59.0, 0.0)	(60.0, 0.0)	(61.0, 0.0)	(62.0, 0.0)	(63.0, 0.0)	(64.0, 0.0)	(65.0, 0.0)	(66.0, 0.0)	(67.0, 0.0)	(68.0, 0.0)	(69.0, 0.0)	(70.0, 0.0)	(71.0, 0.0)	(72.0, 0.0)	(73.0, 0.0)	(74.0, 0.0)	(75.0, 0.0)	(76.0, 0.0)	(77.0, 0.0)	(78.0, 0.0)	(79.0, 0.0)	(80.0, 0.0)	(81.0, 0.0)	(82.0, 0.0)	(83.0, 0.0)	(84.0, 0.0)	(85.0, 0.0)	(86.0, 0.0)	(87.0, 0.0)	(88.0, 0.0)	(89.0, 0.0)	(90.0, 0.0)	(91.0, 0.0)	(92.0, 0.0)	(93.0, 0.0)	(94.0, 0.0)	(95.0, 0.0)	(96.0, 0.0)	(97.0, 0.0)	(98.0, 0.0)	(99.0, 0.0)	(100.0, 0.0)
SRR8438077_1	(0.0, 0.0)	(1.0, 0.0)	(2.0, 0.0)	(3.0, 0.0)	(4.0, 0.0)	(5.0, 0.0)	(6.0, 0.0)	(7.0, 0.0)	(8.0, 0.0)	(9.0, 0.0)	(10.0, 0.0)	(11.0, 0.0)	(12.0, 0.0)	(13.0, 0.0)	(14.0, 0.0)	(15.0, 0.0)	(16.0, 0.0)	(17.0, 0.0)	(18.0, 0.0)	(19.0, 0.0)	(20.0, 0.0)	(21.0, 0.0)	(22.0, 0.0)	(23.0, 0.0)	(24.0, 0.3333333333333333)	(25.0, 0.3333333333333333)	(26.0, 0.3333333333333333)	(27.0, 0.3333333333333333)	(28.0, 3.666666666666667)	(29.0, 6.999999999999997)	(30.0, 3.666666666666667)	(31.0, 1.3333333333333333)	(32.0, 1.9999999999999998)	(33.0, 1.3333333333333333)	(34.0, 33.999999999999964)	(35.0, 50.333333333333414)	(36.0, 19.999999999999996)	(37.0, 26.99999999999997)	(38.0, 50.333333333333414)	(39.0, 107.99999999999955)	(40.0, 212.66666666666833)	(41.0, 285.6666666666679)	(42.0, 423.99999999999335)	(43.0, 622.6666666666675)	(44.0, 714.666666666678)	(45.0, 748.3333333333485)	(46.0, 778.6666666666853)	(47.0, 807.3333333333552)	(48.0, 1496.9999999999388)	(49.0, 1403.6666666666267)	(50.0, 1254.3333333333273)	(51.0, 7415.999999997725)	(52.0, 9778.999999999905)	(53.0, 2473.3333333333403)	(54.0, 5876.666666665792)	(55.0, 5836.999999999161)	(56.0, 1239.666666666664)	(57.0, 619.3333333333338)	(58.0, 314.3333333333329)	(59.0, 194.66666666666782)	(60.0, 62.666666666666835)	(61.0, 33.999999999999964)	(62.0, 12.666666666666671)	(63.0, 8.666666666666664)	(64.0, 4.666666666666666)	(65.0, 2.6666666666666665)	(66.0, 1.3333333333333333)	(67.0, 0.0)	(68.0, 0.3333333333333333)	(69.0, 0.3333333333333333)	(70.0, 0.3333333333333333)	(71.0, 0.0)	(72.0, 0.3333333333333333)	(73.0, 0.3333333333333333)	(74.0, 0.0)	(75.0, 0.3333333333333333)	(76.0, 0.0)	(77.0, 0.0)	(78.0, 0.0)	(79.0, 0.0)	(80.0, 0.0)	(81.0, 0.0)	(82.0, 0.0)	(83.0, 0.0)	(84.0, 0.0)	(85.0, 0.0)	(86.0, 0.0)	(87.0, 0.0)	(88.0, 0.0)	(89.0, 0.0)	(90.0, 0.0)	(91.0, 0.0)	(92.0, 0.0)	(93.0, 0.0)	(94.0, 0.0)	(95.0, 0.0)	(96.0, 0.0)	(97.0, 0.0)	(98.0, 0.0)	(99.0, 0.0)	(100.0, 0.0)
SRR8438077_2	(0.0, 0.0)	(1.0, 0.0)	(2.0, 0.0)	(3.0, 0.0)	(4.0, 0.0)	(5.0, 0.0)	(6.0, 0.0)	(7.0, 0.0)	(8.0, 0.0)	(9.0, 0.0)	(10.0, 0.0)	(11.0, 0.0)	(12.0, 0.0)	(13.0, 0.0)	(14.0, 0.0)	(15.0, 0.0)	(16.0, 0.0)	(17.0, 0.0)	(18.0, 0.0)	(19.0, 0.0)	(20.0, 0.0)	(21.0, 0.0)	(22.0, 0.3333333333333333)	(23.0, 0.3333333333333333)	(24.0, 0.0)	(25.0, 0.0)	(26.0, 0.0)	(27.0, 0.6666666666666666)	(28.0, 3.666666666666667)	(29.0, 4.999999999999999)	(30.0, 1.3333333333333333)	(31.0, 0.3333333333333333)	(32.0, 1.6666666666666665)	(33.0, 2.6666666666666665)	(34.0, 3.0)	(35.0, 19.0)	(36.0, 26.99999999999997)	(37.0, 11.166666666666668)	(38.0, 11.166666666666668)	(39.0, 53.0000000000001)	(40.0, 77.49999999999999)	(41.0, 70.50000000000009)	(42.0, 99.66666666666634)	(43.0, 210.66666666666828)	(44.0, 211.833333333335)	(45.0, 245.16666666666927)	(46.0, 284.66666666666794)	(47.0, 369.83333333332973)	(48.0, 751.6666666666823)	(49.0, 1485.4999999999416)	(50.0, 1618.6666666665778)	(51.0, 1453.9999999999486)	(52.0, 6431.666666665287)	(53.0, 9445.9999999993)	(54.0, 3855.6666666673023)	(55.0, 4883.000000000029)	(56.0, 3443.3333333337814)	(57.0, 1820.3333333331987)	(58.0, 1193.6666666666745)	(59.0, 894.6666666666985)	(60.0, 710.6666666666775)	(61.0, 492.6666666666561)	(62.0, 344.3333333333312)	(63.0, 237.3333333333357)	(64.0, 166.33333333333368)	(65.0, 113.66666666666613)	(66.0, 76.99999999999999)	(67.0, 49.66666666666674)	(68.0, 31.33333333333329)	(69.0, 22.999999999999986)	(70.0, 17.000000000000007)	(71.0, 10.666666666666668)	(72.0, 8.999999999999998)	(73.0, 8.666666666666664)	(74.0, 7.33333333333333)	(75.0, 4.999999999999999)	(76.0, 3.3333333333333335)	(77.0, 3.0)	(78.0, 1.6666666666666665)	(79.0, 0.6666666666666666)	(80.0, 1.0)	(81.0, 1.3333333333333333)	(82.0, 0.3333333333333333)	(83.0, 1.0)	(84.0, 0.3333333333333333)	(85.0, 0.3333333333333333)	(86.0, 0.6666666666666666)	(87.0, 0.0)	(88.0, 0.3333333333333333)	(89.0, 0.3333333333333333)	(90.0, 0.3333333333333333)	(91.0, 0.3333333333333333)	(92.0, 0.6666666666666666)	(93.0, 0.3333333333333333)	(94.0, 0.3333333333333333)	(95.0, 0.6666666666666666)	(96.0, 0.0)	(97.0, 0.0)	(98.0, 0.0)	(99.0, 0.0)	(100.0, 0.5)
SRR8438078	(0.0, 0.0)	(1.0, 0.0)	(2.0, 0.0)	(3.0, 0.0)	(4.0, 0.0)	(5.0, 0.0)	(6.0, 0.0)	(7.0, 0.0)	(8.0, 0.0)	(9.0, 0.0)	(10.0, 0.0)	(11.0, 0.0)	(12.0, 0.0)	(13.0, 0.0)	(14.0, 0.0)	(15.0, 0.0)	(16.0, 0.0)	(17.0, 0.0)	(18.0, 0.0)	(19.0, 0.0)	(20.0, 0.0)	(21.0, 0.0)	(22.0, 0.0)	(23.0, 0.0)	(24.0, 0.0)	(25.0, 0.0)	(26.0, 0.0)	(27.0, 0.0)	(28.0, 0.0)	(29.0, 0.0)	(30.0, 0.0)	(31.0, 0.0)	(32.0, 0.0)	(33.0, 0.0)	(34.0, 0.0)	(35.0, 0.0)	(36.0, 0.0)	(37.0, 0.0)	(38.0, 0.0)	(39.0, 0.0)	(40.0, 0.0)	(41.0, 0.0)	(42.0, 0.0)	(43.0, 0.0)	(44.0, 0.6666666666666666)	(45.0, 0.3333333333333333)	(46.0, 0.3333333333333333)	(47.0, 1.0)	(48.0, 1.3333333333333333)	(49.0, 1.6666666666666665)	(50.0, 1.0)	(51.0, 0.6666666666666666)	(52.0, 0.0)	(53.0, 0.0)	(54.0, 0.0)	(55.0, 0.0)	(56.0, 0.0)	(57.0, 0.0)	(58.0, 0.0)	(59.0, 0.0)	(60.0, 0.0)	(61.0, 0.0)	(62.0, 0.0)	(63.0, 0.0)	(64.0, 0.0)	(65.0, 0.0)	(66.0, 0.0)	(67.0, 0.0)	(68.0, 0.0)	(69.0, 0.0)	(70.0, 0.0)	(71.0, 0.0)	(72.0, 0.0)	(73.0, 0.0)	(74.0, 0.0)	(75.0, 0.0)	(76.0, 0.0)	(77.0, 0.0)	(78.0, 0.0)	(79.0, 0.0)	(80.0, 0.0)	(81.0, 0.0)	(82.0, 0.0)	(83.0, 0.0)	(84.0, 0.0)	(85.0, 0.0)	(86.0, 0.0)	(87.0, 0.0)	(88.0, 0.0)	(89.0, 0.0)	(90.0, 0.0)	(91.0, 0.0)	(92.0, 0.0)	(93.0, 0.0)	(94.0, 0.0)	(95.0, 0.0)	(96.0, 0.0)	(97.0, 0.0)	(98.0, 0.0)	(99.0, 0.0)	(100.0, 0.0)
SRR8438078_1	(0.0, 0.0)	(1.0, 0.0)	(2.0, 0.0)	(3.0, 0.0)	(4.0, 0.0)	(5.0, 0.0)	(6.0, 0.0)	(7.0, 0.0)	(8.0, 0.0)	(9.0, 0.0)	(10.0, 0.0)	(11.0, 0.0)	(12.0, 0.0)	(13.0, 0.0)	(14.0, 0.0)	(15.0, 0.0)	(16.0, 0.0)	(17.0, 0.0)	(18.0, 0.0)	(19.0, 0.0)	(20.0, 0.0)	(21.0, 0.0)	(22.0, 0.0)	(23.0, 0.0)	(24.0, 0.0)	(25.0, 0.3333333333333333)	(26.0, 0.3333333333333333)	(27.0, 0.3333333333333333)	(28.0, 0.3333333333333333)	(29.0, 0.3333333333333333)	(30.0, 0.3333333333333333)	(31.0, 0.6666666666666666)	(32.0, 0.6666666666666666)	(33.0, 0.3333333333333333)	(34.0, 1.3333333333333333)	(35.0, 3.666666666666667)	(36.0, 6.666666666666664)	(37.0, 14.666666666666675)	(38.0, 39.66666666666667)	(39.0, 49.66666666666674)	(40.0, 132.9999999999994)	(41.0, 253.33333333333616)	(42.0, 275.0000000000018)	(43.0, 266.66666666666896)	(44.0, 318.3333333333327)	(45.0, 502.66666666665554)	(46.0, 584.9999999999966)	(47.0, 461.9999999999912)	(48.0, 976.000000000041)	(49.0, 6264.333333332106)	(50.0, 3876.666666667312)	(51.0, 7685.99999999748)	(52.0, 9806.666666666622)	(53.0, 4070.6666666674)	(54.0, 2472.0000000000064)	(55.0, 2022.3333333331527)	(56.0, 1588.6666666665847)	(57.0, 608.9999999999993)	(58.0, 280.00000000000153)	(59.0, 171.33333333333383)	(60.0, 106.66666666666623)	(61.0, 55.000000000000114)	(62.0, 29.66666666666663)	(63.0, 20.66666666666666)	(64.0, 30.666666666666625)	(65.0, 43.00000000000003)	(66.0, 37.66666666666666)	(67.0, 32.333333333333286)	(68.0, 18.333333333333336)	(69.0, 5.999999999999998)	(70.0, 1.9999999999999998)	(71.0, 1.0)	(72.0, 0.3333333333333333)	(73.0, 0.0)	(74.0, 0.0)	(75.0, 0.0)	(76.0, 0.0)	(77.0, 0.0)	(78.0, 0.0)	(79.0, 0.0)	(80.0, 0.0)	(81.0, 0.0)	(82.0, 0.0)	(83.0, 0.0)	(84.0, 0.0)	(85.0, 0.0)	(86.0, 0.0)	(87.0, 0.0)	(88.0, 0.0)	(89.0, 0.0)	(90.0, 0.0)	(91.0, 0.0)	(92.0, 0.0)	(93.0, 0.0)	(94.0, 0.0)	(95.0, 0.0)	(96.0, 0.0)	(97.0, 0.0)	(98.0, 0.0)	(99.0, 0.0)	(100.0, 0.0)
SRR8438078_2	(0.0, 0.0)	(1.0, 0.0)	(2.0, 0.0)	(3.0, 0.0)	(4.0, 0.0)	(5.0, 0.0)	(6.0, 0.0)	(7.0, 0.0)	(8.0, 0.0)	(9.0, 0.0)	(10.0, 0.0)	(11.0, 0.0)	(12.0, 0.0)	(13.0, 0.0)	(14.0, 0.0)	(15.0, 0.0)	(16.0, 0.0)	(17.0, 0.0)	(18.0, 0.0)	(19.0, 0.0)	(20.0, 0.0)	(21.0, 0.0)	(22.0, 0.0)	(23.0, 0.0)	(24.0, 0.0)	(25.0, 0.0)	(26.0, 0.0)	(27.0, 0.0)	(28.0, 0.0)	(29.0, 0.0)	(30.0, 0.3333333333333333)	(31.0, 0.0)	(32.0, 0.0)	(33.0, 0.0)	(34.0, 0.3333333333333333)	(35.0, 0.0)	(36.0, 0.5)	(37.0, 2.8333333333333335)	(38.0, 3.0)	(39.0, 31.66666666666662)	(40.0, 54.33333333333344)	(41.0, 91.16666666666646)	(42.0, 150.83333333333326)	(43.0, 92.66666666666643)	(44.0, 112.33333333333282)	(45.0, 170.50000000000045)	(46.0, 221.5000000000019)	(47.0, 361.9999999999969)	(48.0, 405.1666666666611)	(49.0, 3391.8333333337573)	(50.0, 6191.999999998839)	(51.0, 3167.333333333656)	(52.0, 6493.999999998564)	(53.0, 8685.999999997917)	(54.0, 4374.000000000492)	(55.0, 2731.000000000124)	(56.0, 2186.9999999998768)	(57.0, 1565.66666666659)	(58.0, 1137.333333333354)	(59.0, 714.666666666678)	(60.0, 484.9999999999899)	(61.0, 341.999999999998)	(62.0, 264.6666666666691)	(63.0, 219.00000000000185)	(64.0, 136.99999999999952)	(65.0, 84.99999999999987)	(66.0, 60.333333333333485)	(67.0, 42.33333333333336)	(68.0, 33.999999999999964)	(69.0, 36.333333333333314)	(70.0, 26.66666666666664)	(71.0, 18.000000000000004)	(72.0, 10.333333333333334)	(73.0, 6.999999999999997)	(74.0, 4.999999999999999)	(75.0, 1.6666666666666665)	(76.0, 2.333333333333333)	(77.0, 2.333333333333333)	(78.0, 1.0)	(79.0, 0.6666666666666666)	(80.0, 1.0)	(81.0, 1.0)	(82.0, 0.3333333333333333)	(83.0, 0.6666666666666666)	(84.0, 1.0)	(85.0, 0.3333333333333333)	(86.0, 0.3333333333333333)	(87.0, 0.0)	(88.0, 0.0)	(89.0, 0.3333333333333333)	(90.0, 0.3333333333333333)	(91.0, 0.0)	(92.0, 0.0)	(93.0, 0.6666666666666666)	(94.0, 0.3333333333333333)	(95.0, 0.3333333333333333)	(96.0, 0.0)	(97.0, 0.0)	(98.0, 0.0)	(99.0, 0.3333333333333333)	(100.0, 0.0)
SRR8438079	(0.0, 0.0)	(1.0, 0.0)	(2.0, 0.0)	(3.0, 0.0)	(4.0, 0.0)	(5.0, 0.0)	(6.0, 0.0)	(7.0, 0.0)	(8.0, 0.0)	(9.0, 0.0)	(10.0, 0.0)	(11.0, 0.0)	(12.0, 0.0)	(13.0, 0.0)	(14.0, 0.0)	(15.0, 0.0)	(16.0, 0.0)	(17.0, 0.0)	(18.0, 0.0)	(19.0, 0.0)	(20.0, 0.0)	(21.0, 0.0)	(22.0, 0.0)	(23.0, 0.0)	(24.0, 0.0)	(25.0, 0.0)	(26.0, 0.0)	(27.0, 0.0)	(28.0, 0.0)	(29.0, 0.0)	(30.0, 0.0)	(31.0, 0.0)	(32.0, 0.0)	(33.0, 0.0)	(34.0, 0.0)	(35.0, 0.0)	(36.0, 0.0)	(37.0, 0.0)	(38.0, 0.0)	(39.0, 0.3333333333333333)	(40.0, 0.0)	(41.0, 0.0)	(42.0, 0.0)	(43.0, 0.3333333333333333)	(44.0, 0.6666666666666666)	(45.0, 1.0)	(46.0, 0.3333333333333333)	(47.0, 0.6666666666666666)	(48.0, 0.6666666666666666)	(49.0, 0.3333333333333333)	(50.0, 0.6666666666666666)	(51.0, 0.0)	(52.0, 0.0)	(53.0, 0.0)	(54.0, 0.0)	(55.0, 0.0)	(56.0, 0.0)	(57.0, 0.0)	(58.0, 0.0)	(59.0, 0.0)	(60.0, 0.0)	(61.0, 0.0)	(62.0, 0.0)	(63.0, 0.0)	(64.0, 0.0)	(65.0, 0.0)	(66.0, 0.0)	(67.0, 0.0)	(68.0, 0.0)	(69.0, 0.0)	(70.0, 0.0)	(71.0, 0.0)	(72.0, 0.0)	(73.0, 0.0)	(74.0, 0.0)	(75.0, 0.0)	(76.0, 0.0)	(77.0, 0.0)	(78.0, 0.0)	(79.0, 0.0)	(80.0, 0.0)	(81.0, 0.0)	(82.0, 0.0)	(83.0, 0.0)	(84.0, 0.0)	(85.0, 0.0)	(86.0, 0.0)	(87.0, 0.0)	(88.0, 0.0)	(89.0, 0.0)	(90.0, 0.0)	(91.0, 0.0)	(92.0, 0.0)	(93.0, 0.0)	(94.0, 0.0)	(95.0, 0.0)	(96.0, 0.0)	(97.0, 0.0)	(98.0, 0.0)	(99.0, 0.0)	(100.0, 0.0)
SRR8438079_1	(0.0, 0.0)	(1.0, 0.0)	(2.0, 0.0)	(3.0, 0.0)	(4.0, 0.0)	(5.0, 0.0)	(6.0, 0.0)	(7.0, 0.0)	(8.0, 0.0)	(9.0, 0.0)	(10.0, 0.0)	(11.0, 0.0)	(12.0, 0.0)	(13.0, 0.0)	(14.0, 0.0)	(15.0, 0.0)	(16.0, 0.0)	(17.0, 0.0)	(18.0, 0.0)	(19.0, 0.0)	(20.0, 0.0)	(21.0, 0.0)	(22.0, 0.0)	(23.0, 0.0)	(24.0, 0.0)	(25.0, 0.3333333333333333)	(26.0, 0.3333333333333333)	(27.0, 0.0)	(28.0, 0.0)	(29.0, 0.0)	(30.0, 0.0)	(31.0, 0.0)	(32.0, 0.0)	(33.0, 0.0)	(34.0, 0.0)	(35.0, 0.3333333333333333)	(36.0, 0.6666666666666666)	(37.0, 1.6666666666666665)	(38.0, 1.9999999999999998)	(39.0, 11.66666666666667)	(40.0, 59.00000000000014)	(41.0, 45.33333333333338)	(42.0, 46.66666666666672)	(43.0, 51.33333333333342)	(44.0, 60.00000000000015)	(45.0, 63.00000000000017)	(46.0, 82.33333333333324)	(47.0, 110.66666666666617)	(48.0, 116.99999999999942)	(49.0, 205.00000000000145)	(50.0, 679.3333333333406)	(51.0, 20937.66666666202)	(52.0, 24226.666666650053)	(53.0, 2895.333333333532)	(54.0, 894.3333333333651)	(55.0, 410.33333333332746)	(56.0, 192.66666666666777)	(57.0, 73.33333333333337)	(58.0, 43.333333333333364)	(59.0, 17.000000000000007)	(60.0, 7.666666666666663)	(61.0, 6.999999999999997)	(62.0, 3.3333333333333335)	(63.0, 0.6666666666666666)	(64.0, 6.999999999999997)	(65.0, 2.6666666666666665)	(66.0, 0.6666666666666666)	(67.0, 0.3333333333333333)	(68.0, 0.6666666666666666)	(69.0, 0.0)	(70.0, 0.0)	(71.0, 0.0)	(72.0, 0.0)	(73.0, 0.0)	(74.0, 0.0)	(75.0, 0.0)	(76.0, 0.0)	(77.0, 0.0)	(78.0, 0.0)	(79.0, 0.0)	(80.0, 0.0)	(81.0, 0.0)	(82.0, 0.0)	(83.0, 0.0)	(84.0, 0.0)	(85.0, 0.0)	(86.0, 0.0)	(87.0, 0.0)	(88.0, 0.0)	(89.0, 0.0)	(90.0, 0.0)	(91.0, 0.0)	(92.0, 0.0)	(93.0, 0.0)	(94.0, 0.0)	(95.0, 0.0)	(96.0, 0.0)	(97.0, 0.0)	(98.0, 0.0)	(99.0, 0.0)	(100.0, 0.0)
SRR8438079_2	(0.0, 0.0)	(1.0, 0.0)	(2.0, 0.0)	(3.0, 0.0)	(4.0, 0.0)	(5.0, 0.0)	(6.0, 0.0)	(7.0, 0.0)	(8.0, 0.0)	(9.0, 0.0)	(10.0, 0.0)	(11.0, 0.0)	(12.0, 0.0)	(13.0, 0.0)	(14.0, 0.0)	(15.0, 0.0)	(16.0, 0.0)	(17.0, 0.0)	(18.0, 0.0)	(19.0, 0.0)	(20.0, 0.0)	(21.0, 0.0)	(22.0, 0.0)	(23.0, 0.0)	(24.0, 0.0)	(25.0, 0.0)	(26.0, 0.0)	(27.0, 0.0)	(28.0, 0.0)	(29.0, 0.0)	(30.0, 0.0)	(31.0, 0.0)	(32.0, 0.0)	(33.0, 0.0)	(34.0, 0.0)	(35.0, 0.0)	(36.0, 0.0)	(37.0, 1.0)	(38.0, 6.833333333333331)	(39.0, 25.49999999999998)	(40.0, 39.66666666666667)	(41.0, 24.99999999999998)	(42.0, 30.333333333333293)	(43.0, 34.3333333333333)	(44.0, 39.66666666666667)	(45.0, 54.00000000000011)	(46.0, 76.0)	(47.0, 85.8333333333332)	(48.0, 73.33333333333337)	(49.0, 126.83333333333262)	(50.0, 291.3333333333342)	(51.0, 704.0000000000101)	(52.0, 15850.666666677616)	(53.0, 21457.99999999346)	(54.0, 5507.333333332795)	(55.0, 1999.6666666664912)	(56.0, 960.666666666706)	(57.0, 552.6666666666596)	(58.0, 329.9999999999987)	(59.0, 195.00000000000117)	(60.0, 124.9999999999993)	(61.0, 91.66666666666644)	(62.0, 72.66666666666671)	(63.0, 45.00000000000004)	(64.0, 24.99999999999998)	(65.0, 19.666666666666664)	(66.0, 16.00000000000001)	(67.0, 13.33333333333334)	(68.0, 8.33333333333333)	(69.0, 3.3333333333333335)	(70.0, 2.6666666666666665)	(71.0, 2.333333333333333)	(72.0, 1.0)	(73.0, 0.6666666666666666)	(74.0, 0.6666666666666666)	(75.0, 0.6666666666666666)	(76.0, 0.3333333333333333)	(77.0, 0.0)	(78.0, 0.0)	(79.0, 0.0)	(80.0, 0.0)	(81.0, 0.0)	(82.0, 0.0)	(83.0, 0.0)	(84.0, 0.0)	(85.0, 0.0)	(86.0, 0.0)	(87.0, 0.3333333333333333)	(88.0, 0.3333333333333333)	(89.0, 0.0)	(90.0, 0.0)	(91.0, 0.0)	(92.0, 0.0)	(93.0, 0.0)	(94.0, 0.0)	(95.0, 0.0)	(96.0, 0.0)	(97.0, 0.0)	(98.0, 0.0)	(99.0, 0.0)	(100.0, 0.0)
SRR8438080	(0.0, 0.0)	(1.0, 0.0)	(2.0, 0.0)	(3.0, 0.0)	(4.0, 0.0)	(5.0, 0.0)	(6.0, 0.0)	(7.0, 0.0)	(8.0, 0.0)	(9.0, 0.0)	(10.0, 0.0)	(11.0, 0.0)	(12.0, 0.0)	(13.0, 0.0)	(14.0, 0.0)	(15.0, 0.0)	(16.0, 0.0)	(17.0, 0.0)	(18.0, 0.0)	(19.0, 0.0)	(20.0, 0.0)	(21.0, 0.0)	(22.0, 0.0)	(23.0, 0.0)	(24.0, 0.0)	(25.0, 0.0)	(26.0, 0.0)	(27.0, 0.0)	(28.0, 0.0)	(29.0, 0.0)	(30.0, 0.0)	(31.0, 0.0)	(32.0, 0.0)	(33.0, 0.0)	(34.0, 0.0)	(35.0, 0.0)	(36.0, 0.0)	(37.0, 0.0)	(38.0, 0.0)	(39.0, 0.0)	(40.0, 0.0)	(41.0, 0.0)	(42.0, 0.3333333333333333)	(43.0, 0.3333333333333333)	(44.0, 0.3333333333333333)	(45.0, 0.3333333333333333)	(46.0, 1.9999999999999998)	(47.0, 1.9999999999999998)	(48.0, 1.0)	(49.0, 0.3333333333333333)	(50.0, 0.3333333333333333)	(51.0, 0.6666666666666666)	(52.0, 0.3333333333333333)	(53.0, 0.0)	(54.0, 0.0)	(55.0, 0.0)	(56.0, 0.0)	(57.0, 0.0)	(58.0, 0.0)	(59.0, 0.0)	(60.0, 0.0)	(61.0, 0.0)	(62.0, 0.0)	(63.0, 0.0)	(64.0, 0.0)	(65.0, 0.0)	(66.0, 0.0)	(67.0, 0.0)	(68.0, 0.0)	(69.0, 0.0)	(70.0, 0.0)	(71.0, 0.0)	(72.0, 0.0)	(73.0, 0.0)	(74.0, 0.0)	(75.0, 0.0)	(76.0, 0.0)	(77.0, 0.0)	(78.0, 0.0)	(79.0, 0.0)	(80.0, 0.0)	(81.0, 0.0)	(82.0, 0.0)	(83.0, 0.0)	(84.0, 0.0)	(85.0, 0.0)	(86.0, 0.0)	(87.0, 0.0)	(88.0, 0.0)	(89.0, 0.0)	(90.0, 0.0)	(91.0, 0.0)	(92.0, 0.0)	(93.0, 0.0)	(94.0, 0.0)	(95.0, 0.0)	(96.0, 0.0)	(97.0, 0.0)	(98.0, 0.0)	(99.0, 0.0)	(100.0, 0.0)
SRR8438080_1	(0.0, 0.0)	(1.0, 0.0)	(2.0, 0.0)	(3.0, 0.0)	(4.0, 0.0)	(5.0, 0.0)	(6.0, 0.0)	(7.0, 0.0)	(8.0, 0.0)	(9.0, 0.0)	(10.0, 0.0)	(11.0, 0.0)	(12.0, 0.0)	(13.0, 0.0)	(14.0, 0.0)	(15.0, 0.0)	(16.0, 0.0)	(17.0, 0.0)	(18.0, 0.0)	(19.0, 0.0)	(20.0, 0.0)	(21.0, 0.0)	(22.0, 0.0)	(23.0, 0.0)	(24.0, 0.0)	(25.0, 0.0)	(26.0, 0.0)	(27.0, 0.0)	(28.0, 0.0)	(29.0, 0.0)	(30.0, 0.3333333333333333)	(31.0, 1.0)	(32.0, 11.333333333333336)	(33.0, 4.999999999999999)	(34.0, 1.6666666666666665)	(35.0, 0.3333333333333333)	(36.0, 1.3333333333333333)	(37.0, 1.9999999999999998)	(38.0, 4.666666666666666)	(39.0, 39.66666666666667)	(40.0, 583.3333333333297)	(41.0, 203.33333333333474)	(42.0, 91.66666666666644)	(43.0, 83.99999999999989)	(44.0, 92.3333333333331)	(45.0, 98.99999999999967)	(46.0, 97.99999999999969)	(47.0, 130.99999999999935)	(48.0, 95.66666666666639)	(49.0, 262.3333333333359)	(50.0, 822.6666666666903)	(51.0, 22404.999999990014)	(52.0, 25725.6666666446)	(53.0, 3053.0000000002706)	(54.0, 979.0000000000414)	(55.0, 465.33333333332433)	(56.0, 255.3333333333362)	(57.0, 106.66666666666623)	(58.0, 50.333333333333414)	(59.0, 23.333333333333318)	(60.0, 25.33333333333331)	(61.0, 5.999999999999998)	(62.0, 1.9999999999999998)	(63.0, 3.666666666666667)	(64.0, 4.0)	(65.0, 1.9999999999999998)	(66.0, 1.0)	(67.0, 0.3333333333333333)	(68.0, 0.0)	(69.0, 0.0)	(70.0, 0.0)	(71.0, 0.0)	(72.0, 0.0)	(73.0, 0.0)	(74.0, 0.0)	(75.0, 0.0)	(76.0, 0.0)	(77.0, 0.0)	(78.0, 0.0)	(79.0, 0.0)	(80.0, 0.0)	(81.0, 0.0)	(82.0, 0.0)	(83.0, 0.0)	(84.0, 0.0)	(85.0, 0.0)	(86.0, 0.0)	(87.0, 0.0)	(88.0, 0.0)	(89.0, 0.0)	(90.0, 0.0)	(91.0, 0.0)	(92.0, 0.0)	(93.0, 0.0)	(94.0, 0.0)	(95.0, 0.0)	(96.0, 0.0)	(97.0, 0.0)	(98.0, 0.0)	(99.0, 0.0)	(100.0, 0.0)
SRR8438080_2	(0.0, 0.0)	(1.0, 0.0)	(2.0, 0.0)	(3.0, 0.0)	(4.0, 0.0)	(5.0, 0.0)	(6.0, 0.0)	(7.0, 0.0)	(8.0, 0.0)	(9.0, 0.0)	(10.0, 0.0)	(11.0, 0.0)	(12.0, 0.0)	(13.0, 0.0)	(14.0, 0.0)	(15.0, 0.0)	(16.0, 0.0)	(17.0, 0.0)	(18.0, 0.0)	(19.0, 0.0)	(20.0, 0.0)	(21.0, 0.0)	(22.0, 0.0)	(23.0, 0.0)	(24.0, 0.0)	(25.0, 1.3333333333333333)	(26.0, 4.333333333333333)	(27.0, 8.666666666666664)	(28.0, 2.333333333333333)	(29.0, 1.3333333333333333)	(30.0, 1.0)	(31.0, 0.0)	(32.0, 0.0)	(33.0, 0.3333333333333333)	(34.0, 0.3333333333333333)	(35.0, 0.3333333333333333)	(36.0, 0.0)	(37.0, 4.0)	(38.0, 24.99999999999998)	(39.0, 357.99999999999716)	(40.0, 469.6666666666575)	(41.0, 117.83333333333275)	(42.0, 84.83333333333321)	(43.0, 84.33333333333321)	(44.0, 84.66666666666654)	(45.0, 82.33333333333324)	(46.0, 98.99999999999967)	(47.0, 108.6666666666662)	(48.0, 99.99999999999966)	(49.0, 121.83333333333269)	(50.0, 246.1666666666693)	(51.0, 862.3333333333615)	(52.0, 16951.66666667652)	(53.0, 22844.999999988413)	(54.0, 5822.999999999174)	(55.0, 2134.333333333186)	(56.0, 1058.0000000000387)	(57.0, 638.6666666666694)	(58.0, 389.9999999999953)	(59.0, 239.33333333333576)	(60.0, 151.33333333333326)	(61.0, 117.33333333333275)	(62.0, 75.66666666666667)	(63.0, 59.66666666666681)	(64.0, 38.33333333333333)	(65.0, 21.333333333333325)	(66.0, 18.000000000000004)	(67.0, 9.666666666666666)	(68.0, 6.333333333333331)	(69.0, 2.333333333333333)	(70.0, 3.0)	(71.0, 2.333333333333333)	(72.0, 1.0)	(73.0, 1.3333333333333333)	(74.0, 0.3333333333333333)	(75.0, 0.6666666666666666)	(76.0, 0.6666666666666666)	(77.0, 0.3333333333333333)	(78.0, 0.0)	(79.0, 0.0)	(80.0, 0.3333333333333333)	(81.0, 0.3333333333333333)	(82.0, 0.3333333333333333)	(83.0, 0.3333333333333333)	(84.0, 0.3333333333333333)	(85.0, 0.6666666666666666)	(86.0, 0.3333333333333333)	(87.0, 0.3333333333333333)	(88.0, 0.3333333333333333)	(89.0, 0.0)	(90.0, 0.3333333333333333)	(91.0, 0.3333333333333333)	(92.0, 0.0)	(93.0, 0.0)	(94.0, 0.3333333333333333)	(95.0, 0.3333333333333333)	(96.0, 0.0)	(97.0, 0.0)	(98.0, 0.0)	(99.0, 0.0)	(100.0, 0.0)
SRR8438081	(0.0, 0.0)	(1.0, 0.0)	(2.0, 0.0)	(3.0, 0.0)	(4.0, 0.0)	(5.0, 0.0)	(6.0, 0.0)	(7.0, 0.0)	(8.0, 0.0)	(9.0, 0.0)	(10.0, 0.0)	(11.0, 0.0)	(12.0, 0.0)	(13.0, 0.0)	(14.0, 0.0)	(15.0, 0.0)	(16.0, 0.0)	(17.0, 0.0)	(18.0, 0.0)	(19.0, 0.0)	(20.0, 0.0)	(21.0, 0.0)	(22.0, 0.0)	(23.0, 0.0)	(24.0, 0.0)	(25.0, 0.0)	(26.0, 0.0)	(27.0, 0.0)	(28.0, 0.0)	(29.0, 0.0)	(30.0, 0.0)	(31.0, 0.0)	(32.0, 0.0)	(33.0, 0.0)	(34.0, 0.0)	(35.0, 0.0)	(36.0, 0.0)	(37.0, 0.0)	(38.0, 0.0)	(39.0, 0.3333333333333333)	(40.0, 0.3333333333333333)	(41.0, 0.0)	(42.0, 0.3333333333333333)	(43.0, 1.9999999999999998)	(44.0, 1.9999999999999998)	(45.0, 1.9999999999999998)	(46.0, 2.6666666666666665)	(47.0, 3.0)	(48.0, 2.333333333333333)	(49.0, 1.9999999999999998)	(50.0, 1.6666666666666665)	(51.0, 0.3333333333333333)	(52.0, 0.3333333333333333)	(53.0, 0.3333333333333333)	(54.0, 0.0)	(55.0, 0.0)	(56.0, 0.0)	(57.0, 0.0)	(58.0, 0.0)	(59.0, 0.0)	(60.0, 0.0)	(61.0, 0.0)	(62.0, 0.0)	(63.0, 0.0)	(64.0, 0.0)	(65.0, 0.0)	(66.0, 0.0)	(67.0, 0.0)	(68.0, 0.0)	(69.0, 0.0)	(70.0, 0.0)	(71.0, 0.0)	(72.0, 0.0)	(73.0, 0.0)	(74.0, 0.0)	(75.0, 0.0)	(76.0, 0.0)	(77.0, 0.0)	(78.0, 0.0)	(79.0, 0.0)	(80.0, 0.0)	(81.0, 0.0)	(82.0, 0.0)	(83.0, 0.0)	(84.0, 0.0)	(85.0, 0.0)	(86.0, 0.0)	(87.0, 0.0)	(88.0, 0.0)	(89.0, 0.0)	(90.0, 0.0)	(91.0, 0.0)	(92.0, 0.0)	(93.0, 0.0)	(94.0, 0.0)	(95.0, 0.0)	(96.0, 0.0)	(97.0, 0.0)	(98.0, 0.0)	(99.0, 0.0)	(100.0, 0.0)
SRR8438081_1	(0.0, 0.0)	(1.0, 0.0)	(2.0, 0.0)	(3.0, 0.0)	(4.0, 0.0)	(5.0, 0.0)	(6.0, 0.0)	(7.0, 0.0)	(8.0, 0.0)	(9.0, 0.0)	(10.0, 0.0)	(11.0, 0.0)	(12.0, 0.0)	(13.0, 0.0)	(14.0, 0.0)	(15.0, 0.0)	(16.0, 0.0)	(17.0, 0.0)	(18.0, 0.0)	(19.0, 0.0)	(20.0, 0.0)	(21.0, 0.0)	(22.0, 0.0)	(23.0, 0.0)	(24.0, 0.0)	(25.0, 0.0)	(26.0, 0.0)	(27.0, 0.0)	(28.0, 0.0)	(29.0, 0.0)	(30.0, 0.0)	(31.0, 0.0)	(32.0, 0.0)	(33.0, 0.3333333333333333)	(34.0, 0.3333333333333333)	(35.0, 0.3333333333333333)	(36.0, 1.9999999999999998)	(37.0, 3.666666666666667)	(38.0, 5.333333333333332)	(39.0, 19.999999999999996)	(40.0, 74.66666666666669)	(41.0, 89.33333333333314)	(42.0, 134.33333333333277)	(43.0, 378.6666666666626)	(44.0, 249.33333333333604)	(45.0, 207.33333333333485)	(46.0, 220.33333333333522)	(47.0, 320.9999999999992)	(48.0, 2113.9999999998436)	(49.0, 22825.999999988482)	(50.0, 8401.333333330733)	(51.0, 5731.333333332591)	(52.0, 5557.666666666082)	(53.0, 1531.3333333332644)	(54.0, 1386.9999999999638)	(55.0, 1471.6666666666113)	(56.0, 680.0000000000074)	(57.0, 228.6666666666688)	(58.0, 87.99999999999983)	(59.0, 36.333333333333314)	(60.0, 18.333333333333336)	(61.0, 24.666666666666647)	(62.0, 9.666666666666666)	(63.0, 5.333333333333332)	(64.0, 4.333333333333333)	(65.0, 3.0)	(66.0, 2.6666666666666665)	(67.0, 1.0)	(68.0, 1.0)	(69.0, 0.3333333333333333)	(70.0, 0.0)	(71.0, 0.0)	(72.0, 0.0)	(73.0, 0.0)	(74.0, 0.0)	(75.0, 0.3333333333333333)	(76.0, 0.3333333333333333)	(77.0, 0.0)	(78.0, 0.0)	(79.0, 0.0)	(80.0, 0.0)	(81.0, 0.0)	(82.0, 0.0)	(83.0, 0.0)	(84.0, 0.0)	(85.0, 0.0)	(86.0, 0.0)	(87.0, 0.0)	(88.0, 0.0)	(89.0, 0.0)	(90.0, 0.0)	(91.0, 0.0)	(92.0, 0.0)	(93.0, 0.0)	(94.0, 0.0)	(95.0, 0.0)	(96.0, 0.0)	(97.0, 0.0)	(98.0, 0.0)	(99.0, 0.0)	(100.0, 0.0)
SRR8438081_2	(0.0, 0.0)	(1.0, 0.0)	(2.0, 0.0)	(3.0, 0.0)	(4.0, 0.0)	(5.0, 0.0)	(6.0, 0.0)	(7.0, 0.0)	(8.0, 0.0)	(9.0, 0.0)	(10.0, 0.0)	(11.0, 0.0)	(12.0, 0.0)	(13.0, 0.0)	(14.0, 0.0)	(15.0, 0.0)	(16.0, 0.0)	(17.0, 0.0)	(18.0, 0.0)	(19.0, 0.0)	(20.0, 0.0)	(21.0, 0.0)	(22.0, 0.0)	(23.0, 0.0)	(24.0, 0.0)	(25.0, 0.0)	(26.0, 0.0)	(27.0, 0.0)	(28.0, 0.0)	(29.0, 0.0)	(30.0, 0.0)	(31.0, 0.0)	(32.0, 0.0)	(33.0, 0.0)	(34.0, 0.0)	(35.0, 0.0)	(36.0, 0.6666666666666666)	(37.0, 3.0)	(38.0, 7.9999999999999964)	(39.0, 32.333333333333286)	(40.0, 62.666666666666835)	(41.0, 73.33333333333337)	(42.0, 106.8333333333329)	(43.0, 150.83333333333326)	(44.0, 326.66666666666555)	(45.0, 245.33333333333593)	(46.0, 207.5000000000015)	(47.0, 261.16666666666924)	(48.0, 634.8333333333356)	(49.0, 14282.666666674764)	(50.0, 20350.49999999749)	(51.0, 5217.166666666391)	(52.0, 5159.166666666444)	(53.0, 5430.999999999531)	(54.0, 2023.3333333331525)	(55.0, 1267.3333333333244)	(56.0, 1193.6666666666745)	(57.0, 1021.0000000000462)	(58.0, 660.6666666666719)	(59.0, 356.66666666666384)	(60.0, 211.6666666666683)	(61.0, 124.66666666666598)	(62.0, 74.66666666666669)	(63.0, 51.66666666666676)	(64.0, 36.333333333333314)	(65.0, 21.666666666666657)	(66.0, 15.666666666666677)	(67.0, 7.33333333333333)	(68.0, 7.33333333333333)	(69.0, 4.0)	(70.0, 4.0)	(71.0, 1.3333333333333333)	(72.0, 1.9999999999999998)	(73.0, 1.3333333333333333)	(74.0, 0.6666666666666666)	(75.0, 0.0)	(76.0, 0.3333333333333333)	(77.0, 0.6666666666666666)	(78.0, 1.3333333333333333)	(79.0, 0.6666666666666666)	(80.0, 0.3333333333333333)	(81.0, 0.3333333333333333)	(82.0, 0.6666666666666666)	(83.0, 0.3333333333333333)	(84.0, 0.0)	(85.0, 0.6666666666666666)	(86.0, 0.3333333333333333)	(87.0, 0.0)	(88.0, 0.0)	(89.0, 0.0)	(90.0, 0.0)	(91.0, 0.0)	(92.0, 0.0)	(93.0, 0.0)	(94.0, 0.3333333333333333)	(95.0, 0.0)	(96.0, 0.0)	(97.0, 0.3333333333333333)	(98.0, 0.0)	(99.0, 0.0)	(100.0, 0.5)
SRR8438082	(0.0, 0.0)	(1.0, 0.0)	(2.0, 0.0)	(3.0, 0.0)	(4.0, 0.0)	(5.0, 0.0)	(6.0, 0.0)	(7.0, 0.0)	(8.0, 0.0)	(9.0, 0.0)	(10.0, 0.0)	(11.0, 0.0)	(12.0, 0.0)	(13.0, 0.0)	(14.0, 0.0)	(15.0, 0.0)	(16.0, 0.0)	(17.0, 0.0)	(18.0, 0.0)	(19.0, 0.0)	(20.0, 0.0)	(21.0, 0.0)	(22.0, 0.0)	(23.0, 0.0)	(24.0, 0.0)	(25.0, 0.0)	(26.0, 0.0)	(27.0, 0.0)	(28.0, 0.0)	(29.0, 0.0)	(30.0, 0.0)	(31.0, 0.0)	(32.0, 0.0)	(33.0, 0.0)	(34.0, 0.0)	(35.0, 0.0)	(36.0, 0.0)	(37.0, 0.0)	(38.0, 0.0)	(39.0, 0.0)	(40.0, 0.0)	(41.0, 0.3333333333333333)	(42.0, 0.3333333333333333)	(43.0, 0.0)	(44.0, 0.3333333333333333)	(45.0, 0.3333333333333333)	(46.0, 1.0)	(47.0, 1.6666666666666665)	(48.0, 2.333333333333333)	(49.0, 1.3333333333333333)	(50.0, 1.6666666666666665)	(51.0, 1.0)	(52.0, 0.0)	(53.0, 0.0)	(54.0, 0.0)	(55.0, 0.0)	(56.0, 0.0)	(57.0, 0.0)	(58.0, 0.0)	(59.0, 0.0)	(60.0, 0.0)	(61.0, 0.0)	(62.0, 0.0)	(63.0, 0.0)	(64.0, 0.0)	(65.0, 0.0)	(66.0, 0.0)	(67.0, 0.0)	(68.0, 0.0)	(69.0, 0.0)	(70.0, 0.0)	(71.0, 0.0)	(72.0, 0.0)	(73.0, 0.0)	(74.0, 0.0)	(75.0, 0.0)	(76.0, 0.0)	(77.0, 0.0)	(78.0, 0.0)	(79.0, 0.0)	(80.0, 0.0)	(81.0, 0.0)	(82.0, 0.0)	(83.0, 0.0)	(84.0, 0.0)	(85.0, 0.0)	(86.0, 0.0)	(87.0, 0.0)	(88.0, 0.0)	(89.0, 0.0)	(90.0, 0.0)	(91.0, 0.0)	(92.0, 0.0)	(93.0, 0.0)	(94.0, 0.0)	(95.0, 0.0)	(96.0, 0.0)	(97.0, 0.0)	(98.0, 0.0)	(99.0, 0.0)	(100.0, 0.0)
SRR8438082_1	(0.0, 0.0)	(1.0, 0.0)	(2.0, 0.0)	(3.0, 0.0)	(4.0, 0.0)	(5.0, 0.0)	(6.0, 0.0)	(7.0, 0.0)	(8.0, 0.0)	(9.0, 0.0)	(10.0, 0.0)	(11.0, 0.0)	(12.0, 0.0)	(13.0, 0.0)	(14.0, 0.0)	(15.0, 0.0)	(16.0, 0.0)	(17.0, 0.0)	(18.0, 0.0)	(19.0, 0.0)	(20.0, 0.0)	(21.0, 0.0)	(22.0, 0.0)	(23.0, 0.0)	(24.0, 0.0)	(25.0, 0.0)	(26.0, 0.0)	(27.0, 0.0)	(28.0, 0.0)	(29.0, 0.0)	(30.0, 0.0)	(31.0, 0.0)	(32.0, 0.0)	(33.0, 0.0)	(34.0, 0.0)	(35.0, 0.0)	(36.0, 1.0)	(37.0, 2.6666666666666665)	(38.0, 5.666666666666665)	(39.0, 214.6666666666684)	(40.0, 423.3333333333267)	(41.0, 139.9999999999996)	(42.0, 103.66666666666627)	(43.0, 103.33333333333294)	(44.0, 152.99999999999997)	(45.0, 217.33333333333513)	(46.0, 329.9999999999987)	(47.0, 744.6666666666814)	(48.0, 980.0000000000415)	(49.0, 937.0000000000366)	(50.0, 1507.666666666603)	(51.0, 20953.999999995292)	(52.0, 24461.99999998253)	(53.0, 4511.6666666670335)	(54.0, 3563.333333333836)	(55.0, 3057.0000000002724)	(56.0, 1822.3333333331982)	(57.0, 596.6666666666646)	(58.0, 291.0000000000009)	(59.0, 107.99999999999955)	(60.0, 38.666666666666664)	(61.0, 15.666666666666677)	(62.0, 12.000000000000004)	(63.0, 5.333333333333332)	(64.0, 34.3333333333333)	(65.0, 9.666666666666666)	(66.0, 1.3333333333333333)	(67.0, 0.0)	(68.0, 0.3333333333333333)	(69.0, 0.0)	(70.0, 0.6666666666666666)	(71.0, 0.6666666666666666)	(72.0, 0.0)	(73.0, 0.0)	(74.0, 0.0)	(75.0, 0.0)	(76.0, 0.0)	(77.0, 0.0)	(78.0, 0.0)	(79.0, 0.0)	(80.0, 0.0)	(81.0, 0.0)	(82.0, 0.0)	(83.0, 0.0)	(84.0, 0.0)	(85.0, 0.0)	(86.0, 0.0)	(87.0, 0.0)	(88.0, 0.0)	(89.0, 0.0)	(90.0, 0.0)	(91.0, 0.0)	(92.0, 0.0)	(93.0, 0.0)	(94.0, 0.0)	(95.0, 0.0)	(96.0, 0.0)	(97.0, 0.0)	(98.0, 0.0)	(99.0, 0.0)	(100.0, 0.0)
SRR8438082_2	(0.0, 0.0)	(1.0, 0.0)	(2.0, 0.0)	(3.0, 0.0)	(4.0, 0.0)	(5.0, 0.0)	(6.0, 0.0)	(7.0, 0.0)	(8.0, 0.0)	(9.0, 0.0)	(10.0, 0.0)	(11.0, 0.0)	(12.0, 0.0)	(13.0, 0.0)	(14.0, 0.0)	(15.0, 0.0)	(16.0, 0.0)	(17.0, 0.0)	(18.0, 0.0)	(19.0, 0.0)	(20.0, 0.0)	(21.0, 0.0)	(22.0, 0.0)	(23.0, 0.0)	(24.0, 0.0)	(25.0, 0.0)	(26.0, 0.0)	(27.0, 0.3333333333333333)	(28.0, 0.0)	(29.0, 0.0)	(30.0, 0.0)	(31.0, 0.0)	(32.0, 0.0)	(33.0, 0.0)	(34.0, 0.3333333333333333)	(35.0, 0.0)	(36.0, 0.0)	(37.0, 4.333333333333333)	(38.0, 37.33333333333332)	(39.0, 285.8333333333345)	(40.0, 253.50000000000284)	(41.0, 115.83333333333277)	(42.0, 110.83333333333285)	(43.0, 83.33333333333323)	(44.0, 125.33333333333263)	(45.0, 242.0000000000025)	(46.0, 224.33333333333533)	(47.0, 291.50000000000085)	(48.0, 645.1666666666702)	(49.0, 1566.999999999923)	(50.0, 1889.6666666665162)	(51.0, 1673.333333333232)	(52.0, 17258.00000000874)	(53.0, 22531.66666665622)	(54.0, 5895.333333332442)	(55.0, 3391.0000000004243)	(56.0, 2287.666666666589)	(57.0, 1513.6666666666017)	(58.0, 953.3333333333718)	(59.0, 493.99999999998937)	(60.0, 285.33333333333456)	(61.0, 167.00000000000037)	(62.0, 94.33333333333307)	(63.0, 63.333333333333506)	(64.0, 54.33333333333344)	(65.0, 45.666666666666714)	(66.0, 45.00000000000004)	(67.0, 23.333333333333318)	(68.0, 12.666666666666671)	(69.0, 9.333333333333332)	(70.0, 5.999999999999998)	(71.0, 2.333333333333333)	(72.0, 1.0)	(73.0, 1.6666666666666665)	(74.0, 1.0)	(75.0, 0.3333333333333333)	(76.0, 0.6666666666666666)	(77.0, 0.0)	(78.0, 0.3333333333333333)	(79.0, 0.3333333333333333)	(80.0, 0.0)	(81.0, 0.0)	(82.0, 0.3333333333333333)	(83.0, 0.6666666666666666)	(84.0, 0.3333333333333333)	(85.0, 0.0)	(86.0, 0.0)	(87.0, 0.3333333333333333)	(88.0, 0.3333333333333333)	(89.0, 0.0)	(90.0, 0.3333333333333333)	(91.0, 0.0)	(92.0, 0.0)	(93.0, 0.0)	(94.0, 0.0)	(95.0, 0.3333333333333333)	(96.0, 0.3333333333333333)	(97.0, 0.0)	(98.0, 0.0)	(99.0, 0.0)	(100.0, 0.5)
SRR8438083	(0.0, 0.0)	(1.0, 0.0)	(2.0, 0.0)	(3.0, 0.0)	(4.0, 0.0)	(5.0, 0.0)	(6.0, 0.0)	(7.0, 0.0)	(8.0, 0.0)	(9.0, 0.0)	(10.0, 0.0)	(11.0, 0.0)	(12.0, 0.0)	(13.0, 0.0)	(14.0, 0.0)	(15.0, 0.0)	(16.0, 0.0)	(17.0, 0.0)	(18.0, 0.0)	(19.0, 0.0)	(20.0, 0.0)	(21.0, 0.0)	(22.0, 0.0)	(23.0, 0.0)	(24.0, 0.0)	(25.0, 0.0)	(26.0, 0.0)	(27.0, 0.0)	(28.0, 0.0)	(29.0, 0.0)	(30.0, 0.0)	(31.0, 0.0)	(32.0, 0.0)	(33.0, 0.0)	(34.0, 0.0)	(35.0, 0.0)	(36.0, 0.0)	(37.0, 0.0)	(38.0, 0.0)	(39.0, 0.0)	(40.0, 0.0)	(41.0, 0.0)	(42.0, 0.3333333333333333)	(43.0, 0.6666666666666666)	(44.0, 1.3333333333333333)	(45.0, 1.3333333333333333)	(46.0, 0.6666666666666666)	(47.0, 1.3333333333333333)	(48.0, 3.0)	(49.0, 2.333333333333333)	(50.0, 1.0)	(51.0, 1.0)	(52.0, 0.0)	(53.0, 0.0)	(54.0, 0.0)	(55.0, 0.0)	(56.0, 0.0)	(57.0, 0.0)	(58.0, 0.0)	(59.0, 0.0)	(60.0, 0.0)	(61.0, 0.0)	(62.0, 0.0)	(63.0, 0.0)	(64.0, 0.0)	(65.0, 0.0)	(66.0, 0.0)	(67.0, 0.0)	(68.0, 0.0)	(69.0, 0.0)	(70.0, 0.0)	(71.0, 0.0)	(72.0, 0.0)	(73.0, 0.0)	(74.0, 0.0)	(75.0, 0.0)	(76.0, 0.0)	(77.0, 0.0)	(78.0, 0.0)	(79.0, 0.0)	(80.0, 0.0)	(81.0, 0.0)	(82.0, 0.0)	(83.0, 0.0)	(84.0, 0.0)	(85.0, 0.0)	(86.0, 0.0)	(87.0, 0.0)	(88.0, 0.0)	(89.0, 0.0)	(90.0, 0.0)	(91.0, 0.0)	(92.0, 0.0)	(93.0, 0.0)	(94.0, 0.0)	(95.0, 0.0)	(96.0, 0.0)	(97.0, 0.0)	(98.0, 0.0)	(99.0, 0.0)	(100.0, 0.0)
SRR8438083_1	(0.0, 0.0)	(1.0, 0.0)	(2.0, 0.0)	(3.0, 0.0)	(4.0, 0.0)	(5.0, 0.0)	(6.0, 0.0)	(7.0, 0.0)	(8.0, 0.0)	(9.0, 0.0)	(10.0, 0.0)	(11.0, 0.0)	(12.0, 0.3333333333333333)	(13.0, 0.0)	(14.0, 0.0)	(15.0, 0.0)	(16.0, 0.0)	(17.0, 0.0)	(18.0, 0.0)	(19.0, 0.0)	(20.0, 0.0)	(21.0, 0.0)	(22.0, 0.0)	(23.0, 0.0)	(24.0, 0.0)	(25.0, 0.0)	(26.0, 0.0)	(27.0, 0.0)	(28.0, 0.0)	(29.0, 0.0)	(30.0, 0.0)	(31.0, 0.0)	(32.0, 0.0)	(33.0, 0.0)	(34.0, 0.3333333333333333)	(35.0, 2.333333333333333)	(36.0, 2.333333333333333)	(37.0, 2.333333333333333)	(38.0, 3.3333333333333335)	(39.0, 13.666666666666673)	(40.0, 36.333333333333314)	(41.0, 43.00000000000003)	(42.0, 55.33333333333345)	(43.0, 69.0000000000001)	(44.0, 88.33333333333316)	(45.0, 110.33333333333285)	(46.0, 114.33333333333279)	(47.0, 105.99999999999957)	(48.0, 104.33333333333293)	(49.0, 122.99999999999933)	(50.0, 143.99999999999972)	(51.0, 610.3333333333328)	(52.0, 733.6666666666802)	(53.0, 753.0000000000157)	(54.0, 29945.333333295916)	(55.0, 34274.66666662994)	(56.0, 2173.999999999871)	(57.0, 404.6666666666611)	(58.0, 125.99999999999929)	(59.0, 48.666666666666735)	(60.0, 23.333333333333318)	(61.0, 12.333333333333337)	(62.0, 8.666666666666664)	(63.0, 4.333333333333333)	(64.0, 6.666666666666664)	(65.0, 1.3333333333333333)	(66.0, 0.3333333333333333)	(67.0, 0.3333333333333333)	(68.0, 0.0)	(69.0, 0.0)	(70.0, 0.0)	(71.0, 0.0)	(72.0, 0.0)	(73.0, 0.0)	(74.0, 0.0)	(75.0, 0.0)	(76.0, 0.0)	(77.0, 0.0)	(78.0, 0.0)	(79.0, 0.0)	(80.0, 0.0)	(81.0, 0.0)	(82.0, 0.0)	(83.0, 0.0)	(84.0, 0.0)	(85.0, 0.0)	(86.0, 0.0)	(87.0, 0.0)	(88.0, 0.0)	(89.0, 0.0)	(90.0, 0.0)	(91.0, 0.0)	(92.0, 0.0)	(93.0, 0.0)	(94.0, 0.0)	(95.0, 0.0)	(96.0, 0.0)	(97.0, 0.0)	(98.0, 0.0)	(99.0, 0.0)	(100.0, 0.0)
SRR8438083_2	(0.0, 0.0)	(1.0, 0.0)	(2.0, 0.0)	(3.0, 0.0)	(4.0, 0.0)	(5.0, 0.0)	(6.0, 0.0)	(7.0, 0.0)	(8.0, 0.0)	(9.0, 0.0)	(10.0, 0.0)	(11.0, 0.0)	(12.0, 0.0)	(13.0, 0.0)	(14.0, 0.0)	(15.0, 0.0)	(16.0, 0.0)	(17.0, 0.0)	(18.0, 0.0)	(19.0, 0.0)	(20.0, 0.0)	(21.0, 0.0)	(22.0, 0.0)	(23.0, 0.0)	(24.0, 0.0)	(25.0, 0.0)	(26.0, 0.0)	(27.0, 0.0)	(28.0, 0.0)	(29.0, 0.0)	(30.0, 0.0)	(31.0, 0.0)	(32.0, 0.0)	(33.0, 0.0)	(34.0, 1.3333333333333333)	(35.0, 2.6666666666666665)	(36.0, 1.0)	(37.0, 0.6666666666666666)	(38.0, 2.8333333333333335)	(39.0, 9.666666666666666)	(40.0, 20.999999999999993)	(41.0, 35.49999999999997)	(42.0, 43.00000000000003)	(43.0, 58.666666666666806)	(44.0, 74.1666666666667)	(45.0, 82.83333333333324)	(46.0, 90.33333333333313)	(47.0, 86.66666666666652)	(48.0, 79.83333333333329)	(49.0, 103.99999999999962)	(50.0, 179.5000000000007)	(51.0, 169.00000000000043)	(52.0, 530.9999999999905)	(53.0, 816.6666666666896)	(54.0, 3428.666666667108)	(55.0, 27028.333333306527)	(56.0, 15666.000000010614)	(57.0, 4614.66666666694)	(58.0, 1761.6666666665453)	(59.0, 800.6666666666878)	(60.0, 476.99999999999034)	(61.0, 301.00000000000034)	(62.0, 198.66666666666794)	(63.0, 139.66666666666626)	(64.0, 88.66666666666649)	(65.0, 64.3333333333335)	(66.0, 52.666666666666764)	(67.0, 33.999999999999964)	(68.0, 19.999999999999996)	(69.0, 10.0)	(70.0, 6.333333333333331)	(71.0, 4.999999999999999)	(72.0, 2.333333333333333)	(73.0, 2.333333333333333)	(74.0, 1.6666666666666665)	(75.0, 1.3333333333333333)	(76.0, 0.0)	(77.0, 0.3333333333333333)	(78.0, 0.6666666666666666)	(79.0, 0.3333333333333333)	(80.0, 0.6666666666666666)	(81.0, 0.6666666666666666)	(82.0, 0.0)	(83.0, 0.0)	(84.0, 0.3333333333333333)	(85.0, 0.3333333333333333)	(86.0, 0.3333333333333333)	(87.0, 0.0)	(88.0, 0.0)	(89.0, 0.0)	(90.0, 0.0)	(91.0, 0.0)	(92.0, 0.3333333333333333)	(93.0, 0.3333333333333333)	(94.0, 0.0)	(95.0, 0.0)	(96.0, 0.0)	(97.0, 0.0)	(98.0, 0.0)	(99.0, 0.0)	(100.0, 0.0)
SRR8438084_1	(0.0, 0.0)	(1.0, 0.0)	(2.0, 0.0)	(3.0, 0.0)	(4.0, 0.0)	(5.0, 0.0)	(6.0, 0.0)	(7.0, 0.0)	(8.0, 0.0)	(9.0, 0.0)	(10.0, 0.0)	(11.0, 0.0)	(12.0, 0.0)	(13.0, 0.0)	(14.0, 0.0)	(15.0, 0.0)	(16.0, 0.0)	(17.0, 0.0)	(18.0, 0.0)	(19.0, 0.0)	(20.0, 0.0)	(21.0, 0.0)	(22.0, 0.0)	(23.0, 0.0)	(24.0, 0.0)	(25.0, 0.0)	(26.0, 0.0)	(27.0, 0.0)	(28.0, 0.6666666666666666)	(29.0, 0.3333333333333333)	(30.0, 0.3333333333333333)	(31.0, 0.6666666666666666)	(32.0, 0.6666666666666666)	(33.0, 1.3333333333333333)	(34.0, 4.666666666666666)	(35.0, 5.999999999999998)	(36.0, 15.333333333333343)	(37.0, 25.33333333333331)	(38.0, 67.00000000000013)	(39.0, 138.99999999999957)	(40.0, 178.33333333333402)	(41.0, 220.00000000000188)	(42.0, 300.666666666667)	(43.0, 401.9999999999946)	(44.0, 401.9999999999946)	(45.0, 455.99999999999153)	(46.0, 471.333333333324)	(47.0, 459.9999999999913)	(48.0, 433.9999999999928)	(49.0, 568.6666666666614)	(50.0, 399.9999999999947)	(51.0, 673.6666666666733)	(52.0, 2887.3333333335286)	(53.0, 2192.3333333332125)	(54.0, 808.0000000000219)	(55.0, 1536.6666666665965)	(56.0, 2021.9999999998195)	(57.0, 749.666666666682)	(58.0, 199.66666666666796)	(59.0, 233.00000000000225)	(60.0, 52.666666666666764)	(61.0, 14.333333333333341)	(62.0, 6.333333333333331)	(63.0, 5.666666666666665)	(64.0, 14.000000000000007)	(65.0, 12.333333333333337)	(66.0, 4.333333333333333)	(67.0, 1.6666666666666665)	(68.0, 2.333333333333333)	(69.0, 1.3333333333333333)	(70.0, 0.3333333333333333)	(71.0, 0.3333333333333333)	(72.0, 0.0)	(73.0, 0.0)	(74.0, 0.0)	(75.0, 0.0)	(76.0, 0.0)	(77.0, 0.0)	(78.0, 0.0)	(79.0, 0.0)	(80.0, 0.0)	(81.0, 0.0)	(82.0, 0.0)	(83.0, 0.0)	(84.0, 0.0)	(85.0, 0.0)	(86.0, 0.0)	(87.0, 0.0)	(88.0, 0.0)	(89.0, 0.0)	(90.0, 0.0)	(91.0, 0.0)	(92.0, 0.0)	(93.0, 0.0)	(94.0, 0.0)	(95.0, 0.0)	(96.0, 0.0)	(97.0, 0.0)	(98.0, 0.0)	(99.0, 0.0)	(100.0, 0.0)
SRR8438084_2	(0.0, 0.0)	(1.0, 0.0)	(2.0, 0.0)	(3.0, 0.0)	(4.0, 0.0)	(5.0, 0.0)	(6.0, 0.0)	(7.0, 0.0)	(8.0, 0.0)	(9.0, 0.0)	(10.0, 0.0)	(11.0, 0.0)	(12.0, 0.0)	(13.0, 0.0)	(14.0, 0.0)	(15.0, 0.0)	(16.0, 0.0)	(17.0, 0.0)	(18.0, 0.0)	(19.0, 0.0)	(20.0, 0.0)	(21.0, 0.0)	(22.0, 0.0)	(23.0, 0.0)	(24.0, 0.0)	(25.0, 0.0)	(26.0, 0.0)	(27.0, 0.0)	(28.0, 0.0)	(29.0, 0.0)	(30.0, 0.0)	(31.0, 0.0)	(32.0, 0.0)	(33.0, 0.6666666666666666)	(34.0, 1.9999999999999998)	(35.0, 2.333333333333333)	(36.0, 1.6666666666666665)	(37.0, 11.333333333333336)	(38.0, 20.999999999999993)	(39.0, 10.333333333333334)	(40.0, 35.99999999999998)	(41.0, 71.00000000000007)	(42.0, 55.166666666666785)	(43.0, 117.49999999999942)	(44.0, 136.33333333333283)	(45.0, 181.66666666666745)	(46.0, 236.00000000000233)	(47.0, 234.00000000000227)	(48.0, 288.6666666666677)	(49.0, 548.6666666666591)	(50.0, 794.3333333333537)	(51.0, 937.0000000000366)	(52.0, 2449.9999999999964)	(53.0, 1896.999999999848)	(54.0, 1219.000000000002)	(55.0, 1662.6666666665678)	(56.0, 2160.6666666665315)	(57.0, 1120.0000000000246)	(58.0, 612.9999999999998)	(59.0, 479.66666666665685)	(60.0, 285.00000000000125)	(61.0, 152.99999999999997)	(62.0, 87.33333333333317)	(63.0, 65.66666666666681)	(64.0, 41.666666666666686)	(65.0, 27.666666666666636)	(66.0, 22.33333333333332)	(67.0, 20.999999999999993)	(68.0, 18.000000000000004)	(69.0, 16.333333333333343)	(70.0, 10.0)	(71.0, 7.33333333333333)	(72.0, 1.9999999999999998)	(73.0, 1.3333333333333333)	(74.0, 0.6666666666666666)	(75.0, 0.3333333333333333)	(76.0, 0.3333333333333333)	(77.0, 0.3333333333333333)	(78.0, 0.0)	(79.0, 0.3333333333333333)	(80.0, 0.0)	(81.0, 0.0)	(82.0, 0.0)	(83.0, 0.0)	(84.0, 0.0)	(85.0, 0.0)	(86.0, 0.0)	(87.0, 0.0)	(88.0, 0.6666666666666666)	(89.0, 0.3333333333333333)	(90.0, 0.0)	(91.0, 0.0)	(92.0, 0.0)	(93.0, 0.0)	(94.0, 0.0)	(95.0, 0.0)	(96.0, 0.0)	(97.0, 0.0)	(98.0, 0.0)	(99.0, 0.0)	(100.0, 0.0)
SRR8438085	(0.0, 0.0)	(1.0, 0.0)	(2.0, 0.0)	(3.0, 0.0)	(4.0, 0.0)	(5.0, 0.0)	(6.0, 0.0)	(7.0, 0.0)	(8.0, 0.0)	(9.0, 0.0)	(10.0, 0.0)	(11.0, 0.0)	(12.0, 0.0)	(13.0, 0.0)	(14.0, 0.0)	(15.0, 0.0)	(16.0, 0.0)	(17.0, 0.0)	(18.0, 0.0)	(19.0, 0.0)	(20.0, 0.0)	(21.0, 0.0)	(22.0, 0.0)	(23.0, 0.0)	(24.0, 0.0)	(25.0, 0.0)	(26.0, 0.0)	(27.0, 0.0)	(28.0, 0.0)	(29.0, 0.0)	(30.0, 0.0)	(31.0, 0.0)	(32.0, 0.0)	(33.0, 0.0)	(34.0, 0.0)	(35.0, 0.0)	(36.0, 0.0)	(37.0, 0.0)	(38.0, 0.0)	(39.0, 0.0)	(40.0, 0.0)	(41.0, 0.0)	(42.0, 0.0)	(43.0, 0.3333333333333333)	(44.0, 0.3333333333333333)	(45.0, 0.3333333333333333)	(46.0, 0.0)	(47.0, 0.0)	(48.0, 0.0)	(49.0, 0.0)	(50.0, 0.0)	(51.0, 0.0)	(52.0, 0.0)	(53.0, 0.0)	(54.0, 0.0)	(55.0, 0.0)	(56.0, 0.0)	(57.0, 0.0)	(58.0, 0.0)	(59.0, 0.0)	(60.0, 0.0)	(61.0, 0.0)	(62.0, 0.0)	(63.0, 0.0)	(64.0, 0.0)	(65.0, 0.0)	(66.0, 0.0)	(67.0, 0.0)	(68.0, 0.0)	(69.0, 0.0)	(70.0, 0.0)	(71.0, 0.0)	(72.0, 0.0)	(73.0, 0.0)	(74.0, 0.0)	(75.0, 0.0)	(76.0, 0.0)	(77.0, 0.0)	(78.0, 0.0)	(79.0, 0.0)	(80.0, 0.0)	(81.0, 0.0)	(82.0, 0.0)	(83.0, 0.0)	(84.0, 0.0)	(85.0, 0.0)	(86.0, 0.0)	(87.0, 0.0)	(88.0, 0.0)	(89.0, 0.0)	(90.0, 0.0)	(91.0, 0.0)	(92.0, 0.0)	(93.0, 0.0)	(94.0, 0.0)	(95.0, 0.0)	(96.0, 0.0)	(97.0, 0.0)	(98.0, 0.0)	(99.0, 0.0)	(100.0, 0.0)
SRR8438085_1	(0.0, 0.0)	(1.0, 0.0)	(2.0, 0.0)	(3.0, 0.0)	(4.0, 0.0)	(5.0, 0.0)	(6.0, 0.0)	(7.0, 0.0)	(8.0, 0.0)	(9.0, 0.0)	(10.0, 0.0)	(11.0, 0.0)	(12.0, 0.0)	(13.0, 0.0)	(14.0, 0.0)	(15.0, 0.0)	(16.0, 0.0)	(17.0, 0.0)	(18.0, 0.0)	(19.0, 0.0)	(20.0, 0.0)	(21.0, 0.0)	(22.0, 0.0)	(23.0, 0.0)	(24.0, 1.0)	(25.0, 1.3333333333333333)	(26.0, 1.3333333333333333)	(27.0, 0.0)	(28.0, 0.3333333333333333)	(29.0, 1.0)	(30.0, 23.66666666666665)	(31.0, 36.999999999999986)	(32.0, 7.33333333333333)	(33.0, 19.0)	(34.0, 33.66666666666663)	(35.0, 22.666666666666654)	(36.0, 58.666666666666806)	(37.0, 93.66666666666642)	(38.0, 125.33333333333263)	(39.0, 181.66666666666745)	(40.0, 296.0000000000006)	(41.0, 384.66666666666225)	(42.0, 524.9999999999898)	(43.0, 650.3333333333374)	(44.0, 741.6666666666811)	(45.0, 726.0000000000126)	(46.0, 815.6666666666895)	(47.0, 1615.3333333332453)	(48.0, 2229.666666666563)	(49.0, 983.0000000000418)	(50.0, 965.6666666667065)	(51.0, 1743.3333333332162)	(52.0, 2764.666666666806)	(53.0, 1469.3333333332785)	(54.0, 1932.6666666665064)	(55.0, 1429.999999999954)	(56.0, 692.3333333333421)	(57.0, 378.6666666666626)	(58.0, 400.99999999999466)	(59.0, 226.00000000000205)	(60.0, 81.66666666666659)	(61.0, 31.999999999999954)	(62.0, 50.66666666666675)	(63.0, 15.666666666666677)	(64.0, 11.333333333333336)	(65.0, 2.6666666666666665)	(66.0, 2.6666666666666665)	(67.0, 0.6666666666666666)	(68.0, 0.6666666666666666)	(69.0, 0.3333333333333333)	(70.0, 0.3333333333333333)	(71.0, 0.0)	(72.0, 0.0)	(73.0, 0.0)	(74.0, 0.0)	(75.0, 0.3333333333333333)	(76.0, 0.3333333333333333)	(77.0, 0.0)	(78.0, 0.0)	(79.0, 0.0)	(80.0, 0.0)	(81.0, 0.0)	(82.0, 0.0)	(83.0, 0.0)	(84.0, 0.0)	(85.0, 0.0)	(86.0, 0.0)	(87.0, 0.0)	(88.0, 0.0)	(89.0, 0.0)	(90.0, 0.0)	(91.0, 0.0)	(92.0, 0.0)	(93.0, 0.0)	(94.0, 0.0)	(95.0, 0.0)	(96.0, 0.0)	(97.0, 0.0)	(98.0, 0.0)	(99.0, 0.0)	(100.0, 0.0)
SRR8438085_2	(0.0, 0.0)	(1.0, 0.0)	(2.0, 0.0)	(3.0, 0.0)	(4.0, 0.0)	(5.0, 0.0)	(6.0, 0.0)	(7.0, 0.0)	(8.0, 0.0)	(9.0, 0.0)	(10.0, 0.0)	(11.0, 0.0)	(12.0, 0.0)	(13.0, 0.0)	(14.0, 0.0)	(15.0, 0.0)	(16.0, 0.0)	(17.0, 0.0)	(18.0, 0.0)	(19.0, 0.0)	(20.0, 0.0)	(21.0, 0.0)	(22.0, 0.0)	(23.0, 0.0)	(24.0, 0.0)	(25.0, 0.0)	(26.0, 0.0)	(27.0, 0.0)	(28.0, 1.6666666666666665)	(29.0, 25.666666666666643)	(30.0, 27.666666666666636)	(31.0, 7.666666666666663)	(32.0, 4.0)	(33.0, 7.9999999999999964)	(34.0, 13.000000000000005)	(35.0, 17.66666666666667)	(36.0, 7.9999999999999964)	(37.0, 7.666666666666663)	(38.0, 26.66666666666664)	(39.0, 27.999999999999968)	(40.0, 32.66666666666662)	(41.0, 38.33333333333333)	(42.0, 56.66666666666679)	(43.0, 101.33333333333297)	(44.0, 167.3333333333337)	(45.0, 221.0000000000019)	(46.0, 351.99999999999744)	(47.0, 557.9999999999935)	(48.0, 1181.6666666666772)	(49.0, 2164.6666666665333)	(50.0, 1961.6666666664999)	(51.0, 1547.666666666594)	(52.0, 2255.333333333241)	(53.0, 2974.8333333335686)	(54.0, 2014.4999999998213)	(55.0, 1383.333333333298)	(56.0, 1047.6666666667077)	(57.0, 795.6666666666872)	(58.0, 658.0000000000049)	(59.0, 618.3333333333337)	(60.0, 425.99999999999324)	(61.0, 290.3333333333343)	(62.0, 194.00000000000114)	(63.0, 142.9999999999997)	(64.0, 89.33333333333314)	(65.0, 73.6666666666667)	(66.0, 58.33333333333347)	(67.0, 31.66666666666662)	(68.0, 19.666666666666664)	(69.0, 21.333333333333325)	(70.0, 13.33333333333334)	(71.0, 8.666666666666664)	(72.0, 7.33333333333333)	(73.0, 9.333333333333332)	(74.0, 7.33333333333333)	(75.0, 5.999999999999998)	(76.0, 3.0)	(77.0, 1.6666666666666665)	(78.0, 3.0)	(79.0, 1.6666666666666665)	(80.0, 0.3333333333333333)	(81.0, 0.6666666666666666)	(82.0, 0.3333333333333333)	(83.0, 0.3333333333333333)	(84.0, 0.0)	(85.0, 0.0)	(86.0, 0.3333333333333333)	(87.0, 0.0)	(88.0, 0.3333333333333333)	(89.0, 0.6666666666666666)	(90.0, 0.0)	(91.0, 0.0)	(92.0, 0.0)	(93.0, 0.0)	(94.0, 0.0)	(95.0, 0.0)	(96.0, 0.0)	(97.0, 0.0)	(98.0, 0.0)	(99.0, 0.0)	(100.0, 0.0)
SRR8438086	(0.0, 0.0)	(1.0, 0.0)	(2.0, 0.0)	(3.0, 0.0)	(4.0, 0.0)	(5.0, 0.0)	(6.0, 0.0)	(7.0, 0.0)	(8.0, 0.0)	(9.0, 0.0)	(10.0, 0.0)	(11.0, 0.0)	(12.0, 0.0)	(13.0, 0.0)	(14.0, 0.0)	(15.0, 0.0)	(16.0, 0.0)	(17.0, 0.0)	(18.0, 0.0)	(19.0, 0.0)	(20.0, 0.0)	(21.0, 0.0)	(22.0, 0.0)	(23.0, 0.0)	(24.0, 0.0)	(25.0, 0.0)	(26.0, 0.0)	(27.0, 0.0)	(28.0, 0.0)	(29.0, 0.0)	(30.0, 0.0)	(31.0, 0.0)	(32.0, 0.0)	(33.0, 0.0)	(34.0, 0.0)	(35.0, 0.0)	(36.0, 0.0)	(37.0, 0.0)	(38.0, 0.0)	(39.0, 0.0)	(40.0, 0.0)	(41.0, 0.0)	(42.0, 0.0)	(43.0, 0.0)	(44.0, 0.3333333333333333)	(45.0, 0.3333333333333333)	(46.0, 0.0)	(47.0, 0.0)	(48.0, 0.0)	(49.0, 0.0)	(50.0, 0.0)	(51.0, 0.0)	(52.0, 0.0)	(53.0, 0.0)	(54.0, 0.0)	(55.0, 0.0)	(56.0, 0.0)	(57.0, 0.0)	(58.0, 0.0)	(59.0, 0.0)	(60.0, 0.0)	(61.0, 0.0)	(62.0, 0.0)	(63.0, 0.0)	(64.0, 0.0)	(65.0, 0.0)	(66.0, 0.0)	(67.0, 0.0)	(68.0, 0.0)	(69.0, 0.0)	(70.0, 0.0)	(71.0, 0.0)	(72.0, 0.0)	(73.0, 0.0)	(74.0, 0.0)	(75.0, 0.0)	(76.0, 0.0)	(77.0, 0.0)	(78.0, 0.0)	(79.0, 0.0)	(80.0, 0.0)	(81.0, 0.0)	(82.0, 0.0)	(83.0, 0.0)	(84.0, 0.0)	(85.0, 0.0)	(86.0, 0.0)	(87.0, 0.0)	(88.0, 0.0)	(89.0, 0.0)	(90.0, 0.0)	(91.0, 0.0)	(92.0, 0.0)	(93.0, 0.0)	(94.0, 0.0)	(95.0, 0.0)	(96.0, 0.0)	(97.0, 0.0)	(98.0, 0.0)	(99.0, 0.0)	(100.0, 0.0)
SRR8438086_1	(0.0, 0.0)	(1.0, 0.0)	(2.0, 0.0)	(3.0, 0.0)	(4.0, 0.0)	(5.0, 0.0)	(6.0, 0.0)	(7.0, 0.0)	(8.0, 0.0)	(9.0, 0.0)	(10.0, 0.0)	(11.0, 0.0)	(12.0, 0.0)	(13.0, 0.0)	(14.0, 0.0)	(15.0, 0.0)	(16.0, 0.0)	(17.0, 0.0)	(18.0, 0.0)	(19.0, 0.0)	(20.0, 0.0)	(21.0, 0.0)	(22.0, 0.0)	(23.0, 0.0)	(24.0, 0.0)	(25.0, 0.0)	(26.0, 0.0)	(27.0, 0.0)	(28.0, 0.0)	(29.0, 0.0)	(30.0, 0.3333333333333333)	(31.0, 0.0)	(32.0, 0.0)	(33.0, 0.3333333333333333)	(34.0, 1.3333333333333333)	(35.0, 1.6666666666666665)	(36.0, 6.333333333333331)	(37.0, 6.333333333333331)	(38.0, 23.66666666666665)	(39.0, 43.6666666666667)	(40.0, 47.66666666666673)	(41.0, 104.33333333333293)	(42.0, 103.66666666666627)	(43.0, 191.3333333333344)	(44.0, 294.33333333333405)	(45.0, 330.6666666666653)	(46.0, 363.66666666666345)	(47.0, 260.0000000000027)	(48.0, 326.33333333333223)	(49.0, 301.66666666666697)	(50.0, 215.00000000000173)	(51.0, 768.6666666666841)	(52.0, 3527.666666667153)	(53.0, 2358.999999999955)	(54.0, 1088.0000000000318)	(55.0, 1582.3333333332528)	(56.0, 2572.3333333333853)	(57.0, 1505.3333333332703)	(58.0, 359.999999999997)	(59.0, 146.66666666666646)	(60.0, 46.66666666666672)	(61.0, 26.333333333333307)	(62.0, 29.333333333333297)	(63.0, 26.333333333333307)	(64.0, 3.3333333333333335)	(65.0, 1.0)	(66.0, 1.6666666666666665)	(67.0, 1.6666666666666665)	(68.0, 0.3333333333333333)	(69.0, 0.3333333333333333)	(70.0, 0.3333333333333333)	(71.0, 0.0)	(72.0, 0.0)	(73.0, 0.0)	(74.0, 0.3333333333333333)	(75.0, 0.0)	(76.0, 0.0)	(77.0, 0.0)	(78.0, 0.0)	(79.0, 0.0)	(80.0, 0.0)	(81.0, 0.0)	(82.0, 0.0)	(83.0, 0.0)	(84.0, 0.0)	(85.0, 0.0)	(86.0, 0.0)	(87.0, 0.0)	(88.0, 0.0)	(89.0, 0.0)	(90.0, 0.0)	(91.0, 0.0)	(92.0, 0.0)	(93.0, 0.0)	(94.0, 0.0)	(95.0, 0.0)	(96.0, 0.0)	(97.0, 0.0)	(98.0, 0.0)	(99.0, 0.0)	(100.0, 0.0)
SRR8438086_2	(0.0, 0.0)	(1.0, 0.0)	(2.0, 0.0)	(3.0, 0.0)	(4.0, 0.0)	(5.0, 0.0)	(6.0, 0.0)	(7.0, 0.0)	(8.0, 0.0)	(9.0, 0.0)	(10.0, 0.0)	(11.0, 0.0)	(12.0, 0.0)	(13.0, 0.0)	(14.0, 0.0)	(15.0, 0.0)	(16.0, 0.0)	(17.0, 0.0)	(18.0, 0.0)	(19.0, 0.0)	(20.0, 0.0)	(21.0, 0.0)	(22.0, 0.0)	(23.0, 0.0)	(24.0, 0.0)	(25.0, 0.0)	(26.0, 0.0)	(27.0, 0.0)	(28.0, 0.0)	(29.0, 0.0)	(30.0, 0.0)	(31.0, 0.0)	(32.0, 0.0)	(33.0, 0.0)	(34.0, 0.6666666666666666)	(35.0, 0.3333333333333333)	(36.0, 3.0)	(37.0, 10.0)	(38.0, 7.33333333333333)	(39.0, 5.333333333333332)	(40.0, 15.000000000000009)	(41.0, 88.99999999999982)	(42.0, 128.9999999999993)	(43.0, 100.66666666666632)	(44.0, 133.99999999999943)	(45.0, 117.66666666666607)	(46.0, 140.99999999999963)	(47.0, 260.0000000000027)	(48.0, 249.33333333333604)	(49.0, 325.3333333333323)	(50.0, 355.9999999999972)	(51.0, 568.9999999999948)	(52.0, 2490.6666666666815)	(53.0, 1963.3333333331661)	(54.0, 1172.6666666666792)	(55.0, 1625.9999999999095)	(56.0, 2279.6666666665856)	(57.0, 1416.999999999957)	(58.0, 899.0000000000323)	(59.0, 571.3333333333284)	(60.0, 398.33333333332814)	(61.0, 292.33333333333417)	(62.0, 215.00000000000173)	(63.0, 155.33333333333337)	(64.0, 124.9999999999993)	(65.0, 85.3333333333332)	(66.0, 56.66666666666679)	(67.0, 45.33333333333338)	(68.0, 28.666666666666632)	(69.0, 13.666666666666673)	(70.0, 10.0)	(71.0, 9.333333333333332)	(72.0, 6.333333333333331)	(73.0, 3.0)	(74.0, 2.333333333333333)	(75.0, 1.6666666666666665)	(76.0, 0.3333333333333333)	(77.0, 0.6666666666666666)	(78.0, 1.0)	(79.0, 0.6666666666666666)	(80.0, 0.3333333333333333)	(81.0, 0.6666666666666666)	(82.0, 1.0)	(83.0, 0.3333333333333333)	(84.0, 0.3333333333333333)	(85.0, 0.3333333333333333)	(86.0, 0.6666666666666666)	(87.0, 0.6666666666666666)	(88.0, 0.0)	(89.0, 0.0)	(90.0, 0.0)	(91.0, 0.0)	(92.0, 0.3333333333333333)	(93.0, 0.3333333333333333)	(94.0, 0.0)	(95.0, 0.0)	(96.0, 0.3333333333333333)	(97.0, 0.3333333333333333)	(98.0, 0.0)	(99.0, 0.0)	(100.0, 0.0)
SRR8438087	(0.0, 0.0)	(1.0, 0.0)	(2.0, 0.0)	(3.0, 0.0)	(4.0, 0.0)	(5.0, 0.0)	(6.0, 0.0)	(7.0, 0.0)	(8.0, 0.0)	(9.0, 0.0)	(10.0, 0.0)	(11.0, 0.0)	(12.0, 0.0)	(13.0, 0.0)	(14.0, 0.0)	(15.0, 0.0)	(16.0, 0.0)	(17.0, 0.0)	(18.0, 0.0)	(19.0, 0.0)	(20.0, 0.0)	(21.0, 0.0)	(22.0, 0.0)	(23.0, 0.0)	(24.0, 0.0)	(25.0, 0.0)	(26.0, 0.0)	(27.0, 0.0)	(28.0, 0.0)	(29.0, 0.0)	(30.0, 0.0)	(31.0, 0.0)	(32.0, 0.0)	(33.0, 0.0)	(34.0, 0.0)	(35.0, 0.0)	(36.0, 0.0)	(37.0, 0.0)	(38.0, 0.0)	(39.0, 0.0)	(40.0, 0.0)	(41.0, 0.0)	(42.0, 0.3333333333333333)	(43.0, 0.6666666666666666)	(44.0, 0.0)	(45.0, 0.6666666666666666)	(46.0, 0.3333333333333333)	(47.0, 0.6666666666666666)	(48.0, 0.3333333333333333)	(49.0, 0.3333333333333333)	(50.0, 1.0)	(51.0, 0.6666666666666666)	(52.0, 0.3333333333333333)	(53.0, 0.0)	(54.0, 0.0)	(55.0, 0.0)	(56.0, 0.0)	(57.0, 0.0)	(58.0, 0.0)	(59.0, 0.0)	(60.0, 0.0)	(61.0, 0.0)	(62.0, 0.0)	(63.0, 0.0)	(64.0, 0.0)	(65.0, 0.0)	(66.0, 0.0)	(67.0, 0.0)	(68.0, 0.0)	(69.0, 0.0)	(70.0, 0.0)	(71.0, 0.0)	(72.0, 0.0)	(73.0, 0.0)	(74.0, 0.0)	(75.0, 0.0)	(76.0, 0.0)	(77.0, 0.0)	(78.0, 0.0)	(79.0, 0.0)	(80.0, 0.0)	(81.0, 0.0)	(82.0, 0.0)	(83.0, 0.0)	(84.0, 0.0)	(85.0, 0.0)	(86.0, 0.0)	(87.0, 0.0)	(88.0, 0.0)	(89.0, 0.0)	(90.0, 0.0)	(91.0, 0.0)	(92.0, 0.0)	(93.0, 0.0)	(94.0, 0.0)	(95.0, 0.0)	(96.0, 0.0)	(97.0, 0.0)	(98.0, 0.0)	(99.0, 0.0)	(100.0, 0.0)
SRR8438087_1	(0.0, 0.0)	(1.0, 0.0)	(2.0, 0.0)	(3.0, 0.0)	(4.0, 0.0)	(5.0, 0.0)	(6.0, 0.0)	(7.0, 0.0)	(8.0, 0.0)	(9.0, 0.0)	(10.0, 0.0)	(11.0, 0.0)	(12.0, 0.0)	(13.0, 0.0)	(14.0, 0.0)	(15.0, 0.0)	(16.0, 0.0)	(17.0, 0.0)	(18.0, 0.0)	(19.0, 0.0)	(20.0, 0.0)	(21.0, 0.0)	(22.0, 0.0)	(23.0, 0.0)	(24.0, 0.0)	(25.0, 0.0)	(26.0, 0.0)	(27.0, 0.0)	(28.0, 0.3333333333333333)	(29.0, 0.3333333333333333)	(30.0, 0.3333333333333333)	(31.0, 0.0)	(32.0, 0.3333333333333333)	(33.0, 0.0)	(34.0, 1.3333333333333333)	(35.0, 4.999999999999999)	(36.0, 8.666666666666664)	(37.0, 16.00000000000001)	(38.0, 26.66666666666664)	(39.0, 50.66666666666675)	(40.0, 214.0000000000017)	(41.0, 165.33333333333366)	(42.0, 186.0000000000009)	(43.0, 271.6666666666687)	(44.0, 316.3333333333328)	(45.0, 329.6666666666654)	(46.0, 390.9999999999952)	(47.0, 540.6666666666582)	(48.0, 479.33333333332354)	(49.0, 568.6666666666614)	(50.0, 908.3333333333667)	(51.0, 16245.000000011667)	(52.0, 21804.999999992197)	(53.0, 5633.666666666013)	(54.0, 2115.666666666511)	(55.0, 920.6666666667014)	(56.0, 393.99999999999505)	(57.0, 205.66666666666814)	(58.0, 134.99999999999946)	(59.0, 122.99999999999933)	(60.0, 60.66666666666682)	(61.0, 17.000000000000007)	(62.0, 6.999999999999997)	(63.0, 4.0)	(64.0, 1.3333333333333333)	(65.0, 0.6666666666666666)	(66.0, 0.0)	(67.0, 0.3333333333333333)	(68.0, 0.0)	(69.0, 0.0)	(70.0, 0.0)	(71.0, 0.0)	(72.0, 0.0)	(73.0, 0.0)	(74.0, 0.0)	(75.0, 0.0)	(76.0, 0.0)	(77.0, 0.0)	(78.0, 0.0)	(79.0, 0.0)	(80.0, 0.0)	(81.0, 0.0)	(82.0, 0.0)	(83.0, 0.0)	(84.0, 0.0)	(85.0, 0.0)	(86.0, 0.0)	(87.0, 0.0)	(88.0, 0.0)	(89.0, 0.0)	(90.0, 0.0)	(91.0, 0.0)	(92.0, 0.0)	(93.0, 0.0)	(94.0, 0.0)	(95.0, 0.0)	(96.0, 0.0)	(97.0, 0.0)	(98.0, 0.0)	(99.0, 0.0)	(100.0, 0.0)
SRR8438087_2	(0.0, 0.0)	(1.0, 0.0)	(2.0, 0.0)	(3.0, 0.0)	(4.0, 0.0)	(5.0, 0.0)	(6.0, 0.0)	(7.0, 0.0)	(8.0, 0.0)	(9.0, 0.0)	(10.0, 0.0)	(11.0, 0.0)	(12.0, 0.0)	(13.0, 0.0)	(14.0, 0.0)	(15.0, 0.0)	(16.0, 0.0)	(17.0, 0.0)	(18.0, 0.0)	(19.0, 0.0)	(20.0, 0.0)	(21.0, 0.0)	(22.0, 0.0)	(23.0, 0.0)	(24.0, 0.0)	(25.0, 0.0)	(26.0, 0.0)	(27.0, 0.3333333333333333)	(28.0, 0.0)	(29.0, 0.0)	(30.0, 0.3333333333333333)	(31.0, 0.3333333333333333)	(32.0, 0.0)	(33.0, 0.0)	(34.0, 0.0)	(35.0, 0.0)	(36.0, 0.0)	(37.0, 0.3333333333333333)	(38.0, 3.0)	(39.0, 71.66666666666673)	(40.0, 122.99999999999933)	(41.0, 53.0000000000001)	(42.0, 70.00000000000009)	(43.0, 102.66666666666629)	(44.0, 127.99999999999926)	(45.0, 150.33333333333323)	(46.0, 132.33333333333272)	(47.0, 220.5000000000019)	(48.0, 386.9999999999954)	(49.0, 627.5000000000015)	(50.0, 700.333333333343)	(51.0, 793.666666666687)	(52.0, 12751.66666667198)	(53.0, 19622.666666666802)	(54.0, 6820.9999999982665)	(55.0, 3316.666666667057)	(56.0, 1678.333333333231)	(57.0, 1066.6666666667033)	(58.0, 700.6666666666764)	(59.0, 506.6666666666553)	(60.0, 368.33333333332985)	(61.0, 237.00000000000236)	(62.0, 161.33333333333354)	(63.0, 111.99999999999949)	(64.0, 68.33333333333344)	(65.0, 51.66666666666676)	(66.0, 41.33333333333335)	(67.0, 24.333333333333314)	(68.0, 20.33333333333333)	(69.0, 8.999999999999998)	(70.0, 4.333333333333333)	(71.0, 4.333333333333333)	(72.0, 1.6666666666666665)	(73.0, 3.0)	(74.0, 2.6666666666666665)	(75.0, 0.6666666666666666)	(76.0, 1.6666666666666665)	(77.0, 0.6666666666666666)	(78.0, 1.0)	(79.0, 1.0)	(80.0, 0.3333333333333333)	(81.0, 0.0)	(82.0, 0.6666666666666666)	(83.0, 0.6666666666666666)	(84.0, 0.3333333333333333)	(85.0, 0.3333333333333333)	(86.0, 0.3333333333333333)	(87.0, 0.0)	(88.0, 0.3333333333333333)	(89.0, 0.0)	(90.0, 0.0)	(91.0, 0.0)	(92.0, 0.3333333333333333)	(93.0, 0.3333333333333333)	(94.0, 0.3333333333333333)	(95.0, 0.6666666666666666)	(96.0, 0.3333333333333333)	(97.0, 0.0)	(98.0, 0.0)	(99.0, 0.0)	(100.0, 0.0)
SRR8438088	(0.0, 0.0)	(1.0, 0.0)	(2.0, 0.0)	(3.0, 0.0)	(4.0, 0.0)	(5.0, 0.0)	(6.0, 0.0)	(7.0, 0.0)	(8.0, 0.0)	(9.0, 0.0)	(10.0, 0.0)	(11.0, 0.0)	(12.0, 0.0)	(13.0, 0.0)	(14.0, 0.0)	(15.0, 0.0)	(16.0, 0.0)	(17.0, 0.0)	(18.0, 0.0)	(19.0, 0.0)	(20.0, 0.0)	(21.0, 0.0)	(22.0, 0.0)	(23.0, 0.0)	(24.0, 0.0)	(25.0, 0.0)	(26.0, 0.0)	(27.0, 0.0)	(28.0, 0.0)	(29.0, 0.0)	(30.0, 0.0)	(31.0, 0.0)	(32.0, 0.0)	(33.0, 0.0)	(34.0, 0.0)	(35.0, 0.0)	(36.0, 0.0)	(37.0, 0.0)	(38.0, 0.0)	(39.0, 0.0)	(40.0, 0.0)	(41.0, 0.0)	(42.0, 0.0)	(43.0, 1.3333333333333333)	(44.0, 1.3333333333333333)	(45.0, 1.3333333333333333)	(46.0, 1.9999999999999998)	(47.0, 1.3333333333333333)	(48.0, 2.333333333333333)	(49.0, 2.333333333333333)	(50.0, 1.0)	(51.0, 0.0)	(52.0, 0.6666666666666666)	(53.0, 0.6666666666666666)	(54.0, 0.0)	(55.0, 0.0)	(56.0, 0.0)	(57.0, 0.0)	(58.0, 0.0)	(59.0, 0.0)	(60.0, 0.0)	(61.0, 0.0)	(62.0, 0.0)	(63.0, 0.0)	(64.0, 0.0)	(65.0, 0.0)	(66.0, 0.0)	(67.0, 0.0)	(68.0, 0.0)	(69.0, 0.0)	(70.0, 0.0)	(71.0, 0.0)	(72.0, 0.0)	(73.0, 0.0)	(74.0, 0.0)	(75.0, 0.0)	(76.0, 0.0)	(77.0, 0.0)	(78.0, 0.0)	(79.0, 0.0)	(80.0, 0.0)	(81.0, 0.0)	(82.0, 0.0)	(83.0, 0.0)	(84.0, 0.0)	(85.0, 0.0)	(86.0, 0.0)	(87.0, 0.0)	(88.0, 0.0)	(89.0, 0.0)	(90.0, 0.0)	(91.0, 0.0)	(92.0, 0.0)	(93.0, 0.0)	(94.0, 0.0)	(95.0, 0.0)	(96.0, 0.0)	(97.0, 0.0)	(98.0, 0.0)	(99.0, 0.0)	(100.0, 0.0)
SRR8438088_1	(0.0, 0.0)	(1.0, 0.0)	(2.0, 0.0)	(3.0, 0.0)	(4.0, 0.0)	(5.0, 0.0)	(6.0, 0.0)	(7.0, 0.0)	(8.0, 0.0)	(9.0, 0.0)	(10.0, 0.0)	(11.0, 0.0)	(12.0, 0.0)	(13.0, 0.0)	(14.0, 0.0)	(15.0, 0.0)	(16.0, 0.0)	(17.0, 0.0)	(18.0, 0.0)	(19.0, 0.0)	(20.0, 0.0)	(21.0, 0.0)	(22.0, 0.0)	(23.0, 0.0)	(24.0, 0.0)	(25.0, 0.0)	(26.0, 0.0)	(27.0, 0.0)	(28.0, 0.0)	(29.0, 0.0)	(30.0, 0.0)	(31.0, 0.0)	(32.0, 0.0)	(33.0, 0.0)	(34.0, 0.0)	(35.0, 0.0)	(36.0, 0.0)	(37.0, 1.3333333333333333)	(38.0, 4.0)	(39.0, 15.666666666666677)	(40.0, 72.66666666666671)	(41.0, 59.00000000000014)	(42.0, 199.66666666666796)	(43.0, 247.333333333336)	(44.0, 110.9999999999995)	(45.0, 100.99999999999964)	(46.0, 92.99999999999976)	(47.0, 95.66666666666639)	(48.0, 83.99999999999989)	(49.0, 204.6666666666681)	(50.0, 697.3333333333427)	(51.0, 23019.666666654444)	(52.0, 26422.999999975396)	(53.0, 2529.3333333333658)	(54.0, 708.333333333344)	(55.0, 271.33333333333536)	(56.0, 130.666666666666)	(57.0, 58.000000000000135)	(58.0, 21.666666666666657)	(59.0, 14.000000000000007)	(60.0, 5.333333333333332)	(61.0, 2.6666666666666665)	(62.0, 1.9999999999999998)	(63.0, 0.6666666666666666)	(64.0, 0.0)	(65.0, 0.0)	(66.0, 0.0)	(67.0, 0.0)	(68.0, 0.0)	(69.0, 0.0)	(70.0, 0.0)	(71.0, 0.0)	(72.0, 0.0)	(73.0, 0.0)	(74.0, 0.0)	(75.0, 0.0)	(76.0, 0.0)	(77.0, 0.0)	(78.0, 0.0)	(79.0, 0.0)	(80.0, 0.0)	(81.0, 0.0)	(82.0, 0.0)	(83.0, 0.0)	(84.0, 0.0)	(85.0, 0.0)	(86.0, 0.0)	(87.0, 0.0)	(88.0, 0.0)	(89.0, 0.0)	(90.0, 0.0)	(91.0, 0.0)	(92.0, 0.0)	(93.0, 0.0)	(94.0, 0.0)	(95.0, 0.0)	(96.0, 0.0)	(97.0, 0.0)	(98.0, 0.0)	(99.0, 0.0)	(100.0, 0.0)
SRR8438088_2	(0.0, 0.0)	(1.0, 0.0)	(2.0, 0.0)	(3.0, 0.0)	(4.0, 0.0)	(5.0, 0.0)	(6.0, 0.0)	(7.0, 0.0)	(8.0, 0.0)	(9.0, 0.0)	(10.0, 0.0)	(11.0, 0.0)	(12.0, 0.0)	(13.0, 0.0)	(14.0, 0.0)	(15.0, 0.0)	(16.0, 0.0)	(17.0, 0.0)	(18.0, 0.0)	(19.0, 0.0)	(20.0, 0.0)	(21.0, 0.0)	(22.0, 0.0)	(23.0, 0.0)	(24.0, 0.0)	(25.0, 0.0)	(26.0, 0.0)	(27.0, 0.0)	(28.0, 0.0)	(29.0, 0.0)	(30.0, 0.0)	(31.0, 0.0)	(32.0, 0.0)	(33.0, 0.0)	(34.0, 0.0)	(35.0, 0.3333333333333333)	(36.0, 0.6666666666666666)	(37.0, 1.6666666666666665)	(38.0, 7.33333333333333)	(39.0, 35.33333333333331)	(40.0, 55.33333333333345)	(41.0, 44.83333333333338)	(42.0, 151.99999999999994)	(43.0, 201.33333333333468)	(44.0, 94.49999999999974)	(45.0, 88.33333333333316)	(46.0, 92.49999999999977)	(47.0, 84.16666666666656)	(48.0, 79.66666666666661)	(49.0, 115.83333333333277)	(50.0, 264.1666666666691)	(51.0, 719.3333333333452)	(52.0, 15573.333333343779)	(53.0, 23067.333333320938)	(54.0, 6356.6666666653555)	(55.0, 2070.999999999824)	(56.0, 886.0000000000308)	(57.0, 455.6666666666582)	(58.0, 249.33333333333604)	(59.0, 148.33333333333317)	(60.0, 104.99999999999959)	(61.0, 68.66666666666677)	(62.0, 48.000000000000064)	(63.0, 31.999999999999954)	(64.0, 20.33333333333333)	(65.0, 12.333333333333337)	(66.0, 6.666666666666664)	(67.0, 5.333333333333332)	(68.0, 4.0)	(69.0, 1.0)	(70.0, 0.6666666666666666)	(71.0, 0.3333333333333333)	(72.0, 0.3333333333333333)	(73.0, 0.0)	(74.0, 0.3333333333333333)	(75.0, 0.0)	(76.0, 0.6666666666666666)	(77.0, 0.6666666666666666)	(78.0, 0.0)	(79.0, 0.0)	(80.0, 0.0)	(81.0, 0.0)	(82.0, 0.0)	(83.0, 0.3333333333333333)	(84.0, 0.3333333333333333)	(85.0, 0.0)	(86.0, 0.0)	(87.0, 0.0)	(88.0, 0.0)	(89.0, 0.0)	(90.0, 0.0)	(91.0, 0.3333333333333333)	(92.0, 0.0)	(93.0, 0.0)	(94.0, 0.0)	(95.0, 0.0)	(96.0, 0.0)	(97.0, 0.0)	(98.0, 0.0)	(99.0, 0.0)	(100.0, 0.0)
SRR8438089	(0.0, 0.0)	(1.0, 0.0)	(2.0, 0.0)	(3.0, 0.0)	(4.0, 0.0)	(5.0, 0.0)	(6.0, 0.0)	(7.0, 0.0)	(8.0, 0.0)	(9.0, 0.0)	(10.0, 0.0)	(11.0, 0.0)	(12.0, 0.0)	(13.0, 0.0)	(14.0, 0.0)	(15.0, 0.0)	(16.0, 0.0)	(17.0, 0.0)	(18.0, 0.0)	(19.0, 0.0)	(20.0, 0.0)	(21.0, 0.0)	(22.0, 0.0)	(23.0, 0.0)	(24.0, 0.0)	(25.0, 0.0)	(26.0, 0.0)	(27.0, 0.0)	(28.0, 0.0)	(29.0, 0.0)	(30.0, 0.0)	(31.0, 0.0)	(32.0, 0.0)	(33.0, 0.0)	(34.0, 0.0)	(35.0, 0.0)	(36.0, 0.0)	(37.0, 0.0)	(38.0, 0.0)	(39.0, 0.0)	(40.0, 0.0)	(41.0, 0.0)	(42.0, 0.0)	(43.0, 0.0)	(44.0, 1.3333333333333333)	(45.0, 0.3333333333333333)	(46.0, 0.3333333333333333)	(47.0, 0.3333333333333333)	(48.0, 0.6666666666666666)	(49.0, 0.6666666666666666)	(50.0, 0.3333333333333333)	(51.0, 0.3333333333333333)	(52.0, 0.0)	(53.0, 0.0)	(54.0, 0.0)	(55.0, 0.0)	(56.0, 0.0)	(57.0, 0.0)	(58.0, 0.0)	(59.0, 0.0)	(60.0, 0.0)	(61.0, 0.0)	(62.0, 0.0)	(63.0, 0.0)	(64.0, 0.0)	(65.0, 0.0)	(66.0, 0.0)	(67.0, 0.0)	(68.0, 0.0)	(69.0, 0.0)	(70.0, 0.0)	(71.0, 0.0)	(72.0, 0.0)	(73.0, 0.0)	(74.0, 0.0)	(75.0, 0.0)	(76.0, 0.0)	(77.0, 0.0)	(78.0, 0.0)	(79.0, 0.0)	(80.0, 0.0)	(81.0, 0.0)	(82.0, 0.0)	(83.0, 0.0)	(84.0, 0.0)	(85.0, 0.0)	(86.0, 0.0)	(87.0, 0.0)	(88.0, 0.0)	(89.0, 0.0)	(90.0, 0.0)	(91.0, 0.0)	(92.0, 0.0)	(93.0, 0.0)	(94.0, 0.0)	(95.0, 0.0)	(96.0, 0.0)	(97.0, 0.0)	(98.0, 0.0)	(99.0, 0.0)	(100.0, 0.0)
SRR8438089_1	(0.0, 0.0)	(1.0, 0.0)	(2.0, 0.0)	(3.0, 0.0)	(4.0, 0.0)	(5.0, 0.0)	(6.0, 0.0)	(7.0, 0.0)	(8.0, 0.0)	(9.0, 0.0)	(10.0, 0.0)	(11.0, 0.0)	(12.0, 0.0)	(13.0, 0.0)	(14.0, 0.0)	(15.0, 0.0)	(16.0, 0.0)	(17.0, 0.0)	(18.0, 0.0)	(19.0, 0.0)	(20.0, 0.0)	(21.0, 0.0)	(22.0, 0.0)	(23.0, 0.0)	(24.0, 0.0)	(25.0, 0.0)	(26.0, 0.0)	(27.0, 0.0)	(28.0, 0.0)	(29.0, 0.0)	(30.0, 1.0)	(31.0, 1.9999999999999998)	(32.0, 7.9999999999999964)	(33.0, 9.666666666666666)	(34.0, 8.33333333333333)	(35.0, 8.666666666666664)	(36.0, 3.0)	(37.0, 3.666666666666667)	(38.0, 7.33333333333333)	(39.0, 40.00000000000001)	(40.0, 59.33333333333348)	(41.0, 58.33333333333347)	(42.0, 277.0000000000017)	(43.0, 370.66666666666305)	(44.0, 183.6666666666675)	(45.0, 248.33333333333601)	(46.0, 293.0000000000008)	(47.0, 202.66666666666805)	(48.0, 658.3333333333383)	(49.0, 2695.6666666667747)	(50.0, 1993.3333333331593)	(51.0, 12997.333333339093)	(52.0, 15632.000000010552)	(53.0, 2855.0000000001805)	(54.0, 2010.3333333331555)	(55.0, 1667.6666666665667)	(56.0, 872.3333333333626)	(57.0, 213.66666666666836)	(58.0, 131.66666666666603)	(59.0, 42.66666666666669)	(60.0, 67.33333333333346)	(61.0, 49.00000000000007)	(62.0, 8.999999999999998)	(63.0, 18.000000000000004)	(64.0, 43.00000000000003)	(65.0, 7.666666666666663)	(66.0, 1.0)	(67.0, 0.0)	(68.0, 0.0)	(69.0, 0.0)	(70.0, 0.0)	(71.0, 0.0)	(72.0, 0.0)	(73.0, 0.0)	(74.0, 0.0)	(75.0, 0.0)	(76.0, 0.0)	(77.0, 0.0)	(78.0, 0.0)	(79.0, 0.0)	(80.0, 0.0)	(81.0, 0.0)	(82.0, 0.0)	(83.0, 0.0)	(84.0, 0.0)	(85.0, 0.0)	(86.0, 0.0)	(87.0, 0.0)	(88.0, 0.0)	(89.0, 0.0)	(90.0, 0.0)	(91.0, 0.0)	(92.0, 0.0)	(93.0, 0.0)	(94.0, 0.0)	(95.0, 0.0)	(96.0, 0.0)	(97.0, 0.0)	(98.0, 0.0)	(99.0, 0.0)	(100.0, 0.0)
SRR8438089_2	(0.0, 0.0)	(1.0, 0.0)	(2.0, 0.0)	(3.0, 0.0)	(4.0, 0.0)	(5.0, 0.0)	(6.0, 0.0)	(7.0, 0.0)	(8.0, 0.0)	(9.0, 0.0)	(10.0, 0.0)	(11.0, 0.0)	(12.0, 0.0)	(13.0, 0.0)	(14.0, 0.0)	(15.0, 0.0)	(16.0, 0.0)	(17.0, 0.0)	(18.0, 0.0)	(19.0, 0.0)	(20.0, 0.0)	(21.0, 0.0)	(22.0, 0.0)	(23.0, 0.0)	(24.0, 0.0)	(25.0, 0.0)	(26.0, 0.0)	(27.0, 0.0)	(28.0, 0.0)	(29.0, 0.6666666666666666)	(30.0, 1.6666666666666665)	(31.0, 1.3333333333333333)	(32.0, 2.333333333333333)	(33.0, 8.666666666666664)	(34.0, 7.666666666666663)	(35.0, 7.33333333333333)	(36.0, 8.33333333333333)	(37.0, 6.166666666666665)	(38.0, 17.83333333333334)	(39.0, 24.99999999999998)	(40.0, 47.00000000000006)	(41.0, 77.33333333333331)	(42.0, 340.99999999999807)	(43.0, 521.666666666656)	(44.0, 401.33333333332797)	(45.0, 335.99999999999835)	(46.0, 324.66666666666566)	(47.0, 347.66666666666436)	(48.0, 536.9999999999911)	(49.0, 1830.3333333331964)	(50.0, 2598.6666666667306)	(51.0, 1694.6666666665606)	(52.0, 7912.333333330607)	(53.0, 12750.333333338644)	(54.0, 4890.333333333356)	(55.0, 2195.999999999881)	(56.0, 1391.9999999999627)	(57.0, 1005.0000000000443)	(58.0, 635.666666666669)	(59.0, 352.33333333333076)	(60.0, 221.0000000000019)	(61.0, 160.3333333333335)	(62.0, 91.99999999999977)	(63.0, 59.33333333333348)	(64.0, 52.666666666666764)	(65.0, 49.00000000000007)	(66.0, 43.333333333333364)	(67.0, 21.666666666666657)	(68.0, 9.333333333333332)	(69.0, 3.666666666666667)	(70.0, 3.0)	(71.0, 1.6666666666666665)	(72.0, 2.6666666666666665)	(73.0, 1.9999999999999998)	(74.0, 0.3333333333333333)	(75.0, 0.3333333333333333)	(76.0, 0.0)	(77.0, 0.3333333333333333)	(78.0, 0.0)	(79.0, 0.3333333333333333)	(80.0, 0.3333333333333333)	(81.0, 0.0)	(82.0, 0.0)	(83.0, 0.0)	(84.0, 0.0)	(85.0, 0.3333333333333333)	(86.0, 0.0)	(87.0, 0.0)	(88.0, 0.0)	(89.0, 0.0)	(90.0, 0.3333333333333333)	(91.0, 0.0)	(92.0, 0.0)	(93.0, 0.0)	(94.0, 0.0)	(95.0, 0.0)	(96.0, 0.0)	(97.0, 0.0)	(98.0, 0.0)	(99.0, 0.0)	(100.0, 0.0)
SRR8438090	(0.0, 0.0)	(1.0, 0.0)	(2.0, 0.0)	(3.0, 0.0)	(4.0, 0.0)	(5.0, 0.0)	(6.0, 0.0)	(7.0, 0.0)	(8.0, 0.0)	(9.0, 0.0)	(10.0, 0.0)	(11.0, 0.0)	(12.0, 0.0)	(13.0, 0.0)	(14.0, 0.0)	(15.0, 0.0)	(16.0, 0.0)	(17.0, 0.0)	(18.0, 0.0)	(19.0, 0.0)	(20.0, 0.0)	(21.0, 0.0)	(22.0, 0.0)	(23.0, 0.0)	(24.0, 0.0)	(25.0, 0.0)	(26.0, 0.0)	(27.0, 0.0)	(28.0, 0.0)	(29.0, 0.0)	(30.0, 0.0)	(31.0, 0.0)	(32.0, 0.0)	(33.0, 0.0)	(34.0, 0.0)	(35.0, 0.0)	(36.0, 0.0)	(37.0, 0.0)	(38.0, 0.0)	(39.0, 0.0)	(40.0, 0.0)	(41.0, 0.6666666666666666)	(42.0, 0.3333333333333333)	(43.0, 0.3333333333333333)	(44.0, 0.6666666666666666)	(45.0, 1.3333333333333333)	(46.0, 1.9999999999999998)	(47.0, 1.3333333333333333)	(48.0, 1.0)	(49.0, 0.6666666666666666)	(50.0, 0.6666666666666666)	(51.0, 0.6666666666666666)	(52.0, 1.0)	(53.0, 0.6666666666666666)	(54.0, 0.0)	(55.0, 0.0)	(56.0, 0.0)	(57.0, 0.0)	(58.0, 0.0)	(59.0, 0.0)	(60.0, 0.0)	(61.0, 0.0)	(62.0, 0.0)	(63.0, 0.0)	(64.0, 0.0)	(65.0, 0.0)	(66.0, 0.0)	(67.0, 0.0)	(68.0, 0.0)	(69.0, 0.0)	(70.0, 0.0)	(71.0, 0.0)	(72.0, 0.0)	(73.0, 0.0)	(74.0, 0.0)	(75.0, 0.0)	(76.0, 0.0)	(77.0, 0.0)	(78.0, 0.0)	(79.0, 0.0)	(80.0, 0.0)	(81.0, 0.0)	(82.0, 0.0)	(83.0, 0.0)	(84.0, 0.0)	(85.0, 0.0)	(86.0, 0.0)	(87.0, 0.0)	(88.0, 0.0)	(89.0, 0.0)	(90.0, 0.0)	(91.0, 0.0)	(92.0, 0.0)	(93.0, 0.0)	(94.0, 0.0)	(95.0, 0.0)	(96.0, 0.0)	(97.0, 0.0)	(98.0, 0.0)	(99.0, 0.0)	(100.0, 0.0)
SRR8438090_1	(0.0, 0.0)	(1.0, 0.0)	(2.0, 0.0)	(3.0, 0.0)	(4.0, 0.0)	(5.0, 0.0)	(6.0, 0.0)	(7.0, 0.0)	(8.0, 0.0)	(9.0, 0.0)	(10.0, 0.0)	(11.0, 0.0)	(12.0, 0.0)	(13.0, 0.0)	(14.0, 0.0)	(15.0, 0.0)	(16.0, 0.0)	(17.0, 0.0)	(18.0, 0.0)	(19.0, 0.0)	(20.0, 0.0)	(21.0, 0.0)	(22.0, 0.0)	(23.0, 0.0)	(24.0, 0.0)	(25.0, 0.0)	(26.0, 0.0)	(27.0, 0.0)	(28.0, 0.0)	(29.0, 0.0)	(30.0, 0.0)	(31.0, 0.0)	(32.0, 0.0)	(33.0, 0.0)	(34.0, 0.0)	(35.0, 0.0)	(36.0, 1.0)	(37.0, 1.9999999999999998)	(38.0, 3.0)	(39.0, 14.333333333333341)	(40.0, 88.99999999999982)	(41.0, 65.33333333333348)	(42.0, 393.99999999999505)	(43.0, 495.99999999998926)	(44.0, 147.99999999999983)	(45.0, 127.3333333333326)	(46.0, 96.33333333333304)	(47.0, 77.99999999999997)	(48.0, 97.99999999999969)	(49.0, 394.999999999995)	(50.0, 759.6666666666831)	(51.0, 16791.000000010437)	(52.0, 19596.000000000233)	(53.0, 2372.666666666628)	(54.0, 950.0000000000381)	(55.0, 353.9999999999973)	(56.0, 161.33333333333354)	(57.0, 79.99999999999994)	(58.0, 28.3333333333333)	(59.0, 11.333333333333336)	(60.0, 2.6666666666666665)	(61.0, 1.9999999999999998)	(62.0, 1.3333333333333333)	(63.0, 0.6666666666666666)	(64.0, 0.6666666666666666)	(65.0, 0.3333333333333333)	(66.0, 0.3333333333333333)	(67.0, 0.3333333333333333)	(68.0, 0.0)	(69.0, 0.0)	(70.0, 0.0)	(71.0, 0.0)	(72.0, 0.0)	(73.0, 0.0)	(74.0, 0.0)	(75.0, 0.0)	(76.0, 0.0)	(77.0, 0.0)	(78.0, 0.0)	(79.0, 0.0)	(80.0, 0.0)	(81.0, 0.0)	(82.0, 0.0)	(83.0, 0.0)	(84.0, 0.0)	(85.0, 0.0)	(86.0, 0.0)	(87.0, 0.0)	(88.0, 0.0)	(89.0, 0.0)	(90.0, 0.0)	(91.0, 0.0)	(92.0, 0.0)	(93.0, 0.0)	(94.0, 0.0)	(95.0, 0.0)	(96.0, 0.0)	(97.0, 0.0)	(98.0, 0.0)	(99.0, 0.0)	(100.0, 0.0)
SRR8438090_2	(0.0, 0.0)	(1.0, 0.0)	(2.0, 0.0)	(3.0, 0.0)	(4.0, 0.0)	(5.0, 0.0)	(6.0, 0.0)	(7.0, 0.0)	(8.0, 0.0)	(9.0, 0.0)	(10.0, 0.0)	(11.0, 0.0)	(12.0, 0.0)	(13.0, 0.0)	(14.0, 0.0)	(15.0, 0.0)	(16.0, 0.0)	(17.0, 0.0)	(18.0, 0.0)	(19.0, 0.0)	(20.0, 0.0)	(21.0, 0.0)	(22.0, 0.0)	(23.0, 0.0)	(24.0, 0.0)	(25.0, 0.0)	(26.0, 0.0)	(27.0, 0.0)	(28.0, 0.0)	(29.0, 0.0)	(30.0, 0.0)	(31.0, 0.0)	(32.0, 0.0)	(33.0, 0.0)	(34.0, 0.0)	(35.0, 0.3333333333333333)	(36.0, 0.0)	(37.0, 1.3333333333333333)	(38.0, 15.333333333333343)	(39.0, 55.666666666666785)	(40.0, 66.00000000000014)	(41.0, 54.00000000000011)	(42.0, 330.333333333332)	(43.0, 421.33333333332683)	(44.0, 149.9999999999999)	(45.0, 105.99999999999957)	(46.0, 96.83333333333304)	(47.0, 93.16666666666643)	(48.0, 94.6666666666664)	(49.0, 192.00000000000108)	(50.0, 508.3333333333219)	(51.0, 821.0000000000234)	(52.0, 10863.000000001877)	(53.0, 16500.000000011496)	(54.0, 5459.333333332838)	(55.0, 1885.6666666665171)	(56.0, 832.6666666666914)	(57.0, 398.33333333332814)	(58.0, 215.00000000000173)	(59.0, 109.66666666666619)	(60.0, 66.6666666666668)	(61.0, 47.00000000000006)	(62.0, 26.66666666666664)	(63.0, 19.333333333333332)	(64.0, 14.666666666666675)	(65.0, 6.666666666666664)	(66.0, 5.666666666666665)	(67.0, 3.0)	(68.0, 2.333333333333333)	(69.0, 0.6666666666666666)	(70.0, 0.3333333333333333)	(71.0, 1.0)	(72.0, 0.0)	(73.0, 0.3333333333333333)	(74.0, 0.0)	(75.0, 0.0)	(76.0, 0.0)	(77.0, 0.0)	(78.0, 0.6666666666666666)	(79.0, 0.3333333333333333)	(80.0, 0.0)	(81.0, 0.0)	(82.0, 0.3333333333333333)	(83.0, 0.0)	(84.0, 0.0)	(85.0, 0.0)	(86.0, 0.0)	(87.0, 0.0)	(88.0, 0.3333333333333333)	(89.0, 0.3333333333333333)	(90.0, 0.0)	(91.0, 0.0)	(92.0, 0.0)	(93.0, 0.0)	(94.0, 0.0)	(95.0, 0.0)	(96.0, 0.0)	(97.0, 0.0)	(98.0, 0.0)	(99.0, 0.0)	(100.0, 0.0)
SRR8438091	(0.0, 0.0)	(1.0, 0.0)	(2.0, 0.0)	(3.0, 0.0)	(4.0, 0.0)	(5.0, 0.0)	(6.0, 0.0)	(7.0, 0.0)	(8.0, 0.0)	(9.0, 0.0)	(10.0, 0.0)	(11.0, 0.0)	(12.0, 0.0)	(13.0, 0.0)	(14.0, 0.0)	(15.0, 0.0)	(16.0, 0.0)	(17.0, 0.0)	(18.0, 0.0)	(19.0, 0.0)	(20.0, 0.0)	(21.0, 0.0)	(22.0, 0.0)	(23.0, 0.0)	(24.0, 0.0)	(25.0, 0.0)	(26.0, 0.0)	(27.0, 0.0)	(28.0, 0.0)	(29.0, 0.0)	(30.0, 0.0)	(31.0, 0.0)	(32.0, 0.0)	(33.0, 0.0)	(34.0, 0.0)	(35.0, 0.0)	(36.0, 0.0)	(37.0, 0.0)	(38.0, 0.0)	(39.0, 0.0)	(40.0, 0.0)	(41.0, 0.0)	(42.0, 0.0)	(43.0, 0.0)	(44.0, 0.0)	(45.0, 0.3333333333333333)	(46.0, 0.6666666666666666)	(47.0, 1.0)	(48.0, 0.6666666666666666)	(49.0, 0.0)	(50.0, 0.3333333333333333)	(51.0, 0.6666666666666666)	(52.0, 0.3333333333333333)	(53.0, 0.0)	(54.0, 0.0)	(55.0, 0.0)	(56.0, 0.0)	(57.0, 0.0)	(58.0, 0.0)	(59.0, 0.0)	(60.0, 0.0)	(61.0, 0.0)	(62.0, 0.0)	(63.0, 0.0)	(64.0, 0.0)	(65.0, 0.0)	(66.0, 0.0)	(67.0, 0.0)	(68.0, 0.0)	(69.0, 0.0)	(70.0, 0.0)	(71.0, 0.0)	(72.0, 0.0)	(73.0, 0.0)	(74.0, 0.0)	(75.0, 0.0)	(76.0, 0.0)	(77.0, 0.0)	(78.0, 0.0)	(79.0, 0.0)	(80.0, 0.0)	(81.0, 0.0)	(82.0, 0.0)	(83.0, 0.0)	(84.0, 0.0)	(85.0, 0.0)	(86.0, 0.0)	(87.0, 0.0)	(88.0, 0.0)	(89.0, 0.0)	(90.0, 0.0)	(91.0, 0.0)	(92.0, 0.0)	(93.0, 0.0)	(94.0, 0.0)	(95.0, 0.0)	(96.0, 0.0)	(97.0, 0.0)	(98.0, 0.0)	(99.0, 0.0)	(100.0, 0.0)
SRR8438091_1	(0.0, 0.0)	(1.0, 0.0)	(2.0, 0.0)	(3.0, 0.0)	(4.0, 0.0)	(5.0, 0.0)	(6.0, 0.0)	(7.0, 0.0)	(8.0, 0.0)	(9.0, 0.0)	(10.0, 0.0)	(11.0, 0.0)	(12.0, 0.0)	(13.0, 0.0)	(14.0, 0.0)	(15.0, 0.0)	(16.0, 0.0)	(17.0, 0.0)	(18.0, 0.0)	(19.0, 0.0)	(20.0, 0.0)	(21.0, 0.0)	(22.0, 0.0)	(23.0, 0.0)	(24.0, 0.0)	(25.0, 0.0)	(26.0, 0.0)	(27.0, 0.0)	(28.0, 0.0)	(29.0, 0.0)	(30.0, 0.0)	(31.0, 0.0)	(32.0, 0.0)	(33.0, 0.0)	(34.0, 0.0)	(35.0, 0.0)	(36.0, 0.3333333333333333)	(37.0, 1.9999999999999998)	(38.0, 2.333333333333333)	(39.0, 7.33333333333333)	(40.0, 19.666666666666664)	(41.0, 28.666666666666632)	(42.0, 39.333333333333336)	(43.0, 57.00000000000013)	(44.0, 58.33333333333347)	(45.0, 53.0000000000001)	(46.0, 58.33333333333347)	(47.0, 62.00000000000016)	(48.0, 56.66666666666679)	(49.0, 83.66666666666656)	(50.0, 839.3333333333588)	(51.0, 18154.666666672143)	(52.0, 16048.666666677977)	(53.0, 2589.6666666667265)	(54.0, 3014.000000000253)	(55.0, 816.3333333333562)	(56.0, 158.6666666666668)	(57.0, 62.666666666666835)	(58.0, 21.333333333333325)	(59.0, 13.000000000000005)	(60.0, 4.333333333333333)	(61.0, 1.6666666666666665)	(62.0, 0.3333333333333333)	(63.0, 0.0)	(64.0, 0.6666666666666666)	(65.0, 0.6666666666666666)	(66.0, 0.3333333333333333)	(67.0, 0.0)	(68.0, 0.3333333333333333)	(69.0, 0.3333333333333333)	(70.0, 0.0)	(71.0, 0.0)	(72.0, 0.0)	(73.0, 0.0)	(74.0, 0.0)	(75.0, 0.0)	(76.0, 0.0)	(77.0, 0.0)	(78.0, 0.0)	(79.0, 0.0)	(80.0, 0.0)	(81.0, 0.0)	(82.0, 0.0)	(83.0, 0.0)	(84.0, 0.0)	(85.0, 0.0)	(86.0, 0.0)	(87.0, 0.0)	(88.0, 0.0)	(89.0, 0.0)	(90.0, 0.0)	(91.0, 0.0)	(92.0, 0.0)	(93.0, 0.0)	(94.0, 0.0)	(95.0, 0.0)	(96.0, 0.0)	(97.0, 0.0)	(98.0, 0.0)	(99.0, 0.0)	(100.0, 0.0)
SRR8438091_2	(0.0, 0.0)	(1.0, 0.0)	(2.0, 0.0)	(3.0, 0.0)	(4.0, 0.0)	(5.0, 0.0)	(6.0, 0.0)	(7.0, 0.0)	(8.0, 0.0)	(9.0, 0.0)	(10.0, 0.0)	(11.0, 0.0)	(12.0, 0.0)	(13.0, 0.0)	(14.0, 0.0)	(15.0, 0.0)	(16.0, 0.0)	(17.0, 0.0)	(18.0, 0.0)	(19.0, 0.0)	(20.0, 0.0)	(21.0, 0.0)	(22.0, 0.0)	(23.0, 0.0)	(24.0, 0.0)	(25.0, 0.0)	(26.0, 0.0)	(27.0, 0.0)	(28.0, 0.0)	(29.0, 0.0)	(30.0, 0.0)	(31.0, 0.0)	(32.0, 0.0)	(33.0, 0.0)	(34.0, 0.0)	(35.0, 0.0)	(36.0, 0.0)	(37.0, 0.6666666666666666)	(38.0, 1.5)	(39.0, 5.833333333333332)	(40.0, 15.333333333333343)	(41.0, 22.666666666666654)	(42.0, 27.999999999999968)	(43.0, 37.33333333333332)	(44.0, 40.83333333333335)	(45.0, 44.83333333333338)	(46.0, 46.66666666666672)	(47.0, 55.33333333333345)	(48.0, 51.000000000000085)	(49.0, 75.00000000000001)	(50.0, 541.333333333325)	(51.0, 5132.999999999802)	(52.0, 16371.000000011896)	(53.0, 7744.666666664093)	(54.0, 3495.333333333805)	(55.0, 2781.000000000147)	(56.0, 980.6666666667082)	(57.0, 439.3333333333258)	(58.0, 251.3333333333361)	(59.0, 142.66666666666634)	(60.0, 96.33333333333304)	(61.0, 64.00000000000017)	(62.0, 37.33333333333332)	(63.0, 25.33333333333331)	(64.0, 17.33333333333334)	(65.0, 12.666666666666671)	(66.0, 10.0)	(67.0, 4.0)	(68.0, 2.6666666666666665)	(69.0, 1.9999999999999998)	(70.0, 1.3333333333333333)	(71.0, 0.3333333333333333)	(72.0, 0.3333333333333333)	(73.0, 0.0)	(74.0, 0.6666666666666666)	(75.0, 0.6666666666666666)	(76.0, 0.0)	(77.0, 0.3333333333333333)	(78.0, 0.3333333333333333)	(79.0, 0.3333333333333333)	(80.0, 0.3333333333333333)	(81.0, 0.3333333333333333)	(82.0, 0.3333333333333333)	(83.0, 0.0)	(84.0, 0.0)	(85.0, 0.0)	(86.0, 0.0)	(87.0, 0.0)	(88.0, 0.0)	(89.0, 0.3333333333333333)	(90.0, 0.0)	(91.0, 0.0)	(92.0, 0.0)	(93.0, 0.0)	(94.0, 0.0)	(95.0, 0.0)	(96.0, 0.0)	(97.0, 0.0)	(98.0, 0.0)	(99.0, 0.0)	(100.0, 0.0)
SRR8438092	(0.0, 0.0)	(1.0, 0.0)	(2.0, 0.0)	(3.0, 0.0)	(4.0, 0.0)	(5.0, 0.0)	(6.0, 0.0)	(7.0, 0.0)	(8.0, 0.0)	(9.0, 0.0)	(10.0, 0.0)	(11.0, 0.0)	(12.0, 0.0)	(13.0, 0.0)	(14.0, 0.0)	(15.0, 0.0)	(16.0, 0.0)	(17.0, 0.0)	(18.0, 0.0)	(19.0, 0.0)	(20.0, 0.0)	(21.0, 0.0)	(22.0, 0.0)	(23.0, 0.0)	(24.0, 0.0)	(25.0, 0.0)	(26.0, 0.0)	(27.0, 0.0)	(28.0, 0.0)	(29.0, 0.0)	(30.0, 0.0)	(31.0, 0.0)	(32.0, 0.0)	(33.0, 0.0)	(34.0, 0.0)	(35.0, 0.0)	(36.0, 0.0)	(37.0, 0.0)	(38.0, 0.0)	(39.0, 0.0)	(40.0, 0.0)	(41.0, 0.0)	(42.0, 0.0)	(43.0, 0.0)	(44.0, 0.0)	(45.0, 0.0)	(46.0, 0.0)	(47.0, 0.3333333333333333)	(48.0, 0.6666666666666666)	(49.0, 0.3333333333333333)	(50.0, 0.0)	(51.0, 0.0)	(52.0, 0.0)	(53.0, 0.0)	(54.0, 0.0)	(55.0, 0.0)	(56.0, 0.0)	(57.0, 0.0)	(58.0, 0.0)	(59.0, 0.0)	(60.0, 0.0)	(61.0, 0.0)	(62.0, 0.0)	(63.0, 0.0)	(64.0, 0.0)	(65.0, 0.0)	(66.0, 0.0)	(67.0, 0.0)	(68.0, 0.0)	(69.0, 0.0)	(70.0, 0.0)	(71.0, 0.0)	(72.0, 0.0)	(73.0, 0.0)	(74.0, 0.0)	(75.0, 0.0)	(76.0, 0.0)	(77.0, 0.0)	(78.0, 0.0)	(79.0, 0.0)	(80.0, 0.0)	(81.0, 0.0)	(82.0, 0.0)	(83.0, 0.0)	(84.0, 0.0)	(85.0, 0.0)	(86.0, 0.0)	(87.0, 0.0)	(88.0, 0.0)	(89.0, 0.0)	(90.0, 0.0)	(91.0, 0.0)	(92.0, 0.0)	(93.0, 0.0)	(94.0, 0.0)	(95.0, 0.0)	(96.0, 0.0)	(97.0, 0.0)	(98.0, 0.0)	(99.0, 0.0)	(100.0, 0.0)
SRR8438092_1	(0.0, 0.0)	(1.0, 0.0)	(2.0, 0.0)	(3.0, 0.0)	(4.0, 0.0)	(5.0, 0.0)	(6.0, 0.0)	(7.0, 0.0)	(8.0, 0.0)	(9.0, 0.0)	(10.0, 0.0)	(11.0, 0.0)	(12.0, 0.0)	(13.0, 0.0)	(14.0, 0.0)	(15.0, 0.0)	(16.0, 0.0)	(17.0, 0.0)	(18.0, 0.0)	(19.0, 0.0)	(20.0, 0.0)	(21.0, 0.0)	(22.0, 0.0)	(23.0, 0.0)	(24.0, 0.0)	(25.0, 0.6666666666666666)	(26.0, 1.0)	(27.0, 0.3333333333333333)	(28.0, 0.0)	(29.0, 0.3333333333333333)	(30.0, 0.0)	(31.0, 0.0)	(32.0, 0.0)	(33.0, 14.666666666666675)	(34.0, 18.666666666666668)	(35.0, 3.0)	(36.0, 5.666666666666665)	(37.0, 10.666666666666668)	(38.0, 15.000000000000009)	(39.0, 26.333333333333307)	(40.0, 237.66666666666904)	(41.0, 245.66666666666927)	(42.0, 262.3333333333359)	(43.0, 402.3333333333279)	(44.0, 259.00000000000273)	(45.0, 268.0000000000022)	(46.0, 293.3333333333341)	(47.0, 237.3333333333357)	(48.0, 367.6666666666632)	(49.0, 2592.666666666728)	(50.0, 2539.666666666704)	(51.0, 9651.333333333007)	(52.0, 13337.333333339711)	(53.0, 4429.666666667108)	(54.0, 4874.666666666703)	(55.0, 3302.666666667051)	(56.0, 1118.3333333333583)	(57.0, 804.0000000000215)	(58.0, 254.66666666666953)	(59.0, 69.66666666666676)	(60.0, 42.00000000000002)	(61.0, 27.666666666666636)	(62.0, 6.666666666666664)	(63.0, 4.0)	(64.0, 0.6666666666666666)	(65.0, 1.3333333333333333)	(66.0, 1.3333333333333333)	(67.0, 1.0)	(68.0, 0.3333333333333333)	(69.0, 0.6666666666666666)	(70.0, 0.6666666666666666)	(71.0, 0.0)	(72.0, 0.3333333333333333)	(73.0, 0.0)	(74.0, 0.0)	(75.0, 0.0)	(76.0, 0.0)	(77.0, 0.0)	(78.0, 0.3333333333333333)	(79.0, 0.3333333333333333)	(80.0, 0.0)	(81.0, 0.0)	(82.0, 0.0)	(83.0, 0.0)	(84.0, 0.0)	(85.0, 0.0)	(86.0, 0.0)	(87.0, 0.0)	(88.0, 0.0)	(89.0, 0.0)	(90.0, 0.0)	(91.0, 0.0)	(92.0, 0.0)	(93.0, 0.0)	(94.0, 0.0)	(95.0, 0.0)	(96.0, 0.0)	(97.0, 0.0)	(98.0, 0.0)	(99.0, 0.0)	(100.0, 0.0)
SRR8438092_2	(0.0, 0.0)	(1.0, 0.0)	(2.0, 0.0)	(3.0, 0.0)	(4.0, 0.0)	(5.0, 0.0)	(6.0, 0.0)	(7.0, 0.0)	(8.0, 0.0)	(9.0, 0.0)	(10.0, 0.0)	(11.0, 0.0)	(12.0, 0.0)	(13.0, 0.0)	(14.0, 0.0)	(15.0, 0.0)	(16.0, 0.0)	(17.0, 0.0)	(18.0, 0.0)	(19.0, 0.0)	(20.0, 0.0)	(21.0, 0.0)	(22.0, 0.0)	(23.0, 0.0)	(24.0, 0.0)	(25.0, 0.3333333333333333)	(26.0, 1.0)	(27.0, 0.3333333333333333)	(28.0, 0.0)	(29.0, 0.0)	(30.0, 0.3333333333333333)	(31.0, 0.0)	(32.0, 6.333333333333331)	(33.0, 12.000000000000004)	(34.0, 5.666666666666665)	(35.0, 4.0)	(36.0, 4.0)	(37.0, 6.333333333333331)	(38.0, 75.33333333333334)	(39.0, 128.66666666666595)	(40.0, 132.9999999999994)	(41.0, 64.00000000000017)	(42.0, 185.66666666666757)	(43.0, 284.0000000000013)	(44.0, 176.33333333333397)	(45.0, 224.33333333333533)	(46.0, 217.0000000000018)	(47.0, 186.83333333333428)	(48.0, 297.50000000000057)	(49.0, 1262.6666666666588)	(50.0, 3078.666666666949)	(51.0, 2851.1666666668457)	(52.0, 7643.666666664185)	(53.0, 9682.166666666397)	(54.0, 4833.666666666741)	(55.0, 3582.000000000511)	(56.0, 2773.66666666681)	(57.0, 1643.333333333239)	(58.0, 1075.333333333368)	(59.0, 643.6666666666699)	(60.0, 401.6666666666613)	(61.0, 256.6666666666695)	(62.0, 182.33333333333414)	(63.0, 141.66666666666632)	(64.0, 95.66666666666639)	(65.0, 62.3333333333335)	(66.0, 48.3333333333334)	(67.0, 27.999999999999968)	(68.0, 15.333333333333343)	(69.0, 9.666666666666666)	(70.0, 4.999999999999999)	(71.0, 3.666666666666667)	(72.0, 2.333333333333333)	(73.0, 1.6666666666666665)	(74.0, 1.9999999999999998)	(75.0, 1.0)	(76.0, 0.3333333333333333)	(77.0, 0.0)	(78.0, 0.0)	(79.0, 0.0)	(80.0, 0.3333333333333333)	(81.0, 0.3333333333333333)	(82.0, 1.0)	(83.0, 0.6666666666666666)	(84.0, 0.0)	(85.0, 0.0)	(86.0, 0.0)	(87.0, 0.3333333333333333)	(88.0, 0.0)	(89.0, 0.0)	(90.0, 0.3333333333333333)	(91.0, 0.6666666666666666)	(92.0, 0.3333333333333333)	(93.0, 0.3333333333333333)	(94.0, 0.0)	(95.0, 0.0)	(96.0, 0.0)	(97.0, 0.0)	(98.0, 0.3333333333333333)	(99.0, 0.3333333333333333)	(100.0, 0.0)
SRR8438093	(0.0, 0.0)	(1.0, 0.0)	(2.0, 0.0)	(3.0, 0.0)	(4.0, 0.0)	(5.0, 0.0)	(6.0, 0.0)	(7.0, 0.0)	(8.0, 0.0)	(9.0, 0.0)	(10.0, 0.0)	(11.0, 0.0)	(12.0, 0.0)	(13.0, 0.0)	(14.0, 0.0)	(15.0, 0.0)	(16.0, 0.0)	(17.0, 0.0)	(18.0, 0.0)	(19.0, 0.0)	(20.0, 0.0)	(21.0, 0.0)	(22.0, 0.0)	(23.0, 0.0)	(24.0, 0.0)	(25.0, 0.0)	(26.0, 0.0)	(27.0, 0.0)	(28.0, 0.0)	(29.0, 0.0)	(30.0, 0.0)	(31.0, 0.0)	(32.0, 0.0)	(33.0, 0.0)	(34.0, 0.0)	(35.0, 0.0)	(36.0, 0.0)	(37.0, 0.0)	(38.0, 0.0)	(39.0, 0.0)	(40.0, 0.0)	(41.0, 0.0)	(42.0, 0.0)	(43.0, 0.0)	(44.0, 0.0)	(45.0, 0.0)	(46.0, 0.0)	(47.0, 0.3333333333333333)	(48.0, 0.0)	(49.0, 0.0)	(50.0, 0.0)	(51.0, 0.0)	(52.0, 0.0)	(53.0, 0.0)	(54.0, 0.0)	(55.0, 0.0)	(56.0, 0.0)	(57.0, 0.0)	(58.0, 0.0)	(59.0, 0.0)	(60.0, 0.0)	(61.0, 0.0)	(62.0, 0.0)	(63.0, 0.0)	(64.0, 0.0)	(65.0, 0.0)	(66.0, 0.0)	(67.0, 0.0)	(68.0, 0.0)	(69.0, 0.0)	(70.0, 0.0)	(71.0, 0.0)	(72.0, 0.0)	(73.0, 0.0)	(74.0, 0.0)	(75.0, 0.0)	(76.0, 0.0)	(77.0, 0.0)	(78.0, 0.0)	(79.0, 0.0)	(80.0, 0.0)	(81.0, 0.0)	(82.0, 0.0)	(83.0, 0.0)	(84.0, 0.0)	(85.0, 0.0)	(86.0, 0.0)	(87.0, 0.0)	(88.0, 0.0)	(89.0, 0.0)	(90.0, 0.0)	(91.0, 0.0)	(92.0, 0.0)	(93.0, 0.0)	(94.0, 0.0)	(95.0, 0.0)	(96.0, 0.0)	(97.0, 0.0)	(98.0, 0.0)	(99.0, 0.0)	(100.0, 0.0)
SRR8438093_1	(0.0, 0.0)	(1.0, 0.0)	(2.0, 0.0)	(3.0, 0.0)	(4.0, 0.0)	(5.0, 0.0)	(6.0, 0.0)	(7.0, 0.0)	(8.0, 0.0)	(9.0, 0.0)	(10.0, 0.0)	(11.0, 0.0)	(12.0, 0.0)	(13.0, 0.0)	(14.0, 0.0)	(15.0, 0.0)	(16.0, 0.0)	(17.0, 0.0)	(18.0, 0.0)	(19.0, 0.0)	(20.0, 0.0)	(21.0, 0.0)	(22.0, 0.0)	(23.0, 0.0)	(24.0, 0.0)	(25.0, 0.0)	(26.0, 0.0)	(27.0, 0.0)	(28.0, 0.0)	(29.0, 0.0)	(30.0, 0.3333333333333333)	(31.0, 0.3333333333333333)	(32.0, 5.999999999999998)	(33.0, 10.666666666666668)	(34.0, 30.333333333333293)	(35.0, 34.3333333333333)	(36.0, 20.999999999999993)	(37.0, 3.666666666666667)	(38.0, 3.0)	(39.0, 5.333333333333332)	(40.0, 75.66666666666667)	(41.0, 26.333333333333307)	(42.0, 44.33333333333337)	(43.0, 87.6666666666665)	(44.0, 88.33333333333316)	(45.0, 169.00000000000043)	(46.0, 167.3333333333337)	(47.0, 111.99999999999949)	(48.0, 106.3333333333329)	(49.0, 374.6666666666628)	(50.0, 374.99999999999613)	(51.0, 939.6666666667036)	(52.0, 920.333333333368)	(53.0, 446.3333333333254)	(54.0, 410.6666666666608)	(55.0, 118.99999999999939)	(56.0, 67.00000000000013)	(57.0, 67.33333333333346)	(58.0, 119.99999999999937)	(59.0, 91.33333333333312)	(60.0, 55.000000000000114)	(61.0, 23.999999999999982)	(62.0, 6.666666666666664)	(63.0, 4.0)	(64.0, 13.666666666666673)	(65.0, 3.3333333333333335)	(66.0, 1.0)	(67.0, 0.3333333333333333)	(68.0, 0.3333333333333333)	(69.0, 0.0)	(70.0, 0.0)	(71.0, 0.0)	(72.0, 0.0)	(73.0, 0.0)	(74.0, 0.0)	(75.0, 0.0)	(76.0, 0.0)	(77.0, 0.0)	(78.0, 0.0)	(79.0, 0.0)	(80.0, 0.0)	(81.0, 0.0)	(82.0, 0.0)	(83.0, 0.0)	(84.0, 0.0)	(85.0, 0.0)	(86.0, 0.0)	(87.0, 0.0)	(88.0, 0.0)	(89.0, 0.0)	(90.0, 0.0)	(91.0, 0.0)	(92.0, 0.0)	(93.0, 0.0)	(94.0, 0.0)	(95.0, 0.0)	(96.0, 0.0)	(97.0, 0.0)	(98.0, 0.0)	(99.0, 0.0)	(100.0, 0.0)
SRR8438093_2	(0.0, 0.0)	(1.0, 0.0)	(2.0, 0.0)	(3.0, 0.0)	(4.0, 0.0)	(5.0, 0.0)	(6.0, 0.0)	(7.0, 0.0)	(8.0, 0.0)	(9.0, 0.0)	(10.0, 0.0)	(11.0, 0.0)	(12.0, 0.0)	(13.0, 0.0)	(14.0, 0.0)	(15.0, 0.0)	(16.0, 0.0)	(17.0, 0.0)	(18.0, 0.0)	(19.0, 0.0)	(20.0, 0.0)	(21.0, 0.0)	(22.0, 0.0)	(23.0, 0.0)	(24.0, 0.0)	(25.0, 0.0)	(26.0, 0.0)	(27.0, 0.0)	(28.0, 0.0)	(29.0, 0.3333333333333333)	(30.0, 0.3333333333333333)	(31.0, 0.3333333333333333)	(32.0, 7.9999999999999964)	(33.0, 9.333333333333332)	(34.0, 6.999999999999997)	(35.0, 27.666666666666636)	(36.0, 26.333333333333307)	(37.0, 16.333333333333343)	(38.0, 4.0)	(39.0, 23.66666666666665)	(40.0, 27.999999999999968)	(41.0, 47.66666666666673)	(42.0, 87.6666666666665)	(43.0, 95.99999999999972)	(44.0, 145.3333333333331)	(45.0, 178.33333333333402)	(46.0, 118.66666666666607)	(47.0, 39.0)	(48.0, 47.66666666666673)	(49.0, 263.66666666666913)	(50.0, 335.3333333333317)	(51.0, 301.00000000000034)	(52.0, 886.6666666666976)	(53.0, 570.3333333333283)	(54.0, 422.6666666666601)	(55.0, 322.33333333333246)	(56.0, 193.6666666666678)	(57.0, 140.6666666666663)	(58.0, 121.99999999999935)	(59.0, 89.9999999999998)	(60.0, 48.000000000000064)	(61.0, 27.333333333333304)	(62.0, 42.66666666666669)	(63.0, 44.000000000000036)	(64.0, 25.666666666666643)	(65.0, 17.66666666666667)	(66.0, 14.666666666666675)	(67.0, 8.999999999999998)	(68.0, 3.3333333333333335)	(69.0, 1.3333333333333333)	(70.0, 1.0)	(71.0, 1.3333333333333333)	(72.0, 0.3333333333333333)	(73.0, 0.3333333333333333)	(74.0, 1.0)	(75.0, 0.3333333333333333)	(76.0, 0.0)	(77.0, 0.0)	(78.0, 0.0)	(79.0, 0.0)	(80.0, 0.0)	(81.0, 0.0)	(82.0, 0.0)	(83.0, 0.0)	(84.0, 0.0)	(85.0, 0.0)	(86.0, 0.0)	(87.0, 0.0)	(88.0, 0.0)	(89.0, 0.0)	(90.0, 0.0)	(91.0, 0.0)	(92.0, 0.0)	(93.0, 0.0)	(94.0, 0.0)	(95.0, 0.0)	(96.0, 0.0)	(97.0, 0.0)	(98.0, 0.0)	(99.0, 0.0)	(100.0, 0.0)
SRR8438094	(0.0, 0.0)	(1.0, 0.0)	(2.0, 0.0)	(3.0, 0.0)	(4.0, 0.0)	(5.0, 0.0)	(6.0, 0.0)	(7.0, 0.0)	(8.0, 0.0)	(9.0, 0.0)	(10.0, 0.0)	(11.0, 0.0)	(12.0, 0.0)	(13.0, 0.0)	(14.0, 0.0)	(15.0, 0.0)	(16.0, 0.0)	(17.0, 0.0)	(18.0, 0.0)	(19.0, 0.0)	(20.0, 0.0)	(21.0, 0.0)	(22.0, 0.0)	(23.0, 0.0)	(24.0, 0.0)	(25.0, 0.0)	(26.0, 0.0)	(27.0, 0.0)	(28.0, 0.0)	(29.0, 0.0)	(30.0, 0.0)	(31.0, 0.0)	(32.0, 0.0)	(33.0, 0.0)	(34.0, 0.0)	(35.0, 0.0)	(36.0, 0.0)	(37.0, 0.0)	(38.0, 0.0)	(39.0, 0.0)	(40.0, 0.0)	(41.0, 0.0)	(42.0, 1.0)	(43.0, 1.0)	(44.0, 1.0)	(45.0, 1.9999999999999998)	(46.0, 2.6666666666666665)	(47.0, 3.3333333333333335)	(48.0, 1.9999999999999998)	(49.0, 2.333333333333333)	(50.0, 1.0)	(51.0, 0.6666666666666666)	(52.0, 0.3333333333333333)	(53.0, 0.0)	(54.0, 0.0)	(55.0, 0.0)	(56.0, 0.0)	(57.0, 0.0)	(58.0, 0.0)	(59.0, 0.0)	(60.0, 0.0)	(61.0, 0.0)	(62.0, 0.0)	(63.0, 0.0)	(64.0, 0.0)	(65.0, 0.0)	(66.0, 0.0)	(67.0, 0.0)	(68.0, 0.0)	(69.0, 0.0)	(70.0, 0.0)	(71.0, 0.0)	(72.0, 0.0)	(73.0, 0.0)	(74.0, 0.0)	(75.0, 0.0)	(76.0, 0.0)	(77.0, 0.0)	(78.0, 0.0)	(79.0, 0.0)	(80.0, 0.0)	(81.0, 0.0)	(82.0, 0.0)	(83.0, 0.0)	(84.0, 0.0)	(85.0, 0.0)	(86.0, 0.0)	(87.0, 0.0)	(88.0, 0.0)	(89.0, 0.0)	(90.0, 0.0)	(91.0, 0.0)	(92.0, 0.0)	(93.0, 0.0)	(94.0, 0.0)	(95.0, 0.0)	(96.0, 0.0)	(97.0, 0.0)	(98.0, 0.0)	(99.0, 0.0)	(100.0, 0.0)
SRR8438094_1	(0.0, 0.0)	(1.0, 0.0)	(2.0, 0.0)	(3.0, 0.0)	(4.0, 0.0)	(5.0, 0.0)	(6.0, 0.0)	(7.0, 0.0)	(8.0, 0.0)	(9.0, 0.0)	(10.0, 0.0)	(11.0, 0.0)	(12.0, 0.0)	(13.0, 0.0)	(14.0, 0.0)	(15.0, 0.0)	(16.0, 0.0)	(17.0, 0.0)	(18.0, 0.0)	(19.0, 0.0)	(20.0, 0.0)	(21.0, 0.0)	(22.0, 0.0)	(23.0, 0.0)	(24.0, 0.0)	(25.0, 0.0)	(26.0, 0.0)	(27.0, 0.0)	(28.0, 0.0)	(29.0, 0.0)	(30.0, 0.0)	(31.0, 0.0)	(32.0, 0.0)	(33.0, 0.0)	(34.0, 0.0)	(35.0, 0.0)	(36.0, 0.3333333333333333)	(37.0, 1.3333333333333333)	(38.0, 4.333333333333333)	(39.0, 15.000000000000009)	(40.0, 43.00000000000003)	(41.0, 63.333333333333506)	(42.0, 70.66666666666674)	(43.0, 79.66666666666661)	(44.0, 93.66666666666642)	(45.0, 104.99999999999959)	(46.0, 126.99999999999928)	(47.0, 220.00000000000188)	(48.0, 2161.3333333331984)	(49.0, 24162.666666650286)	(50.0, 8516.666666664276)	(51.0, 1822.6666666665315)	(52.0, 865.6666666666952)	(53.0, 260.333333333336)	(54.0, 130.666666666666)	(55.0, 84.66666666666654)	(56.0, 51.000000000000085)	(57.0, 24.333333333333314)	(58.0, 11.000000000000002)	(59.0, 4.0)	(60.0, 1.0)	(61.0, 0.6666666666666666)	(62.0, 0.3333333333333333)	(63.0, 0.3333333333333333)	(64.0, 0.3333333333333333)	(65.0, 0.0)	(66.0, 0.0)	(67.0, 0.0)	(68.0, 0.0)	(69.0, 0.0)	(70.0, 0.0)	(71.0, 0.0)	(72.0, 0.0)	(73.0, 0.0)	(74.0, 0.0)	(75.0, 0.0)	(76.0, 0.0)	(77.0, 0.0)	(78.0, 0.0)	(79.0, 0.0)	(80.0, 0.0)	(81.0, 0.0)	(82.0, 0.0)	(83.0, 0.0)	(84.0, 0.0)	(85.0, 0.0)	(86.0, 0.0)	(87.0, 0.0)	(88.0, 0.0)	(89.0, 0.0)	(90.0, 0.0)	(91.0, 0.0)	(92.0, 0.0)	(93.0, 0.0)	(94.0, 0.0)	(95.0, 0.0)	(96.0, 0.0)	(97.0, 0.0)	(98.0, 0.0)	(99.0, 0.0)	(100.0, 0.0)
SRR8438094_2	(0.0, 0.0)	(1.0, 0.0)	(2.0, 0.0)	(3.0, 0.0)	(4.0, 0.0)	(5.0, 0.0)	(6.0, 0.0)	(7.0, 0.0)	(8.0, 0.0)	(9.0, 0.0)	(10.0, 0.0)	(11.0, 0.0)	(12.0, 0.0)	(13.0, 0.0)	(14.0, 0.0)	(15.0, 0.0)	(16.0, 0.0)	(17.0, 0.0)	(18.0, 0.0)	(19.0, 0.0)	(20.0, 0.0)	(21.0, 0.0)	(22.0, 0.0)	(23.0, 0.0)	(24.0, 0.0)	(25.0, 0.0)	(26.0, 0.0)	(27.0, 0.0)	(28.0, 0.0)	(29.0, 0.0)	(30.0, 0.0)	(31.0, 0.0)	(32.0, 0.3333333333333333)	(33.0, 0.3333333333333333)	(34.0, 0.0)	(35.0, 0.0)	(36.0, 0.3333333333333333)	(37.0, 1.3333333333333333)	(38.0, 3.833333333333334)	(39.0, 8.833333333333332)	(40.0, 25.666666666666643)	(41.0, 47.33333333333339)	(42.0, 58.666666666666806)	(43.0, 72.50000000000006)	(44.0, 86.16666666666653)	(45.0, 95.99999999999972)	(46.0, 100.16666666666633)	(47.0, 146.4999999999998)	(48.0, 444.66666666665884)	(49.0, 14458.666666675084)	(50.0, 21109.33333332806)	(51.0, 5334.999999999618)	(52.0, 2243.9999999999027)	(53.0, 1313.9999999999804)	(54.0, 684.0000000000078)	(55.0, 418.333333333327)	(56.0, 307.99999999999994)	(57.0, 204.33333333333476)	(58.0, 142.66666666666634)	(59.0, 103.33333333333294)	(60.0, 66.33333333333347)	(61.0, 42.66666666666669)	(62.0, 25.999999999999975)	(63.0, 16.666666666666675)	(64.0, 9.666666666666666)	(65.0, 5.999999999999998)	(66.0, 5.333333333333332)	(67.0, 3.3333333333333335)	(68.0, 1.3333333333333333)	(69.0, 1.3333333333333333)	(70.0, 1.3333333333333333)	(71.0, 0.6666666666666666)	(72.0, 0.3333333333333333)	(73.0, 0.6666666666666666)	(74.0, 0.0)	(75.0, 0.3333333333333333)	(76.0, 0.3333333333333333)	(77.0, 0.0)	(78.0, 0.0)	(79.0, 0.3333333333333333)	(80.0, 0.0)	(81.0, 0.3333333333333333)	(82.0, 0.3333333333333333)	(83.0, 0.6666666666666666)	(84.0, 1.0)	(85.0, 0.0)	(86.0, 0.0)	(87.0, 0.3333333333333333)	(88.0, 0.6666666666666666)	(89.0, 0.0)	(90.0, 0.0)	(91.0, 0.0)	(92.0, 0.0)	(93.0, 0.0)	(94.0, 0.0)	(95.0, 0.0)	(96.0, 0.0)	(97.0, 0.3333333333333333)	(98.0, 0.0)	(99.0, 0.0)	(100.0, 0.0)
SRR8438095	(0.0, 0.0)	(1.0, 0.0)	(2.0, 0.0)	(3.0, 0.0)	(4.0, 0.0)	(5.0, 0.0)	(6.0, 0.0)	(7.0, 0.0)	(8.0, 0.0)	(9.0, 0.0)	(10.0, 0.0)	(11.0, 0.0)	(12.0, 0.0)	(13.0, 0.0)	(14.0, 0.0)	(15.0, 0.0)	(16.0, 0.0)	(17.0, 0.0)	(18.0, 0.0)	(19.0, 0.0)	(20.0, 0.0)	(21.0, 0.0)	(22.0, 0.0)	(23.0, 0.0)	(24.0, 0.0)	(25.0, 0.0)	(26.0, 0.0)	(27.0, 0.0)	(28.0, 0.0)	(29.0, 0.0)	(30.0, 0.0)	(31.0, 0.0)	(32.0, 0.0)	(33.0, 0.0)	(34.0, 0.0)	(35.0, 0.0)	(36.0, 0.0)	(37.0, 0.0)	(38.0, 0.0)	(39.0, 0.3333333333333333)	(40.0, 0.3333333333333333)	(41.0, 0.0)	(42.0, 0.3333333333333333)	(43.0, 1.3333333333333333)	(44.0, 0.6666666666666666)	(45.0, 1.0)	(46.0, 1.6666666666666665)	(47.0, 3.0)	(48.0, 1.9999999999999998)	(49.0, 0.6666666666666666)	(50.0, 1.0)	(51.0, 1.0)	(52.0, 0.3333333333333333)	(53.0, 0.3333333333333333)	(54.0, 0.6666666666666666)	(55.0, 0.6666666666666666)	(56.0, 0.0)	(57.0, 0.0)	(58.0, 0.0)	(59.0, 0.0)	(60.0, 0.0)	(61.0, 0.0)	(62.0, 0.0)	(63.0, 0.0)	(64.0, 0.0)	(65.0, 0.0)	(66.0, 0.0)	(67.0, 0.0)	(68.0, 0.0)	(69.0, 0.0)	(70.0, 0.0)	(71.0, 0.0)	(72.0, 0.0)	(73.0, 0.0)	(74.0, 0.0)	(75.0, 0.0)	(76.0, 0.0)	(77.0, 0.0)	(78.0, 0.0)	(79.0, 0.0)	(80.0, 0.0)	(81.0, 0.0)	(82.0, 0.0)	(83.0, 0.0)	(84.0, 0.0)	(85.0, 0.0)	(86.0, 0.0)	(87.0, 0.0)	(88.0, 0.0)	(89.0, 0.0)	(90.0, 0.0)	(91.0, 0.0)	(92.0, 0.0)	(93.0, 0.0)	(94.0, 0.0)	(95.0, 0.0)	(96.0, 0.0)	(97.0, 0.0)	(98.0, 0.0)	(99.0, 0.0)	(100.0, 0.0)
SRR8438095_1	(0.0, 0.0)	(1.0, 0.0)	(2.0, 0.0)	(3.0, 0.0)	(4.0, 0.0)	(5.0, 0.0)	(6.0, 0.0)	(7.0, 0.0)	(8.0, 0.0)	(9.0, 0.0)	(10.0, 0.0)	(11.0, 0.0)	(12.0, 0.0)	(13.0, 0.0)	(14.0, 0.0)	(15.0, 0.0)	(16.0, 0.0)	(17.0, 0.0)	(18.0, 0.0)	(19.0, 0.0)	(20.0, 0.0)	(21.0, 0.0)	(22.0, 0.0)	(23.0, 0.0)	(24.0, 0.0)	(25.0, 0.0)	(26.0, 0.0)	(27.0, 0.0)	(28.0, 0.0)	(29.0, 0.0)	(30.0, 0.3333333333333333)	(31.0, 0.3333333333333333)	(32.0, 0.0)	(33.0, 0.3333333333333333)	(34.0, 0.3333333333333333)	(35.0, 0.0)	(36.0, 0.6666666666666666)	(37.0, 2.6666666666666665)	(38.0, 4.666666666666666)	(39.0, 13.33333333333334)	(40.0, 44.66666666666671)	(41.0, 63.66666666666684)	(42.0, 81.99999999999991)	(43.0, 115.99999999999943)	(44.0, 134.99999999999946)	(45.0, 152.99999999999997)	(46.0, 164.33333333333363)	(47.0, 152.99999999999997)	(48.0, 115.6666666666661)	(49.0, 262.6666666666692)	(50.0, 625.6666666666679)	(51.0, 19879.9999999992)	(52.0, 23397.333333319737)	(53.0, 2788.00000000015)	(54.0, 1199.666666666673)	(55.0, 394.33333333332837)	(56.0, 180.00000000000074)	(57.0, 95.66666666666639)	(58.0, 45.666666666666714)	(59.0, 17.66666666666667)	(60.0, 9.333333333333332)	(61.0, 6.666666666666664)	(62.0, 3.666666666666667)	(63.0, 0.3333333333333333)	(64.0, 3.3333333333333335)	(65.0, 0.6666666666666666)	(66.0, 0.3333333333333333)	(67.0, 0.0)	(68.0, 0.0)	(69.0, 0.3333333333333333)	(70.0, 0.0)	(71.0, 0.0)	(72.0, 0.0)	(73.0, 0.0)	(74.0, 0.0)	(75.0, 0.0)	(76.0, 0.0)	(77.0, 0.0)	(78.0, 0.0)	(79.0, 0.0)	(80.0, 0.0)	(81.0, 0.0)	(82.0, 0.0)	(83.0, 0.0)	(84.0, 0.0)	(85.0, 0.0)	(86.0, 0.0)	(87.0, 0.0)	(88.0, 0.0)	(89.0, 0.0)	(90.0, 0.0)	(91.0, 0.0)	(92.0, 0.0)	(93.0, 0.0)	(94.0, 0.0)	(95.0, 0.0)	(96.0, 0.0)	(97.0, 0.0)	(98.0, 0.0)	(99.0, 0.0)	(100.0, 0.0)
SRR8438095_2	(0.0, 0.0)	(1.0, 0.0)	(2.0, 0.0)	(3.0, 0.0)	(4.0, 0.0)	(5.0, 0.0)	(6.0, 0.0)	(7.0, 0.0)	(8.0, 0.0)	(9.0, 0.0)	(10.0, 0.0)	(11.0, 0.0)	(12.0, 0.0)	(13.0, 0.0)	(14.0, 0.0)	(15.0, 0.0)	(16.0, 0.0)	(17.0, 0.0)	(18.0, 0.0)	(19.0, 0.0)	(20.0, 0.0)	(21.0, 0.0)	(22.0, 0.0)	(23.0, 0.0)	(24.0, 0.0)	(25.0, 0.0)	(26.0, 0.0)	(27.0, 0.0)	(28.0, 0.0)	(29.0, 0.0)	(30.0, 0.0)	(31.0, 0.0)	(32.0, 0.3333333333333333)	(33.0, 0.3333333333333333)	(34.0, 0.0)	(35.0, 0.3333333333333333)	(36.0, 1.3333333333333333)	(37.0, 1.9999999999999998)	(38.0, 4.0)	(39.0, 14.666666666666675)	(40.0, 34.99999999999997)	(41.0, 52.00000000000009)	(42.0, 80.99999999999993)	(43.0, 102.99999999999962)	(44.0, 111.33333333333283)	(45.0, 121.49999999999936)	(46.0, 117.33333333333275)	(47.0, 116.83333333333276)	(48.0, 122.99999999999933)	(49.0, 129.66666666666598)	(50.0, 278.6666666666683)	(51.0, 648.3333333333371)	(52.0, 10180.666666667303)	(53.0, 19330.0000000012)	(54.0, 7789.333333330719)	(55.0, 2834.3333333335045)	(56.0, 1267.6666666666576)	(57.0, 652.0000000000042)	(58.0, 364.3333333333301)	(59.0, 221.6666666666686)	(60.0, 147.99999999999983)	(61.0, 104.33333333333293)	(62.0, 59.66666666666681)	(63.0, 45.33333333333338)	(64.0, 35.99999999999998)	(65.0, 23.999999999999982)	(66.0, 17.66666666666667)	(67.0, 8.999999999999998)	(68.0, 3.666666666666667)	(69.0, 2.6666666666666665)	(70.0, 2.333333333333333)	(71.0, 3.3333333333333335)	(72.0, 1.9999999999999998)	(73.0, 0.3333333333333333)	(74.0, 0.0)	(75.0, 0.0)	(76.0, 0.0)	(77.0, 0.0)	(78.0, 0.3333333333333333)	(79.0, 0.3333333333333333)	(80.0, 0.3333333333333333)	(81.0, 0.0)	(82.0, 0.0)	(83.0, 0.0)	(84.0, 0.3333333333333333)	(85.0, 0.0)	(86.0, 0.0)	(87.0, 0.3333333333333333)	(88.0, 0.3333333333333333)	(89.0, 0.3333333333333333)	(90.0, 0.3333333333333333)	(91.0, 0.0)	(92.0, 0.0)	(93.0, 0.0)	(94.0, 0.6666666666666666)	(95.0, 0.3333333333333333)	(96.0, 0.0)	(97.0, 0.0)	(98.0, 0.0)	(99.0, 0.0)	(100.0, 0.0)
SRR8438096	(0.0, 0.0)	(1.0, 0.0)	(2.0, 0.0)	(3.0, 0.0)	(4.0, 0.0)	(5.0, 0.0)	(6.0, 0.0)	(7.0, 0.0)	(8.0, 0.0)	(9.0, 0.0)	(10.0, 0.0)	(11.0, 0.0)	(12.0, 0.0)	(13.0, 0.0)	(14.0, 0.0)	(15.0, 0.0)	(16.0, 0.0)	(17.0, 0.0)	(18.0, 0.0)	(19.0, 0.0)	(20.0, 0.0)	(21.0, 0.0)	(22.0, 0.0)	(23.0, 0.0)	(24.0, 0.0)	(25.0, 0.0)	(26.0, 0.0)	(27.0, 0.0)	(28.0, 0.0)	(29.0, 0.0)	(30.0, 0.0)	(31.0, 0.0)	(32.0, 0.0)	(33.0, 0.0)	(34.0, 0.0)	(35.0, 0.0)	(36.0, 0.0)	(37.0, 0.0)	(38.0, 0.0)	(39.0, 0.0)	(40.0, 0.0)	(41.0, 0.0)	(42.0, 0.3333333333333333)	(43.0, 0.3333333333333333)	(44.0, 0.0)	(45.0, 0.0)	(46.0, 0.0)	(47.0, 0.6666666666666666)	(48.0, 1.0)	(49.0, 0.6666666666666666)	(50.0, 0.0)	(51.0, 0.3333333333333333)	(52.0, 0.3333333333333333)	(53.0, 0.0)	(54.0, 0.0)	(55.0, 0.0)	(56.0, 0.0)	(57.0, 0.0)	(58.0, 0.0)	(59.0, 0.0)	(60.0, 0.0)	(61.0, 0.0)	(62.0, 0.0)	(63.0, 0.0)	(64.0, 0.0)	(65.0, 0.0)	(66.0, 0.0)	(67.0, 0.0)	(68.0, 0.0)	(69.0, 0.0)	(70.0, 0.0)	(71.0, 0.0)	(72.0, 0.0)	(73.0, 0.0)	(74.0, 0.0)	(75.0, 0.0)	(76.0, 0.0)	(77.0, 0.0)	(78.0, 0.0)	(79.0, 0.0)	(80.0, 0.0)	(81.0, 0.0)	(82.0, 0.0)	(83.0, 0.0)	(84.0, 0.0)	(85.0, 0.0)	(86.0, 0.0)	(87.0, 0.0)	(88.0, 0.0)	(89.0, 0.0)	(90.0, 0.0)	(91.0, 0.0)	(92.0, 0.0)	(93.0, 0.0)	(94.0, 0.0)	(95.0, 0.0)	(96.0, 0.0)	(97.0, 0.0)	(98.0, 0.0)	(99.0, 0.0)	(100.0, 0.0)
SRR8438096_1	(0.0, 0.0)	(1.0, 0.0)	(2.0, 0.0)	(3.0, 0.0)	(4.0, 0.0)	(5.0, 0.0)	(6.0, 0.0)	(7.0, 0.0)	(8.0, 0.0)	(9.0, 0.0)	(10.0, 0.0)	(11.0, 0.0)	(12.0, 0.0)	(13.0, 0.0)	(14.0, 0.0)	(15.0, 0.0)	(16.0, 0.0)	(17.0, 0.0)	(18.0, 0.0)	(19.0, 0.0)	(20.0, 0.0)	(21.0, 0.0)	(22.0, 0.0)	(23.0, 0.0)	(24.0, 0.0)	(25.0, 0.0)	(26.0, 0.0)	(27.0, 0.0)	(28.0, 0.0)	(29.0, 0.0)	(30.0, 0.3333333333333333)	(31.0, 0.6666666666666666)	(32.0, 0.6666666666666666)	(33.0, 1.3333333333333333)	(34.0, 3.666666666666667)	(35.0, 6.999999999999997)	(36.0, 11.333333333333336)	(37.0, 33.33333333333329)	(38.0, 86.33333333333319)	(39.0, 73.33333333333337)	(40.0, 131.3333333333327)	(41.0, 166.00000000000034)	(42.0, 172.6666666666672)	(43.0, 155.00000000000003)	(44.0, 193.0000000000011)	(45.0, 254.66666666666953)	(46.0, 2364.9999999999577)	(47.0, 2771.6666666668093)	(48.0, 577.6666666666624)	(49.0, 977.6666666667079)	(50.0, 729.6666666666797)	(51.0, 2794.3333333334863)	(52.0, 2966.666666666898)	(53.0, 785.6666666666861)	(54.0, 876.6666666666964)	(55.0, 777.6666666666852)	(56.0, 591.9999999999974)	(57.0, 399.6666666666614)	(58.0, 218.00000000000182)	(59.0, 65.00000000000016)	(60.0, 17.33333333333334)	(61.0, 3.3333333333333335)	(62.0, 3.3333333333333335)	(63.0, 15.666666666666677)	(64.0, 78.3333333333333)	(65.0, 18.333333333333336)	(66.0, 2.333333333333333)	(67.0, 0.6666666666666666)	(68.0, 0.0)	(69.0, 0.0)	(70.0, 0.0)	(71.0, 0.0)	(72.0, 0.0)	(73.0, 0.0)	(74.0, 0.0)	(75.0, 0.0)	(76.0, 0.0)	(77.0, 0.0)	(78.0, 0.0)	(79.0, 0.0)	(80.0, 0.0)	(81.0, 0.0)	(82.0, 0.0)	(83.0, 0.0)	(84.0, 0.0)	(85.0, 0.0)	(86.0, 0.0)	(87.0, 0.0)	(88.0, 0.0)	(89.0, 0.0)	(90.0, 0.0)	(91.0, 0.0)	(92.0, 0.0)	(93.0, 0.0)	(94.0, 0.0)	(95.0, 0.0)	(96.0, 0.0)	(97.0, 0.0)	(98.0, 0.0)	(99.0, 0.0)	(100.0, 0.0)
SRR8438096_2	(0.0, 0.0)	(1.0, 0.0)	(2.0, 0.0)	(3.0, 0.0)	(4.0, 0.0)	(5.0, 0.0)	(6.0, 0.0)	(7.0, 0.0)	(8.0, 0.0)	(9.0, 0.0)	(10.0, 0.0)	(11.0, 0.0)	(12.0, 0.0)	(13.0, 0.0)	(14.0, 0.0)	(15.0, 0.0)	(16.0, 0.0)	(17.0, 0.0)	(18.0, 0.0)	(19.0, 0.0)	(20.0, 0.0)	(21.0, 0.0)	(22.0, 0.0)	(23.0, 0.0)	(24.0, 0.0)	(25.0, 0.0)	(26.0, 0.0)	(27.0, 0.3333333333333333)	(28.0, 0.0)	(29.0, 0.3333333333333333)	(30.0, 0.3333333333333333)	(31.0, 1.3333333333333333)	(32.0, 0.6666666666666666)	(33.0, 1.9999999999999998)	(34.0, 2.6666666666666665)	(35.0, 2.6666666666666665)	(36.0, 2.6666666666666665)	(37.0, 4.333333333333333)	(38.0, 17.000000000000007)	(39.0, 54.00000000000011)	(40.0, 53.333333333333435)	(41.0, 52.33333333333343)	(42.0, 113.49999999999947)	(43.0, 118.4999999999994)	(44.0, 150.66666666666657)	(45.0, 187.66666666666762)	(46.0, 274.3333333333352)	(47.0, 1348.9999999999725)	(48.0, 2202.6666666665506)	(49.0, 1351.3333333333053)	(50.0, 1373.3333333333003)	(51.0, 1053.0000000000398)	(52.0, 1690.6666666665615)	(53.0, 2598.0000000000637)	(54.0, 1459.3333333332807)	(55.0, 1008.0000000000447)	(56.0, 730.3333333333464)	(57.0, 559.6666666666604)	(58.0, 372.66666666666293)	(59.0, 230.3333333333355)	(60.0, 172.6666666666672)	(61.0, 104.66666666666626)	(62.0, 50.333333333333414)	(63.0, 30.666666666666625)	(64.0, 17.000000000000007)	(65.0, 43.00000000000003)	(66.0, 63.333333333333506)	(67.0, 24.99999999999998)	(68.0, 9.666666666666666)	(69.0, 3.666666666666667)	(70.0, 4.0)	(71.0, 1.0)	(72.0, 0.3333333333333333)	(73.0, 0.3333333333333333)	(74.0, 0.3333333333333333)	(75.0, 0.0)	(76.0, 0.0)	(77.0, 0.0)	(78.0, 0.0)	(79.0, 0.0)	(80.0, 0.3333333333333333)	(81.0, 0.0)	(82.0, 0.3333333333333333)	(83.0, 0.0)	(84.0, 0.0)	(85.0, 0.0)	(86.0, 0.3333333333333333)	(87.0, 0.0)	(88.0, 0.0)	(89.0, 0.0)	(90.0, 0.0)	(91.0, 0.0)	(92.0, 0.0)	(93.0, 0.0)	(94.0, 0.0)	(95.0, 0.3333333333333333)	(96.0, 0.3333333333333333)	(97.0, 0.0)	(98.0, 0.0)	(99.0, 0.0)	(100.0, 0.0)
SRR8438097	(0.0, 0.0)	(1.0, 0.0)	(2.0, 0.0)	(3.0, 0.0)	(4.0, 0.0)	(5.0, 0.0)	(6.0, 0.0)	(7.0, 0.0)	(8.0, 0.0)	(9.0, 0.0)	(10.0, 0.0)	(11.0, 0.0)	(12.0, 0.0)	(13.0, 0.0)	(14.0, 0.0)	(15.0, 0.0)	(16.0, 0.0)	(17.0, 0.0)	(18.0, 0.0)	(19.0, 0.0)	(20.0, 0.0)	(21.0, 0.0)	(22.0, 0.0)	(23.0, 0.0)	(24.0, 0.0)	(25.0, 0.0)	(26.0, 0.0)	(27.0, 0.0)	(28.0, 0.0)	(29.0, 0.0)	(30.0, 0.0)	(31.0, 0.0)	(32.0, 0.0)	(33.0, 0.0)	(34.0, 0.0)	(35.0, 0.0)	(36.0, 0.0)	(37.0, 0.0)	(38.0, 0.0)	(39.0, 0.0)	(40.0, 0.0)	(41.0, 0.0)	(42.0, 0.0)	(43.0, 0.3333333333333333)	(44.0, 0.3333333333333333)	(45.0, 1.0)	(46.0, 0.6666666666666666)	(47.0, 0.6666666666666666)	(48.0, 1.0)	(49.0, 0.6666666666666666)	(50.0, 0.0)	(51.0, 0.0)	(52.0, 0.3333333333333333)	(53.0, 0.3333333333333333)	(54.0, 0.0)	(55.0, 0.0)	(56.0, 0.0)	(57.0, 0.0)	(58.0, 0.0)	(59.0, 0.0)	(60.0, 0.0)	(61.0, 0.0)	(62.0, 0.0)	(63.0, 0.0)	(64.0, 0.0)	(65.0, 0.0)	(66.0, 0.0)	(67.0, 0.0)	(68.0, 0.0)	(69.0, 0.0)	(70.0, 0.0)	(71.0, 0.0)	(72.0, 0.0)	(73.0, 0.0)	(74.0, 0.0)	(75.0, 0.0)	(76.0, 0.0)	(77.0, 0.0)	(78.0, 0.0)	(79.0, 0.0)	(80.0, 0.0)	(81.0, 0.0)	(82.0, 0.0)	(83.0, 0.0)	(84.0, 0.0)	(85.0, 0.0)	(86.0, 0.0)	(87.0, 0.0)	(88.0, 0.0)	(89.0, 0.0)	(90.0, 0.0)	(91.0, 0.0)	(92.0, 0.0)	(93.0, 0.0)	(94.0, 0.0)	(95.0, 0.0)	(96.0, 0.0)	(97.0, 0.0)	(98.0, 0.0)	(99.0, 0.0)	(100.0, 0.0)
SRR8438097_1	(0.0, 0.0)	(1.0, 0.0)	(2.0, 0.0)	(3.0, 0.0)	(4.0, 0.0)	(5.0, 0.0)	(6.0, 0.0)	(7.0, 0.0)	(8.0, 0.0)	(9.0, 0.0)	(10.0, 0.0)	(11.0, 0.0)	(12.0, 0.0)	(13.0, 0.0)	(14.0, 0.0)	(15.0, 0.0)	(16.0, 0.0)	(17.0, 0.0)	(18.0, 0.0)	(19.0, 0.3333333333333333)	(20.0, 0.0)	(21.0, 0.0)	(22.0, 0.0)	(23.0, 0.0)	(24.0, 0.0)	(25.0, 0.0)	(26.0, 0.0)	(27.0, 0.3333333333333333)	(28.0, 0.3333333333333333)	(29.0, 0.3333333333333333)	(30.0, 6.333333333333331)	(31.0, 8.666666666666664)	(32.0, 3.0)	(33.0, 4.0)	(34.0, 36.333333333333314)	(35.0, 56.33333333333346)	(36.0, 40.00000000000001)	(37.0, 191.3333333333344)	(38.0, 157.66666666666677)	(39.0, 123.33333333333266)	(40.0, 147.6666666666665)	(41.0, 206.66666666666816)	(42.0, 230.00000000000216)	(43.0, 239.33333333333576)	(44.0, 263.0000000000025)	(45.0, 483.99999999998994)	(46.0, 4309.333333333884)	(47.0, 5531.999999999439)	(48.0, 1126.3333333333564)	(49.0, 314.99999999999955)	(50.0, 270.66666666666873)	(51.0, 486.33333333332314)	(52.0, 425.3333333333266)	(53.0, 346.9999999999977)	(54.0, 292.00000000000085)	(55.0, 249.66666666666939)	(56.0, 157.66666666666677)	(57.0, 135.3333333333328)	(58.0, 163.66666666666694)	(59.0, 76.0)	(60.0, 16.666666666666675)	(61.0, 3.666666666666667)	(62.0, 1.9999999999999998)	(63.0, 8.666666666666664)	(64.0, 15.000000000000009)	(65.0, 3.666666666666667)	(66.0, 1.0)	(67.0, 0.3333333333333333)	(68.0, 0.0)	(69.0, 0.0)	(70.0, 0.0)	(71.0, 0.0)	(72.0, 0.0)	(73.0, 0.0)	(74.0, 0.0)	(75.0, 0.0)	(76.0, 0.0)	(77.0, 0.0)	(78.0, 0.0)	(79.0, 0.0)	(80.0, 0.0)	(81.0, 0.0)	(82.0, 0.0)	(83.0, 0.0)	(84.0, 0.0)	(85.0, 0.0)	(86.0, 0.0)	(87.0, 0.0)	(88.0, 0.0)	(89.0, 0.0)	(90.0, 0.0)	(91.0, 0.0)	(92.0, 0.0)	(93.0, 0.0)	(94.0, 0.0)	(95.0, 0.0)	(96.0, 0.0)	(97.0, 0.0)	(98.0, 0.0)	(99.0, 0.0)	(100.0, 0.0)
SRR8438097_2	(0.0, 0.0)	(1.0, 0.0)	(2.0, 0.0)	(3.0, 0.0)	(4.0, 0.0)	(5.0, 0.0)	(6.0, 0.0)	(7.0, 0.0)	(8.0, 0.0)	(9.0, 0.0)	(10.0, 0.0)	(11.0, 0.0)	(12.0, 0.0)	(13.0, 0.0)	(14.0, 0.0)	(15.0, 0.0)	(16.0, 0.0)	(17.0, 0.0)	(18.0, 0.0)	(19.0, 0.0)	(20.0, 0.0)	(21.0, 0.0)	(22.0, 0.0)	(23.0, 0.0)	(24.0, 0.0)	(25.0, 0.6666666666666666)	(26.0, 0.3333333333333333)	(27.0, 0.0)	(28.0, 0.6666666666666666)	(29.0, 5.333333333333332)	(30.0, 7.33333333333333)	(31.0, 1.9999999999999998)	(32.0, 1.9999999999999998)	(33.0, 2.333333333333333)	(34.0, 5.333333333333332)	(35.0, 28.666666666666632)	(36.0, 41.33333333333335)	(37.0, 15.000000000000009)	(38.0, 16.666666666666675)	(39.0, 28.3333333333333)	(40.0, 52.666666666666764)	(41.0, 80.6666666666666)	(42.0, 128.66666666666595)	(43.0, 225.33333333333536)	(44.0, 326.99999999999886)	(45.0, 369.6666666666631)	(46.0, 424.66666666666003)	(47.0, 2444.66666666666)	(48.0, 4248.833333333939)	(49.0, 2572.166666666719)	(50.0, 1278.9999999999884)	(51.0, 825.0000000000239)	(52.0, 560.3333333333271)	(53.0, 478.9999999999902)	(54.0, 404.99999999999443)	(55.0, 350.6666666666642)	(56.0, 247.00000000000264)	(57.0, 217.33333333333513)	(58.0, 181.00000000000077)	(59.0, 159.00000000000014)	(60.0, 87.33333333333317)	(61.0, 35.99999999999998)	(62.0, 19.0)	(63.0, 14.000000000000007)	(64.0, 13.666666666666673)	(65.0, 14.666666666666675)	(66.0, 10.333333333333334)	(67.0, 4.333333333333333)	(68.0, 2.333333333333333)	(69.0, 2.333333333333333)	(70.0, 1.0)	(71.0, 0.6666666666666666)	(72.0, 0.3333333333333333)	(73.0, 0.3333333333333333)	(74.0, 0.0)	(75.0, 0.3333333333333333)	(76.0, 0.6666666666666666)	(77.0, 0.3333333333333333)	(78.0, 0.6666666666666666)	(79.0, 0.0)	(80.0, 0.3333333333333333)	(81.0, 0.3333333333333333)	(82.0, 0.0)	(83.0, 0.0)	(84.0, 0.0)	(85.0, 0.0)	(86.0, 0.0)	(87.0, 0.0)	(88.0, 0.0)	(89.0, 0.0)	(90.0, 0.0)	(91.0, 0.0)	(92.0, 0.0)	(93.0, 0.0)	(94.0, 0.0)	(95.0, 0.3333333333333333)	(96.0, 0.3333333333333333)	(97.0, 0.0)	(98.0, 0.0)	(99.0, 0.0)	(100.0, 0.0)
SRR8438098	(0.0, 0.0)	(1.0, 0.0)	(2.0, 0.0)	(3.0, 0.0)	(4.0, 0.0)	(5.0, 0.0)	(6.0, 0.0)	(7.0, 0.0)	(8.0, 0.0)	(9.0, 0.0)	(10.0, 0.0)	(11.0, 0.0)	(12.0, 0.0)	(13.0, 0.0)	(14.0, 0.0)	(15.0, 0.0)	(16.0, 0.0)	(17.0, 0.0)	(18.0, 0.0)	(19.0, 0.0)	(20.0, 0.0)	(21.0, 0.0)	(22.0, 0.0)	(23.0, 0.0)	(24.0, 0.0)	(25.0, 0.0)	(26.0, 0.0)	(27.0, 0.0)	(28.0, 0.0)	(29.0, 0.0)	(30.0, 0.0)	(31.0, 0.0)	(32.0, 0.0)	(33.0, 0.0)	(34.0, 0.0)	(35.0, 0.0)	(36.0, 0.0)	(37.0, 0.0)	(38.0, 0.0)	(39.0, 0.0)	(40.0, 0.0)	(41.0, 0.0)	(42.0, 0.3333333333333333)	(43.0, 0.6666666666666666)	(44.0, 0.6666666666666666)	(45.0, 0.6666666666666666)	(46.0, 1.3333333333333333)	(47.0, 0.3333333333333333)	(48.0, 1.3333333333333333)	(49.0, 0.3333333333333333)	(50.0, 0.6666666666666666)	(51.0, 0.3333333333333333)	(52.0, 0.3333333333333333)	(53.0, 0.0)	(54.0, 0.0)	(55.0, 0.0)	(56.0, 0.0)	(57.0, 0.0)	(58.0, 0.0)	(59.0, 0.0)	(60.0, 0.0)	(61.0, 0.0)	(62.0, 0.0)	(63.0, 0.0)	(64.0, 0.0)	(65.0, 0.0)	(66.0, 0.0)	(67.0, 0.0)	(68.0, 0.0)	(69.0, 0.0)	(70.0, 0.0)	(71.0, 0.0)	(72.0, 0.0)	(73.0, 0.0)	(74.0, 0.0)	(75.0, 0.0)	(76.0, 0.0)	(77.0, 0.0)	(78.0, 0.0)	(79.0, 0.0)	(80.0, 0.0)	(81.0, 0.0)	(82.0, 0.0)	(83.0, 0.0)	(84.0, 0.0)	(85.0, 0.0)	(86.0, 0.0)	(87.0, 0.0)	(88.0, 0.0)	(89.0, 0.0)	(90.0, 0.0)	(91.0, 0.0)	(92.0, 0.0)	(93.0, 0.0)	(94.0, 0.0)	(95.0, 0.0)	(96.0, 0.0)	(97.0, 0.0)	(98.0, 0.0)	(99.0, 0.0)	(100.0, 0.0)
SRR8438098_1	(0.0, 0.0)	(1.0, 0.0)	(2.0, 0.0)	(3.0, 0.0)	(4.0, 0.0)	(5.0, 0.0)	(6.0, 0.0)	(7.0, 0.0)	(8.0, 0.0)	(9.0, 0.0)	(10.0, 0.0)	(11.0, 0.0)	(12.0, 0.0)	(13.0, 0.0)	(14.0, 0.0)	(15.0, 0.0)	(16.0, 0.0)	(17.0, 0.0)	(18.0, 0.0)	(19.0, 0.0)	(20.0, 0.0)	(21.0, 0.0)	(22.0, 0.0)	(23.0, 0.0)	(24.0, 0.0)	(25.0, 0.0)	(26.0, 0.3333333333333333)	(27.0, 18.666666666666668)	(28.0, 10.0)	(29.0, 1.6666666666666665)	(30.0, 1.0)	(31.0, 0.6666666666666666)	(32.0, 0.3333333333333333)	(33.0, 1.0)	(34.0, 1.9999999999999998)	(35.0, 4.0)	(36.0, 6.999999999999997)	(37.0, 37.33333333333332)	(38.0, 37.66666666666666)	(39.0, 158.6666666666668)	(40.0, 168.0000000000004)	(41.0, 242.6666666666692)	(42.0, 246.00000000000261)	(43.0, 329.6666666666654)	(44.0, 383.6666666666623)	(45.0, 516.9999999999889)	(46.0, 523.3333333333229)	(47.0, 777.0000000000184)	(48.0, 711.6666666666777)	(49.0, 490.6666666666562)	(50.0, 649.0000000000039)	(51.0, 3033.0000000002615)	(52.0, 8611.333333331115)	(53.0, 5240.6666666663705)	(54.0, 2462.000000000002)	(55.0, 3579.0000000005098)	(56.0, 4610.33333333361)	(57.0, 1781.999999999874)	(58.0, 356.33333333333053)	(59.0, 152.99999999999997)	(60.0, 70.00000000000009)	(61.0, 44.000000000000036)	(62.0, 54.66666666666678)	(63.0, 49.66666666666674)	(64.0, 12.666666666666671)	(65.0, 4.333333333333333)	(66.0, 1.6666666666666665)	(67.0, 1.0)	(68.0, 0.6666666666666666)	(69.0, 0.0)	(70.0, 0.0)	(71.0, 0.0)	(72.0, 0.0)	(73.0, 0.0)	(74.0, 0.3333333333333333)	(75.0, 0.3333333333333333)	(76.0, 0.0)	(77.0, 0.0)	(78.0, 0.0)	(79.0, 0.0)	(80.0, 0.0)	(81.0, 0.0)	(82.0, 0.0)	(83.0, 0.0)	(84.0, 0.0)	(85.0, 0.0)	(86.0, 0.0)	(87.0, 0.0)	(88.0, 0.0)	(89.0, 0.0)	(90.0, 0.0)	(91.0, 0.0)	(92.0, 0.0)	(93.0, 0.0)	(94.0, 0.0)	(95.0, 0.0)	(96.0, 0.0)	(97.0, 0.0)	(98.0, 0.0)	(99.0, 0.0)	(100.0, 0.0)
SRR8438098_2	(0.0, 0.0)	(1.0, 0.0)	(2.0, 0.0)	(3.0, 0.0)	(4.0, 0.0)	(5.0, 0.0)	(6.0, 0.0)	(7.0, 0.0)	(8.0, 0.0)	(9.0, 0.0)	(10.0, 0.0)	(11.0, 0.0)	(12.0, 0.0)	(13.0, 0.0)	(14.0, 0.0)	(15.0, 0.0)	(16.0, 0.0)	(17.0, 0.0)	(18.0, 0.0)	(19.0, 0.0)	(20.0, 0.3333333333333333)	(21.0, 0.0)	(22.0, 0.0)	(23.0, 0.0)	(24.0, 8.666666666666664)	(25.0, 15.666666666666677)	(26.0, 4.333333333333333)	(27.0, 3.666666666666667)	(28.0, 1.9999999999999998)	(29.0, 1.9999999999999998)	(30.0, 1.0)	(31.0, 0.6666666666666666)	(32.0, 0.6666666666666666)	(33.0, 0.3333333333333333)	(34.0, 0.6666666666666666)	(35.0, 3.0)	(36.0, 16.666666666666675)	(37.0, 15.333333333333343)	(38.0, 11.333333333333336)	(39.0, 11.500000000000004)	(40.0, 80.49999999999994)	(41.0, 250.1666666666694)	(42.0, 276.3333333333351)	(43.0, 396.83333333332826)	(44.0, 445.33333333332547)	(45.0, 312.33333333333303)	(46.0, 241.33333333333582)	(47.0, 372.66666666666293)	(48.0, 451.33333333332513)	(49.0, 814.333333333356)	(50.0, 981.6666666667084)	(51.0, 1786.3333333332064)	(52.0, 6704.666666665039)	(53.0, 5657.999999999324)	(54.0, 3070.0000000002783)	(55.0, 3706.0000000005675)	(56.0, 4775.000000000127)	(57.0, 2241.6666666665683)	(58.0, 976.6666666667078)	(59.0, 519.6666666666558)	(60.0, 310.66666666666646)	(61.0, 204.6666666666681)	(62.0, 100.99999999999964)	(63.0, 79.66666666666661)	(64.0, 48.666666666666735)	(65.0, 30.666666666666625)	(66.0, 20.66666666666666)	(67.0, 16.666666666666675)	(68.0, 10.333333333333334)	(69.0, 6.333333333333331)	(70.0, 3.666666666666667)	(71.0, 1.3333333333333333)	(72.0, 1.9999999999999998)	(73.0, 1.3333333333333333)	(74.0, 0.3333333333333333)	(75.0, 0.0)	(76.0, 0.0)	(77.0, 0.3333333333333333)	(78.0, 0.6666666666666666)	(79.0, 0.0)	(80.0, 0.3333333333333333)	(81.0, 0.3333333333333333)	(82.0, 0.0)	(83.0, 0.3333333333333333)	(84.0, 0.0)	(85.0, 0.0)	(86.0, 0.6666666666666666)	(87.0, 1.0)	(88.0, 0.0)	(89.0, 0.0)	(90.0, 0.0)	(91.0, 0.0)	(92.0, 0.6666666666666666)	(93.0, 0.3333333333333333)	(94.0, 0.0)	(95.0, 0.3333333333333333)	(96.0, 0.6666666666666666)	(97.0, 0.6666666666666666)	(98.0, 0.6666666666666666)	(99.0, 0.3333333333333333)	(100.0, 0.0)
SRR8438099	(0.0, 0.0)	(1.0, 0.0)	(2.0, 0.0)	(3.0, 0.0)	(4.0, 0.0)	(5.0, 0.0)	(6.0, 0.0)	(7.0, 0.0)	(8.0, 0.0)	(9.0, 0.0)	(10.0, 0.0)	(11.0, 0.0)	(12.0, 0.0)	(13.0, 0.0)	(14.0, 0.0)	(15.0, 0.0)	(16.0, 0.0)	(17.0, 0.0)	(18.0, 0.0)	(19.0, 0.0)	(20.0, 0.0)	(21.0, 0.0)	(22.0, 0.0)	(23.0, 0.0)	(24.0, 0.0)	(25.0, 0.0)	(26.0, 0.0)	(27.0, 0.0)	(28.0, 0.0)	(29.0, 0.0)	(30.0, 0.0)	(31.0, 0.0)	(32.0, 0.0)	(33.0, 0.0)	(34.0, 0.0)	(35.0, 0.0)	(36.0, 0.0)	(37.0, 0.0)	(38.0, 0.0)	(39.0, 0.0)	(40.0, 0.0)	(41.0, 0.0)	(42.0, 0.0)	(43.0, 0.3333333333333333)	(44.0, 1.0)	(45.0, 1.3333333333333333)	(46.0, 2.6666666666666665)	(47.0, 1.9999999999999998)	(48.0, 1.6666666666666665)	(49.0, 3.0)	(50.0, 3.0)	(51.0, 0.6666666666666666)	(52.0, 0.6666666666666666)	(53.0, 0.0)	(54.0, 0.3333333333333333)	(55.0, 0.3333333333333333)	(56.0, 0.0)	(57.0, 0.0)	(58.0, 0.0)	(59.0, 0.0)	(60.0, 0.0)	(61.0, 0.0)	(62.0, 0.0)	(63.0, 0.0)	(64.0, 0.0)	(65.0, 0.0)	(66.0, 0.0)	(67.0, 0.0)	(68.0, 0.0)	(69.0, 0.0)	(70.0, 0.0)	(71.0, 0.0)	(72.0, 0.0)	(73.0, 0.0)	(74.0, 0.0)	(75.0, 0.0)	(76.0, 0.0)	(77.0, 0.0)	(78.0, 0.0)	(79.0, 0.0)	(80.0, 0.0)	(81.0, 0.0)	(82.0, 0.0)	(83.0, 0.0)	(84.0, 0.0)	(85.0, 0.0)	(86.0, 0.0)	(87.0, 0.0)	(88.0, 0.0)	(89.0, 0.0)	(90.0, 0.0)	(91.0, 0.0)	(92.0, 0.0)	(93.0, 0.0)	(94.0, 0.0)	(95.0, 0.0)	(96.0, 0.0)	(97.0, 0.0)	(98.0, 0.0)	(99.0, 0.0)	(100.0, 0.0)
SRR8438099_1	(0.0, 0.0)	(1.0, 0.0)	(2.0, 0.0)	(3.0, 0.0)	(4.0, 0.0)	(5.0, 0.0)	(6.0, 0.0)	(7.0, 0.0)	(8.0, 0.0)	(9.0, 0.0)	(10.0, 0.0)	(11.0, 0.0)	(12.0, 0.0)	(13.0, 0.0)	(14.0, 0.0)	(15.0, 0.0)	(16.0, 0.0)	(17.0, 0.0)	(18.0, 0.0)	(19.0, 0.0)	(20.0, 0.3333333333333333)	(21.0, 0.0)	(22.0, 0.0)	(23.0, 0.0)	(24.0, 0.0)	(25.0, 0.0)	(26.0, 0.0)	(27.0, 0.0)	(28.0, 0.0)	(29.0, 0.0)	(30.0, 0.0)	(31.0, 0.0)	(32.0, 0.0)	(33.0, 0.3333333333333333)	(34.0, 0.0)	(35.0, 0.3333333333333333)	(36.0, 0.6666666666666666)	(37.0, 1.6666666666666665)	(38.0, 2.333333333333333)	(39.0, 11.333333333333336)	(40.0, 36.66666666666665)	(41.0, 53.333333333333435)	(42.0, 60.333333333333485)	(43.0, 78.3333333333333)	(44.0, 101.33333333333297)	(45.0, 123.33333333333266)	(46.0, 112.99999999999947)	(47.0, 94.99999999999973)	(48.0, 90.33333333333313)	(49.0, 207.33333333333485)	(50.0, 2979.666666666904)	(51.0, 38165.99999999159)	(52.0, 9532.666666666124)	(53.0, 1008.6666666667114)	(54.0, 316.99999999999943)	(55.0, 132.33333333333272)	(56.0, 66.33333333333347)	(57.0, 41.33333333333335)	(58.0, 15.666666666666677)	(59.0, 8.33333333333333)	(60.0, 3.3333333333333335)	(61.0, 0.6666666666666666)	(62.0, 0.3333333333333333)	(63.0, 0.6666666666666666)	(64.0, 0.6666666666666666)	(65.0, 0.0)	(66.0, 0.0)	(67.0, 0.0)	(68.0, 0.0)	(69.0, 0.0)	(70.0, 0.0)	(71.0, 0.0)	(72.0, 0.0)	(73.0, 0.0)	(74.0, 0.0)	(75.0, 0.0)	(76.0, 0.0)	(77.0, 0.0)	(78.0, 0.0)	(79.0, 0.0)	(80.0, 0.0)	(81.0, 0.0)	(82.0, 0.0)	(83.0, 0.0)	(84.0, 0.0)	(85.0, 0.0)	(86.0, 0.0)	(87.0, 0.0)	(88.0, 0.0)	(89.0, 0.0)	(90.0, 0.0)	(91.0, 0.0)	(92.0, 0.0)	(93.0, 0.0)	(94.0, 0.0)	(95.0, 0.0)	(96.0, 0.0)	(97.0, 0.0)	(98.0, 0.0)	(99.0, 0.0)	(100.0, 0.0)
SRR8438099_2	(0.0, 0.0)	(1.0, 0.0)	(2.0, 0.0)	(3.0, 0.0)	(4.0, 0.0)	(5.0, 0.0)	(6.0, 0.0)	(7.0, 0.0)	(8.0, 0.0)	(9.0, 0.0)	(10.0, 0.0)	(11.0, 0.0)	(12.0, 0.0)	(13.0, 0.0)	(14.0, 0.0)	(15.0, 0.0)	(16.0, 0.0)	(17.0, 0.0)	(18.0, 0.0)	(19.0, 0.0)	(20.0, 0.0)	(21.0, 0.0)	(22.0, 0.0)	(23.0, 0.0)	(24.0, 0.0)	(25.0, 0.3333333333333333)	(26.0, 0.6666666666666666)	(27.0, 0.0)	(28.0, 0.0)	(29.0, 0.0)	(30.0, 0.0)	(31.0, 0.3333333333333333)	(32.0, 0.0)	(33.0, 0.0)	(34.0, 0.0)	(35.0, 0.0)	(36.0, 0.3333333333333333)	(37.0, 2.6666666666666665)	(38.0, 4.666666666666666)	(39.0, 13.33333333333334)	(40.0, 35.833333333333314)	(41.0, 46.16666666666672)	(42.0, 49.66666666666674)	(43.0, 57.00000000000013)	(44.0, 79.99999999999994)	(45.0, 88.49999999999983)	(46.0, 88.83333333333316)	(47.0, 91.66666666666644)	(48.0, 103.33333333333294)	(49.0, 156.00000000000006)	(50.0, 446.6666666666587)	(51.0, 10957.000000002048)	(52.0, 28744.666666633617)	(53.0, 12778.333333338695)	(54.0, 4444.333333333761)	(55.0, 2052.999999999816)	(56.0, 1119.6666666666913)	(57.0, 688.3333333333417)	(58.0, 466.6666666666576)	(59.0, 298.3333333333338)	(60.0, 200.0000000000013)	(61.0, 128.3333333333326)	(62.0, 76.33333333333333)	(63.0, 52.33333333333343)	(64.0, 36.999999999999986)	(65.0, 19.666666666666664)	(66.0, 12.333333333333337)	(67.0, 6.999999999999997)	(68.0, 6.333333333333331)	(69.0, 2.6666666666666665)	(70.0, 1.6666666666666665)	(71.0, 1.3333333333333333)	(72.0, 1.0)	(73.0, 0.3333333333333333)	(74.0, 0.3333333333333333)	(75.0, 0.0)	(76.0, 0.0)	(77.0, 0.3333333333333333)	(78.0, 0.3333333333333333)	(79.0, 0.0)	(80.0, 0.0)	(81.0, 0.0)	(82.0, 0.0)	(83.0, 0.0)	(84.0, 0.0)	(85.0, 0.3333333333333333)	(86.0, 0.0)	(87.0, 0.3333333333333333)	(88.0, 0.3333333333333333)	(89.0, 0.0)	(90.0, 0.0)	(91.0, 0.0)	(92.0, 0.0)	(93.0, 0.3333333333333333)	(94.0, 0.0)	(95.0, 0.0)	(96.0, 0.3333333333333333)	(97.0, 0.6666666666666666)	(98.0, 0.3333333333333333)	(99.0, 0.0)	(100.0, 0.0)
SRR8438100	(0.0, 0.0)	(1.0, 0.0)	(2.0, 0.0)	(3.0, 0.0)	(4.0, 0.0)	(5.0, 0.0)	(6.0, 0.0)	(7.0, 0.0)	(8.0, 0.0)	(9.0, 0.0)	(10.0, 0.0)	(11.0, 0.0)	(12.0, 0.0)	(13.0, 0.0)	(14.0, 0.0)	(15.0, 0.0)	(16.0, 0.0)	(17.0, 0.0)	(18.0, 0.0)	(19.0, 0.0)	(20.0, 0.0)	(21.0, 0.0)	(22.0, 0.0)	(23.0, 0.0)	(24.0, 0.0)	(25.0, 0.0)	(26.0, 0.0)	(27.0, 0.0)	(28.0, 0.0)	(29.0, 0.0)	(30.0, 0.0)	(31.0, 0.0)	(32.0, 0.0)	(33.0, 0.0)	(34.0, 0.0)	(35.0, 0.0)	(36.0, 0.0)	(37.0, 0.0)	(38.0, 0.0)	(39.0, 0.0)	(40.0, 0.0)	(41.0, 0.0)	(42.0, 0.0)	(43.0, 0.3333333333333333)	(44.0, 0.3333333333333333)	(45.0, 1.0)	(46.0, 1.6666666666666665)	(47.0, 1.3333333333333333)	(48.0, 1.0)	(49.0, 1.6666666666666665)	(50.0, 1.0)	(51.0, 0.3333333333333333)	(52.0, 0.6666666666666666)	(53.0, 0.3333333333333333)	(54.0, 0.0)	(55.0, 0.0)	(56.0, 0.0)	(57.0, 0.0)	(58.0, 0.0)	(59.0, 0.0)	(60.0, 0.0)	(61.0, 0.0)	(62.0, 0.0)	(63.0, 0.0)	(64.0, 0.0)	(65.0, 0.0)	(66.0, 0.0)	(67.0, 0.0)	(68.0, 0.0)	(69.0, 0.0)	(70.0, 0.0)	(71.0, 0.0)	(72.0, 0.0)	(73.0, 0.0)	(74.0, 0.0)	(75.0, 0.0)	(76.0, 0.0)	(77.0, 0.0)	(78.0, 0.0)	(79.0, 0.0)	(80.0, 0.0)	(81.0, 0.0)	(82.0, 0.0)	(83.0, 0.0)	(84.0, 0.0)	(85.0, 0.0)	(86.0, 0.0)	(87.0, 0.0)	(88.0, 0.0)	(89.0, 0.0)	(90.0, 0.0)	(91.0, 0.0)	(92.0, 0.0)	(93.0, 0.0)	(94.0, 0.0)	(95.0, 0.0)	(96.0, 0.0)	(97.0, 0.0)	(98.0, 0.0)	(99.0, 0.0)	(100.0, 0.0)
SRR8438100_1	(0.0, 0.0)	(1.0, 0.0)	(2.0, 0.0)	(3.0, 0.0)	(4.0, 0.0)	(5.0, 0.0)	(6.0, 0.0)	(7.0, 0.0)	(8.0, 0.0)	(9.0, 0.0)	(10.0, 0.0)	(11.0, 0.0)	(12.0, 0.0)	(13.0, 0.0)	(14.0, 0.0)	(15.0, 0.0)	(16.0, 0.0)	(17.0, 0.0)	(18.0, 0.0)	(19.0, 0.0)	(20.0, 0.0)	(21.0, 0.0)	(22.0, 0.0)	(23.0, 0.0)	(24.0, 0.0)	(25.0, 0.0)	(26.0, 0.0)	(27.0, 0.0)	(28.0, 0.0)	(29.0, 0.0)	(30.0, 0.0)	(31.0, 1.0)	(32.0, 0.0)	(33.0, 0.0)	(34.0, 8.666666666666664)	(35.0, 45.33333333333338)	(36.0, 28.3333333333333)	(37.0, 172.0000000000005)	(38.0, 105.66666666666625)	(39.0, 46.333333333333385)	(40.0, 193.33333333333445)	(41.0, 156.66666666666674)	(42.0, 423.66666666666003)	(43.0, 303.0000000000002)	(44.0, 290.6666666666676)	(45.0, 395.99999999999494)	(46.0, 1242.6666666666633)	(47.0, 3808.000000000614)	(48.0, 1941.6666666665044)	(49.0, 4247.0000000006075)	(50.0, 1818.333333333199)	(51.0, 12898.333333338913)	(52.0, 16111.000000011423)	(53.0, 3762.000000000593)	(54.0, 2708.6666666667807)	(55.0, 1805.9999999998686)	(56.0, 1210.6666666666706)	(57.0, 774.3333333333514)	(58.0, 373.6666666666629)	(59.0, 83.33333333333323)	(60.0, 32.66666666666662)	(61.0, 8.666666666666664)	(62.0, 2.6666666666666665)	(63.0, 5.333333333333332)	(64.0, 35.33333333333331)	(65.0, 10.0)	(66.0, 1.6666666666666665)	(67.0, 0.3333333333333333)	(68.0, 0.0)	(69.0, 0.3333333333333333)	(70.0, 0.0)	(71.0, 0.0)	(72.0, 0.0)	(73.0, 0.0)	(74.0, 0.0)	(75.0, 0.0)	(76.0, 0.0)	(77.0, 0.0)	(78.0, 0.0)	(79.0, 0.0)	(80.0, 0.0)	(81.0, 0.0)	(82.0, 0.0)	(83.0, 0.0)	(84.0, 0.0)	(85.0, 0.0)	(86.0, 0.0)	(87.0, 0.0)	(88.0, 0.0)	(89.0, 0.0)	(90.0, 0.0)	(91.0, 0.0)	(92.0, 0.0)	(93.0, 0.0)	(94.0, 0.0)	(95.0, 0.0)	(96.0, 0.0)	(97.0, 0.0)	(98.0, 0.0)	(99.0, 0.0)	(100.0, 0.0)
SRR8438100_2	(0.0, 0.0)	(1.0, 0.0)	(2.0, 0.0)	(3.0, 0.0)	(4.0, 0.0)	(5.0, 0.0)	(6.0, 0.0)	(7.0, 0.0)	(8.0, 0.0)	(9.0, 0.0)	(10.0, 0.0)	(11.0, 0.0)	(12.0, 0.0)	(13.0, 0.0)	(14.0, 0.0)	(15.0, 0.0)	(16.0, 0.0)	(17.0, 0.0)	(18.0, 0.0)	(19.0, 0.0)	(20.0, 0.0)	(21.0, 0.0)	(22.0, 0.0)	(23.0, 0.0)	(24.0, 0.0)	(25.0, 0.0)	(26.0, 0.0)	(27.0, 0.0)	(28.0, 0.3333333333333333)	(29.0, 0.3333333333333333)	(30.0, 0.0)	(31.0, 0.0)	(32.0, 0.3333333333333333)	(33.0, 0.3333333333333333)	(34.0, 1.9999999999999998)	(35.0, 9.333333333333332)	(36.0, 26.66666666666664)	(37.0, 42.66666666666669)	(38.0, 70.66666666666674)	(39.0, 123.33333333333266)	(40.0, 139.66666666666626)	(41.0, 118.66666666666606)	(42.0, 548.6666666666591)	(43.0, 471.333333333324)	(44.0, 313.833333333333)	(45.0, 405.8333333333277)	(46.0, 580.6666666666628)	(47.0, 1612.6666666665792)	(48.0, 2591.0000000000605)	(49.0, 1951.3333333331689)	(50.0, 4164.000000000683)	(51.0, 2650.6666666667543)	(52.0, 5944.999999999063)	(53.0, 12706.666666671897)	(54.0, 7888.666666663962)	(55.0, 3852.000000000634)	(56.0, 2110.999999999842)	(57.0, 1451.6666666666158)	(58.0, 754.3333333333492)	(59.0, 337.6666666666649)	(60.0, 217.33333333333513)	(61.0, 164.33333333333363)	(62.0, 85.99999999999986)	(63.0, 37.66666666666666)	(64.0, 27.333333333333304)	(65.0, 27.999999999999968)	(66.0, 36.66666666666665)	(67.0, 16.666666666666675)	(68.0, 8.666666666666664)	(69.0, 4.0)	(70.0, 2.333333333333333)	(71.0, 1.9999999999999998)	(72.0, 1.6666666666666665)	(73.0, 0.6666666666666666)	(74.0, 0.6666666666666666)	(75.0, 0.0)	(76.0, 0.0)	(77.0, 0.0)	(78.0, 0.0)	(79.0, 0.0)	(80.0, 0.0)	(81.0, 0.0)	(82.0, 0.0)	(83.0, 0.0)	(84.0, 0.0)	(85.0, 0.0)	(86.0, 0.0)	(87.0, 0.0)	(88.0, 0.0)	(89.0, 0.0)	(90.0, 0.0)	(91.0, 0.3333333333333333)	(92.0, 0.3333333333333333)	(93.0, 0.0)	(94.0, 0.0)	(95.0, 0.0)	(96.0, 0.0)	(97.0, 0.0)	(98.0, 0.0)	(99.0, 0.0)	(100.0, 0.0)
SRR8438101	(0.0, 0.0)	(1.0, 0.0)	(2.0, 0.0)	(3.0, 0.0)	(4.0, 0.0)	(5.0, 0.0)	(6.0, 0.0)	(7.0, 0.0)	(8.0, 0.0)	(9.0, 0.0)	(10.0, 0.0)	(11.0, 0.0)	(12.0, 0.0)	(13.0, 0.0)	(14.0, 0.0)	(15.0, 0.0)	(16.0, 0.0)	(17.0, 0.0)	(18.0, 0.0)	(19.0, 0.0)	(20.0, 0.0)	(21.0, 0.0)	(22.0, 0.0)	(23.0, 0.0)	(24.0, 0.0)	(25.0, 0.0)	(26.0, 0.0)	(27.0, 0.0)	(28.0, 0.0)	(29.0, 0.0)	(30.0, 0.0)	(31.0, 0.0)	(32.0, 0.0)	(33.0, 0.0)	(34.0, 0.0)	(35.0, 0.0)	(36.0, 0.0)	(37.0, 0.0)	(38.0, 0.0)	(39.0, 0.0)	(40.0, 0.0)	(41.0, 0.0)	(42.0, 0.3333333333333333)	(43.0, 1.0)	(44.0, 1.0)	(45.0, 0.3333333333333333)	(46.0, 0.6666666666666666)	(47.0, 1.0)	(48.0, 1.9999999999999998)	(49.0, 1.9999999999999998)	(50.0, 0.6666666666666666)	(51.0, 0.6666666666666666)	(52.0, 0.3333333333333333)	(53.0, 0.3333333333333333)	(54.0, 0.3333333333333333)	(55.0, 0.0)	(56.0, 0.0)	(57.0, 0.0)	(58.0, 0.0)	(59.0, 0.0)	(60.0, 0.0)	(61.0, 0.0)	(62.0, 0.0)	(63.0, 0.0)	(64.0, 0.0)	(65.0, 0.0)	(66.0, 0.0)	(67.0, 0.0)	(68.0, 0.0)	(69.0, 0.0)	(70.0, 0.0)	(71.0, 0.0)	(72.0, 0.0)	(73.0, 0.0)	(74.0, 0.0)	(75.0, 0.0)	(76.0, 0.0)	(77.0, 0.0)	(78.0, 0.0)	(79.0, 0.0)	(80.0, 0.0)	(81.0, 0.0)	(82.0, 0.0)	(83.0, 0.0)	(84.0, 0.0)	(85.0, 0.0)	(86.0, 0.0)	(87.0, 0.0)	(88.0, 0.0)	(89.0, 0.0)	(90.0, 0.0)	(91.0, 0.0)	(92.0, 0.0)	(93.0, 0.0)	(94.0, 0.0)	(95.0, 0.0)	(96.0, 0.0)	(97.0, 0.0)	(98.0, 0.0)	(99.0, 0.0)	(100.0, 0.0)
SRR8438101_1	(0.0, 0.0)	(1.0, 0.0)	(2.0, 0.0)	(3.0, 0.0)	(4.0, 0.0)	(5.0, 0.0)	(6.0, 0.0)	(7.0, 0.0)	(8.0, 0.0)	(9.0, 0.0)	(10.0, 0.0)	(11.0, 0.0)	(12.0, 0.0)	(13.0, 0.0)	(14.0, 0.0)	(15.0, 0.0)	(16.0, 0.0)	(17.0, 0.0)	(18.0, 0.0)	(19.0, 0.0)	(20.0, 0.0)	(21.0, 0.0)	(22.0, 0.0)	(23.0, 0.0)	(24.0, 0.3333333333333333)	(25.0, 0.0)	(26.0, 0.0)	(27.0, 0.0)	(28.0, 0.3333333333333333)	(29.0, 0.3333333333333333)	(30.0, 0.0)	(31.0, 0.0)	(32.0, 0.0)	(33.0, 0.3333333333333333)	(34.0, 2.6666666666666665)	(35.0, 5.666666666666665)	(36.0, 3.3333333333333335)	(37.0, 11.000000000000002)	(38.0, 25.666666666666643)	(39.0, 103.66666666666627)	(40.0, 227.00000000000207)	(41.0, 184.66666666666754)	(42.0, 660.0000000000051)	(43.0, 430.66666666665964)	(44.0, 242.33333333333584)	(45.0, 208.33333333333488)	(46.0, 512.666666666655)	(47.0, 567.6666666666613)	(48.0, 558.3333333333269)	(49.0, 6286.999999998752)	(50.0, 2345.333333333282)	(51.0, 12769.666666672012)	(52.0, 15833.666666677585)	(53.0, 2992.66666666691)	(54.0, 2715.3333333334504)	(55.0, 2410.9999999999786)	(56.0, 2150.3333333331934)	(57.0, 964.6666666667064)	(58.0, 191.66666666666774)	(59.0, 71.3333333333334)	(60.0, 89.33333333333314)	(61.0, 26.99999999999997)	(62.0, 5.333333333333332)	(63.0, 8.666666666666664)	(64.0, 19.666666666666664)	(65.0, 7.666666666666663)	(66.0, 1.0)	(67.0, 0.6666666666666666)	(68.0, 0.3333333333333333)	(69.0, 0.3333333333333333)	(70.0, 0.3333333333333333)	(71.0, 0.3333333333333333)	(72.0, 0.3333333333333333)	(73.0, 0.0)	(74.0, 0.0)	(75.0, 0.0)	(76.0, 0.0)	(77.0, 0.0)	(78.0, 0.0)	(79.0, 0.0)	(80.0, 0.0)	(81.0, 0.0)	(82.0, 0.0)	(83.0, 0.0)	(84.0, 0.0)	(85.0, 0.0)	(86.0, 0.0)	(87.0, 0.0)	(88.0, 0.0)	(89.0, 0.0)	(90.0, 0.0)	(91.0, 0.0)	(92.0, 0.0)	(93.0, 0.0)	(94.0, 0.0)	(95.0, 0.0)	(96.0, 0.0)	(97.0, 0.0)	(98.0, 0.0)	(99.0, 0.0)	(100.0, 0.0)
SRR8438101_2	(0.0, 0.0)	(1.0, 0.0)	(2.0, 0.0)	(3.0, 0.0)	(4.0, 0.0)	(5.0, 0.0)	(6.0, 0.0)	(7.0, 0.0)	(8.0, 0.0)	(9.0, 0.0)	(10.0, 0.0)	(11.0, 0.0)	(12.0, 0.0)	(13.0, 0.0)	(14.0, 0.0)	(15.0, 0.0)	(16.0, 0.0)	(17.0, 0.0)	(18.0, 0.0)	(19.0, 0.0)	(20.0, 0.0)	(21.0, 0.0)	(22.0, 0.0)	(23.0, 0.0)	(24.0, 0.0)	(25.0, 0.3333333333333333)	(26.0, 0.3333333333333333)	(27.0, 0.0)	(28.0, 0.0)	(29.0, 0.3333333333333333)	(30.0, 0.3333333333333333)	(31.0, 0.0)	(32.0, 0.0)	(33.0, 1.3333333333333333)	(34.0, 1.0)	(35.0, 3.0)	(36.0, 6.666666666666664)	(37.0, 15.666666666666677)	(38.0, 55.666666666666785)	(39.0, 113.66666666666613)	(40.0, 168.33333333333374)	(41.0, 187.66666666666762)	(42.0, 708.6666666666773)	(43.0, 427.6666666666598)	(44.0, 218.83333333333516)	(45.0, 173.83333333333388)	(46.0, 142.66666666666634)	(47.0, 282.66666666666805)	(48.0, 446.3333333333254)	(49.0, 786.0000000000194)	(50.0, 5296.3333333329865)	(51.0, 3309.666666667054)	(52.0, 5313.666666666304)	(53.0, 12907.666666672263)	(54.0, 7718.333333330784)	(55.0, 3994.333333334032)	(56.0, 2590.666666666727)	(57.0, 1604.9999999999143)	(58.0, 834.0000000000249)	(59.0, 427.6666666666598)	(60.0, 243.33333333333587)	(61.0, 158.6666666666668)	(62.0, 96.33333333333304)	(63.0, 72.33333333333339)	(64.0, 42.66666666666669)	(65.0, 27.666666666666636)	(66.0, 25.666666666666643)	(67.0, 19.0)	(68.0, 10.0)	(69.0, 4.0)	(70.0, 2.333333333333333)	(71.0, 1.3333333333333333)	(72.0, 1.3333333333333333)	(73.0, 0.3333333333333333)	(74.0, 0.3333333333333333)	(75.0, 0.0)	(76.0, 0.0)	(77.0, 0.3333333333333333)	(78.0, 0.3333333333333333)	(79.0, 0.6666666666666666)	(80.0, 0.3333333333333333)	(81.0, 0.0)	(82.0, 0.3333333333333333)	(83.0, 0.3333333333333333)	(84.0, 0.0)	(85.0, 0.0)	(86.0, 0.0)	(87.0, 0.0)	(88.0, 0.0)	(89.0, 0.0)	(90.0, 0.0)	(91.0, 0.0)	(92.0, 0.0)	(93.0, 0.0)	(94.0, 0.0)	(95.0, 0.0)	(96.0, 0.0)	(97.0, 0.0)	(98.0, 0.0)	(99.0, 0.0)	(100.0, 0.5)
SRR8438102	(0.0, 0.0)	(1.0, 0.0)	(2.0, 0.0)	(3.0, 0.0)	(4.0, 0.0)	(5.0, 0.0)	(6.0, 0.0)	(7.0, 0.0)	(8.0, 0.0)	(9.0, 0.0)	(10.0, 0.0)	(11.0, 0.0)	(12.0, 0.0)	(13.0, 0.0)	(14.0, 0.0)	(15.0, 0.0)	(16.0, 0.0)	(17.0, 0.0)	(18.0, 0.0)	(19.0, 0.0)	(20.0, 0.0)	(21.0, 0.0)	(22.0, 0.0)	(23.0, 0.0)	(24.0, 0.0)	(25.0, 0.0)	(26.0, 0.0)	(27.0, 0.0)	(28.0, 0.0)	(29.0, 0.0)	(30.0, 0.0)	(31.0, 0.0)	(32.0, 0.0)	(33.0, 0.0)	(34.0, 0.0)	(35.0, 0.0)	(36.0, 0.0)	(37.0, 0.0)	(38.0, 0.0)	(39.0, 0.0)	(40.0, 0.0)	(41.0, 0.0)	(42.0, 0.0)	(43.0, 0.0)	(44.0, 0.3333333333333333)	(45.0, 0.3333333333333333)	(46.0, 0.3333333333333333)	(47.0, 0.3333333333333333)	(48.0, 0.3333333333333333)	(49.0, 0.3333333333333333)	(50.0, 0.3333333333333333)	(51.0, 0.3333333333333333)	(52.0, 0.3333333333333333)	(53.0, 0.0)	(54.0, 0.0)	(55.0, 0.0)	(56.0, 0.0)	(57.0, 0.0)	(58.0, 0.0)	(59.0, 0.0)	(60.0, 0.0)	(61.0, 0.0)	(62.0, 0.0)	(63.0, 0.0)	(64.0, 0.0)	(65.0, 0.0)	(66.0, 0.0)	(67.0, 0.0)	(68.0, 0.0)	(69.0, 0.0)	(70.0, 0.0)	(71.0, 0.0)	(72.0, 0.0)	(73.0, 0.0)	(74.0, 0.0)	(75.0, 0.0)	(76.0, 0.0)	(77.0, 0.0)	(78.0, 0.0)	(79.0, 0.0)	(80.0, 0.0)	(81.0, 0.0)	(82.0, 0.0)	(83.0, 0.0)	(84.0, 0.0)	(85.0, 0.0)	(86.0, 0.0)	(87.0, 0.0)	(88.0, 0.0)	(89.0, 0.0)	(90.0, 0.0)	(91.0, 0.0)	(92.0, 0.0)	(93.0, 0.0)	(94.0, 0.0)	(95.0, 0.0)	(96.0, 0.0)	(97.0, 0.0)	(98.0, 0.0)	(99.0, 0.0)	(100.0, 0.0)
SRR8438102_1	(0.0, 0.0)	(1.0, 0.0)	(2.0, 0.0)	(3.0, 0.0)	(4.0, 0.0)	(5.0, 0.0)	(6.0, 0.0)	(7.0, 0.0)	(8.0, 0.0)	(9.0, 0.0)	(10.0, 0.0)	(11.0, 0.0)	(12.0, 0.0)	(13.0, 0.0)	(14.0, 0.0)	(15.0, 0.0)	(16.0, 0.0)	(17.0, 0.0)	(18.0, 0.0)	(19.0, 0.0)	(20.0, 0.0)	(21.0, 0.0)	(22.0, 0.0)	(23.0, 0.0)	(24.0, 0.0)	(25.0, 0.0)	(26.0, 0.0)	(27.0, 0.0)	(28.0, 0.0)	(29.0, 0.0)	(30.0, 0.0)	(31.0, 0.0)	(32.0, 4.0)	(33.0, 0.3333333333333333)	(34.0, 0.6666666666666666)	(35.0, 0.3333333333333333)	(36.0, 2.6666666666666665)	(37.0, 1.9999999999999998)	(38.0, 7.666666666666663)	(39.0, 21.333333333333325)	(40.0, 212.333333333335)	(41.0, 152.3333333333333)	(42.0, 86.66666666666652)	(43.0, 124.33333333333265)	(44.0, 167.3333333333337)	(45.0, 182.0000000000008)	(46.0, 134.99999999999946)	(47.0, 173.66666666666723)	(48.0, 276.3333333333351)	(49.0, 2682.3333333334353)	(50.0, 2009.666666666489)	(51.0, 16067.666666678011)	(52.0, 19811.666666666115)	(53.0, 4387.00000000048)	(54.0, 2490.6666666666815)	(55.0, 1742.6666666665496)	(56.0, 608.666666666666)	(57.0, 233.00000000000225)	(58.0, 97.99999999999969)	(59.0, 52.666666666666764)	(60.0, 37.99999999999999)	(61.0, 18.666666666666668)	(62.0, 10.333333333333334)	(63.0, 5.333333333333332)	(64.0, 2.333333333333333)	(65.0, 0.0)	(66.0, 0.3333333333333333)	(67.0, 0.6666666666666666)	(68.0, 0.0)	(69.0, 0.0)	(70.0, 0.0)	(71.0, 0.3333333333333333)	(72.0, 0.0)	(73.0, 0.0)	(74.0, 0.0)	(75.0, 0.0)	(76.0, 0.0)	(77.0, 0.0)	(78.0, 0.0)	(79.0, 0.0)	(80.0, 0.0)	(81.0, 0.0)	(82.0, 0.0)	(83.0, 0.0)	(84.0, 0.0)	(85.0, 0.0)	(86.0, 0.0)	(87.0, 0.0)	(88.0, 0.0)	(89.0, 0.0)	(90.0, 0.0)	(91.0, 0.0)	(92.0, 0.0)	(93.0, 0.0)	(94.0, 0.0)	(95.0, 0.0)	(96.0, 0.0)	(97.0, 0.0)	(98.0, 0.0)	(99.0, 0.0)	(100.0, 0.0)
SRR8438102_2	(0.0, 0.0)	(1.0, 0.0)	(2.0, 0.0)	(3.0, 0.0)	(4.0, 0.0)	(5.0, 0.0)	(6.0, 0.0)	(7.0, 0.0)	(8.0, 0.0)	(9.0, 0.0)	(10.0, 0.0)	(11.0, 0.0)	(12.0, 0.0)	(13.0, 0.0)	(14.0, 0.0)	(15.0, 0.0)	(16.0, 0.0)	(17.0, 0.0)	(18.0, 0.0)	(19.0, 0.0)	(20.0, 0.0)	(21.0, 0.0)	(22.0, 0.0)	(23.0, 0.0)	(24.0, 0.0)	(25.0, 0.0)	(26.0, 0.0)	(27.0, 0.0)	(28.0, 0.0)	(29.0, 0.0)	(30.0, 2.333333333333333)	(31.0, 1.9999999999999998)	(32.0, 0.3333333333333333)	(33.0, 0.6666666666666666)	(34.0, 0.6666666666666666)	(35.0, 0.0)	(36.0, 0.3333333333333333)	(37.0, 6.666666666666664)	(38.0, 51.33333333333342)	(39.0, 106.99999999999956)	(40.0, 138.16666666666623)	(41.0, 55.83333333333346)	(42.0, 82.66666666666657)	(43.0, 109.99999999999952)	(44.0, 110.66666666666617)	(45.0, 105.99999999999957)	(46.0, 95.66666666666639)	(47.0, 108.6666666666662)	(48.0, 117.49999999999942)	(49.0, 346.8333333333311)	(50.0, 1917.6666666665099)	(51.0, 2102.833333333172)	(52.0, 11406.8333333362)	(53.0, 16773.666666677167)	(54.0, 6934.999999998163)	(55.0, 3567.6666666671713)	(56.0, 2065.6666666664883)	(57.0, 1172.333333333346)	(58.0, 706.3333333333437)	(59.0, 452.9999999999917)	(60.0, 323.6666666666657)	(61.0, 219.00000000000185)	(62.0, 159.66666666666683)	(63.0, 109.66666666666619)	(64.0, 84.66666666666654)	(65.0, 54.33333333333344)	(66.0, 35.33333333333331)	(67.0, 19.999999999999996)	(68.0, 12.333333333333337)	(69.0, 10.666666666666668)	(70.0, 4.666666666666666)	(71.0, 2.6666666666666665)	(72.0, 3.666666666666667)	(73.0, 2.333333333333333)	(74.0, 0.6666666666666666)	(75.0, 1.0)	(76.0, 0.6666666666666666)	(77.0, 0.6666666666666666)	(78.0, 0.0)	(79.0, 0.6666666666666666)	(80.0, 0.6666666666666666)	(81.0, 0.0)	(82.0, 0.3333333333333333)	(83.0, 0.0)	(84.0, 0.3333333333333333)	(85.0, 0.3333333333333333)	(86.0, 0.6666666666666666)	(87.0, 0.0)	(88.0, 0.3333333333333333)	(89.0, 0.0)	(90.0, 0.3333333333333333)	(91.0, 0.0)	(92.0, 0.0)	(93.0, 0.3333333333333333)	(94.0, 0.0)	(95.0, 0.0)	(96.0, 0.0)	(97.0, 0.3333333333333333)	(98.0, 0.0)	(99.0, 0.0)	(100.0, 0.0)
SRR8438103	(0.0, 0.0)	(1.0, 0.0)	(2.0, 0.0)	(3.0, 0.0)	(4.0, 0.0)	(5.0, 0.0)	(6.0, 0.0)	(7.0, 0.0)	(8.0, 0.0)	(9.0, 0.0)	(10.0, 0.0)	(11.0, 0.0)	(12.0, 0.0)	(13.0, 0.0)	(14.0, 0.0)	(15.0, 0.0)	(16.0, 0.0)	(17.0, 0.0)	(18.0, 0.0)	(19.0, 0.0)	(20.0, 0.0)	(21.0, 0.0)	(22.0, 0.0)	(23.0, 0.0)	(24.0, 0.0)	(25.0, 0.0)	(26.0, 0.0)	(27.0, 0.0)	(28.0, 0.0)	(29.0, 0.0)	(30.0, 0.0)	(31.0, 0.0)	(32.0, 0.0)	(33.0, 0.0)	(34.0, 0.0)	(35.0, 0.0)	(36.0, 0.0)	(37.0, 0.0)	(38.0, 0.0)	(39.0, 0.0)	(40.0, 0.3333333333333333)	(41.0, 0.6666666666666666)	(42.0, 1.3333333333333333)	(43.0, 1.6666666666666665)	(44.0, 1.0)	(45.0, 2.6666666666666665)	(46.0, 4.0)	(47.0, 3.666666666666667)	(48.0, 3.666666666666667)	(49.0, 3.0)	(50.0, 0.6666666666666666)	(51.0, 1.0)	(52.0, 0.0)	(53.0, 0.0)	(54.0, 0.0)	(55.0, 0.0)	(56.0, 0.0)	(57.0, 0.0)	(58.0, 0.0)	(59.0, 0.0)	(60.0, 0.0)	(61.0, 0.0)	(62.0, 0.0)	(63.0, 0.0)	(64.0, 0.0)	(65.0, 0.0)	(66.0, 0.0)	(67.0, 0.0)	(68.0, 0.0)	(69.0, 0.0)	(70.0, 0.0)	(71.0, 0.0)	(72.0, 0.0)	(73.0, 0.0)	(74.0, 0.0)	(75.0, 0.0)	(76.0, 0.0)	(77.0, 0.0)	(78.0, 0.0)	(79.0, 0.0)	(80.0, 0.0)	(81.0, 0.0)	(82.0, 0.0)	(83.0, 0.0)	(84.0, 0.0)	(85.0, 0.0)	(86.0, 0.0)	(87.0, 0.0)	(88.0, 0.0)	(89.0, 0.0)	(90.0, 0.0)	(91.0, 0.0)	(92.0, 0.0)	(93.0, 0.0)	(94.0, 0.0)	(95.0, 0.0)	(96.0, 0.0)	(97.0, 0.0)	(98.0, 0.0)	(99.0, 0.0)	(100.0, 0.0)
SRR8438103_1	(0.0, 0.0)	(1.0, 0.0)	(2.0, 0.0)	(3.0, 0.0)	(4.0, 0.0)	(5.0, 0.0)	(6.0, 0.0)	(7.0, 0.0)	(8.0, 0.0)	(9.0, 0.0)	(10.0, 0.0)	(11.0, 0.0)	(12.0, 0.0)	(13.0, 0.0)	(14.0, 0.0)	(15.0, 0.0)	(16.0, 0.0)	(17.0, 0.0)	(18.0, 0.0)	(19.0, 0.3333333333333333)	(20.0, 0.3333333333333333)	(21.0, 0.3333333333333333)	(22.0, 0.3333333333333333)	(23.0, 0.0)	(24.0, 0.0)	(25.0, 0.0)	(26.0, 0.6666666666666666)	(27.0, 6.333333333333331)	(28.0, 1.9999999999999998)	(29.0, 0.3333333333333333)	(30.0, 0.3333333333333333)	(31.0, 0.3333333333333333)	(32.0, 4.333333333333333)	(33.0, 36.999999999999986)	(34.0, 17.000000000000007)	(35.0, 1.3333333333333333)	(36.0, 20.66666666666666)	(37.0, 54.00000000000011)	(38.0, 23.999999999999982)	(39.0, 44.33333333333337)	(40.0, 127.3333333333326)	(41.0, 266.33333333333564)	(42.0, 236.66666666666902)	(43.0, 535.999999999991)	(44.0, 666.3333333333392)	(45.0, 987.3333333333757)	(46.0, 800.3333333333544)	(47.0, 380.9999999999958)	(48.0, 664.3333333333389)	(49.0, 1502.333333333271)	(50.0, 1197.000000000007)	(51.0, 14162.666666674546)	(52.0, 18338.00000000481)	(53.0, 4222.333333333963)	(54.0, 1680.6666666665637)	(55.0, 1749.666666666548)	(56.0, 2015.3333333331543)	(57.0, 882.0000000000304)	(58.0, 276.6666666666684)	(59.0, 66.33333333333347)	(60.0, 32.333333333333286)	(61.0, 17.000000000000007)	(62.0, 9.666666666666666)	(63.0, 6.999999999999997)	(64.0, 39.0)	(65.0, 12.000000000000004)	(66.0, 1.3333333333333333)	(67.0, 0.0)	(68.0, 1.3333333333333333)	(69.0, 2.333333333333333)	(70.0, 0.0)	(71.0, 0.3333333333333333)	(72.0, 0.0)	(73.0, 0.0)	(74.0, 0.0)	(75.0, 0.0)	(76.0, 0.0)	(77.0, 0.3333333333333333)	(78.0, 0.0)	(79.0, 0.0)	(80.0, 0.0)	(81.0, 0.0)	(82.0, 0.0)	(83.0, 0.0)	(84.0, 0.0)	(85.0, 0.0)	(86.0, 0.0)	(87.0, 0.0)	(88.0, 0.0)	(89.0, 0.0)	(90.0, 0.0)	(91.0, 0.0)	(92.0, 0.0)	(93.0, 0.0)	(94.0, 0.0)	(95.0, 0.0)	(96.0, 0.0)	(97.0, 0.0)	(98.0, 0.0)	(99.0, 0.0)	(100.0, 0.0)
SRR8438103_2	(0.0, 0.0)	(1.0, 0.0)	(2.0, 0.0)	(3.0, 0.0)	(4.0, 0.0)	(5.0, 0.0)	(6.0, 0.0)	(7.0, 0.0)	(8.0, 0.0)	(9.0, 0.0)	(10.0, 0.0)	(11.0, 0.0)	(12.0, 0.0)	(13.0, 0.0)	(14.0, 0.0)	(15.0, 0.0)	(16.0, 0.0)	(17.0, 0.0)	(18.0, 0.0)	(19.0, 0.0)	(20.0, 0.0)	(21.0, 0.0)	(22.0, 0.0)	(23.0, 0.0)	(24.0, 4.0)	(25.0, 5.333333333333332)	(26.0, 1.0)	(27.0, 0.3333333333333333)	(28.0, 0.0)	(29.0, 0.3333333333333333)	(30.0, 2.333333333333333)	(31.0, 28.3333333333333)	(32.0, 18.666666666666668)	(33.0, 4.666666666666666)	(34.0, 3.0)	(35.0, 10.0)	(36.0, 41.666666666666686)	(37.0, 45.00000000000004)	(38.0, 22.999999999999986)	(39.0, 38.33333333333333)	(40.0, 83.16666666666657)	(41.0, 206.5000000000015)	(42.0, 455.6666666666582)	(43.0, 700.6666666666764)	(44.0, 696.3333333333426)	(45.0, 423.99999999999335)	(46.0, 409.66666666666083)	(47.0, 501.9999999999889)	(48.0, 537.8333333333246)	(49.0, 1054.166666666706)	(50.0, 1416.9999999999573)	(51.0, 1656.333333333236)	(52.0, 10019.66666666701)	(53.0, 13990.000000007565)	(54.0, 6004.999999999009)	(55.0, 3557.0000000004998)	(56.0, 2850.6666666668452)	(57.0, 1606.9999999999138)	(58.0, 802.3333333333546)	(59.0, 428.66666666665975)	(60.0, 265.666666666669)	(61.0, 166.00000000000034)	(62.0, 114.33333333333279)	(63.0, 72.66666666666671)	(64.0, 53.0000000000001)	(65.0, 51.33333333333342)	(66.0, 48.666666666666735)	(67.0, 29.99999999999996)	(68.0, 13.000000000000005)	(69.0, 6.333333333333331)	(70.0, 4.666666666666666)	(71.0, 3.0)	(72.0, 2.6666666666666665)	(73.0, 1.0)	(74.0, 0.3333333333333333)	(75.0, 1.9999999999999998)	(76.0, 1.3333333333333333)	(77.0, 1.3333333333333333)	(78.0, 0.3333333333333333)	(79.0, 0.6666666666666666)	(80.0, 1.6666666666666665)	(81.0, 1.0)	(82.0, 0.3333333333333333)	(83.0, 0.6666666666666666)	(84.0, 0.0)	(85.0, 0.3333333333333333)	(86.0, 0.3333333333333333)	(87.0, 0.3333333333333333)	(88.0, 0.0)	(89.0, 0.6666666666666666)	(90.0, 0.0)	(91.0, 0.0)	(92.0, 0.0)	(93.0, 0.3333333333333333)	(94.0, 0.6666666666666666)	(95.0, 0.3333333333333333)	(96.0, 0.0)	(97.0, 0.0)	(98.0, 0.0)	(99.0, 0.0)	(100.0, 0.0)
SRR8438104	(0.0, 0.0)	(1.0, 0.0)	(2.0, 0.0)	(3.0, 0.0)	(4.0, 0.0)	(5.0, 0.0)	(6.0, 0.0)	(7.0, 0.0)	(8.0, 0.0)	(9.0, 0.0)	(10.0, 0.0)	(11.0, 0.0)	(12.0, 0.0)	(13.0, 0.0)	(14.0, 0.0)	(15.0, 0.0)	(16.0, 0.0)	(17.0, 0.0)	(18.0, 0.0)	(19.0, 0.0)	(20.0, 0.0)	(21.0, 0.0)	(22.0, 0.0)	(23.0, 0.0)	(24.0, 0.0)	(25.0, 0.0)	(26.0, 0.0)	(27.0, 0.0)	(28.0, 0.0)	(29.0, 0.0)	(30.0, 0.0)	(31.0, 0.0)	(32.0, 0.0)	(33.0, 0.0)	(34.0, 0.0)	(35.0, 0.0)	(36.0, 0.0)	(37.0, 0.0)	(38.0, 0.0)	(39.0, 0.3333333333333333)	(40.0, 0.3333333333333333)	(41.0, 0.0)	(42.0, 0.0)	(43.0, 0.0)	(44.0, 0.0)	(45.0, 0.6666666666666666)	(46.0, 0.3333333333333333)	(47.0, 0.3333333333333333)	(48.0, 0.0)	(49.0, 0.0)	(50.0, 0.0)	(51.0, 0.0)	(52.0, 0.0)	(53.0, 0.0)	(54.0, 0.0)	(55.0, 0.0)	(56.0, 0.0)	(57.0, 0.0)	(58.0, 0.0)	(59.0, 0.0)	(60.0, 0.0)	(61.0, 0.0)	(62.0, 0.0)	(63.0, 0.0)	(64.0, 0.0)	(65.0, 0.0)	(66.0, 0.0)	(67.0, 0.0)	(68.0, 0.0)	(69.0, 0.0)	(70.0, 0.0)	(71.0, 0.0)	(72.0, 0.0)	(73.0, 0.0)	(74.0, 0.0)	(75.0, 0.0)	(76.0, 0.0)	(77.0, 0.0)	(78.0, 0.0)	(79.0, 0.0)	(80.0, 0.0)	(81.0, 0.0)	(82.0, 0.0)	(83.0, 0.0)	(84.0, 0.0)	(85.0, 0.0)	(86.0, 0.0)	(87.0, 0.0)	(88.0, 0.0)	(89.0, 0.0)	(90.0, 0.0)	(91.0, 0.0)	(92.0, 0.0)	(93.0, 0.0)	(94.0, 0.0)	(95.0, 0.0)	(96.0, 0.0)	(97.0, 0.0)	(98.0, 0.0)	(99.0, 0.0)	(100.0, 0.0)
SRR8438104_1	(0.0, 0.0)	(1.0, 0.0)	(2.0, 0.0)	(3.0, 0.0)	(4.0, 0.0)	(5.0, 0.0)	(6.0, 0.0)	(7.0, 0.0)	(8.0, 0.0)	(9.0, 0.0)	(10.0, 0.0)	(11.0, 0.0)	(12.0, 0.0)	(13.0, 0.0)	(14.0, 0.0)	(15.0, 0.0)	(16.0, 0.0)	(17.0, 0.0)	(18.0, 0.0)	(19.0, 0.0)	(20.0, 0.0)	(21.0, 0.0)	(22.0, 0.0)	(23.0, 0.0)	(24.0, 0.0)	(25.0, 0.3333333333333333)	(26.0, 0.0)	(27.0, 0.0)	(28.0, 0.6666666666666666)	(29.0, 0.6666666666666666)	(30.0, 0.0)	(31.0, 0.3333333333333333)	(32.0, 0.3333333333333333)	(33.0, 0.3333333333333333)	(34.0, 0.6666666666666666)	(35.0, 2.6666666666666665)	(36.0, 5.333333333333332)	(37.0, 12.333333333333337)	(38.0, 21.99999999999999)	(39.0, 41.666666666666686)	(40.0, 100.33333333333299)	(41.0, 119.33333333333272)	(42.0, 140.6666666666663)	(43.0, 198.66666666666794)	(44.0, 204.33333333333476)	(45.0, 263.66666666666913)	(46.0, 225.00000000000202)	(47.0, 240.3333333333358)	(48.0, 413.9999999999939)	(49.0, 607.9999999999992)	(50.0, 586.9999999999968)	(51.0, 1309.9999999999814)	(52.0, 1993.9999999998258)	(53.0, 1720.999999999888)	(54.0, 1617.9999999999113)	(55.0, 1320.3333333333123)	(56.0, 840.333333333359)	(57.0, 271.33333333333536)	(58.0, 124.66666666666598)	(59.0, 123.66666666666599)	(60.0, 69.66666666666676)	(61.0, 36.999999999999986)	(62.0, 23.999999999999982)	(63.0, 4.666666666666666)	(64.0, 3.0)	(65.0, 2.333333333333333)	(66.0, 0.6666666666666666)	(67.0, 0.3333333333333333)	(68.0, 0.6666666666666666)	(69.0, 0.6666666666666666)	(70.0, 0.0)	(71.0, 0.0)	(72.0, 0.0)	(73.0, 0.0)	(74.0, 0.0)	(75.0, 0.0)	(76.0, 0.0)	(77.0, 0.0)	(78.0, 0.0)	(79.0, 0.0)	(80.0, 0.0)	(81.0, 0.0)	(82.0, 0.0)	(83.0, 0.0)	(84.0, 0.0)	(85.0, 0.0)	(86.0, 0.0)	(87.0, 0.0)	(88.0, 0.0)	(89.0, 0.0)	(90.0, 0.0)	(91.0, 0.0)	(92.0, 0.0)	(93.0, 0.0)	(94.0, 0.0)	(95.0, 0.0)	(96.0, 0.0)	(97.0, 0.0)	(98.0, 0.0)	(99.0, 0.0)	(100.0, 0.0)
SRR8438104_2	(0.0, 0.0)	(1.0, 0.0)	(2.0, 0.0)	(3.0, 0.0)	(4.0, 0.0)	(5.0, 0.0)	(6.0, 0.0)	(7.0, 0.0)	(8.0, 0.0)	(9.0, 0.0)	(10.0, 0.0)	(11.0, 0.0)	(12.0, 0.0)	(13.0, 0.0)	(14.0, 0.0)	(15.0, 0.0)	(16.0, 0.0)	(17.0, 0.0)	(18.0, 0.0)	(19.0, 0.0)	(20.0, 0.0)	(21.0, 0.0)	(22.0, 0.0)	(23.0, 0.0)	(24.0, 0.0)	(25.0, 0.0)	(26.0, 0.0)	(27.0, 0.0)	(28.0, 0.0)	(29.0, 0.0)	(30.0, 0.0)	(31.0, 0.0)	(32.0, 0.0)	(33.0, 0.0)	(34.0, 0.3333333333333333)	(35.0, 0.3333333333333333)	(36.0, 0.0)	(37.0, 0.0)	(38.0, 0.6666666666666666)	(39.0, 3.3333333333333335)	(40.0, 7.33333333333333)	(41.0, 9.333333333333332)	(42.0, 18.333333333333336)	(43.0, 27.333333333333304)	(44.0, 40.00000000000001)	(45.0, 78.99999999999996)	(46.0, 115.33333333333277)	(47.0, 190.33333333333437)	(48.0, 254.66666666666953)	(49.0, 455.99999999999153)	(50.0, 901.3333333333659)	(51.0, 776.666666666685)	(52.0, 1293.3333333333185)	(53.0, 1914.6666666665105)	(54.0, 1596.999999999916)	(55.0, 1318.3333333333128)	(56.0, 1166.000000000014)	(57.0, 866.0000000000285)	(58.0, 552.3333333333262)	(59.0, 359.6666666666637)	(60.0, 193.6666666666678)	(61.0, 107.99999999999955)	(62.0, 78.3333333333333)	(63.0, 66.33333333333347)	(64.0, 44.000000000000036)	(65.0, 32.66666666666662)	(66.0, 26.99999999999997)	(67.0, 15.333333333333343)	(68.0, 11.333333333333336)	(69.0, 10.0)	(70.0, 5.666666666666665)	(71.0, 1.0)	(72.0, 1.3333333333333333)	(73.0, 1.6666666666666665)	(74.0, 1.0)	(75.0, 0.3333333333333333)	(76.0, 0.3333333333333333)	(77.0, 0.3333333333333333)	(78.0, 0.3333333333333333)	(79.0, 0.0)	(80.0, 0.0)	(81.0, 0.0)	(82.0, 0.0)	(83.0, 0.0)	(84.0, 0.0)	(85.0, 0.0)	(86.0, 0.0)	(87.0, 0.0)	(88.0, 0.0)	(89.0, 0.0)	(90.0, 0.0)	(91.0, 0.0)	(92.0, 0.0)	(93.0, 0.3333333333333333)	(94.0, 0.0)	(95.0, 0.0)	(96.0, 0.0)	(97.0, 0.0)	(98.0, 0.0)	(99.0, 0.0)	(100.0, 0.0)
SRR8438105	(0.0, 0.0)	(1.0, 0.0)	(2.0, 0.0)	(3.0, 0.0)	(4.0, 0.0)	(5.0, 0.0)	(6.0, 0.0)	(7.0, 0.0)	(8.0, 0.0)	(9.0, 0.0)	(10.0, 0.0)	(11.0, 0.0)	(12.0, 0.0)	(13.0, 0.0)	(14.0, 0.0)	(15.0, 0.0)	(16.0, 0.0)	(17.0, 0.0)	(18.0, 0.0)	(19.0, 0.0)	(20.0, 0.0)	(21.0, 0.0)	(22.0, 0.0)	(23.0, 0.0)	(24.0, 0.0)	(25.0, 0.0)	(26.0, 0.0)	(27.0, 0.0)	(28.0, 0.0)	(29.0, 0.0)	(30.0, 0.0)	(31.0, 0.0)	(32.0, 0.0)	(33.0, 0.0)	(34.0, 0.0)	(35.0, 0.0)	(36.0, 0.0)	(37.0, 0.0)	(38.0, 0.0)	(39.0, 0.0)	(40.0, 0.3333333333333333)	(41.0, 0.6666666666666666)	(42.0, 0.0)	(43.0, 0.3333333333333333)	(44.0, 0.6666666666666666)	(45.0, 1.0)	(46.0, 0.3333333333333333)	(47.0, 0.0)	(48.0, 0.3333333333333333)	(49.0, 0.6666666666666666)	(50.0, 0.0)	(51.0, 0.0)	(52.0, 0.0)	(53.0, 0.0)	(54.0, 0.0)	(55.0, 0.0)	(56.0, 0.0)	(57.0, 0.0)	(58.0, 0.0)	(59.0, 0.0)	(60.0, 0.0)	(61.0, 0.0)	(62.0, 0.0)	(63.0, 0.0)	(64.0, 0.0)	(65.0, 0.0)	(66.0, 0.0)	(67.0, 0.0)	(68.0, 0.0)	(69.0, 0.0)	(70.0, 0.0)	(71.0, 0.0)	(72.0, 0.0)	(73.0, 0.0)	(74.0, 0.0)	(75.0, 0.0)	(76.0, 0.0)	(77.0, 0.0)	(78.0, 0.0)	(79.0, 0.0)	(80.0, 0.0)	(81.0, 0.0)	(82.0, 0.0)	(83.0, 0.0)	(84.0, 0.0)	(85.0, 0.0)	(86.0, 0.0)	(87.0, 0.0)	(88.0, 0.0)	(89.0, 0.0)	(90.0, 0.0)	(91.0, 0.0)	(92.0, 0.0)	(93.0, 0.0)	(94.0, 0.0)	(95.0, 0.0)	(96.0, 0.0)	(97.0, 0.0)	(98.0, 0.0)	(99.0, 0.0)	(100.0, 0.0)
SRR8438105_1	(0.0, 0.0)	(1.0, 0.0)	(2.0, 0.0)	(3.0, 0.0)	(4.0, 0.0)	(5.0, 0.0)	(6.0, 0.0)	(7.0, 0.0)	(8.0, 0.0)	(9.0, 0.0)	(10.0, 0.0)	(11.0, 0.0)	(12.0, 0.0)	(13.0, 0.0)	(14.0, 0.0)	(15.0, 0.0)	(16.0, 0.0)	(17.0, 0.0)	(18.0, 0.0)	(19.0, 0.0)	(20.0, 0.0)	(21.0, 0.0)	(22.0, 0.0)	(23.0, 0.0)	(24.0, 0.0)	(25.0, 0.0)	(26.0, 0.0)	(27.0, 0.0)	(28.0, 0.0)	(29.0, 0.0)	(30.0, 0.0)	(31.0, 0.6666666666666666)	(32.0, 1.0)	(33.0, 4.666666666666666)	(34.0, 4.999999999999999)	(35.0, 4.666666666666666)	(36.0, 6.666666666666664)	(37.0, 8.33333333333333)	(38.0, 11.66666666666667)	(39.0, 32.99999999999996)	(40.0, 84.33333333333321)	(41.0, 106.3333333333329)	(42.0, 157.33333333333343)	(43.0, 257.33333333333616)	(44.0, 310.66666666666646)	(45.0, 365.99999999999665)	(46.0, 516.3333333333221)	(47.0, 454.33333333332496)	(48.0, 555.6666666666599)	(49.0, 857.6666666666943)	(50.0, 755.6666666666827)	(51.0, 2474.0000000000073)	(52.0, 3153.000000000316)	(53.0, 1386.3333333332973)	(54.0, 1079.3333333333671)	(55.0, 893.333333333365)	(56.0, 603.6666666666654)	(57.0, 265.3333333333357)	(58.0, 117.9999999999994)	(59.0, 61.000000000000156)	(60.0, 55.33333333333345)	(61.0, 26.99999999999997)	(62.0, 18.000000000000004)	(63.0, 6.333333333333331)	(64.0, 2.6666666666666665)	(65.0, 2.6666666666666665)	(66.0, 1.0)	(67.0, 0.3333333333333333)	(68.0, 0.3333333333333333)	(69.0, 0.6666666666666666)	(70.0, 0.6666666666666666)	(71.0, 0.0)	(72.0, 0.0)	(73.0, 0.0)	(74.0, 0.0)	(75.0, 0.0)	(76.0, 0.0)	(77.0, 0.0)	(78.0, 0.0)	(79.0, 0.0)	(80.0, 0.0)	(81.0, 0.0)	(82.0, 0.0)	(83.0, 0.0)	(84.0, 0.0)	(85.0, 0.0)	(86.0, 0.0)	(87.0, 0.0)	(88.0, 0.0)	(89.0, 0.0)	(90.0, 0.0)	(91.0, 0.0)	(92.0, 0.0)	(93.0, 0.0)	(94.0, 0.0)	(95.0, 0.0)	(96.0, 0.0)	(97.0, 0.0)	(98.0, 0.0)	(99.0, 0.0)	(100.0, 0.0)
SRR8438105_2	(0.0, 0.0)	(1.0, 0.0)	(2.0, 0.0)	(3.0, 0.0)	(4.0, 0.0)	(5.0, 0.0)	(6.0, 0.0)	(7.0, 0.0)	(8.0, 0.0)	(9.0, 0.0)	(10.0, 0.0)	(11.0, 0.0)	(12.0, 0.0)	(13.0, 0.0)	(14.0, 0.0)	(15.0, 0.0)	(16.0, 0.0)	(17.0, 0.0)	(18.0, 0.0)	(19.0, 0.0)	(20.0, 0.0)	(21.0, 0.0)	(22.0, 0.0)	(23.0, 0.0)	(24.0, 0.0)	(25.0, 0.0)	(26.0, 0.3333333333333333)	(27.0, 0.3333333333333333)	(28.0, 0.0)	(29.0, 0.3333333333333333)	(30.0, 0.3333333333333333)	(31.0, 0.0)	(32.0, 0.0)	(33.0, 0.6666666666666666)	(34.0, 0.6666666666666666)	(35.0, 1.3333333333333333)	(36.0, 2.333333333333333)	(37.0, 4.0)	(38.0, 3.3333333333333335)	(39.0, 18.000000000000004)	(40.0, 26.66666666666664)	(41.0, 37.66666666666666)	(42.0, 34.3333333333333)	(43.0, 43.333333333333364)	(44.0, 72.00000000000006)	(45.0, 101.6666666666663)	(46.0, 156.66666666666674)	(47.0, 268.0000000000022)	(48.0, 351.6666666666641)	(49.0, 486.66666666665645)	(50.0, 687.3333333333416)	(51.0, 800.3333333333544)	(52.0, 2272.6666666665824)	(53.0, 2903.0000000002024)	(54.0, 1577.9999999999204)	(55.0, 1114.000000000026)	(56.0, 981.333333333375)	(57.0, 752.0000000000156)	(58.0, 564.3333333333276)	(59.0, 380.33333333332916)	(60.0, 250.33333333333607)	(61.0, 163.66666666666694)	(62.0, 137.33333333333286)	(63.0, 91.66666666666644)	(64.0, 65.00000000000016)	(65.0, 58.000000000000135)	(66.0, 50.333333333333414)	(67.0, 33.999999999999964)	(68.0, 17.66666666666667)	(69.0, 10.333333333333334)	(70.0, 9.333333333333332)	(71.0, 6.333333333333331)	(72.0, 3.666666666666667)	(73.0, 3.0)	(74.0, 2.6666666666666665)	(75.0, 1.9999999999999998)	(76.0, 2.333333333333333)	(77.0, 1.9999999999999998)	(78.0, 0.0)	(79.0, 0.0)	(80.0, 0.0)	(81.0, 0.0)	(82.0, 0.0)	(83.0, 0.0)	(84.0, 0.0)	(85.0, 0.0)	(86.0, 0.3333333333333333)	(87.0, 0.0)	(88.0, 0.0)	(89.0, 0.3333333333333333)	(90.0, 0.3333333333333333)	(91.0, 0.3333333333333333)	(92.0, 0.3333333333333333)	(93.0, 0.0)	(94.0, 0.0)	(95.0, 0.0)	(96.0, 0.0)	(97.0, 0.0)	(98.0, 0.3333333333333333)	(99.0, 0.3333333333333333)	(100.0, 0.0)
SRR8438106	(0.0, 0.0)	(1.0, 0.0)	(2.0, 0.0)	(3.0, 0.0)	(4.0, 0.0)	(5.0, 0.0)	(6.0, 0.0)	(7.0, 0.0)	(8.0, 0.0)	(9.0, 0.0)	(10.0, 0.0)	(11.0, 0.0)	(12.0, 0.0)	(13.0, 0.0)	(14.0, 0.0)	(15.0, 0.0)	(16.0, 0.0)	(17.0, 0.0)	(18.0, 0.0)	(19.0, 0.0)	(20.0, 0.0)	(21.0, 0.0)	(22.0, 0.0)	(23.0, 0.0)	(24.0, 0.0)	(25.0, 0.0)	(26.0, 0.0)	(27.0, 0.0)	(28.0, 0.0)	(29.0, 0.0)	(30.0, 0.0)	(31.0, 0.0)	(32.0, 0.0)	(33.0, 0.0)	(34.0, 0.0)	(35.0, 0.0)	(36.0, 0.0)	(37.0, 0.0)	(38.0, 0.0)	(39.0, 0.0)	(40.0, 0.0)	(41.0, 0.3333333333333333)	(42.0, 1.0)	(43.0, 0.0)	(44.0, 0.0)	(45.0, 0.3333333333333333)	(46.0, 1.3333333333333333)	(47.0, 1.9999999999999998)	(48.0, 1.3333333333333333)	(49.0, 0.6666666666666666)	(50.0, 0.6666666666666666)	(51.0, 0.0)	(52.0, 0.0)	(53.0, 0.0)	(54.0, 0.0)	(55.0, 0.0)	(56.0, 0.0)	(57.0, 0.0)	(58.0, 0.0)	(59.0, 0.0)	(60.0, 0.0)	(61.0, 0.3333333333333333)	(62.0, 0.0)	(63.0, 0.0)	(64.0, 0.0)	(65.0, 0.0)	(66.0, 0.0)	(67.0, 0.0)	(68.0, 0.0)	(69.0, 0.0)	(70.0, 0.0)	(71.0, 0.0)	(72.0, 0.0)	(73.0, 0.0)	(74.0, 0.0)	(75.0, 0.0)	(76.0, 0.0)	(77.0, 0.0)	(78.0, 0.0)	(79.0, 0.0)	(80.0, 0.0)	(81.0, 0.0)	(82.0, 0.0)	(83.0, 0.0)	(84.0, 0.0)	(85.0, 0.0)	(86.0, 0.0)	(87.0, 0.0)	(88.0, 0.0)	(89.0, 0.0)	(90.0, 0.0)	(91.0, 0.0)	(92.0, 0.0)	(93.0, 0.0)	(94.0, 0.0)	(95.0, 0.0)	(96.0, 0.0)	(97.0, 0.0)	(98.0, 0.0)	(99.0, 0.0)	(100.0, 0.0)
SRR8438106_1	(0.0, 0.0)	(1.0, 0.0)	(2.0, 0.0)	(3.0, 0.0)	(4.0, 0.0)	(5.0, 0.0)	(6.0, 0.0)	(7.0, 0.0)	(8.0, 0.0)	(9.0, 0.0)	(10.0, 0.0)	(11.0, 0.0)	(12.0, 0.0)	(13.0, 0.0)	(14.0, 0.0)	(15.0, 0.0)	(16.0, 0.0)	(17.0, 0.0)	(18.0, 0.0)	(19.0, 0.0)	(20.0, 0.0)	(21.0, 0.0)	(22.0, 0.0)	(23.0, 0.0)	(24.0, 0.0)	(25.0, 0.0)	(26.0, 0.3333333333333333)	(27.0, 0.0)	(28.0, 0.0)	(29.0, 0.0)	(30.0, 0.0)	(31.0, 0.0)	(32.0, 0.0)	(33.0, 0.0)	(34.0, 0.0)	(35.0, 0.0)	(36.0, 0.3333333333333333)	(37.0, 1.6666666666666665)	(38.0, 6.333333333333331)	(39.0, 12.000000000000004)	(40.0, 33.66666666666663)	(41.0, 48.666666666666735)	(42.0, 52.33333333333343)	(43.0, 60.333333333333485)	(44.0, 74.66666666666669)	(45.0, 90.33333333333313)	(46.0, 98.33333333333302)	(47.0, 183.6666666666675)	(48.0, 2299.6666666665947)	(49.0, 27575.66666663787)	(50.0, 9413.999999999241)	(51.0, 4270.33333333392)	(52.0, 3734.0000000005803)	(53.0, 498.6666666666558)	(54.0, 181.66666666666745)	(55.0, 86.99999999999984)	(56.0, 71.3333333333334)	(57.0, 44.66666666666671)	(58.0, 12.333333333333337)	(59.0, 6.999999999999997)	(60.0, 2.6666666666666665)	(61.0, 1.3333333333333333)	(62.0, 0.3333333333333333)	(63.0, 0.0)	(64.0, 0.6666666666666666)	(65.0, 0.3333333333333333)	(66.0, 0.0)	(67.0, 0.0)	(68.0, 0.0)	(69.0, 0.0)	(70.0, 0.0)	(71.0, 0.0)	(72.0, 0.0)	(73.0, 0.0)	(74.0, 0.0)	(75.0, 0.0)	(76.0, 0.0)	(77.0, 0.0)	(78.0, 0.0)	(79.0, 0.0)	(80.0, 0.0)	(81.0, 0.0)	(82.0, 0.0)	(83.0, 0.0)	(84.0, 0.0)	(85.0, 0.0)	(86.0, 0.0)	(87.0, 0.0)	(88.0, 0.0)	(89.0, 0.0)	(90.0, 0.0)	(91.0, 0.0)	(92.0, 0.0)	(93.0, 0.0)	(94.0, 0.0)	(95.0, 0.0)	(96.0, 0.0)	(97.0, 0.0)	(98.0, 0.0)	(99.0, 0.0)	(100.0, 0.0)
SRR8438106_2	(0.0, 0.0)	(1.0, 0.0)	(2.0, 0.0)	(3.0, 0.0)	(4.0, 0.0)	(5.0, 0.0)	(6.0, 0.0)	(7.0, 0.0)	(8.0, 0.0)	(9.0, 0.0)	(10.0, 0.0)	(11.0, 0.0)	(12.0, 0.0)	(13.0, 0.0)	(14.0, 0.0)	(15.0, 0.0)	(16.0, 0.0)	(17.0, 0.0)	(18.0, 0.0)	(19.0, 0.0)	(20.0, 0.0)	(21.0, 0.0)	(22.0, 0.0)	(23.0, 0.0)	(24.0, 0.0)	(25.0, 0.0)	(26.0, 0.0)	(27.0, 0.0)	(28.0, 0.0)	(29.0, 0.0)	(30.0, 0.0)	(31.0, 0.0)	(32.0, 0.0)	(33.0, 0.0)	(34.0, 0.3333333333333333)	(35.0, 0.3333333333333333)	(36.0, 0.6666666666666666)	(37.0, 1.6666666666666665)	(38.0, 2.333333333333333)	(39.0, 12.666666666666671)	(40.0, 22.999999999999986)	(41.0, 26.99999999999997)	(42.0, 39.66666666666667)	(43.0, 49.00000000000007)	(44.0, 60.333333333333485)	(45.0, 71.3333333333334)	(46.0, 86.66666666666652)	(47.0, 111.99999999999949)	(48.0, 445.6666666666588)	(49.0, 16904.000000010026)	(50.0, 24838.99999998116)	(51.0, 5964.999999999045)	(52.0, 3888.0000000006503)	(53.0, 3563.333333333836)	(54.0, 1178.0000000000114)	(55.0, 464.999999999991)	(56.0, 246.00000000000261)	(57.0, 145.3333333333331)	(58.0, 85.3333333333332)	(59.0, 44.000000000000036)	(60.0, 24.666666666666647)	(61.0, 16.333333333333343)	(62.0, 12.000000000000004)	(63.0, 7.666666666666663)	(64.0, 1.9999999999999998)	(65.0, 2.333333333333333)	(66.0, 1.9999999999999998)	(67.0, 0.6666666666666666)	(68.0, 1.3333333333333333)	(69.0, 0.6666666666666666)	(70.0, 0.6666666666666666)	(71.0, 1.3333333333333333)	(72.0, 1.0)	(73.0, 0.3333333333333333)	(74.0, 0.3333333333333333)	(75.0, 0.3333333333333333)	(76.0, 1.0)	(77.0, 0.3333333333333333)	(78.0, 0.3333333333333333)	(79.0, 0.3333333333333333)	(80.0, 0.3333333333333333)	(81.0, 0.3333333333333333)	(82.0, 0.3333333333333333)	(83.0, 0.0)	(84.0, 0.3333333333333333)	(85.0, 0.3333333333333333)	(86.0, 0.0)	(87.0, 0.0)	(88.0, 0.0)	(89.0, 0.3333333333333333)	(90.0, 0.3333333333333333)	(91.0, 0.0)	(92.0, 0.0)	(93.0, 0.0)	(94.0, 0.0)	(95.0, 0.0)	(96.0, 0.3333333333333333)	(97.0, 0.0)	(98.0, 0.3333333333333333)	(99.0, 0.0)	(100.0, 0.0)
SRR8438107	(0.0, 0.0)	(1.0, 0.0)	(2.0, 0.0)	(3.0, 0.0)	(4.0, 0.0)	(5.0, 0.0)	(6.0, 0.0)	(7.0, 0.0)	(8.0, 0.0)	(9.0, 0.0)	(10.0, 0.0)	(11.0, 0.0)	(12.0, 0.0)	(13.0, 0.0)	(14.0, 0.0)	(15.0, 0.0)	(16.0, 0.0)	(17.0, 0.0)	(18.0, 0.0)	(19.0, 0.0)	(20.0, 0.0)	(21.0, 0.0)	(22.0, 0.0)	(23.0, 0.0)	(24.0, 0.0)	(25.0, 0.0)	(26.0, 0.0)	(27.0, 0.0)	(28.0, 0.0)	(29.0, 0.0)	(30.0, 0.0)	(31.0, 0.0)	(32.0, 0.0)	(33.0, 0.0)	(34.0, 0.0)	(35.0, 0.0)	(36.0, 0.0)	(37.0, 0.0)	(38.0, 0.0)	(39.0, 0.0)	(40.0, 0.0)	(41.0, 0.0)	(42.0, 0.3333333333333333)	(43.0, 1.3333333333333333)	(44.0, 1.3333333333333333)	(45.0, 0.3333333333333333)	(46.0, 1.3333333333333333)	(47.0, 0.0)	(48.0, 0.6666666666666666)	(49.0, 1.0)	(50.0, 0.6666666666666666)	(51.0, 0.0)	(52.0, 0.0)	(53.0, 0.3333333333333333)	(54.0, 0.0)	(55.0, 0.0)	(56.0, 0.0)	(57.0, 0.0)	(58.0, 0.0)	(59.0, 0.0)	(60.0, 0.0)	(61.0, 0.0)	(62.0, 0.0)	(63.0, 0.0)	(64.0, 0.0)	(65.0, 0.0)	(66.0, 0.0)	(67.0, 0.0)	(68.0, 0.0)	(69.0, 0.0)	(70.0, 0.0)	(71.0, 0.0)	(72.0, 0.0)	(73.0, 0.0)	(74.0, 0.0)	(75.0, 0.0)	(76.0, 0.0)	(77.0, 0.0)	(78.0, 0.0)	(79.0, 0.0)	(80.0, 0.0)	(81.0, 0.0)	(82.0, 0.0)	(83.0, 0.0)	(84.0, 0.0)	(85.0, 0.0)	(86.0, 0.0)	(87.0, 0.0)	(88.0, 0.0)	(89.0, 0.0)	(90.0, 0.0)	(91.0, 0.0)	(92.0, 0.0)	(93.0, 0.0)	(94.0, 0.0)	(95.0, 0.0)	(96.0, 0.0)	(97.0, 0.0)	(98.0, 0.0)	(99.0, 0.0)	(100.0, 0.0)
SRR8438107_1	(0.0, 0.0)	(1.0, 0.0)	(2.0, 0.0)	(3.0, 0.0)	(4.0, 0.0)	(5.0, 0.0)	(6.0, 0.0)	(7.0, 0.0)	(8.0, 0.0)	(9.0, 0.0)	(10.0, 0.0)	(11.0, 0.0)	(12.0, 0.0)	(13.0, 0.0)	(14.0, 0.0)	(15.0, 0.0)	(16.0, 0.0)	(17.0, 0.0)	(18.0, 0.0)	(19.0, 0.0)	(20.0, 0.0)	(21.0, 0.0)	(22.0, 0.0)	(23.0, 0.0)	(24.0, 0.0)	(25.0, 0.0)	(26.0, 0.6666666666666666)	(27.0, 1.0)	(28.0, 0.0)	(29.0, 0.0)	(30.0, 0.0)	(31.0, 0.3333333333333333)	(32.0, 0.0)	(33.0, 1.0)	(34.0, 1.3333333333333333)	(35.0, 17.66666666666667)	(36.0, 8.666666666666664)	(37.0, 14.666666666666675)	(38.0, 17.66666666666667)	(39.0, 37.99999999999999)	(40.0, 311.6666666666664)	(41.0, 252.66666666666947)	(42.0, 259.00000000000273)	(43.0, 247.333333333336)	(44.0, 264.00000000000244)	(45.0, 382.66666666666237)	(46.0, 480.9999999999901)	(47.0, 413.9999999999939)	(48.0, 599.6666666666649)	(49.0, 1542.6666666665951)	(50.0, 1321.9999999999786)	(51.0, 13783.666666673857)	(52.0, 16942.666666676552)	(53.0, 4210.333333333974)	(54.0, 2210.9999999998877)	(55.0, 1569.3333333332557)	(56.0, 804.0000000000215)	(57.0, 285.6666666666679)	(58.0, 263.0000000000025)	(59.0, 147.6666666666665)	(60.0, 53.0000000000001)	(61.0, 24.333333333333314)	(62.0, 36.333333333333314)	(63.0, 26.99999999999997)	(64.0, 5.999999999999998)	(65.0, 3.0)	(66.0, 0.3333333333333333)	(67.0, 0.0)	(68.0, 0.3333333333333333)	(69.0, 0.6666666666666666)	(70.0, 0.0)	(71.0, 0.0)	(72.0, 0.0)	(73.0, 0.0)	(74.0, 0.0)	(75.0, 0.3333333333333333)	(76.0, 0.3333333333333333)	(77.0, 0.0)	(78.0, 0.0)	(79.0, 0.0)	(80.0, 0.0)	(81.0, 0.0)	(82.0, 0.0)	(83.0, 0.3333333333333333)	(84.0, 0.3333333333333333)	(85.0, 0.0)	(86.0, 0.0)	(87.0, 0.0)	(88.0, 0.0)	(89.0, 0.0)	(90.0, 0.0)	(91.0, 0.0)	(92.0, 0.0)	(93.0, 0.0)	(94.0, 0.0)	(95.0, 0.0)	(96.0, 0.0)	(97.0, 0.0)	(98.0, 0.0)	(99.0, 0.0)	(100.0, 0.0)
SRR8438107_2	(0.0, 0.0)	(1.0, 0.0)	(2.0, 0.0)	(3.0, 0.0)	(4.0, 0.0)	(5.0, 0.0)	(6.0, 0.0)	(7.0, 0.0)	(8.0, 0.0)	(9.0, 0.0)	(10.0, 0.0)	(11.0, 0.0)	(12.0, 0.0)	(13.0, 0.0)	(14.0, 0.0)	(15.0, 0.0)	(16.0, 0.0)	(17.0, 0.0)	(18.0, 0.0)	(19.0, 0.0)	(20.0, 0.0)	(21.0, 0.0)	(22.0, 0.0)	(23.0, 0.0)	(24.0, 0.0)	(25.0, 0.0)	(26.0, 0.0)	(27.0, 0.0)	(28.0, 0.0)	(29.0, 0.0)	(30.0, 0.0)	(31.0, 0.0)	(32.0, 0.0)	(33.0, 0.3333333333333333)	(34.0, 0.6666666666666666)	(35.0, 0.0)	(36.0, 0.3333333333333333)	(37.0, 7.33333333333333)	(38.0, 23.999999999999986)	(39.0, 151.33333333333326)	(40.0, 225.6666666666687)	(41.0, 124.9999999999993)	(42.0, 122.99999999999933)	(43.0, 120.99999999999936)	(44.0, 141.99999999999966)	(45.0, 160.66666666666686)	(46.0, 238.33333333333573)	(47.0, 267.6666666666689)	(48.0, 268.0000000000022)	(49.0, 433.9999999999927)	(50.0, 1355.999999999971)	(51.0, 1667.9999999999)	(52.0, 10357.666666667625)	(53.0, 14675.333333342145)	(54.0, 5860.666666665807)	(55.0, 2966.3333333335645)	(56.0, 1898.333333333181)	(57.0, 1154.6666666666833)	(58.0, 788.0000000000197)	(59.0, 522.9999999999895)	(60.0, 351.3333333333308)	(61.0, 241.33333333333582)	(62.0, 168.0000000000004)	(63.0, 110.66666666666617)	(64.0, 76.33333333333333)	(65.0, 70.66666666666674)	(66.0, 62.666666666666835)	(67.0, 43.6666666666667)	(68.0, 29.66666666666663)	(69.0, 15.333333333333343)	(70.0, 9.333333333333332)	(71.0, 4.0)	(72.0, 3.666666666666667)	(73.0, 3.3333333333333335)	(74.0, 1.3333333333333333)	(75.0, 1.0)	(76.0, 0.3333333333333333)	(77.0, 1.3333333333333333)	(78.0, 0.3333333333333333)	(79.0, 0.3333333333333333)	(80.0, 0.3333333333333333)	(81.0, 0.6666666666666666)	(82.0, 0.6666666666666666)	(83.0, 1.0)	(84.0, 0.6666666666666666)	(85.0, 0.3333333333333333)	(86.0, 0.0)	(87.0, 0.3333333333333333)	(88.0, 0.3333333333333333)	(89.0, 0.0)	(90.0, 0.0)	(91.0, 0.3333333333333333)	(92.0, 0.3333333333333333)	(93.0, 0.3333333333333333)	(94.0, 0.0)	(95.0, 0.0)	(96.0, 0.3333333333333333)	(97.0, 0.0)	(98.0, 0.0)	(99.0, 0.0)	(100.0, 0.0)
SRR8438108	(0.0, 0.0)	(1.0, 0.0)	(2.0, 0.0)	(3.0, 0.0)	(4.0, 0.0)	(5.0, 0.0)	(6.0, 0.0)	(7.0, 0.0)	(8.0, 0.0)	(9.0, 0.0)	(10.0, 0.0)	(11.0, 0.0)	(12.0, 0.0)	(13.0, 0.0)	(14.0, 0.0)	(15.0, 0.0)	(16.0, 0.0)	(17.0, 0.0)	(18.0, 0.0)	(19.0, 0.0)	(20.0, 0.0)	(21.0, 0.0)	(22.0, 0.0)	(23.0, 0.0)	(24.0, 0.0)	(25.0, 0.0)	(26.0, 0.0)	(27.0, 0.0)	(28.0, 0.0)	(29.0, 0.0)	(30.0, 0.0)	(31.0, 0.0)	(32.0, 0.0)	(33.0, 0.0)	(34.0, 0.0)	(35.0, 0.0)	(36.0, 0.0)	(37.0, 0.0)	(38.0, 0.0)	(39.0, 0.0)	(40.0, 0.0)	(41.0, 0.0)	(42.0, 0.0)	(43.0, 0.0)	(44.0, 0.3333333333333333)	(45.0, 0.6666666666666666)	(46.0, 0.3333333333333333)	(47.0, 1.0)	(48.0, 1.0)	(49.0, 1.0)	(50.0, 0.6666666666666666)	(51.0, 0.0)	(52.0, 0.0)	(53.0, 0.0)	(54.0, 0.0)	(55.0, 0.0)	(56.0, 0.0)	(57.0, 0.3333333333333333)	(58.0, 0.3333333333333333)	(59.0, 0.0)	(60.0, 0.0)	(61.0, 0.0)	(62.0, 0.0)	(63.0, 0.0)	(64.0, 0.0)	(65.0, 0.0)	(66.0, 0.0)	(67.0, 0.0)	(68.0, 0.0)	(69.0, 0.0)	(70.0, 0.0)	(71.0, 0.0)	(72.0, 0.0)	(73.0, 0.0)	(74.0, 0.0)	(75.0, 0.0)	(76.0, 0.0)	(77.0, 0.0)	(78.0, 0.0)	(79.0, 0.0)	(80.0, 0.0)	(81.0, 0.0)	(82.0, 0.0)	(83.0, 0.0)	(84.0, 0.0)	(85.0, 0.0)	(86.0, 0.0)	(87.0, 0.0)	(88.0, 0.0)	(89.0, 0.0)	(90.0, 0.0)	(91.0, 0.0)	(92.0, 0.0)	(93.0, 0.0)	(94.0, 0.0)	(95.0, 0.0)	(96.0, 0.0)	(97.0, 0.0)	(98.0, 0.0)	(99.0, 0.0)	(100.0, 0.0)
SRR8438108_1	(0.0, 0.0)	(1.0, 0.0)	(2.0, 0.0)	(3.0, 0.0)	(4.0, 0.0)	(5.0, 0.0)	(6.0, 0.0)	(7.0, 0.0)	(8.0, 0.0)	(9.0, 0.0)	(10.0, 0.0)	(11.0, 0.0)	(12.0, 0.0)	(13.0, 0.0)	(14.0, 0.0)	(15.0, 0.0)	(16.0, 0.0)	(17.0, 0.0)	(18.0, 0.0)	(19.0, 0.0)	(20.0, 0.0)	(21.0, 0.0)	(22.0, 0.0)	(23.0, 0.0)	(24.0, 0.0)	(25.0, 0.0)	(26.0, 0.0)	(27.0, 0.0)	(28.0, 0.0)	(29.0, 0.0)	(30.0, 0.0)	(31.0, 0.0)	(32.0, 0.3333333333333333)	(33.0, 2.6666666666666665)	(34.0, 21.99999999999999)	(35.0, 32.66666666666662)	(36.0, 15.000000000000009)	(37.0, 19.333333333333332)	(38.0, 54.00000000000011)	(39.0, 115.99999999999943)	(40.0, 216.66666666666845)	(41.0, 265.666666666669)	(42.0, 315.33333333333286)	(43.0, 416.99999999999375)	(44.0, 423.99999999999335)	(45.0, 553.3333333333263)	(46.0, 634.0000000000022)	(47.0, 2330.9999999999422)	(48.0, 3871.0000000006426)	(49.0, 1561.6666666665908)	(50.0, 1469.6666666666117)	(51.0, 4881.333333333364)	(52.0, 6582.999999998483)	(53.0, 5212.333333333063)	(54.0, 5072.999999999856)	(55.0, 2820.333333333498)	(56.0, 1819.9999999998654)	(57.0, 659.6666666666717)	(58.0, 237.66666666666904)	(59.0, 178.66666666666737)	(60.0, 263.0000000000025)	(61.0, 179.0000000000007)	(62.0, 54.33333333333344)	(63.0, 32.66666666666662)	(64.0, 23.333333333333318)	(65.0, 4.999999999999999)	(66.0, 2.333333333333333)	(67.0, 1.0)	(68.0, 0.6666666666666666)	(69.0, 1.3333333333333333)	(70.0, 0.6666666666666666)	(71.0, 0.6666666666666666)	(72.0, 0.0)	(73.0, 0.0)	(74.0, 0.0)	(75.0, 0.0)	(76.0, 0.0)	(77.0, 0.0)	(78.0, 0.0)	(79.0, 0.0)	(80.0, 0.0)	(81.0, 0.0)	(82.0, 0.0)	(83.0, 0.0)	(84.0, 0.0)	(85.0, 0.0)	(86.0, 0.0)	(87.0, 0.0)	(88.0, 0.0)	(89.0, 0.0)	(90.0, 0.0)	(91.0, 0.0)	(92.0, 0.0)	(93.0, 0.0)	(94.0, 0.0)	(95.0, 0.0)	(96.0, 0.0)	(97.0, 0.0)	(98.0, 0.0)	(99.0, 0.0)	(100.0, 0.0)
SRR8438108_2	(0.0, 0.0)	(1.0, 0.0)	(2.0, 0.0)	(3.0, 0.0)	(4.0, 0.0)	(5.0, 0.0)	(6.0, 0.0)	(7.0, 0.0)	(8.0, 0.0)	(9.0, 0.0)	(10.0, 0.0)	(11.0, 0.0)	(12.0, 0.0)	(13.0, 0.0)	(14.0, 0.0)	(15.0, 0.0)	(16.0, 0.0)	(17.0, 0.0)	(18.0, 0.0)	(19.0, 0.0)	(20.0, 0.0)	(21.0, 0.0)	(22.0, 0.0)	(23.0, 0.0)	(24.0, 0.0)	(25.0, 0.0)	(26.0, 0.0)	(27.0, 0.0)	(28.0, 0.3333333333333333)	(29.0, 1.6666666666666665)	(30.0, 21.666666666666657)	(31.0, 25.999999999999975)	(32.0, 12.000000000000004)	(33.0, 4.333333333333333)	(34.0, 1.3333333333333333)	(35.0, 0.3333333333333333)	(36.0, 1.6666666666666665)	(37.0, 5.666666666666665)	(38.0, 48.3333333333334)	(39.0, 54.33333333333344)	(40.0, 78.3333333333333)	(41.0, 151.6666666666666)	(42.0, 211.33333333333496)	(43.0, 269.00000000000216)	(44.0, 336.83333333333167)	(45.0, 401.6666666666613)	(46.0, 401.49999999999466)	(47.0, 577.6666666666624)	(48.0, 2157.66666666653)	(49.0, 2802.0000000001564)	(50.0, 2352.3333333332853)	(51.0, 1983.3333333331616)	(52.0, 4479.33333333373)	(53.0, 5749.6666666659075)	(54.0, 4345.333333333851)	(55.0, 3474.3333333337955)	(56.0, 2678.3333333334335)	(57.0, 1933.6666666665062)	(58.0, 1306.3333333333155)	(59.0, 792.0000000000201)	(60.0, 530.6666666666571)	(61.0, 404.6666666666611)	(62.0, 284.0000000000013)	(63.0, 215.66666666666842)	(64.0, 169.00000000000043)	(65.0, 119.99999999999937)	(66.0, 95.33333333333306)	(67.0, 73.6666666666667)	(68.0, 51.000000000000085)	(69.0, 33.33333333333329)	(70.0, 21.666666666666657)	(71.0, 17.000000000000007)	(72.0, 10.333333333333334)	(73.0, 10.666666666666668)	(74.0, 6.666666666666664)	(75.0, 6.333333333333331)	(76.0, 8.33333333333333)	(77.0, 5.999999999999998)	(78.0, 5.666666666666665)	(79.0, 4.333333333333333)	(80.0, 2.6666666666666665)	(81.0, 3.666666666666667)	(82.0, 1.3333333333333333)	(83.0, 0.0)	(84.0, 0.3333333333333333)	(85.0, 0.0)	(86.0, 0.0)	(87.0, 0.0)	(88.0, 0.0)	(89.0, 0.0)	(90.0, 0.0)	(91.0, 0.0)	(92.0, 0.3333333333333333)	(93.0, 0.3333333333333333)	(94.0, 0.3333333333333333)	(95.0, 0.0)	(96.0, 0.0)	(97.0, 0.0)	(98.0, 0.0)	(99.0, 0.0)	(100.0, 0.5)
SRR8438109	(0.0, 0.0)	(1.0, 0.0)	(2.0, 0.0)	(3.0, 0.0)	(4.0, 0.0)	(5.0, 0.0)	(6.0, 0.0)	(7.0, 0.0)	(8.0, 0.0)	(9.0, 0.0)	(10.0, 0.0)	(11.0, 0.0)	(12.0, 0.0)	(13.0, 0.0)	(14.0, 0.0)	(15.0, 0.0)	(16.0, 0.0)	(17.0, 0.0)	(18.0, 0.0)	(19.0, 0.0)	(20.0, 0.0)	(21.0, 0.0)	(22.0, 0.0)	(23.0, 0.0)	(24.0, 0.0)	(25.0, 0.0)	(26.0, 0.0)	(27.0, 0.0)	(28.0, 0.0)	(29.0, 0.0)	(30.0, 0.0)	(31.0, 0.0)	(32.0, 0.0)	(33.0, 0.0)	(34.0, 0.0)	(35.0, 0.0)	(36.0, 0.0)	(37.0, 0.0)	(38.0, 0.0)	(39.0, 0.3333333333333333)	(40.0, 0.3333333333333333)	(41.0, 0.0)	(42.0, 0.6666666666666666)	(43.0, 0.3333333333333333)	(44.0, 0.6666666666666666)	(45.0, 0.3333333333333333)	(46.0, 1.0)	(47.0, 1.3333333333333333)	(48.0, 0.0)	(49.0, 0.0)	(50.0, 0.3333333333333333)	(51.0, 0.0)	(52.0, 0.0)	(53.0, 0.0)	(54.0, 0.0)	(55.0, 0.0)	(56.0, 0.0)	(57.0, 0.0)	(58.0, 0.0)	(59.0, 0.0)	(60.0, 0.0)	(61.0, 0.0)	(62.0, 0.0)	(63.0, 0.0)	(64.0, 0.0)	(65.0, 0.0)	(66.0, 0.0)	(67.0, 0.0)	(68.0, 0.0)	(69.0, 0.0)	(70.0, 0.0)	(71.0, 0.0)	(72.0, 0.0)	(73.0, 0.0)	(74.0, 0.0)	(75.0, 0.0)	(76.0, 0.0)	(77.0, 0.0)	(78.0, 0.0)	(79.0, 0.0)	(80.0, 0.0)	(81.0, 0.0)	(82.0, 0.0)	(83.0, 0.0)	(84.0, 0.0)	(85.0, 0.0)	(86.0, 0.0)	(87.0, 0.0)	(88.0, 0.0)	(89.0, 0.0)	(90.0, 0.0)	(91.0, 0.0)	(92.0, 0.0)	(93.0, 0.0)	(94.0, 0.0)	(95.0, 0.0)	(96.0, 0.0)	(97.0, 0.0)	(98.0, 0.0)	(99.0, 0.0)	(100.0, 0.0)
SRR8438109_1	(0.0, 0.0)	(1.0, 0.0)	(2.0, 0.0)	(3.0, 0.0)	(4.0, 0.0)	(5.0, 0.0)	(6.0, 0.0)	(7.0, 0.0)	(8.0, 0.0)	(9.0, 0.0)	(10.0, 0.0)	(11.0, 0.0)	(12.0, 0.0)	(13.0, 0.0)	(14.0, 0.0)	(15.0, 0.0)	(16.0, 0.0)	(17.0, 0.0)	(18.0, 0.0)	(19.0, 0.0)	(20.0, 0.0)	(21.0, 0.0)	(22.0, 0.0)	(23.0, 0.0)	(24.0, 0.0)	(25.0, 1.6666666666666665)	(26.0, 5.333333333333332)	(27.0, 2.333333333333333)	(28.0, 0.3333333333333333)	(29.0, 0.3333333333333333)	(30.0, 0.0)	(31.0, 0.0)	(32.0, 0.3333333333333333)	(33.0, 0.0)	(34.0, 1.9999999999999998)	(35.0, 1.9999999999999998)	(36.0, 2.333333333333333)	(37.0, 13.33333333333334)	(38.0, 11.333333333333336)	(39.0, 61.33333333333349)	(40.0, 974.3333333333742)	(41.0, 852.3333333333603)	(42.0, 216.3333333333351)	(43.0, 207.0000000000015)	(44.0, 290.00000000000097)	(45.0, 546.9999999999923)	(46.0, 463.66666666665776)	(47.0, 445.6666666666588)	(48.0, 466.9999999999909)	(49.0, 1670.9999999998993)	(50.0, 1818.9999999998656)	(51.0, 12307.333333337838)	(52.0, 16407.333333345166)	(53.0, 4892.333333333354)	(54.0, 3869.6666666673086)	(55.0, 2102.9999999998386)	(56.0, 980.0000000000415)	(57.0, 555.3333333333266)	(58.0, 291.66666666666754)	(59.0, 134.66666666666612)	(60.0, 67.66666666666679)	(61.0, 19.999999999999996)	(62.0, 11.66666666666667)	(63.0, 6.666666666666664)	(64.0, 4.333333333333333)	(65.0, 1.6666666666666665)	(66.0, 0.6666666666666666)	(67.0, 0.3333333333333333)	(68.0, 0.3333333333333333)	(69.0, 0.0)	(70.0, 0.6666666666666666)	(71.0, 0.3333333333333333)	(72.0, 0.0)	(73.0, 0.0)	(74.0, 0.0)	(75.0, 0.0)	(76.0, 0.0)	(77.0, 0.0)	(78.0, 0.0)	(79.0, 0.0)	(80.0, 0.0)	(81.0, 0.0)	(82.0, 0.0)	(83.0, 0.0)	(84.0, 0.0)	(85.0, 0.0)	(86.0, 0.0)	(87.0, 0.0)	(88.0, 0.0)	(89.0, 0.0)	(90.0, 0.0)	(91.0, 0.0)	(92.0, 0.0)	(93.0, 0.0)	(94.0, 0.0)	(95.0, 0.0)	(96.0, 0.0)	(97.0, 0.0)	(98.0, 0.0)	(99.0, 0.0)	(100.0, 0.0)
SRR8438109_2	(0.0, 0.0)	(1.0, 0.0)	(2.0, 0.0)	(3.0, 0.0)	(4.0, 0.0)	(5.0, 0.0)	(6.0, 0.0)	(7.0, 0.0)	(8.0, 0.0)	(9.0, 0.0)	(10.0, 0.0)	(11.0, 0.0)	(12.0, 0.0)	(13.0, 0.0)	(14.0, 0.0)	(15.0, 0.0)	(16.0, 0.0)	(17.0, 0.0)	(18.0, 0.0)	(19.0, 0.0)	(20.0, 0.0)	(21.0, 0.0)	(22.0, 0.6666666666666666)	(23.0, 0.6666666666666666)	(24.0, 0.0)	(25.0, 1.9999999999999998)	(26.0, 3.3333333333333335)	(27.0, 1.3333333333333333)	(28.0, 0.3333333333333333)	(29.0, 0.6666666666666666)	(30.0, 0.3333333333333333)	(31.0, 0.0)	(32.0, 0.0)	(33.0, 0.0)	(34.0, 0.0)	(35.0, 0.3333333333333333)	(36.0, 8.666666666666664)	(37.0, 39.66666666666667)	(38.0, 397.9999999999948)	(39.0, 500.999999999989)	(40.0, 482.6666666666567)	(41.0, 199.66666666666796)	(42.0, 166.00000000000034)	(43.0, 210.0000000000016)	(44.0, 260.0000000000026)	(45.0, 324.3333333333323)	(46.0, 371.8333333333296)	(47.0, 281.83333333333474)	(48.0, 482.33333333332337)	(49.0, 1052.50000000004)	(50.0, 1823.833333333198)	(51.0, 1682.33333333323)	(52.0, 9336.999999999101)	(53.0, 12449.500000004764)	(54.0, 6070.1666666656165)	(55.0, 3313.000000000389)	(56.0, 2212.9999999998886)	(57.0, 1424.666666666622)	(58.0, 938.0000000000367)	(59.0, 594.333333333331)	(60.0, 391.66666666666185)	(61.0, 272.3333333333353)	(62.0, 198.66666666666794)	(63.0, 130.33333333333266)	(64.0, 97.99999999999969)	(65.0, 65.33333333333348)	(66.0, 56.66666666666679)	(67.0, 42.00000000000002)	(68.0, 30.666666666666625)	(69.0, 19.999999999999996)	(70.0, 13.000000000000005)	(71.0, 11.333333333333336)	(72.0, 7.33333333333333)	(73.0, 5.333333333333332)	(74.0, 3.3333333333333335)	(75.0, 3.3333333333333335)	(76.0, 1.9999999999999998)	(77.0, 0.3333333333333333)	(78.0, 1.0)	(79.0, 0.3333333333333333)	(80.0, 0.0)	(81.0, 0.3333333333333333)	(82.0, 0.6666666666666666)	(83.0, 0.0)	(84.0, 0.0)	(85.0, 0.3333333333333333)	(86.0, 0.3333333333333333)	(87.0, 0.3333333333333333)	(88.0, 0.3333333333333333)	(89.0, 0.6666666666666666)	(90.0, 0.3333333333333333)	(91.0, 0.0)	(92.0, 0.0)	(93.0, 0.3333333333333333)	(94.0, 0.0)	(95.0, 0.0)	(96.0, 0.0)	(97.0, 0.3333333333333333)	(98.0, 0.3333333333333333)	(99.0, 0.0)	(100.0, 0.0)
SRR8438110	(0.0, 0.0)	(1.0, 0.0)	(2.0, 0.0)	(3.0, 0.0)	(4.0, 0.0)	(5.0, 0.0)	(6.0, 0.0)	(7.0, 0.0)	(8.0, 0.0)	(9.0, 0.0)	(10.0, 0.0)	(11.0, 0.0)	(12.0, 0.0)	(13.0, 0.0)	(14.0, 0.0)	(15.0, 0.0)	(16.0, 0.0)	(17.0, 0.0)	(18.0, 0.0)	(19.0, 0.0)	(20.0, 0.0)	(21.0, 0.0)	(22.0, 0.0)	(23.0, 0.0)	(24.0, 0.0)	(25.0, 0.0)	(26.0, 0.0)	(27.0, 0.0)	(28.0, 0.0)	(29.0, 0.0)	(30.0, 0.0)	(31.0, 0.0)	(32.0, 0.0)	(33.0, 0.0)	(34.0, 0.0)	(35.0, 0.0)	(36.0, 0.0)	(37.0, 0.0)	(38.0, 0.0)	(39.0, 0.0)	(40.0, 0.0)	(41.0, 0.0)	(42.0, 0.0)	(43.0, 0.3333333333333333)	(44.0, 0.3333333333333333)	(45.0, 0.3333333333333333)	(46.0, 0.3333333333333333)	(47.0, 0.3333333333333333)	(48.0, 0.0)	(49.0, 0.0)	(50.0, 0.0)	(51.0, 0.0)	(52.0, 0.0)	(53.0, 0.0)	(54.0, 0.0)	(55.0, 0.0)	(56.0, 0.0)	(57.0, 0.0)	(58.0, 0.0)	(59.0, 0.0)	(60.0, 0.0)	(61.0, 0.0)	(62.0, 0.0)	(63.0, 0.0)	(64.0, 0.0)	(65.0, 0.0)	(66.0, 0.0)	(67.0, 0.0)	(68.0, 0.0)	(69.0, 0.0)	(70.0, 0.0)	(71.0, 0.0)	(72.0, 0.0)	(73.0, 0.0)	(74.0, 0.0)	(75.0, 0.0)	(76.0, 0.0)	(77.0, 0.0)	(78.0, 0.0)	(79.0, 0.0)	(80.0, 0.0)	(81.0, 0.0)	(82.0, 0.0)	(83.0, 0.0)	(84.0, 0.0)	(85.0, 0.0)	(86.0, 0.0)	(87.0, 0.0)	(88.0, 0.0)	(89.0, 0.0)	(90.0, 0.0)	(91.0, 0.0)	(92.0, 0.0)	(93.0, 0.0)	(94.0, 0.0)	(95.0, 0.0)	(96.0, 0.0)	(97.0, 0.0)	(98.0, 0.0)	(99.0, 0.0)	(100.0, 0.0)
SRR8438110_1	(0.0, 0.0)	(1.0, 0.0)	(2.0, 0.0)	(3.0, 0.0)	(4.0, 0.0)	(5.0, 0.0)	(6.0, 0.0)	(7.0, 0.0)	(8.0, 0.0)	(9.0, 0.0)	(10.0, 0.0)	(11.0, 0.0)	(12.0, 0.0)	(13.0, 0.0)	(14.0, 0.0)	(15.0, 0.0)	(16.0, 0.0)	(17.0, 0.0)	(18.0, 0.0)	(19.0, 0.0)	(20.0, 0.0)	(21.0, 0.0)	(22.0, 0.0)	(23.0, 0.0)	(24.0, 0.0)	(25.0, 0.0)	(26.0, 0.0)	(27.0, 0.0)	(28.0, 0.0)	(29.0, 0.3333333333333333)	(30.0, 0.0)	(31.0, 1.6666666666666665)	(32.0, 23.66666666666665)	(33.0, 21.99999999999999)	(34.0, 293.3333333333341)	(35.0, 175.0000000000006)	(36.0, 27.999999999999968)	(37.0, 17.66666666666667)	(38.0, 24.99999999999998)	(39.0, 33.999999999999964)	(40.0, 275.0000000000018)	(41.0, 354.66666666666396)	(42.0, 213.33333333333502)	(43.0, 373.33333333332956)	(44.0, 253.6666666666695)	(45.0, 316.6666666666661)	(46.0, 478.9999999999902)	(47.0, 592.6666666666641)	(48.0, 444.3333333333255)	(49.0, 967.00000000004)	(50.0, 920.333333333368)	(51.0, 6082.666666665605)	(52.0, 8422.666666664105)	(53.0, 3056.666666666939)	(54.0, 2672.0000000000973)	(55.0, 1180.6666666666774)	(56.0, 836.6666666666919)	(57.0, 903.6666666666995)	(58.0, 483.6666666666566)	(59.0, 378.3333333333293)	(60.0, 134.33333333333277)	(61.0, 53.333333333333435)	(62.0, 18.000000000000004)	(63.0, 3.666666666666667)	(64.0, 1.9999999999999998)	(65.0, 1.9999999999999998)	(66.0, 1.6666666666666665)	(67.0, 1.0)	(68.0, 0.3333333333333333)	(69.0, 0.0)	(70.0, 0.0)	(71.0, 0.0)	(72.0, 0.0)	(73.0, 0.0)	(74.0, 0.0)	(75.0, 0.0)	(76.0, 0.0)	(77.0, 0.0)	(78.0, 0.0)	(79.0, 0.0)	(80.0, 0.0)	(81.0, 0.0)	(82.0, 0.0)	(83.0, 0.0)	(84.0, 0.0)	(85.0, 0.0)	(86.0, 0.0)	(87.0, 0.0)	(88.0, 0.0)	(89.0, 0.0)	(90.0, 0.0)	(91.0, 0.0)	(92.0, 0.0)	(93.0, 0.0)	(94.0, 0.0)	(95.0, 0.0)	(96.0, 0.0)	(97.0, 0.0)	(98.0, 0.0)	(99.0, 0.0)	(100.0, 0.0)
SRR8438110_2	(0.0, 0.0)	(1.0, 0.0)	(2.0, 0.0)	(3.0, 0.0)	(4.0, 0.0)	(5.0, 0.0)	(6.0, 0.0)	(7.0, 0.0)	(8.0, 0.0)	(9.0, 0.0)	(10.0, 0.0)	(11.0, 0.0)	(12.0, 0.0)	(13.0, 0.0)	(14.0, 0.0)	(15.0, 0.0)	(16.0, 0.0)	(17.0, 0.0)	(18.0, 0.3333333333333333)	(19.0, 0.0)	(20.0, 0.0)	(21.0, 0.0)	(22.0, 0.0)	(23.0, 0.0)	(24.0, 0.0)	(25.0, 0.0)	(26.0, 0.0)	(27.0, 0.3333333333333333)	(28.0, 0.0)	(29.0, 0.6666666666666666)	(30.0, 1.0)	(31.0, 16.333333333333343)	(32.0, 24.99999999999998)	(33.0, 8.666666666666664)	(34.0, 40.00000000000001)	(35.0, 217.0000000000018)	(36.0, 167.00000000000037)	(37.0, 66.6666666666668)	(38.0, 76.33333333333333)	(39.0, 211.33333333333496)	(40.0, 275.33333333333513)	(41.0, 107.99999999999955)	(42.0, 190.6666666666677)	(43.0, 370.33333333332973)	(44.0, 294.33333333333405)	(45.0, 284.0000000000013)	(46.0, 280.33333333333485)	(47.0, 554.9999999999932)	(48.0, 388.99999999999534)	(49.0, 561.3333333333272)	(50.0, 1248.666666666662)	(51.0, 1355.3333333333044)	(52.0, 6958.666666664808)	(53.0, 4944.333333333307)	(54.0, 2808.3333333334926)	(55.0, 1924.9999999998415)	(56.0, 1277.3333333333221)	(57.0, 1188.6666666666756)	(58.0, 1040.6666666667093)	(59.0, 417.6666666666604)	(60.0, 254.00000000000284)	(61.0, 250.6666666666694)	(62.0, 164.33333333333363)	(63.0, 122.33333333333267)	(64.0, 68.00000000000011)	(65.0, 30.333333333333293)	(66.0, 18.000000000000004)	(67.0, 14.000000000000007)	(68.0, 5.999999999999998)	(69.0, 7.33333333333333)	(70.0, 3.666666666666667)	(71.0, 2.333333333333333)	(72.0, 1.0)	(73.0, 1.6666666666666665)	(74.0, 0.6666666666666666)	(75.0, 0.3333333333333333)	(76.0, 1.0)	(77.0, 0.3333333333333333)	(78.0, 0.0)	(79.0, 0.0)	(80.0, 0.0)	(81.0, 0.0)	(82.0, 0.0)	(83.0, 0.0)	(84.0, 0.0)	(85.0, 0.3333333333333333)	(86.0, 0.0)	(87.0, 0.0)	(88.0, 0.0)	(89.0, 0.0)	(90.0, 0.0)	(91.0, 0.0)	(92.0, 0.0)	(93.0, 0.0)	(94.0, 0.0)	(95.0, 0.0)	(96.0, 0.3333333333333333)	(97.0, 0.6666666666666666)	(98.0, 0.3333333333333333)	(99.0, 0.0)	(100.0, 0.0)
SRR8438111	(0.0, 0.0)	(1.0, 0.0)	(2.0, 0.0)	(3.0, 0.0)	(4.0, 0.0)	(5.0, 0.0)	(6.0, 0.0)	(7.0, 0.0)	(8.0, 0.0)	(9.0, 0.0)	(10.0, 0.0)	(11.0, 0.0)	(12.0, 0.0)	(13.0, 0.0)	(14.0, 0.0)	(15.0, 0.0)	(16.0, 0.0)	(17.0, 0.0)	(18.0, 0.0)	(19.0, 0.0)	(20.0, 0.0)	(21.0, 0.0)	(22.0, 0.0)	(23.0, 0.0)	(24.0, 0.0)	(25.0, 0.0)	(26.0, 0.0)	(27.0, 0.0)	(28.0, 0.0)	(29.0, 0.0)	(30.0, 0.0)	(31.0, 0.0)	(32.0, 0.0)	(33.0, 0.0)	(34.0, 0.0)	(35.0, 0.0)	(36.0, 0.0)	(37.0, 0.0)	(38.0, 0.0)	(39.0, 0.0)	(40.0, 0.0)	(41.0, 0.0)	(42.0, 0.3333333333333333)	(43.0, 0.6666666666666666)	(44.0, 0.6666666666666666)	(45.0, 1.0)	(46.0, 1.0)	(47.0, 1.0)	(48.0, 1.9999999999999998)	(49.0, 2.333333333333333)	(50.0, 0.6666666666666666)	(51.0, 0.0)	(52.0, 0.0)	(53.0, 0.3333333333333333)	(54.0, 0.6666666666666666)	(55.0, 0.3333333333333333)	(56.0, 0.0)	(57.0, 0.0)	(58.0, 0.0)	(59.0, 0.0)	(60.0, 0.0)	(61.0, 0.0)	(62.0, 0.0)	(63.0, 0.0)	(64.0, 0.0)	(65.0, 0.0)	(66.0, 0.0)	(67.0, 0.0)	(68.0, 0.0)	(69.0, 0.0)	(70.0, 0.0)	(71.0, 0.0)	(72.0, 0.0)	(73.0, 0.0)	(74.0, 0.0)	(75.0, 0.0)	(76.0, 0.0)	(77.0, 0.0)	(78.0, 0.0)	(79.0, 0.0)	(80.0, 0.0)	(81.0, 0.0)	(82.0, 0.0)	(83.0, 0.0)	(84.0, 0.0)	(85.0, 0.0)	(86.0, 0.0)	(87.0, 0.0)	(88.0, 0.0)	(89.0, 0.0)	(90.0, 0.0)	(91.0, 0.0)	(92.0, 0.0)	(93.0, 0.0)	(94.0, 0.0)	(95.0, 0.0)	(96.0, 0.0)	(97.0, 0.0)	(98.0, 0.0)	(99.0, 0.0)	(100.0, 0.0)
SRR8438111_1	(0.0, 0.0)	(1.0, 0.0)	(2.0, 0.0)	(3.0, 0.0)	(4.0, 0.0)	(5.0, 0.0)	(6.0, 0.0)	(7.0, 0.0)	(8.0, 0.0)	(9.0, 0.0)	(10.0, 0.0)	(11.0, 0.0)	(12.0, 0.0)	(13.0, 0.0)	(14.0, 0.0)	(15.0, 0.0)	(16.0, 0.0)	(17.0, 0.0)	(18.0, 0.0)	(19.0, 0.0)	(20.0, 0.0)	(21.0, 0.0)	(22.0, 0.0)	(23.0, 0.0)	(24.0, 0.0)	(25.0, 0.0)	(26.0, 0.0)	(27.0, 0.0)	(28.0, 0.0)	(29.0, 0.0)	(30.0, 0.0)	(31.0, 0.3333333333333333)	(32.0, 0.3333333333333333)	(33.0, 0.3333333333333333)	(34.0, 0.3333333333333333)	(35.0, 0.0)	(36.0, 1.6666666666666665)	(37.0, 2.6666666666666665)	(38.0, 4.666666666666666)	(39.0, 10.333333333333334)	(40.0, 23.66666666666665)	(41.0, 37.33333333333332)	(42.0, 47.66666666666673)	(43.0, 54.00000000000011)	(44.0, 69.0000000000001)	(45.0, 129.33333333333263)	(46.0, 169.00000000000043)	(47.0, 91.99999999999977)	(48.0, 233.3333333333356)	(49.0, 2308.6666666665988)	(50.0, 2502.00000000002)	(51.0, 16225.333333344965)	(52.0, 12643.000000005115)	(53.0, 1873.3333333331866)	(54.0, 660.6666666666719)	(55.0, 567.3333333333279)	(56.0, 337.3333333333316)	(57.0, 197.33333333333456)	(58.0, 171.00000000000048)	(59.0, 105.99999999999957)	(60.0, 22.666666666666654)	(61.0, 6.999999999999997)	(62.0, 10.0)	(63.0, 8.999999999999998)	(64.0, 3.0)	(65.0, 2.333333333333333)	(66.0, 1.3333333333333333)	(67.0, 0.0)	(68.0, 0.3333333333333333)	(69.0, 0.0)	(70.0, 0.0)	(71.0, 0.0)	(72.0, 0.0)	(73.0, 0.0)	(74.0, 0.0)	(75.0, 0.0)	(76.0, 0.0)	(77.0, 0.0)	(78.0, 0.0)	(79.0, 0.0)	(80.0, 0.0)	(81.0, 0.0)	(82.0, 0.0)	(83.0, 0.0)	(84.0, 0.0)	(85.0, 0.0)	(86.0, 0.0)	(87.0, 0.0)	(88.0, 0.0)	(89.0, 0.0)	(90.0, 0.0)	(91.0, 0.0)	(92.0, 0.0)	(93.0, 0.0)	(94.0, 0.0)	(95.0, 0.0)	(96.0, 0.0)	(97.0, 0.0)	(98.0, 0.0)	(99.0, 0.0)	(100.0, 0.0)
SRR8438111_2	(0.0, 0.0)	(1.0, 0.0)	(2.0, 0.0)	(3.0, 0.0)	(4.0, 0.0)	(5.0, 0.0)	(6.0, 0.0)	(7.0, 0.0)	(8.0, 0.0)	(9.0, 0.0)	(10.0, 0.0)	(11.0, 0.0)	(12.0, 0.0)	(13.0, 0.0)	(14.0, 0.0)	(15.0, 0.0)	(16.0, 0.0)	(17.0, 0.0)	(18.0, 0.0)	(19.0, 0.0)	(20.0, 0.0)	(21.0, 0.0)	(22.0, 0.0)	(23.0, 0.0)	(24.0, 0.0)	(25.0, 0.0)	(26.0, 0.0)	(27.0, 0.0)	(28.0, 0.0)	(29.0, 0.0)	(30.0, 0.0)	(31.0, 0.0)	(32.0, 0.0)	(33.0, 0.0)	(34.0, 0.0)	(35.0, 0.0)	(36.0, 0.6666666666666666)	(37.0, 1.9999999999999998)	(38.0, 2.333333333333333)	(39.0, 5.999999999999998)	(40.0, 10.333333333333334)	(41.0, 21.333333333333325)	(42.0, 29.66666666666663)	(43.0, 56.33333333333346)	(44.0, 70.66666666666674)	(45.0, 65.50000000000016)	(46.0, 96.16666666666639)	(47.0, 149.66666666666654)	(48.0, 240.00000000000244)	(49.0, 1331.4999999999766)	(50.0, 2073.4999999998254)	(51.0, 2279.6666666665856)	(52.0, 14004.00000000759)	(53.0, 8812.999999998148)	(54.0, 3167.333333333656)	(55.0, 1606.9999999999138)	(56.0, 855.3333333333607)	(57.0, 499.99999999998903)	(58.0, 355.9999999999972)	(59.0, 262.3333333333359)	(60.0, 228.6666666666688)	(61.0, 197.6666666666679)	(62.0, 142.66666666666634)	(63.0, 97.33333333333303)	(64.0, 64.00000000000017)	(65.0, 41.33333333333335)	(66.0, 28.666666666666632)	(67.0, 15.333333333333343)	(68.0, 11.66666666666667)	(69.0, 6.999999999999997)	(70.0, 4.0)	(71.0, 2.6666666666666665)	(72.0, 2.333333333333333)	(73.0, 1.3333333333333333)	(74.0, 0.6666666666666666)	(75.0, 0.6666666666666666)	(76.0, 0.3333333333333333)	(77.0, 1.0)	(78.0, 0.6666666666666666)	(79.0, 0.3333333333333333)	(80.0, 0.0)	(81.0, 0.0)	(82.0, 0.0)	(83.0, 0.0)	(84.0, 0.0)	(85.0, 0.0)	(86.0, 0.0)	(87.0, 0.6666666666666666)	(88.0, 0.3333333333333333)	(89.0, 0.0)	(90.0, 0.0)	(91.0, 0.0)	(92.0, 0.0)	(93.0, 0.0)	(94.0, 0.0)	(95.0, 0.0)	(96.0, 0.6666666666666666)	(97.0, 0.6666666666666666)	(98.0, 0.0)	(99.0, 0.0)	(100.0, 0.0)
SRR8438112	(0.0, 0.0)	(1.0, 0.0)	(2.0, 0.0)	(3.0, 0.0)	(4.0, 0.0)	(5.0, 0.0)	(6.0, 0.0)	(7.0, 0.0)	(8.0, 0.0)	(9.0, 0.0)	(10.0, 0.0)	(11.0, 0.0)	(12.0, 0.0)	(13.0, 0.0)	(14.0, 0.0)	(15.0, 0.0)	(16.0, 0.0)	(17.0, 0.0)	(18.0, 0.0)	(19.0, 0.0)	(20.0, 0.0)	(21.0, 0.0)	(22.0, 0.0)	(23.0, 0.0)	(24.0, 0.0)	(25.0, 0.0)	(26.0, 0.0)	(27.0, 0.0)	(28.0, 0.0)	(29.0, 0.0)	(30.0, 0.0)	(31.0, 0.0)	(32.0, 0.0)	(33.0, 0.0)	(34.0, 0.0)	(35.0, 0.0)	(36.0, 0.0)	(37.0, 0.0)	(38.0, 0.0)	(39.0, 0.0)	(40.0, 0.0)	(41.0, 0.0)	(42.0, 0.0)	(43.0, 0.0)	(44.0, 0.3333333333333333)	(45.0, 0.6666666666666666)	(46.0, 0.6666666666666666)	(47.0, 0.6666666666666666)	(48.0, 0.0)	(49.0, 0.6666666666666666)	(50.0, 0.0)	(51.0, 0.0)	(52.0, 0.0)	(53.0, 0.0)	(54.0, 0.0)	(55.0, 0.0)	(56.0, 0.0)	(57.0, 0.0)	(58.0, 0.0)	(59.0, 0.0)	(60.0, 0.0)	(61.0, 0.0)	(62.0, 0.0)	(63.0, 0.0)	(64.0, 0.0)	(65.0, 0.0)	(66.0, 0.0)	(67.0, 0.0)	(68.0, 0.0)	(69.0, 0.0)	(70.0, 0.0)	(71.0, 0.0)	(72.0, 0.0)	(73.0, 0.0)	(74.0, 0.0)	(75.0, 0.0)	(76.0, 0.0)	(77.0, 0.0)	(78.0, 0.0)	(79.0, 0.0)	(80.0, 0.0)	(81.0, 0.0)	(82.0, 0.0)	(83.0, 0.0)	(84.0, 0.0)	(85.0, 0.0)	(86.0, 0.0)	(87.0, 0.0)	(88.0, 0.0)	(89.0, 0.0)	(90.0, 0.0)	(91.0, 0.0)	(92.0, 0.0)	(93.0, 0.0)	(94.0, 0.0)	(95.0, 0.0)	(96.0, 0.0)	(97.0, 0.0)	(98.0, 0.0)	(99.0, 0.0)	(100.0, 0.0)
SRR8438112_1	(0.0, 0.0)	(1.0, 0.0)	(2.0, 0.0)	(3.0, 0.0)	(4.0, 0.0)	(5.0, 0.0)	(6.0, 0.0)	(7.0, 0.0)	(8.0, 0.0)	(9.0, 0.0)	(10.0, 0.0)	(11.0, 0.0)	(12.0, 0.0)	(13.0, 0.0)	(14.0, 0.0)	(15.0, 0.0)	(16.0, 0.0)	(17.0, 0.0)	(18.0, 0.0)	(19.0, 0.0)	(20.0, 0.0)	(21.0, 0.0)	(22.0, 0.0)	(23.0, 0.0)	(24.0, 0.0)	(25.0, 0.0)	(26.0, 0.0)	(27.0, 0.0)	(28.0, 0.0)	(29.0, 0.3333333333333333)	(30.0, 0.3333333333333333)	(31.0, 0.0)	(32.0, 0.0)	(33.0, 0.3333333333333333)	(34.0, 1.3333333333333333)	(35.0, 1.3333333333333333)	(36.0, 4.333333333333333)	(37.0, 6.333333333333331)	(38.0, 20.66666666666666)	(39.0, 35.33333333333331)	(40.0, 190.33333333333437)	(41.0, 141.66666666666632)	(42.0, 199.66666666666796)	(43.0, 338.33333333333155)	(44.0, 356.33333333333053)	(45.0, 366.9999999999966)	(46.0, 339.3333333333315)	(47.0, 355.3333333333306)	(48.0, 536.9999999999911)	(49.0, 2230.33333333323)	(50.0, 1990.6666666664933)	(51.0, 4051.0000000007244)	(52.0, 5707.333333332613)	(53.0, 2880.3333333335254)	(54.0, 2726.3333333334554)	(55.0, 2189.333333333211)	(56.0, 1082.6666666666997)	(57.0, 555.9999999999933)	(58.0, 280.00000000000153)	(59.0, 240.66666666666913)	(60.0, 196.33333333333454)	(61.0, 131.66666666666603)	(62.0, 29.66666666666663)	(63.0, 12.666666666666671)	(64.0, 6.999999999999997)	(65.0, 2.333333333333333)	(66.0, 1.0)	(67.0, 0.6666666666666666)	(68.0, 0.6666666666666666)	(69.0, 0.6666666666666666)	(70.0, 0.3333333333333333)	(71.0, 0.0)	(72.0, 0.0)	(73.0, 0.0)	(74.0, 0.0)	(75.0, 0.0)	(76.0, 0.0)	(77.0, 0.0)	(78.0, 0.0)	(79.0, 0.0)	(80.0, 0.0)	(81.0, 0.0)	(82.0, 0.0)	(83.0, 0.0)	(84.0, 0.0)	(85.0, 0.0)	(86.0, 0.0)	(87.0, 0.0)	(88.0, 0.0)	(89.0, 0.0)	(90.0, 0.0)	(91.0, 0.0)	(92.0, 0.0)	(93.0, 0.0)	(94.0, 0.0)	(95.0, 0.0)	(96.0, 0.0)	(97.0, 0.0)	(98.0, 0.0)	(99.0, 0.0)	(100.0, 0.0)
SRR8438112_2	(0.0, 0.0)	(1.0, 0.0)	(2.0, 0.0)	(3.0, 0.0)	(4.0, 0.0)	(5.0, 0.0)	(6.0, 0.0)	(7.0, 0.0)	(8.0, 0.0)	(9.0, 0.0)	(10.0, 0.0)	(11.0, 0.0)	(12.0, 0.0)	(13.0, 0.0)	(14.0, 0.0)	(15.0, 0.0)	(16.0, 0.0)	(17.0, 0.0)	(18.0, 0.0)	(19.0, 0.0)	(20.0, 0.0)	(21.0, 0.0)	(22.0, 0.0)	(23.0, 0.0)	(24.0, 0.0)	(25.0, 0.0)	(26.0, 0.0)	(27.0, 0.0)	(28.0, 0.0)	(29.0, 0.0)	(30.0, 0.0)	(31.0, 0.0)	(32.0, 0.0)	(33.0, 0.0)	(34.0, 0.0)	(35.0, 0.0)	(36.0, 0.0)	(37.0, 1.0)	(38.0, 8.666666666666664)	(39.0, 70.00000000000009)	(40.0, 112.33333333333282)	(41.0, 67.00000000000013)	(42.0, 110.33333333333285)	(43.0, 173.66666666666723)	(44.0, 215.66666666666842)	(45.0, 194.00000000000114)	(46.0, 148.33333333333317)	(47.0, 152.99999999999997)	(48.0, 212.00000000000165)	(49.0, 774.5000000000181)	(50.0, 2177.166666666539)	(51.0, 2155.666666666529)	(52.0, 3398.0000000004275)	(53.0, 4468.33333333374)	(54.0, 2980.333333333571)	(55.0, 2308.9999999999322)	(56.0, 1892.3333333331823)	(57.0, 1319.6666666666458)	(58.0, 891.6666666666981)	(59.0, 692.3333333333421)	(60.0, 516.6666666666555)	(61.0, 336.33333333333167)	(62.0, 234.00000000000227)	(63.0, 174.00000000000057)	(64.0, 149.9999999999999)	(65.0, 101.99999999999963)	(66.0, 70.00000000000009)	(67.0, 45.00000000000004)	(68.0, 29.66666666666663)	(69.0, 21.99999999999999)	(70.0, 16.333333333333343)	(71.0, 15.000000000000009)	(72.0, 10.0)	(73.0, 4.0)	(74.0, 1.6666666666666665)	(75.0, 1.9999999999999998)	(76.0, 0.6666666666666666)	(77.0, 0.0)	(78.0, 1.0)	(79.0, 0.6666666666666666)	(80.0, 0.3333333333333333)	(81.0, 0.0)	(82.0, 0.3333333333333333)	(83.0, 0.0)	(84.0, 0.0)	(85.0, 0.0)	(86.0, 0.0)	(87.0, 0.0)	(88.0, 0.0)	(89.0, 0.0)	(90.0, 0.0)	(91.0, 0.0)	(92.0, 0.0)	(93.0, 0.0)	(94.0, 0.0)	(95.0, 0.3333333333333333)	(96.0, 0.6666666666666666)	(97.0, 0.0)	(98.0, 0.3333333333333333)	(99.0, 0.3333333333333333)	(100.0, 0.5)
SRR8438113	(0.0, 0.0)	(1.0, 0.0)	(2.0, 0.0)	(3.0, 0.0)	(4.0, 0.0)	(5.0, 0.0)	(6.0, 0.0)	(7.0, 0.0)	(8.0, 0.0)	(9.0, 0.0)	(10.0, 0.0)	(11.0, 0.0)	(12.0, 0.0)	(13.0, 0.0)	(14.0, 0.0)	(15.0, 0.0)	(16.0, 0.0)	(17.0, 0.0)	(18.0, 0.0)	(19.0, 0.0)	(20.0, 0.0)	(21.0, 0.0)	(22.0, 0.0)	(23.0, 0.0)	(24.0, 0.0)	(25.0, 0.0)	(26.0, 0.0)	(27.0, 0.0)	(28.0, 0.0)	(29.0, 0.0)	(30.0, 0.0)	(31.0, 0.0)	(32.0, 0.0)	(33.0, 0.0)	(34.0, 0.0)	(35.0, 0.0)	(36.0, 0.0)	(37.0, 0.0)	(38.0, 0.0)	(39.0, 0.0)	(40.0, 0.6666666666666666)	(41.0, 0.3333333333333333)	(42.0, 1.0)	(43.0, 0.0)	(44.0, 0.3333333333333333)	(45.0, 0.3333333333333333)	(46.0, 0.3333333333333333)	(47.0, 0.6666666666666666)	(48.0, 0.6666666666666666)	(49.0, 1.0)	(50.0, 0.3333333333333333)	(51.0, 0.0)	(52.0, 0.0)	(53.0, 0.0)	(54.0, 0.0)	(55.0, 0.0)	(56.0, 0.0)	(57.0, 0.0)	(58.0, 0.0)	(59.0, 0.0)	(60.0, 0.0)	(61.0, 0.0)	(62.0, 0.0)	(63.0, 0.0)	(64.0, 0.0)	(65.0, 0.0)	(66.0, 0.0)	(67.0, 0.0)	(68.0, 0.0)	(69.0, 0.0)	(70.0, 0.0)	(71.0, 0.0)	(72.0, 0.0)	(73.0, 0.0)	(74.0, 0.0)	(75.0, 0.0)	(76.0, 0.0)	(77.0, 0.0)	(78.0, 0.0)	(79.0, 0.0)	(80.0, 0.0)	(81.0, 0.0)	(82.0, 0.0)	(83.0, 0.0)	(84.0, 0.0)	(85.0, 0.0)	(86.0, 0.0)	(87.0, 0.0)	(88.0, 0.0)	(89.0, 0.0)	(90.0, 0.0)	(91.0, 0.0)	(92.0, 0.0)	(93.0, 0.0)	(94.0, 0.0)	(95.0, 0.0)	(96.0, 0.0)	(97.0, 0.0)	(98.0, 0.0)	(99.0, 0.0)	(100.0, 0.0)
SRR8438113_1	(0.0, 0.0)	(1.0, 0.0)	(2.0, 0.0)	(3.0, 0.0)	(4.0, 0.0)	(5.0, 0.0)	(6.0, 0.0)	(7.0, 0.0)	(8.0, 0.0)	(9.0, 0.0)	(10.0, 0.0)	(11.0, 0.0)	(12.0, 0.0)	(13.0, 0.0)	(14.0, 0.0)	(15.0, 0.0)	(16.0, 0.0)	(17.0, 0.0)	(18.0, 0.0)	(19.0, 0.0)	(20.0, 0.0)	(21.0, 0.0)	(22.0, 0.0)	(23.0, 0.0)	(24.0, 0.0)	(25.0, 0.0)	(26.0, 0.0)	(27.0, 0.3333333333333333)	(28.0, 0.0)	(29.0, 0.3333333333333333)	(30.0, 0.3333333333333333)	(31.0, 0.3333333333333333)	(32.0, 0.6666666666666666)	(33.0, 4.0)	(34.0, 114.99999999999945)	(35.0, 90.66666666666646)	(36.0, 14.333333333333341)	(37.0, 15.000000000000009)	(38.0, 28.666666666666632)	(39.0, 77.33333333333331)	(40.0, 88.99999999999982)	(41.0, 110.9999999999995)	(42.0, 162.6666666666669)	(43.0, 306.33333333333337)	(44.0, 390.3333333333286)	(45.0, 541.333333333325)	(46.0, 632.6666666666687)	(47.0, 551.6666666666595)	(48.0, 647.333333333337)	(49.0, 891.0000000000314)	(50.0, 546.9999999999923)	(51.0, 1785.6666666665399)	(52.0, 6151.999999998875)	(53.0, 4350.333333333847)	(54.0, 1764.6666666665446)	(55.0, 2439.333333333325)	(56.0, 4187.000000000662)	(57.0, 2432.666666666655)	(58.0, 623.0000000000009)	(59.0, 221.0000000000019)	(60.0, 131.3333333333327)	(61.0, 46.00000000000005)	(62.0, 33.66666666666663)	(63.0, 15.333333333333343)	(64.0, 9.333333333333332)	(65.0, 6.666666666666664)	(66.0, 2.333333333333333)	(67.0, 1.9999999999999998)	(68.0, 0.6666666666666666)	(69.0, 0.3333333333333333)	(70.0, 0.3333333333333333)	(71.0, 0.3333333333333333)	(72.0, 0.0)	(73.0, 0.0)	(74.0, 0.0)	(75.0, 0.0)	(76.0, 0.0)	(77.0, 0.0)	(78.0, 0.0)	(79.0, 0.0)	(80.0, 0.0)	(81.0, 0.0)	(82.0, 0.0)	(83.0, 0.0)	(84.0, 0.0)	(85.0, 0.0)	(86.0, 0.0)	(87.0, 0.0)	(88.0, 0.0)	(89.0, 0.0)	(90.0, 0.0)	(91.0, 0.0)	(92.0, 0.0)	(93.0, 0.0)	(94.0, 0.0)	(95.0, 0.0)	(96.0, 0.0)	(97.0, 0.0)	(98.0, 0.0)	(99.0, 0.0)	(100.0, 0.0)
SRR8438113_2	(0.0, 0.0)	(1.0, 0.0)	(2.0, 0.0)	(3.0, 0.0)	(4.0, 0.0)	(5.0, 0.0)	(6.0, 0.0)	(7.0, 0.0)	(8.0, 0.0)	(9.0, 0.0)	(10.0, 0.0)	(11.0, 0.0)	(12.0, 0.0)	(13.0, 0.0)	(14.0, 0.0)	(15.0, 0.0)	(16.0, 0.0)	(17.0, 0.0)	(18.0, 0.0)	(19.0, 0.0)	(20.0, 0.0)	(21.0, 0.0)	(22.0, 0.0)	(23.0, 0.0)	(24.0, 0.0)	(25.0, 0.0)	(26.0, 0.0)	(27.0, 0.0)	(28.0, 0.6666666666666666)	(29.0, 1.0)	(30.0, 0.6666666666666666)	(31.0, 3.0)	(32.0, 3.666666666666667)	(33.0, 6.666666666666664)	(34.0, 12.666666666666671)	(35.0, 79.33333333333329)	(36.0, 72.33333333333339)	(37.0, 27.999999999999968)	(38.0, 11.000000000000002)	(39.0, 8.166666666666664)	(40.0, 25.49999999999998)	(41.0, 75.33333333333334)	(42.0, 127.99999999999926)	(43.0, 195.66666666666785)	(44.0, 272.000000000002)	(45.0, 282.5000000000014)	(46.0, 218.33333333333516)	(47.0, 373.83333333332956)	(48.0, 504.3333333333221)	(49.0, 679.8333333333408)	(50.0, 831.833333333358)	(51.0, 1470.3333333332782)	(52.0, 4947.333333333304)	(53.0, 3797.000000000609)	(54.0, 2136.6666666665205)	(55.0, 2848.0000000001774)	(56.0, 3909.3333333339933)	(57.0, 2233.333333333231)	(58.0, 1273.6666666666563)	(59.0, 763.3333333333502)	(60.0, 510.9999999999884)	(61.0, 392.9999999999951)	(62.0, 277.0000000000017)	(63.0, 186.6666666666676)	(64.0, 133.6666666666661)	(65.0, 99.99999999999966)	(66.0, 71.66666666666673)	(67.0, 53.333333333333435)	(68.0, 34.666666666666636)	(69.0, 22.999999999999986)	(70.0, 15.000000000000009)	(71.0, 10.0)	(72.0, 6.999999999999997)	(73.0, 4.666666666666666)	(74.0, 0.6666666666666666)	(75.0, 2.333333333333333)	(76.0, 1.3333333333333333)	(77.0, 1.6666666666666665)	(78.0, 1.3333333333333333)	(79.0, 0.3333333333333333)	(80.0, 0.3333333333333333)	(81.0, 0.6666666666666666)	(82.0, 0.6666666666666666)	(83.0, 0.6666666666666666)	(84.0, 0.6666666666666666)	(85.0, 0.6666666666666666)	(86.0, 0.6666666666666666)	(87.0, 0.6666666666666666)	(88.0, 0.3333333333333333)	(89.0, 0.0)	(90.0, 0.3333333333333333)	(91.0, 0.3333333333333333)	(92.0, 0.0)	(93.0, 0.0)	(94.0, 0.0)	(95.0, 0.0)	(96.0, 0.0)	(97.0, 0.0)	(98.0, 0.0)	(99.0, 0.6666666666666666)	(100.0, 1.0)
SRR8438114	(0.0, 0.0)	(1.0, 0.0)	(2.0, 0.0)	(3.0, 0.0)	(4.0, 0.0)	(5.0, 0.0)	(6.0, 0.0)	(7.0, 0.0)	(8.0, 0.0)	(9.0, 0.0)	(10.0, 0.0)	(11.0, 0.0)	(12.0, 0.0)	(13.0, 0.0)	(14.0, 0.0)	(15.0, 0.0)	(16.0, 0.0)	(17.0, 0.0)	(18.0, 0.0)	(19.0, 0.0)	(20.0, 0.0)	(21.0, 0.0)	(22.0, 0.0)	(23.0, 0.0)	(24.0, 0.0)	(25.0, 0.0)	(26.0, 0.0)	(27.0, 0.0)	(28.0, 0.0)	(29.0, 0.0)	(30.0, 0.0)	(31.0, 0.0)	(32.0, 0.0)	(33.0, 0.0)	(34.0, 0.0)	(35.0, 0.0)	(36.0, 0.0)	(37.0, 0.0)	(38.0, 0.0)	(39.0, 0.0)	(40.0, 0.0)	(41.0, 0.3333333333333333)	(42.0, 0.0)	(43.0, 0.0)	(44.0, 0.6666666666666666)	(45.0, 1.3333333333333333)	(46.0, 1.0)	(47.0, 0.6666666666666666)	(48.0, 0.0)	(49.0, 0.3333333333333333)	(50.0, 0.3333333333333333)	(51.0, 0.3333333333333333)	(52.0, 0.3333333333333333)	(53.0, 0.0)	(54.0, 0.0)	(55.0, 0.0)	(56.0, 0.0)	(57.0, 0.0)	(58.0, 0.0)	(59.0, 0.0)	(60.0, 0.0)	(61.0, 0.0)	(62.0, 0.0)	(63.0, 0.0)	(64.0, 0.0)	(65.0, 0.0)	(66.0, 0.0)	(67.0, 0.0)	(68.0, 0.0)	(69.0, 0.0)	(70.0, 0.0)	(71.0, 0.0)	(72.0, 0.0)	(73.0, 0.0)	(74.0, 0.0)	(75.0, 0.0)	(76.0, 0.0)	(77.0, 0.0)	(78.0, 0.0)	(79.0, 0.0)	(80.0, 0.0)	(81.0, 0.0)	(82.0, 0.0)	(83.0, 0.0)	(84.0, 0.0)	(85.0, 0.0)	(86.0, 0.0)	(87.0, 0.0)	(88.0, 0.0)	(89.0, 0.0)	(90.0, 0.0)	(91.0, 0.0)	(92.0, 0.0)	(93.0, 0.0)	(94.0, 0.0)	(95.0, 0.0)	(96.0, 0.0)	(97.0, 0.0)	(98.0, 0.0)	(99.0, 0.0)	(100.0, 0.0)
SRR8438114_1	(0.0, 0.0)	(1.0, 0.0)	(2.0, 0.0)	(3.0, 0.0)	(4.0, 0.0)	(5.0, 0.0)	(6.0, 0.0)	(7.0, 0.0)	(8.0, 0.0)	(9.0, 0.0)	(10.0, 0.0)	(11.0, 0.0)	(12.0, 0.0)	(13.0, 0.0)	(14.0, 0.0)	(15.0, 0.0)	(16.0, 0.0)	(17.0, 0.0)	(18.0, 0.0)	(19.0, 0.0)	(20.0, 0.0)	(21.0, 0.0)	(22.0, 0.3333333333333333)	(23.0, 0.6666666666666666)	(24.0, 0.0)	(25.0, 0.0)	(26.0, 0.3333333333333333)	(27.0, 0.0)	(28.0, 0.0)	(29.0, 0.0)	(30.0, 0.0)	(31.0, 0.0)	(32.0, 0.0)	(33.0, 0.3333333333333333)	(34.0, 3.0)	(35.0, 4.666666666666666)	(36.0, 3.666666666666667)	(37.0, 2.6666666666666665)	(38.0, 70.66666666666674)	(39.0, 53.333333333333435)	(40.0, 267.6666666666689)	(41.0, 251.3333333333361)	(42.0, 111.66666666666616)	(43.0, 194.66666666666782)	(44.0, 296.33333333333394)	(45.0, 422.6666666666601)	(46.0, 366.9999999999966)	(47.0, 350.33333333333087)	(48.0, 466.6666666666576)	(49.0, 1332.9999999999761)	(50.0, 1601.999999999915)	(51.0, 12969.666666672376)	(52.0, 16726.000000010674)	(53.0, 5746.66666666591)	(54.0, 4885.33333333336)	(55.0, 1947.3333333331698)	(56.0, 896.6666666666987)	(57.0, 641.3333333333363)	(58.0, 249.33333333333604)	(59.0, 105.99999999999957)	(60.0, 41.666666666666686)	(61.0, 19.999999999999996)	(62.0, 24.99999999999998)	(63.0, 19.0)	(64.0, 3.666666666666667)	(65.0, 1.6666666666666665)	(66.0, 1.3333333333333333)	(67.0, 0.6666666666666666)	(68.0, 0.0)	(69.0, 0.0)	(70.0, 0.0)	(71.0, 0.0)	(72.0, 0.0)	(73.0, 0.0)	(74.0, 0.0)	(75.0, 0.0)	(76.0, 0.0)	(77.0, 0.0)	(78.0, 0.0)	(79.0, 0.0)	(80.0, 0.0)	(81.0, 0.0)	(82.0, 0.0)	(83.0, 0.0)	(84.0, 0.0)	(85.0, 0.0)	(86.0, 0.0)	(87.0, 0.0)	(88.0, 0.0)	(89.0, 0.0)	(90.0, 0.0)	(91.0, 0.0)	(92.0, 0.0)	(93.0, 0.0)	(94.0, 0.0)	(95.0, 0.0)	(96.0, 0.0)	(97.0, 0.0)	(98.0, 0.0)	(99.0, 0.0)	(100.0, 0.0)
SRR8438114_2	(0.0, 0.0)	(1.0, 0.0)	(2.0, 0.0)	(3.0, 0.0)	(4.0, 0.0)	(5.0, 0.0)	(6.0, 0.0)	(7.0, 0.0)	(8.0, 0.0)	(9.0, 0.0)	(10.0, 0.0)	(11.0, 0.0)	(12.0, 0.0)	(13.0, 0.0)	(14.0, 0.0)	(15.0, 0.0)	(16.0, 0.0)	(17.0, 0.0)	(18.0, 0.0)	(19.0, 0.0)	(20.0, 0.0)	(21.0, 0.0)	(22.0, 0.0)	(23.0, 0.6666666666666666)	(24.0, 0.6666666666666666)	(25.0, 0.0)	(26.0, 0.0)	(27.0, 0.0)	(28.0, 0.3333333333333333)	(29.0, 0.3333333333333333)	(30.0, 0.0)	(31.0, 1.0)	(32.0, 1.9999999999999998)	(33.0, 1.3333333333333333)	(34.0, 0.0)	(35.0, 0.3333333333333333)	(36.0, 1.9999999999999998)	(37.0, 7.33333333333333)	(38.0, 116.33333333333276)	(39.0, 169.33333333333377)	(40.0, 158.6666666666668)	(41.0, 87.6666666666665)	(42.0, 124.66666666666598)	(43.0, 188.00000000000097)	(44.0, 216.00000000000176)	(45.0, 222.66666666666862)	(46.0, 227.16666666666873)	(47.0, 247.50000000000264)	(48.0, 456.9999999999915)	(49.0, 860.6666666666946)	(50.0, 1509.6666666666026)	(51.0, 1742.999999999883)	(52.0, 11004.333333335468)	(53.0, 12916.000000005612)	(54.0, 6235.3333333321325)	(55.0, 2973.000000000234)	(56.0, 1803.3333333332025)	(57.0, 1293.6666666666517)	(58.0, 956.6666666667055)	(59.0, 542.6666666666584)	(60.0, 342.99999999999795)	(61.0, 245.66666666666927)	(62.0, 177.00000000000065)	(63.0, 120.66666666666603)	(64.0, 89.9999999999998)	(65.0, 59.33333333333348)	(66.0, 50.66666666666675)	(67.0, 38.666666666666664)	(68.0, 25.666666666666643)	(69.0, 14.666666666666675)	(70.0, 9.666666666666666)	(71.0, 4.999999999999999)	(72.0, 4.333333333333333)	(73.0, 2.6666666666666665)	(74.0, 1.0)	(75.0, 1.0)	(76.0, 1.0)	(77.0, 0.3333333333333333)	(78.0, 0.6666666666666666)	(79.0, 0.3333333333333333)	(80.0, 0.3333333333333333)	(81.0, 0.3333333333333333)	(82.0, 0.3333333333333333)	(83.0, 0.3333333333333333)	(84.0, 0.0)	(85.0, 0.0)	(86.0, 0.0)	(87.0, 0.3333333333333333)	(88.0, 0.3333333333333333)	(89.0, 0.0)	(90.0, 0.0)	(91.0, 0.0)	(92.0, 0.0)	(93.0, 0.3333333333333333)	(94.0, 0.0)	(95.0, 0.0)	(96.0, 0.0)	(97.0, 0.0)	(98.0, 0.0)	(99.0, 0.0)	(100.0, 0.5)
SRR8438115	(0.0, 0.0)	(1.0, 0.0)	(2.0, 0.0)	(3.0, 0.0)	(4.0, 0.0)	(5.0, 0.0)	(6.0, 0.0)	(7.0, 0.0)	(8.0, 0.0)	(9.0, 0.0)	(10.0, 0.0)	(11.0, 0.0)	(12.0, 0.0)	(13.0, 0.0)	(14.0, 0.0)	(15.0, 0.0)	(16.0, 0.0)	(17.0, 0.0)	(18.0, 0.0)	(19.0, 0.0)	(20.0, 0.0)	(21.0, 0.0)	(22.0, 0.0)	(23.0, 0.0)	(24.0, 0.0)	(25.0, 0.0)	(26.0, 0.0)	(27.0, 0.0)	(28.0, 0.0)	(29.0, 0.0)	(30.0, 0.0)	(31.0, 0.0)	(32.0, 0.0)	(33.0, 0.0)	(34.0, 0.0)	(35.0, 0.0)	(36.0, 0.0)	(37.0, 0.0)	(38.0, 0.0)	(39.0, 0.0)	(40.0, 0.3333333333333333)	(41.0, 0.6666666666666666)	(42.0, 0.0)	(43.0, 0.0)	(44.0, 0.0)	(45.0, 0.3333333333333333)	(46.0, 1.0)	(47.0, 0.3333333333333333)	(48.0, 0.6666666666666666)	(49.0, 0.6666666666666666)	(50.0, 0.6666666666666666)	(51.0, 0.6666666666666666)	(52.0, 0.0)	(53.0, 0.0)	(54.0, 0.0)	(55.0, 0.0)	(56.0, 0.0)	(57.0, 0.0)	(58.0, 0.0)	(59.0, 0.0)	(60.0, 0.0)	(61.0, 0.0)	(62.0, 0.0)	(63.0, 0.0)	(64.0, 0.0)	(65.0, 0.0)	(66.0, 0.0)	(67.0, 0.0)	(68.0, 0.0)	(69.0, 0.0)	(70.0, 0.0)	(71.0, 0.0)	(72.0, 0.0)	(73.0, 0.0)	(74.0, 0.0)	(75.0, 0.0)	(76.0, 0.0)	(77.0, 0.0)	(78.0, 0.0)	(79.0, 0.0)	(80.0, 0.0)	(81.0, 0.0)	(82.0, 0.0)	(83.0, 0.0)	(84.0, 0.0)	(85.0, 0.0)	(86.0, 0.0)	(87.0, 0.0)	(88.0, 0.0)	(89.0, 0.0)	(90.0, 0.0)	(91.0, 0.0)	(92.0, 0.0)	(93.0, 0.0)	(94.0, 0.0)	(95.0, 0.0)	(96.0, 0.0)	(97.0, 0.0)	(98.0, 0.0)	(99.0, 0.0)	(100.0, 0.0)
SRR8438115_1	(0.0, 0.0)	(1.0, 0.0)	(2.0, 0.0)	(3.0, 0.0)	(4.0, 0.0)	(5.0, 0.0)	(6.0, 0.0)	(7.0, 0.0)	(8.0, 0.0)	(9.0, 0.0)	(10.0, 0.0)	(11.0, 0.0)	(12.0, 0.0)	(13.0, 0.0)	(14.0, 0.0)	(15.0, 0.0)	(16.0, 0.0)	(17.0, 0.0)	(18.0, 0.0)	(19.0, 0.0)	(20.0, 0.0)	(21.0, 0.0)	(22.0, 0.0)	(23.0, 0.0)	(24.0, 0.0)	(25.0, 0.0)	(26.0, 0.0)	(27.0, 0.0)	(28.0, 0.3333333333333333)	(29.0, 0.6666666666666666)	(30.0, 0.0)	(31.0, 0.0)	(32.0, 0.3333333333333333)	(33.0, 0.3333333333333333)	(34.0, 0.0)	(35.0, 0.3333333333333333)	(36.0, 1.3333333333333333)	(37.0, 5.333333333333332)	(38.0, 19.666666666666664)	(39.0, 35.66666666666664)	(40.0, 124.33333333333265)	(41.0, 144.33333333333306)	(42.0, 90.99999999999979)	(43.0, 317.9999999999994)	(44.0, 476.3333333333237)	(45.0, 546.9999999999923)	(46.0, 640.6666666666696)	(47.0, 929.3333333333691)	(48.0, 1282.6666666666542)	(49.0, 1512.666666666602)	(50.0, 2166.9999999998677)	(51.0, 5682.6666666659685)	(52.0, 6761.666666664987)	(53.0, 5737.333333332585)	(54.0, 5396.999999999562)	(55.0, 3223.3333333336814)	(56.0, 2691.666666666773)	(57.0, 1138.3333333333537)	(58.0, 436.6666666666593)	(59.0, 198.66666666666794)	(60.0, 180.33333333333408)	(61.0, 173.33333333333388)	(62.0, 33.66666666666663)	(63.0, 17.000000000000007)	(64.0, 21.99999999999999)	(65.0, 20.33333333333333)	(66.0, 21.99999999999999)	(67.0, 15.000000000000009)	(68.0, 4.666666666666666)	(69.0, 3.666666666666667)	(70.0, 1.9999999999999998)	(71.0, 3.3333333333333335)	(72.0, 4.0)	(73.0, 4.999999999999999)	(74.0, 6.666666666666664)	(75.0, 20.33333333333333)	(76.0, 24.99999999999998)	(77.0, 19.0)	(78.0, 7.9999999999999964)	(79.0, 1.3333333333333333)	(80.0, 0.0)	(81.0, 0.0)	(82.0, 0.0)	(83.0, 0.0)	(84.0, 0.0)	(85.0, 0.0)	(86.0, 0.0)	(87.0, 0.0)	(88.0, 0.0)	(89.0, 0.0)	(90.0, 0.0)	(91.0, 0.0)	(92.0, 0.0)	(93.0, 0.0)	(94.0, 0.0)	(95.0, 0.0)	(96.0, 0.0)	(97.0, 0.0)	(98.0, 0.0)	(99.0, 0.0)	(100.0, 0.0)
SRR8438115_2	(0.0, 0.0)	(1.0, 0.0)	(2.0, 0.0)	(3.0, 0.0)	(4.0, 0.0)	(5.0, 0.0)	(6.0, 0.0)	(7.0, 0.0)	(8.0, 0.0)	(9.0, 0.0)	(10.0, 0.0)	(11.0, 0.0)	(12.0, 0.0)	(13.0, 0.0)	(14.0, 0.0)	(15.0, 0.0)	(16.0, 0.0)	(17.0, 0.0)	(18.0, 0.0)	(19.0, 0.0)	(20.0, 0.0)	(21.0, 0.0)	(22.0, 0.0)	(23.0, 0.0)	(24.0, 0.0)	(25.0, 0.0)	(26.0, 0.0)	(27.0, 0.0)	(28.0, 0.0)	(29.0, 0.0)	(30.0, 0.0)	(31.0, 0.0)	(32.0, 0.0)	(33.0, 0.0)	(34.0, 0.0)	(35.0, 0.0)	(36.0, 0.6666666666666666)	(37.0, 3.666666666666667)	(38.0, 44.33333333333337)	(39.0, 46.333333333333385)	(40.0, 44.66666666666671)	(41.0, 30.999999999999957)	(42.0, 60.66666666666682)	(43.0, 119.66666666666605)	(44.0, 298.5000000000005)	(45.0, 430.3333333333264)	(46.0, 511.4999999999884)	(47.0, 443.9999999999922)	(48.0, 793.0000000000202)	(49.0, 1469.3333333332785)	(50.0, 2354.6666666666197)	(51.0, 2280.9999999999195)	(52.0, 4668.666666666891)	(53.0, 6003.6666666656765)	(54.0, 4491.000000000386)	(55.0, 3677.0000000005543)	(56.0, 3126.6666666669707)	(57.0, 2525.6666666666974)	(58.0, 1826.6666666665305)	(59.0, 1148.0000000000182)	(60.0, 738.3333333333474)	(61.0, 460.3333333333246)	(62.0, 328.3333333333321)	(63.0, 283.3333333333347)	(64.0, 213.66666666666836)	(65.0, 157.00000000000009)	(66.0, 106.99999999999956)	(67.0, 67.33333333333346)	(68.0, 50.00000000000008)	(69.0, 39.333333333333336)	(70.0, 24.666666666666647)	(71.0, 43.333333333333364)	(72.0, 32.333333333333286)	(73.0, 17.66666666666667)	(74.0, 8.999999999999998)	(75.0, 4.333333333333333)	(76.0, 3.3333333333333335)	(77.0, 1.9999999999999998)	(78.0, 1.6666666666666665)	(79.0, 2.6666666666666665)	(80.0, 2.6666666666666665)	(81.0, 1.3333333333333333)	(82.0, 0.6666666666666666)	(83.0, 0.6666666666666666)	(84.0, 1.0)	(85.0, 0.6666666666666666)	(86.0, 0.0)	(87.0, 0.0)	(88.0, 0.0)	(89.0, 0.0)	(90.0, 0.0)	(91.0, 0.0)	(92.0, 0.3333333333333333)	(93.0, 0.3333333333333333)	(94.0, 0.0)	(95.0, 0.0)	(96.0, 0.0)	(97.0, 0.0)	(98.0, 0.0)	(99.0, 0.0)	(100.0, 0.0)
SRR8438116	(0.0, 0.0)	(1.0, 0.0)	(2.0, 0.0)	(3.0, 0.0)	(4.0, 0.0)	(5.0, 0.0)	(6.0, 0.0)	(7.0, 0.0)	(8.0, 0.0)	(9.0, 0.0)	(10.0, 0.0)	(11.0, 0.0)	(12.0, 0.0)	(13.0, 0.0)	(14.0, 0.0)	(15.0, 0.0)	(16.0, 0.0)	(17.0, 0.0)	(18.0, 0.0)	(19.0, 0.0)	(20.0, 0.0)	(21.0, 0.0)	(22.0, 0.0)	(23.0, 0.0)	(24.0, 0.0)	(25.0, 0.0)	(26.0, 0.0)	(27.0, 0.0)	(28.0, 0.0)	(29.0, 0.0)	(30.0, 0.0)	(31.0, 0.0)	(32.0, 0.0)	(33.0, 0.0)	(34.0, 0.0)	(35.0, 0.0)	(36.0, 0.0)	(37.0, 0.0)	(38.0, 0.0)	(39.0, 0.0)	(40.0, 0.0)	(41.0, 0.0)	(42.0, 0.0)	(43.0, 0.0)	(44.0, 0.3333333333333333)	(45.0, 0.0)	(46.0, 0.3333333333333333)	(47.0, 0.3333333333333333)	(48.0, 0.6666666666666666)	(49.0, 0.6666666666666666)	(50.0, 0.0)	(51.0, 0.0)	(52.0, 0.0)	(53.0, 0.0)	(54.0, 0.0)	(55.0, 0.0)	(56.0, 0.0)	(57.0, 0.0)	(58.0, 0.0)	(59.0, 0.0)	(60.0, 0.0)	(61.0, 0.0)	(62.0, 0.0)	(63.0, 0.0)	(64.0, 0.0)	(65.0, 0.0)	(66.0, 0.0)	(67.0, 0.0)	(68.0, 0.0)	(69.0, 0.0)	(70.0, 0.0)	(71.0, 0.0)	(72.0, 0.0)	(73.0, 0.0)	(74.0, 0.0)	(75.0, 0.0)	(76.0, 0.0)	(77.0, 0.0)	(78.0, 0.0)	(79.0, 0.0)	(80.0, 0.0)	(81.0, 0.0)	(82.0, 0.0)	(83.0, 0.0)	(84.0, 0.0)	(85.0, 0.0)	(86.0, 0.0)	(87.0, 0.0)	(88.0, 0.0)	(89.0, 0.0)	(90.0, 0.0)	(91.0, 0.0)	(92.0, 0.0)	(93.0, 0.0)	(94.0, 0.0)	(95.0, 0.0)	(96.0, 0.0)	(97.0, 0.0)	(98.0, 0.0)	(99.0, 0.0)	(100.0, 0.0)
SRR8438116_1	(0.0, 0.0)	(1.0, 0.0)	(2.0, 0.0)	(3.0, 0.0)	(4.0, 0.0)	(5.0, 0.0)	(6.0, 0.0)	(7.0, 0.0)	(8.0, 0.0)	(9.0, 0.0)	(10.0, 0.0)	(11.0, 0.0)	(12.0, 0.0)	(13.0, 0.0)	(14.0, 0.0)	(15.0, 0.0)	(16.0, 0.0)	(17.0, 0.0)	(18.0, 0.0)	(19.0, 0.0)	(20.0, 0.0)	(21.0, 0.0)	(22.0, 0.0)	(23.0, 0.0)	(24.0, 0.0)	(25.0, 0.0)	(26.0, 0.6666666666666666)	(27.0, 1.6666666666666665)	(28.0, 1.0)	(29.0, 0.6666666666666666)	(30.0, 1.0)	(31.0, 0.3333333333333333)	(32.0, 0.0)	(33.0, 1.6666666666666665)	(34.0, 2.333333333333333)	(35.0, 8.33333333333333)	(36.0, 9.666666666666666)	(37.0, 10.666666666666668)	(38.0, 16.666666666666675)	(39.0, 34.3333333333333)	(40.0, 95.99999999999972)	(41.0, 150.99999999999991)	(42.0, 272.3333333333353)	(43.0, 379.3333333333292)	(44.0, 374.3333333333295)	(45.0, 550.6666666666594)	(46.0, 654.6666666666712)	(47.0, 743.3333333333479)	(48.0, 635.0000000000023)	(49.0, 1254.6666666666606)	(50.0, 1667.6666666665667)	(51.0, 3740.000000000583)	(52.0, 6229.666666665471)	(53.0, 3108.0000000002956)	(54.0, 3182.3333333336627)	(55.0, 2326.3333333332735)	(56.0, 1251.333333333328)	(57.0, 524.6666666666564)	(58.0, 230.66666666666885)	(59.0, 157.00000000000009)	(60.0, 75.33333333333334)	(61.0, 70.00000000000009)	(62.0, 16.00000000000001)	(63.0, 10.0)	(64.0, 4.333333333333333)	(65.0, 2.333333333333333)	(66.0, 1.0)	(67.0, 0.3333333333333333)	(68.0, 0.3333333333333333)	(69.0, 0.3333333333333333)	(70.0, 0.0)	(71.0, 0.0)	(72.0, 0.0)	(73.0, 0.0)	(74.0, 0.0)	(75.0, 0.0)	(76.0, 0.0)	(77.0, 0.0)	(78.0, 0.0)	(79.0, 0.0)	(80.0, 0.0)	(81.0, 0.0)	(82.0, 0.0)	(83.0, 0.0)	(84.0, 0.0)	(85.0, 0.0)	(86.0, 0.0)	(87.0, 0.0)	(88.0, 0.0)	(89.0, 0.0)	(90.0, 0.0)	(91.0, 0.0)	(92.0, 0.0)	(93.0, 0.0)	(94.0, 0.0)	(95.0, 0.0)	(96.0, 0.0)	(97.0, 0.0)	(98.0, 0.0)	(99.0, 0.0)	(100.0, 0.0)
SRR8438116_2	(0.0, 0.0)	(1.0, 0.0)	(2.0, 0.0)	(3.0, 0.0)	(4.0, 0.0)	(5.0, 0.0)	(6.0, 0.0)	(7.0, 0.0)	(8.0, 0.0)	(9.0, 0.0)	(10.0, 0.0)	(11.0, 0.0)	(12.0, 0.0)	(13.0, 0.0)	(14.0, 0.0)	(15.0, 0.0)	(16.0, 0.0)	(17.0, 0.0)	(18.0, 0.0)	(19.0, 0.0)	(20.0, 0.0)	(21.0, 0.0)	(22.0, 0.0)	(23.0, 0.0)	(24.0, 0.0)	(25.0, 0.0)	(26.0, 0.0)	(27.0, 0.0)	(28.0, 0.3333333333333333)	(29.0, 0.0)	(30.0, 0.0)	(31.0, 0.3333333333333333)	(32.0, 0.6666666666666666)	(33.0, 0.6666666666666666)	(34.0, 1.0)	(35.0, 2.333333333333333)	(36.0, 4.333333333333333)	(37.0, 6.333333333333331)	(38.0, 24.666666666666647)	(39.0, 24.666666666666647)	(40.0, 21.99999999999999)	(41.0, 44.66666666666671)	(42.0, 146.66666666666646)	(43.0, 168.33333333333374)	(44.0, 134.66666666666612)	(45.0, 256.6666666666695)	(46.0, 418.333333333327)	(47.0, 533.6666666666574)	(48.0, 495.3333333333226)	(49.0, 812.3333333333558)	(50.0, 2041.6666666664817)	(51.0, 2533.000000000034)	(52.0, 3868.3333333339747)	(53.0, 4258.333333333931)	(54.0, 2979.3333333335704)	(55.0, 2595.0000000000623)	(56.0, 2005.6666666664898)	(57.0, 1392.9999999999625)	(58.0, 1006.6666666667112)	(59.0, 585.6666666666633)	(60.0, 330.6666666666653)	(61.0, 222.00000000000193)	(62.0, 127.3333333333326)	(63.0, 103.33333333333294)	(64.0, 84.99999999999987)	(65.0, 58.33333333333347)	(66.0, 40.66666666666668)	(67.0, 30.999999999999957)	(68.0, 18.666666666666668)	(69.0, 15.333333333333343)	(70.0, 11.000000000000002)	(71.0, 6.333333333333331)	(72.0, 3.3333333333333335)	(73.0, 4.666666666666666)	(74.0, 2.333333333333333)	(75.0, 2.333333333333333)	(76.0, 1.6666666666666665)	(77.0, 1.6666666666666665)	(78.0, 1.3333333333333333)	(79.0, 1.3333333333333333)	(80.0, 1.3333333333333333)	(81.0, 0.6666666666666666)	(82.0, 0.0)	(83.0, 0.0)	(84.0, 0.3333333333333333)	(85.0, 0.3333333333333333)	(86.0, 0.0)	(87.0, 0.3333333333333333)	(88.0, 0.3333333333333333)	(89.0, 0.0)	(90.0, 0.0)	(91.0, 0.0)	(92.0, 0.0)	(93.0, 0.6666666666666666)	(94.0, 0.0)	(95.0, 0.3333333333333333)	(96.0, 0.0)	(97.0, 0.0)	(98.0, 0.0)	(99.0, 0.0)	(100.0, 0.0)
SRR8438117	(0.0, 0.0)	(1.0, 0.0)	(2.0, 0.0)	(3.0, 0.0)	(4.0, 0.0)	(5.0, 0.0)	(6.0, 0.0)	(7.0, 0.0)	(8.0, 0.0)	(9.0, 0.0)	(10.0, 0.0)	(11.0, 0.0)	(12.0, 0.0)	(13.0, 0.0)	(14.0, 0.0)	(15.0, 0.0)	(16.0, 0.0)	(17.0, 0.0)	(18.0, 0.0)	(19.0, 0.0)	(20.0, 0.0)	(21.0, 0.0)	(22.0, 0.0)	(23.0, 0.0)	(24.0, 0.0)	(25.0, 0.0)	(26.0, 0.0)	(27.0, 0.0)	(28.0, 0.0)	(29.0, 0.0)	(30.0, 0.0)	(31.0, 0.0)	(32.0, 0.0)	(33.0, 0.0)	(34.0, 0.0)	(35.0, 0.0)	(36.0, 0.0)	(37.0, 0.0)	(38.0, 0.0)	(39.0, 0.0)	(40.0, 0.0)	(41.0, 0.0)	(42.0, 0.0)	(43.0, 0.0)	(44.0, 0.0)	(45.0, 0.0)	(46.0, 0.0)	(47.0, 0.3333333333333333)	(48.0, 0.0)	(49.0, 0.3333333333333333)	(50.0, 0.6666666666666666)	(51.0, 0.3333333333333333)	(52.0, 0.0)	(53.0, 0.0)	(54.0, 0.0)	(55.0, 0.0)	(56.0, 0.0)	(57.0, 0.0)	(58.0, 0.0)	(59.0, 0.0)	(60.0, 0.0)	(61.0, 0.0)	(62.0, 0.0)	(63.0, 0.0)	(64.0, 0.0)	(65.0, 0.0)	(66.0, 0.0)	(67.0, 0.0)	(68.0, 0.0)	(69.0, 0.0)	(70.0, 0.0)	(71.0, 0.0)	(72.0, 0.0)	(73.0, 0.0)	(74.0, 0.0)	(75.0, 0.0)	(76.0, 0.0)	(77.0, 0.0)	(78.0, 0.0)	(79.0, 0.0)	(80.0, 0.0)	(81.0, 0.0)	(82.0, 0.0)	(83.0, 0.0)	(84.0, 0.0)	(85.0, 0.0)	(86.0, 0.0)	(87.0, 0.0)	(88.0, 0.0)	(89.0, 0.0)	(90.0, 0.0)	(91.0, 0.0)	(92.0, 0.0)	(93.0, 0.0)	(94.0, 0.0)	(95.0, 0.0)	(96.0, 0.0)	(97.0, 0.0)	(98.0, 0.0)	(99.0, 0.0)	(100.0, 0.0)
SRR8438117_1	(0.0, 0.0)	(1.0, 0.0)	(2.0, 0.0)	(3.0, 0.0)	(4.0, 0.0)	(5.0, 0.0)	(6.0, 0.0)	(7.0, 0.0)	(8.0, 0.0)	(9.0, 0.0)	(10.0, 0.0)	(11.0, 0.0)	(12.0, 0.0)	(13.0, 0.0)	(14.0, 0.0)	(15.0, 0.0)	(16.0, 0.0)	(17.0, 0.0)	(18.0, 0.0)	(19.0, 0.0)	(20.0, 0.0)	(21.0, 0.0)	(22.0, 0.0)	(23.0, 0.0)	(24.0, 0.0)	(25.0, 0.0)	(26.0, 0.3333333333333333)	(27.0, 0.0)	(28.0, 0.3333333333333333)	(29.0, 0.0)	(30.0, 0.3333333333333333)	(31.0, 0.0)	(32.0, 0.3333333333333333)	(33.0, 0.6666666666666666)	(34.0, 1.0)	(35.0, 2.6666666666666665)	(36.0, 4.999999999999999)	(37.0, 11.000000000000002)	(38.0, 19.333333333333332)	(39.0, 40.33333333333334)	(40.0, 91.66666666666644)	(41.0, 139.9999999999996)	(42.0, 198.00000000000125)	(43.0, 220.33333333333522)	(44.0, 314.66666666666623)	(45.0, 586.9999999999968)	(46.0, 539.6666666666581)	(47.0, 434.3333333333261)	(48.0, 623.3333333333343)	(49.0, 707.0000000000105)	(50.0, 509.99999999998846)	(51.0, 1209.3333333333376)	(52.0, 1828.9999999998633)	(53.0, 2311.6666666666)	(54.0, 2204.999999999885)	(55.0, 1494.3333333332728)	(56.0, 723.666666666679)	(57.0, 284.66666666666794)	(58.0, 211.6666666666683)	(59.0, 148.33333333333317)	(60.0, 106.99999999999956)	(61.0, 81.33333333333326)	(62.0, 16.00000000000001)	(63.0, 5.999999999999998)	(64.0, 3.666666666666667)	(65.0, 2.333333333333333)	(66.0, 1.3333333333333333)	(67.0, 1.0)	(68.0, 0.6666666666666666)	(69.0, 0.0)	(70.0, 0.0)	(71.0, 0.3333333333333333)	(72.0, 0.0)	(73.0, 0.0)	(74.0, 0.0)	(75.0, 0.0)	(76.0, 0.0)	(77.0, 0.0)	(78.0, 0.0)	(79.0, 0.0)	(80.0, 0.0)	(81.0, 0.0)	(82.0, 0.0)	(83.0, 0.0)	(84.0, 0.0)	(85.0, 0.0)	(86.0, 0.0)	(87.0, 0.0)	(88.0, 0.0)	(89.0, 0.0)	(90.0, 0.0)	(91.0, 0.0)	(92.0, 0.0)	(93.0, 0.0)	(94.0, 0.0)	(95.0, 0.0)	(96.0, 0.0)	(97.0, 0.0)	(98.0, 0.0)	(99.0, 0.0)	(100.0, 0.0)
SRR8438117_2	(0.0, 0.0)	(1.0, 0.0)	(2.0, 0.0)	(3.0, 0.0)	(4.0, 0.0)	(5.0, 0.0)	(6.0, 0.0)	(7.0, 0.0)	(8.0, 0.0)	(9.0, 0.0)	(10.0, 0.0)	(11.0, 0.0)	(12.0, 0.0)	(13.0, 0.0)	(14.0, 0.0)	(15.0, 0.0)	(16.0, 0.0)	(17.0, 0.0)	(18.0, 0.0)	(19.0, 0.0)	(20.0, 0.0)	(21.0, 0.0)	(22.0, 0.0)	(23.0, 0.0)	(24.0, 0.0)	(25.0, 0.0)	(26.0, 0.0)	(27.0, 0.0)	(28.0, 0.0)	(29.0, 0.0)	(30.0, 0.0)	(31.0, 0.0)	(32.0, 0.0)	(33.0, 0.3333333333333333)	(34.0, 0.3333333333333333)	(35.0, 0.0)	(36.0, 0.3333333333333333)	(37.0, 1.0)	(38.0, 10.666666666666668)	(39.0, 10.333333333333334)	(40.0, 11.000000000000002)	(41.0, 28.666666666666632)	(42.0, 61.33333333333349)	(43.0, 60.333333333333485)	(44.0, 95.99999999999972)	(45.0, 142.66666666666634)	(46.0, 223.00000000000196)	(47.0, 370.99999999999636)	(48.0, 389.9999999999953)	(49.0, 524.9999999999898)	(50.0, 804.6666666666882)	(51.0, 925.0000000000352)	(52.0, 1382.9999999999648)	(53.0, 1852.6666666665246)	(54.0, 1916.66666666651)	(55.0, 1705.3333333332248)	(56.0, 1368.3333333333014)	(57.0, 901.3333333333659)	(58.0, 653.3333333333377)	(59.0, 485.9999999999898)	(60.0, 281.6666666666681)	(61.0, 182.33333333333414)	(62.0, 137.33333333333286)	(63.0, 111.66666666666616)	(64.0, 94.6666666666664)	(65.0, 60.333333333333485)	(66.0, 41.666666666666686)	(67.0, 26.66666666666664)	(68.0, 19.999999999999996)	(69.0, 11.333333333333336)	(70.0, 5.999999999999998)	(71.0, 5.999999999999998)	(72.0, 6.666666666666664)	(73.0, 3.0)	(74.0, 3.666666666666667)	(75.0, 1.9999999999999998)	(76.0, 1.9999999999999998)	(77.0, 0.3333333333333333)	(78.0, 0.6666666666666666)	(79.0, 0.6666666666666666)	(80.0, 1.3333333333333333)	(81.0, 0.3333333333333333)	(82.0, 0.0)	(83.0, 0.0)	(84.0, 0.0)	(85.0, 0.0)	(86.0, 0.0)	(87.0, 0.3333333333333333)	(88.0, 0.3333333333333333)	(89.0, 0.0)	(90.0, 0.0)	(91.0, 0.3333333333333333)	(92.0, 0.3333333333333333)	(93.0, 0.0)	(94.0, 0.0)	(95.0, 0.0)	(96.0, 0.0)	(97.0, 0.0)	(98.0, 0.0)	(99.0, 0.0)	(100.0, 0.5)
SRR8438118	(0.0, 0.0)	(1.0, 0.0)	(2.0, 0.0)	(3.0, 0.0)	(4.0, 0.0)	(5.0, 0.0)	(6.0, 0.0)	(7.0, 0.0)	(8.0, 0.0)	(9.0, 0.0)	(10.0, 0.0)	(11.0, 0.0)	(12.0, 0.0)	(13.0, 0.0)	(14.0, 0.0)	(15.0, 0.0)	(16.0, 0.0)	(17.0, 0.0)	(18.0, 0.0)	(19.0, 0.0)	(20.0, 0.0)	(21.0, 0.0)	(22.0, 0.0)	(23.0, 0.0)	(24.0, 0.0)	(25.0, 0.0)	(26.0, 0.0)	(27.0, 0.0)	(28.0, 0.0)	(29.0, 0.0)	(30.0, 0.0)	(31.0, 0.0)	(32.0, 0.0)	(33.0, 0.0)	(34.0, 0.0)	(35.0, 0.0)	(36.0, 0.0)	(37.0, 0.0)	(38.0, 0.0)	(39.0, 0.0)	(40.0, 0.3333333333333333)	(41.0, 0.3333333333333333)	(42.0, 0.0)	(43.0, 0.0)	(44.0, 0.3333333333333333)	(45.0, 0.3333333333333333)	(46.0, 0.0)	(47.0, 0.6666666666666666)	(48.0, 1.0)	(49.0, 0.3333333333333333)	(50.0, 0.0)	(51.0, 0.0)	(52.0, 0.3333333333333333)	(53.0, 0.0)	(54.0, 0.0)	(55.0, 0.0)	(56.0, 0.0)	(57.0, 0.0)	(58.0, 0.0)	(59.0, 0.0)	(60.0, 0.0)	(61.0, 0.0)	(62.0, 0.0)	(63.0, 0.0)	(64.0, 0.0)	(65.0, 0.0)	(66.0, 0.0)	(67.0, 0.0)	(68.0, 0.0)	(69.0, 0.0)	(70.0, 0.0)	(71.0, 0.0)	(72.0, 0.0)	(73.0, 0.0)	(74.0, 0.0)	(75.0, 0.0)	(76.0, 0.0)	(77.0, 0.0)	(78.0, 0.0)	(79.0, 0.0)	(80.0, 0.0)	(81.0, 0.0)	(82.0, 0.0)	(83.0, 0.0)	(84.0, 0.0)	(85.0, 0.0)	(86.0, 0.0)	(87.0, 0.0)	(88.0, 0.0)	(89.0, 0.0)	(90.0, 0.0)	(91.0, 0.0)	(92.0, 0.0)	(93.0, 0.0)	(94.0, 0.0)	(95.0, 0.0)	(96.0, 0.0)	(97.0, 0.0)	(98.0, 0.0)	(99.0, 0.0)	(100.0, 0.0)
SRR8438118_1	(0.0, 0.0)	(1.0, 0.0)	(2.0, 0.0)	(3.0, 0.0)	(4.0, 0.0)	(5.0, 0.0)	(6.0, 0.0)	(7.0, 0.0)	(8.0, 0.0)	(9.0, 0.0)	(10.0, 0.0)	(11.0, 0.0)	(12.0, 0.0)	(13.0, 0.0)	(14.0, 0.0)	(15.0, 0.0)	(16.0, 0.0)	(17.0, 0.0)	(18.0, 0.0)	(19.0, 0.0)	(20.0, 0.0)	(21.0, 0.0)	(22.0, 0.0)	(23.0, 0.0)	(24.0, 0.0)	(25.0, 0.0)	(26.0, 0.0)	(27.0, 0.0)	(28.0, 0.3333333333333333)	(29.0, 0.3333333333333333)	(30.0, 0.0)	(31.0, 0.3333333333333333)	(32.0, 1.9999999999999998)	(33.0, 4.0)	(34.0, 6.333333333333331)	(35.0, 23.999999999999982)	(36.0, 40.33333333333334)	(37.0, 25.999999999999975)	(38.0, 31.33333333333329)	(39.0, 34.666666666666636)	(40.0, 44.66666666666671)	(41.0, 52.00000000000009)	(42.0, 65.33333333333348)	(43.0, 73.6666666666667)	(44.0, 73.00000000000004)	(45.0, 62.666666666666835)	(46.0, 221.6666666666686)	(47.0, 433.9999999999928)	(48.0, 365.99999999999665)	(49.0, 911.0000000000337)	(50.0, 854.0000000000272)	(51.0, 839.0000000000255)	(52.0, 1367.9999999999682)	(53.0, 624.3333333333344)	(54.0, 363.99999999999676)	(55.0, 432.99999999999284)	(56.0, 395.99999999999494)	(57.0, 296.33333333333394)	(58.0, 140.6666666666663)	(59.0, 128.66666666666595)	(60.0, 19.0)	(61.0, 6.999999999999997)	(62.0, 1.0)	(63.0, 1.0)	(64.0, 0.3333333333333333)	(65.0, 0.6666666666666666)	(66.0, 0.0)	(67.0, 0.0)	(68.0, 0.3333333333333333)	(69.0, 0.3333333333333333)	(70.0, 0.0)	(71.0, 0.0)	(72.0, 0.0)	(73.0, 0.0)	(74.0, 0.0)	(75.0, 0.0)	(76.0, 0.0)	(77.0, 0.0)	(78.0, 0.0)	(79.0, 0.0)	(80.0, 0.0)	(81.0, 0.0)	(82.0, 0.0)	(83.0, 0.0)	(84.0, 0.0)	(85.0, 0.0)	(86.0, 0.0)	(87.0, 0.0)	(88.0, 0.0)	(89.0, 0.0)	(90.0, 0.0)	(91.0, 0.0)	(92.0, 0.0)	(93.0, 0.0)	(94.0, 0.0)	(95.0, 0.0)	(96.0, 0.0)	(97.0, 0.0)	(98.0, 0.0)	(99.0, 0.0)	(100.0, 0.0)
SRR8438118_2	(0.0, 0.0)	(1.0, 0.0)	(2.0, 0.0)	(3.0, 0.0)	(4.0, 0.0)	(5.0, 0.0)	(6.0, 0.0)	(7.0, 0.0)	(8.0, 0.0)	(9.0, 0.0)	(10.0, 0.0)	(11.0, 0.0)	(12.0, 0.0)	(13.0, 0.0)	(14.0, 0.0)	(15.0, 0.0)	(16.0, 0.0)	(17.0, 0.0)	(18.0, 0.0)	(19.0, 0.0)	(20.0, 0.0)	(21.0, 0.0)	(22.0, 0.0)	(23.0, 0.0)	(24.0, 0.0)	(25.0, 0.0)	(26.0, 0.0)	(27.0, 0.0)	(28.0, 0.0)	(29.0, 0.0)	(30.0, 0.0)	(31.0, 0.0)	(32.0, 0.0)	(33.0, 0.0)	(34.0, 0.0)	(35.0, 0.0)	(36.0, 0.6666666666666666)	(37.0, 1.6666666666666665)	(38.0, 1.9999999999999998)	(39.0, 14.666666666666675)	(40.0, 25.33333333333331)	(41.0, 22.666666666666654)	(42.0, 27.333333333333304)	(43.0, 34.99999999999997)	(44.0, 44.000000000000036)	(45.0, 59.00000000000014)	(46.0, 206.66666666666816)	(47.0, 293.3333333333341)	(48.0, 382.66666666666237)	(49.0, 745.6666666666815)	(50.0, 843.0000000000259)	(51.0, 585.6666666666633)	(52.0, 993.3333333333763)	(53.0, 1007.6666666667113)	(54.0, 716.6666666666782)	(55.0, 530.3333333333237)	(56.0, 417.6666666666604)	(57.0, 280.33333333333485)	(58.0, 193.33333333333445)	(59.0, 165.33333333333366)	(60.0, 54.66666666666678)	(61.0, 26.66666666666664)	(62.0, 15.666666666666677)	(63.0, 8.33333333333333)	(64.0, 3.666666666666667)	(65.0, 4.333333333333333)	(66.0, 2.333333333333333)	(67.0, 1.9999999999999998)	(68.0, 1.0)	(69.0, 0.6666666666666666)	(70.0, 1.3333333333333333)	(71.0, 0.3333333333333333)	(72.0, 0.3333333333333333)	(73.0, 0.3333333333333333)	(74.0, 0.3333333333333333)	(75.0, 0.3333333333333333)	(76.0, 0.3333333333333333)	(77.0, 0.0)	(78.0, 0.6666666666666666)	(79.0, 0.0)	(80.0, 0.0)	(81.0, 0.0)	(82.0, 0.0)	(83.0, 0.0)	(84.0, 0.0)	(85.0, 0.3333333333333333)	(86.0, 0.0)	(87.0, 0.0)	(88.0, 0.0)	(89.0, 0.0)	(90.0, 0.0)	(91.0, 0.0)	(92.0, 0.0)	(93.0, 0.0)	(94.0, 0.0)	(95.0, 0.0)	(96.0, 0.0)	(97.0, 0.3333333333333333)	(98.0, 0.0)	(99.0, 0.0)	(100.0, 0.0)
SRR8438119	(0.0, 0.0)	(1.0, 0.0)	(2.0, 0.0)	(3.0, 0.0)	(4.0, 0.0)	(5.0, 0.0)	(6.0, 0.0)	(7.0, 0.0)	(8.0, 0.0)	(9.0, 0.0)	(10.0, 0.0)	(11.0, 0.0)	(12.0, 0.0)	(13.0, 0.0)	(14.0, 0.0)	(15.0, 0.0)	(16.0, 0.0)	(17.0, 0.0)	(18.0, 0.0)	(19.0, 0.0)	(20.0, 0.0)	(21.0, 0.0)	(22.0, 0.0)	(23.0, 0.0)	(24.0, 0.0)	(25.0, 0.0)	(26.0, 0.0)	(27.0, 0.0)	(28.0, 0.0)	(29.0, 0.0)	(30.0, 0.0)	(31.0, 0.0)	(32.0, 0.0)	(33.0, 0.0)	(34.0, 0.0)	(35.0, 0.0)	(36.0, 0.0)	(37.0, 0.0)	(38.0, 0.0)	(39.0, 0.0)	(40.0, 0.0)	(41.0, 0.3333333333333333)	(42.0, 0.3333333333333333)	(43.0, 0.6666666666666666)	(44.0, 0.3333333333333333)	(45.0, 0.3333333333333333)	(46.0, 1.0)	(47.0, 1.3333333333333333)	(48.0, 1.0)	(49.0, 0.0)	(50.0, 0.3333333333333333)	(51.0, 0.3333333333333333)	(52.0, 0.0)	(53.0, 0.0)	(54.0, 0.0)	(55.0, 0.0)	(56.0, 0.0)	(57.0, 0.0)	(58.0, 0.0)	(59.0, 0.0)	(60.0, 0.0)	(61.0, 0.0)	(62.0, 0.0)	(63.0, 0.0)	(64.0, 0.0)	(65.0, 0.0)	(66.0, 0.0)	(67.0, 0.0)	(68.0, 0.0)	(69.0, 0.0)	(70.0, 0.0)	(71.0, 0.0)	(72.0, 0.0)	(73.0, 0.0)	(74.0, 0.0)	(75.0, 0.0)	(76.0, 0.0)	(77.0, 0.0)	(78.0, 0.0)	(79.0, 0.0)	(80.0, 0.0)	(81.0, 0.0)	(82.0, 0.0)	(83.0, 0.0)	(84.0, 0.0)	(85.0, 0.0)	(86.0, 0.0)	(87.0, 0.0)	(88.0, 0.0)	(89.0, 0.0)	(90.0, 0.0)	(91.0, 0.0)	(92.0, 0.0)	(93.0, 0.0)	(94.0, 0.0)	(95.0, 0.0)	(96.0, 0.0)	(97.0, 0.0)	(98.0, 0.0)	(99.0, 0.0)	(100.0, 0.0)
SRR8438119_1	(0.0, 0.0)	(1.0, 0.0)	(2.0, 0.0)	(3.0, 0.0)	(4.0, 0.0)	(5.0, 0.0)	(6.0, 0.0)	(7.0, 0.0)	(8.0, 0.0)	(9.0, 0.0)	(10.0, 0.0)	(11.0, 0.0)	(12.0, 0.0)	(13.0, 0.0)	(14.0, 0.0)	(15.0, 0.0)	(16.0, 0.0)	(17.0, 0.0)	(18.0, 0.0)	(19.0, 0.0)	(20.0, 0.0)	(21.0, 0.0)	(22.0, 0.0)	(23.0, 0.0)	(24.0, 0.0)	(25.0, 0.0)	(26.0, 0.0)	(27.0, 0.3333333333333333)	(28.0, 0.0)	(29.0, 0.0)	(30.0, 0.0)	(31.0, 0.3333333333333333)	(32.0, 1.3333333333333333)	(33.0, 1.0)	(34.0, 1.9999999999999998)	(35.0, 1.0)	(36.0, 1.6666666666666665)	(37.0, 4.333333333333333)	(38.0, 5.999999999999998)	(39.0, 8.33333333333333)	(40.0, 18.000000000000004)	(41.0, 28.999999999999964)	(42.0, 42.66666666666669)	(43.0, 61.000000000000156)	(44.0, 65.66666666666681)	(45.0, 79.66666666666661)	(46.0, 78.3333333333333)	(47.0, 115.6666666666661)	(48.0, 676.3333333333403)	(49.0, 7267.99999999786)	(50.0, 2260.666666666577)	(51.0, 953.3333333333718)	(52.0, 915.3333333333675)	(53.0, 262.6666666666692)	(54.0, 221.6666666666686)	(55.0, 73.33333333333337)	(56.0, 44.66666666666671)	(57.0, 24.666666666666647)	(58.0, 16.333333333333343)	(59.0, 5.333333333333332)	(60.0, 1.6666666666666665)	(61.0, 0.0)	(62.0, 0.0)	(63.0, 0.3333333333333333)	(64.0, 0.0)	(65.0, 0.0)	(66.0, 0.0)	(67.0, 0.0)	(68.0, 0.0)	(69.0, 0.0)	(70.0, 0.0)	(71.0, 0.0)	(72.0, 0.0)	(73.0, 0.0)	(74.0, 0.0)	(75.0, 0.0)	(76.0, 0.0)	(77.0, 0.0)	(78.0, 0.0)	(79.0, 0.0)	(80.0, 0.0)	(81.0, 0.0)	(82.0, 0.0)	(83.0, 0.0)	(84.0, 0.0)	(85.0, 0.0)	(86.0, 0.0)	(87.0, 0.0)	(88.0, 0.0)	(89.0, 0.0)	(90.0, 0.0)	(91.0, 0.0)	(92.0, 0.0)	(93.0, 0.0)	(94.0, 0.0)	(95.0, 0.0)	(96.0, 0.0)	(97.0, 0.0)	(98.0, 0.0)	(99.0, 0.0)	(100.0, 0.0)
SRR8438119_2	(0.0, 0.0)	(1.0, 0.0)	(2.0, 0.0)	(3.0, 0.0)	(4.0, 0.0)	(5.0, 0.0)	(6.0, 0.0)	(7.0, 0.0)	(8.0, 0.0)	(9.0, 0.0)	(10.0, 0.0)	(11.0, 0.0)	(12.0, 0.0)	(13.0, 0.0)	(14.0, 0.0)	(15.0, 0.0)	(16.0, 0.0)	(17.0, 0.0)	(18.0, 0.0)	(19.0, 0.0)	(20.0, 0.0)	(21.0, 0.0)	(22.0, 0.0)	(23.0, 0.0)	(24.0, 0.0)	(25.0, 0.0)	(26.0, 0.0)	(27.0, 0.0)	(28.0, 0.0)	(29.0, 0.0)	(30.0, 0.0)	(31.0, 0.0)	(32.0, 0.3333333333333333)	(33.0, 1.0)	(34.0, 0.6666666666666666)	(35.0, 0.3333333333333333)	(36.0, 0.3333333333333333)	(37.0, 2.6666666666666665)	(38.0, 7.33333333333333)	(39.0, 11.000000000000002)	(40.0, 24.99999999999998)	(41.0, 35.33333333333331)	(42.0, 53.66666666666677)	(43.0, 59.00000000000014)	(44.0, 64.66666666666683)	(45.0, 71.3333333333334)	(46.0, 73.33333333333337)	(47.0, 86.66666666666652)	(48.0, 193.33333333333445)	(49.0, 5730.666666665925)	(50.0, 6916.666666664846)	(51.0, 685.6666666666747)	(52.0, 826.000000000024)	(53.0, 685.6666666666747)	(54.0, 276.00000000000176)	(55.0, 107.66666666666622)	(56.0, 77.33333333333331)	(57.0, 67.66666666666679)	(58.0, 50.00000000000008)	(59.0, 33.33333333333329)	(60.0, 14.000000000000007)	(61.0, 8.999999999999998)	(62.0, 5.666666666666665)	(63.0, 1.6666666666666665)	(64.0, 1.9999999999999998)	(65.0, 1.0)	(66.0, 0.0)	(67.0, 0.0)	(68.0, 0.0)	(69.0, 0.6666666666666666)	(70.0, 0.3333333333333333)	(71.0, 0.3333333333333333)	(72.0, 0.3333333333333333)	(73.0, 0.6666666666666666)	(74.0, 0.3333333333333333)	(75.0, 0.0)	(76.0, 0.0)	(77.0, 0.0)	(78.0, 0.3333333333333333)	(79.0, 0.0)	(80.0, 0.0)	(81.0, 0.0)	(82.0, 0.0)	(83.0, 0.0)	(84.0, 0.0)	(85.0, 0.0)	(86.0, 0.0)	(87.0, 0.0)	(88.0, 0.0)	(89.0, 0.0)	(90.0, 0.3333333333333333)	(91.0, 0.3333333333333333)	(92.0, 0.3333333333333333)	(93.0, 0.0)	(94.0, 0.0)	(95.0, 0.0)	(96.0, 0.0)	(97.0, 0.0)	(98.0, 0.0)	(99.0, 0.0)	(100.0, 0.5)
SRR8438120	(0.0, 0.0)	(1.0, 0.0)	(2.0, 0.0)	(3.0, 0.0)	(4.0, 0.0)	(5.0, 0.0)	(6.0, 0.0)	(7.0, 0.0)	(8.0, 0.0)	(9.0, 0.0)	(10.0, 0.0)	(11.0, 0.0)	(12.0, 0.0)	(13.0, 0.0)	(14.0, 0.0)	(15.0, 0.0)	(16.0, 0.0)	(17.0, 0.0)	(18.0, 0.0)	(19.0, 0.0)	(20.0, 0.0)	(21.0, 0.0)	(22.0, 0.0)	(23.0, 0.0)	(24.0, 0.0)	(25.0, 0.0)	(26.0, 0.0)	(27.0, 0.0)	(28.0, 0.0)	(29.0, 0.0)	(30.0, 0.0)	(31.0, 0.0)	(32.0, 0.0)	(33.0, 0.0)	(34.0, 0.0)	(35.0, 0.0)	(36.0, 0.0)	(37.0, 0.0)	(38.0, 0.0)	(39.0, 0.0)	(40.0, 0.0)	(41.0, 0.0)	(42.0, 0.0)	(43.0, 0.3333333333333333)	(44.0, 1.0)	(45.0, 1.0)	(46.0, 0.6666666666666666)	(47.0, 0.3333333333333333)	(48.0, 0.6666666666666666)	(49.0, 0.3333333333333333)	(50.0, 0.3333333333333333)	(51.0, 0.6666666666666666)	(52.0, 0.3333333333333333)	(53.0, 0.0)	(54.0, 0.0)	(55.0, 0.0)	(56.0, 0.0)	(57.0, 0.0)	(58.0, 0.0)	(59.0, 0.0)	(60.0, 0.0)	(61.0, 0.0)	(62.0, 0.0)	(63.0, 0.0)	(64.0, 0.0)	(65.0, 0.0)	(66.0, 0.0)	(67.0, 0.0)	(68.0, 0.0)	(69.0, 0.0)	(70.0, 0.0)	(71.0, 0.0)	(72.0, 0.0)	(73.0, 0.0)	(74.0, 0.0)	(75.0, 0.0)	(76.0, 0.0)	(77.0, 0.0)	(78.0, 0.0)	(79.0, 0.0)	(80.0, 0.0)	(81.0, 0.0)	(82.0, 0.0)	(83.0, 0.0)	(84.0, 0.0)	(85.0, 0.0)	(86.0, 0.0)	(87.0, 0.0)	(88.0, 0.0)	(89.0, 0.0)	(90.0, 0.0)	(91.0, 0.0)	(92.0, 0.0)	(93.0, 0.0)	(94.0, 0.0)	(95.0, 0.0)	(96.0, 0.0)	(97.0, 0.0)	(98.0, 0.0)	(99.0, 0.0)	(100.0, 0.0)
SRR8438120_1	(0.0, 0.0)	(1.0, 0.0)	(2.0, 0.0)	(3.0, 0.0)	(4.0, 0.0)	(5.0, 0.0)	(6.0, 0.0)	(7.0, 0.0)	(8.0, 0.0)	(9.0, 0.0)	(10.0, 0.0)	(11.0, 0.0)	(12.0, 0.0)	(13.0, 0.0)	(14.0, 0.0)	(15.0, 0.0)	(16.0, 0.0)	(17.0, 0.0)	(18.0, 0.0)	(19.0, 0.0)	(20.0, 0.0)	(21.0, 0.0)	(22.0, 0.0)	(23.0, 0.0)	(24.0, 0.0)	(25.0, 0.0)	(26.0, 0.0)	(27.0, 0.0)	(28.0, 0.0)	(29.0, 0.0)	(30.0, 0.3333333333333333)	(31.0, 0.3333333333333333)	(32.0, 0.0)	(33.0, 0.6666666666666666)	(34.0, 1.6666666666666665)	(35.0, 1.0)	(36.0, 1.3333333333333333)	(37.0, 3.3333333333333335)	(38.0, 5.999999999999998)	(39.0, 10.0)	(40.0, 18.333333333333336)	(41.0, 25.999999999999975)	(42.0, 34.666666666666636)	(43.0, 45.666666666666714)	(44.0, 55.33333333333345)	(45.0, 65.33333333333348)	(46.0, 70.33333333333341)	(47.0, 99.66666666666633)	(48.0, 660.0000000000051)	(49.0, 7997.33333333053)	(50.0, 2353.9999999999527)	(51.0, 308.6666666666666)	(52.0, 181.66666666666745)	(53.0, 120.3333333333327)	(54.0, 144.6666666666664)	(55.0, 61.33333333333349)	(56.0, 39.0)	(57.0, 33.999999999999964)	(58.0, 17.33333333333334)	(59.0, 8.33333333333333)	(60.0, 4.333333333333333)	(61.0, 1.9999999999999998)	(62.0, 1.3333333333333333)	(63.0, 1.0)	(64.0, 1.0)	(65.0, 0.0)	(66.0, 0.0)	(67.0, 0.0)	(68.0, 0.0)	(69.0, 0.0)	(70.0, 0.0)	(71.0, 0.0)	(72.0, 0.0)	(73.0, 0.0)	(74.0, 0.0)	(75.0, 0.0)	(76.0, 0.0)	(77.0, 0.0)	(78.0, 0.0)	(79.0, 0.0)	(80.0, 0.0)	(81.0, 0.0)	(82.0, 0.0)	(83.0, 0.0)	(84.0, 0.0)	(85.0, 0.0)	(86.0, 0.0)	(87.0, 0.0)	(88.0, 0.0)	(89.0, 0.0)	(90.0, 0.0)	(91.0, 0.0)	(92.0, 0.0)	(93.0, 0.0)	(94.0, 0.0)	(95.0, 0.0)	(96.0, 0.0)	(97.0, 0.0)	(98.0, 0.0)	(99.0, 0.0)	(100.0, 0.0)
SRR8438120_2	(0.0, 0.0)	(1.0, 0.0)	(2.0, 0.0)	(3.0, 0.0)	(4.0, 0.0)	(5.0, 0.0)	(6.0, 0.0)	(7.0, 0.0)	(8.0, 0.0)	(9.0, 0.0)	(10.0, 0.0)	(11.0, 0.0)	(12.0, 0.0)	(13.0, 0.0)	(14.0, 0.0)	(15.0, 0.0)	(16.0, 0.0)	(17.0, 0.0)	(18.0, 0.0)	(19.0, 0.0)	(20.0, 0.0)	(21.0, 0.0)	(22.0, 0.0)	(23.0, 0.0)	(24.0, 0.0)	(25.0, 0.0)	(26.0, 0.0)	(27.0, 0.6666666666666666)	(28.0, 0.0)	(29.0, 0.0)	(30.0, 0.0)	(31.0, 0.3333333333333333)	(32.0, 0.0)	(33.0, 0.0)	(34.0, 0.3333333333333333)	(35.0, 0.6666666666666666)	(36.0, 1.0)	(37.0, 3.166666666666667)	(38.0, 5.999999999999998)	(39.0, 13.833333333333341)	(40.0, 20.66666666666666)	(41.0, 30.999999999999957)	(42.0, 37.99999999999999)	(43.0, 42.66666666666669)	(44.0, 48.000000000000064)	(45.0, 53.16666666666677)	(46.0, 63.83333333333351)	(47.0, 88.99999999999982)	(48.0, 198.3333333333346)	(49.0, 6382.666666665332)	(50.0, 7609.999999997549)	(51.0, 631.3333333333352)	(52.0, 280.00000000000153)	(53.0, 184.3333333333342)	(54.0, 137.6666666666662)	(55.0, 83.99999999999989)	(56.0, 68.66666666666677)	(57.0, 54.33333333333344)	(58.0, 31.999999999999954)	(59.0, 26.333333333333307)	(60.0, 17.33333333333334)	(61.0, 9.333333333333332)	(62.0, 6.666666666666664)	(63.0, 4.666666666666666)	(64.0, 3.666666666666667)	(65.0, 2.6666666666666665)	(66.0, 1.3333333333333333)	(67.0, 0.6666666666666666)	(68.0, 0.3333333333333333)	(69.0, 0.3333333333333333)	(70.0, 0.3333333333333333)	(71.0, 0.0)	(72.0, 0.3333333333333333)	(73.0, 0.0)	(74.0, 0.0)	(75.0, 0.3333333333333333)	(76.0, 0.0)	(77.0, 0.0)	(78.0, 0.0)	(79.0, 0.0)	(80.0, 0.0)	(81.0, 0.0)	(82.0, 0.0)	(83.0, 0.0)	(84.0, 0.0)	(85.0, 0.0)	(86.0, 0.0)	(87.0, 0.0)	(88.0, 0.3333333333333333)	(89.0, 0.3333333333333333)	(90.0, 0.0)	(91.0, 0.0)	(92.0, 0.0)	(93.0, 0.0)	(94.0, 0.0)	(95.0, 0.0)	(96.0, 0.0)	(97.0, 0.0)	(98.0, 0.0)	(99.0, 0.3333333333333333)	(100.0, 1.0)
SRR8438121	(0.0, 0.0)	(1.0, 0.0)	(2.0, 0.0)	(3.0, 0.0)	(4.0, 0.0)	(5.0, 0.0)	(6.0, 0.0)	(7.0, 0.0)	(8.0, 0.0)	(9.0, 0.0)	(10.0, 0.0)	(11.0, 0.0)	(12.0, 0.0)	(13.0, 0.0)	(14.0, 0.0)	(15.0, 0.0)	(16.0, 0.0)	(17.0, 0.0)	(18.0, 0.0)	(19.0, 0.0)	(20.0, 0.0)	(21.0, 0.0)	(22.0, 0.0)	(23.0, 0.0)	(24.0, 0.0)	(25.0, 0.0)	(26.0, 0.0)	(27.0, 0.0)	(28.0, 0.0)	(29.0, 0.0)	(30.0, 0.0)	(31.0, 0.0)	(32.0, 0.0)	(33.0, 0.0)	(34.0, 0.0)	(35.0, 0.0)	(36.0, 0.0)	(37.0, 0.0)	(38.0, 0.0)	(39.0, 0.3333333333333333)	(40.0, 0.0)	(41.0, 0.3333333333333333)	(42.0, 0.3333333333333333)	(43.0, 1.6666666666666665)	(44.0, 1.9999999999999998)	(45.0, 3.0)	(46.0, 3.666666666666667)	(47.0, 1.6666666666666665)	(48.0, 0.6666666666666666)	(49.0, 1.9999999999999998)	(50.0, 2.6666666666666665)	(51.0, 1.3333333333333333)	(52.0, 0.0)	(53.0, 0.0)	(54.0, 0.0)	(55.0, 0.0)	(56.0, 0.0)	(57.0, 0.0)	(58.0, 0.0)	(59.0, 0.0)	(60.0, 0.0)	(61.0, 0.0)	(62.0, 0.0)	(63.0, 0.0)	(64.0, 0.0)	(65.0, 0.0)	(66.0, 0.0)	(67.0, 0.0)	(68.0, 0.0)	(69.0, 0.0)	(70.0, 0.0)	(71.0, 0.0)	(72.0, 0.0)	(73.0, 0.0)	(74.0, 0.0)	(75.0, 0.0)	(76.0, 0.0)	(77.0, 0.0)	(78.0, 0.0)	(79.0, 0.0)	(80.0, 0.0)	(81.0, 0.0)	(82.0, 0.0)	(83.0, 0.0)	(84.0, 0.0)	(85.0, 0.0)	(86.0, 0.0)	(87.0, 0.0)	(88.0, 0.0)	(89.0, 0.0)	(90.0, 0.0)	(91.0, 0.0)	(92.0, 0.0)	(93.0, 0.0)	(94.0, 0.0)	(95.0, 0.0)	(96.0, 0.0)	(97.0, 0.0)	(98.0, 0.0)	(99.0, 0.0)	(100.0, 0.0)
SRR8438121_1	(0.0, 0.0)	(1.0, 0.0)	(2.0, 0.0)	(3.0, 0.0)	(4.0, 0.0)	(5.0, 0.0)	(6.0, 0.0)	(7.0, 0.0)	(8.0, 0.0)	(9.0, 0.0)	(10.0, 0.0)	(11.0, 0.0)	(12.0, 0.0)	(13.0, 0.0)	(14.0, 0.0)	(15.0, 0.0)	(16.0, 0.0)	(17.0, 0.0)	(18.0, 0.0)	(19.0, 0.0)	(20.0, 0.0)	(21.0, 0.3333333333333333)	(22.0, 0.6666666666666666)	(23.0, 0.0)	(24.0, 0.0)	(25.0, 0.0)	(26.0, 0.3333333333333333)	(27.0, 0.3333333333333333)	(28.0, 0.3333333333333333)	(29.0, 0.3333333333333333)	(30.0, 0.3333333333333333)	(31.0, 0.3333333333333333)	(32.0, 0.6666666666666666)	(33.0, 1.6666666666666665)	(34.0, 1.0)	(35.0, 1.0)	(36.0, 0.6666666666666666)	(37.0, 4.0)	(38.0, 5.333333333333332)	(39.0, 19.333333333333332)	(40.0, 39.66666666666667)	(41.0, 62.00000000000016)	(42.0, 75.66666666666667)	(43.0, 96.66666666666637)	(44.0, 125.66666666666596)	(45.0, 142.333333333333)	(46.0, 173.33333333333388)	(47.0, 265.0000000000024)	(48.0, 2089.9999999998327)	(49.0, 23897.333333317918)	(50.0, 6853.9999999982365)	(51.0, 3762.000000000593)	(52.0, 3434.666666667111)	(53.0, 333.99999999999847)	(54.0, 124.33333333333265)	(55.0, 49.66666666666674)	(56.0, 38.33333333333333)	(57.0, 75.66666666666667)	(58.0, 15.333333333333343)	(59.0, 4.999999999999999)	(60.0, 2.6666666666666665)	(61.0, 1.6666666666666665)	(62.0, 0.0)	(63.0, 0.3333333333333333)	(64.0, 0.3333333333333333)	(65.0, 0.0)	(66.0, 0.0)	(67.0, 0.0)	(68.0, 0.0)	(69.0, 0.0)	(70.0, 0.0)	(71.0, 0.0)	(72.0, 0.0)	(73.0, 0.0)	(74.0, 0.0)	(75.0, 0.0)	(76.0, 0.0)	(77.0, 0.0)	(78.0, 0.0)	(79.0, 0.0)	(80.0, 0.0)	(81.0, 0.0)	(82.0, 0.0)	(83.0, 0.0)	(84.0, 0.0)	(85.0, 0.0)	(86.0, 0.0)	(87.0, 0.0)	(88.0, 0.0)	(89.0, 0.0)	(90.0, 0.0)	(91.0, 0.0)	(92.0, 0.0)	(93.0, 0.0)	(94.0, 0.0)	(95.0, 0.0)	(96.0, 0.0)	(97.0, 0.0)	(98.0, 0.0)	(99.0, 0.0)	(100.0, 0.0)
SRR8438121_2	(0.0, 0.0)	(1.0, 0.0)	(2.0, 0.0)	(3.0, 0.0)	(4.0, 0.0)	(5.0, 0.0)	(6.0, 0.0)	(7.0, 0.0)	(8.0, 0.0)	(9.0, 0.0)	(10.0, 0.3333333333333333)	(11.0, 0.0)	(12.0, 0.0)	(13.0, 0.0)	(14.0, 0.0)	(15.0, 0.0)	(16.0, 0.0)	(17.0, 0.0)	(18.0, 0.0)	(19.0, 0.0)	(20.0, 0.0)	(21.0, 0.0)	(22.0, 0.0)	(23.0, 0.0)	(24.0, 0.0)	(25.0, 0.0)	(26.0, 0.0)	(27.0, 0.0)	(28.0, 0.0)	(29.0, 0.0)	(30.0, 0.0)	(31.0, 0.0)	(32.0, 0.0)	(33.0, 0.6666666666666666)	(34.0, 1.0)	(35.0, 2.333333333333333)	(36.0, 4.0)	(37.0, 6.999999999999997)	(38.0, 10.333333333333334)	(39.0, 17.000000000000007)	(40.0, 47.33333333333339)	(41.0, 66.83333333333347)	(42.0, 67.83333333333346)	(43.0, 99.333333333333)	(44.0, 131.3333333333327)	(45.0, 149.16666666666654)	(46.0, 169.6666666666671)	(47.0, 225.83333333333536)	(48.0, 565.8333333333278)	(49.0, 19284.500000001368)	(50.0, 22753.33333332208)	(51.0, 2053.3333333331493)	(52.0, 2351.1666666666183)	(53.0, 2593.1666666667284)	(54.0, 749.666666666682)	(55.0, 195.3333333333345)	(56.0, 102.83333333333296)	(57.0, 120.49999999999937)	(58.0, 98.99999999999967)	(59.0, 39.333333333333336)	(60.0, 19.999999999999996)	(61.0, 9.666666666666666)	(62.0, 6.666666666666664)	(63.0, 5.666666666666665)	(64.0, 2.6666666666666665)	(65.0, 1.9999999999999998)	(66.0, 2.6666666666666665)	(67.0, 1.9999999999999998)	(68.0, 0.0)	(69.0, 0.3333333333333333)	(70.0, 0.0)	(71.0, 0.3333333333333333)	(72.0, 1.0)	(73.0, 0.3333333333333333)	(74.0, 0.0)	(75.0, 0.0)	(76.0, 0.3333333333333333)	(77.0, 0.3333333333333333)	(78.0, 0.0)	(79.0, 0.0)	(80.0, 0.0)	(81.0, 0.3333333333333333)	(82.0, 0.0)	(83.0, 0.0)	(84.0, 0.0)	(85.0, 0.0)	(86.0, 0.3333333333333333)	(87.0, 0.3333333333333333)	(88.0, 0.3333333333333333)	(89.0, 0.6666666666666666)	(90.0, 0.3333333333333333)	(91.0, 0.0)	(92.0, 0.0)	(93.0, 0.0)	(94.0, 0.0)	(95.0, 0.0)	(96.0, 0.0)	(97.0, 0.0)	(98.0, 0.0)	(99.0, 0.3333333333333333)	(100.0, 0.5)
SRR8438122	(0.0, 0.0)	(1.0, 0.0)	(2.0, 0.0)	(3.0, 0.0)	(4.0, 0.0)	(5.0, 0.0)	(6.0, 0.0)	(7.0, 0.0)	(8.0, 0.0)	(9.0, 0.0)	(10.0, 0.0)	(11.0, 0.0)	(12.0, 0.0)	(13.0, 0.0)	(14.0, 0.0)	(15.0, 0.0)	(16.0, 0.0)	(17.0, 0.0)	(18.0, 0.0)	(19.0, 0.0)	(20.0, 0.0)	(21.0, 0.0)	(22.0, 0.0)	(23.0, 0.0)	(24.0, 0.0)	(25.0, 0.0)	(26.0, 0.0)	(27.0, 0.0)	(28.0, 0.0)	(29.0, 0.0)	(30.0, 0.0)	(31.0, 0.0)	(32.0, 0.0)	(33.0, 0.0)	(34.0, 0.0)	(35.0, 0.0)	(36.0, 0.0)	(37.0, 0.0)	(38.0, 0.0)	(39.0, 0.0)	(40.0, 0.0)	(41.0, 0.0)	(42.0, 0.3333333333333333)	(43.0, 1.0)	(44.0, 0.3333333333333333)	(45.0, 1.3333333333333333)	(46.0, 1.3333333333333333)	(47.0, 0.6666666666666666)	(48.0, 0.6666666666666666)	(49.0, 0.3333333333333333)	(50.0, 0.0)	(51.0, 0.3333333333333333)	(52.0, 0.3333333333333333)	(53.0, 0.0)	(54.0, 0.0)	(55.0, 0.0)	(56.0, 0.0)	(57.0, 0.0)	(58.0, 0.0)	(59.0, 0.0)	(60.0, 0.0)	(61.0, 0.0)	(62.0, 0.0)	(63.0, 0.0)	(64.0, 0.0)	(65.0, 0.0)	(66.0, 0.0)	(67.0, 0.0)	(68.0, 0.0)	(69.0, 0.0)	(70.0, 0.0)	(71.0, 0.0)	(72.0, 0.0)	(73.0, 0.0)	(74.0, 0.0)	(75.0, 0.0)	(76.0, 0.0)	(77.0, 0.0)	(78.0, 0.0)	(79.0, 0.0)	(80.0, 0.0)	(81.0, 0.0)	(82.0, 0.0)	(83.0, 0.0)	(84.0, 0.0)	(85.0, 0.0)	(86.0, 0.0)	(87.0, 0.0)	(88.0, 0.0)	(89.0, 0.0)	(90.0, 0.0)	(91.0, 0.0)	(92.0, 0.0)	(93.0, 0.0)	(94.0, 0.0)	(95.0, 0.0)	(96.0, 0.0)	(97.0, 0.0)	(98.0, 0.0)	(99.0, 0.0)	(100.0, 0.0)
SRR8438122_1	(0.0, 0.0)	(1.0, 0.0)	(2.0, 0.0)	(3.0, 0.0)	(4.0, 0.0)	(5.0, 0.0)	(6.0, 0.0)	(7.0, 0.0)	(8.0, 0.0)	(9.0, 0.0)	(10.0, 0.0)	(11.0, 0.0)	(12.0, 0.0)	(13.0, 0.0)	(14.0, 0.0)	(15.0, 0.0)	(16.0, 0.0)	(17.0, 0.0)	(18.0, 0.0)	(19.0, 0.0)	(20.0, 0.0)	(21.0, 0.0)	(22.0, 0.0)	(23.0, 0.0)	(24.0, 0.0)	(25.0, 0.0)	(26.0, 0.0)	(27.0, 0.0)	(28.0, 0.0)	(29.0, 0.3333333333333333)	(30.0, 0.6666666666666666)	(31.0, 1.0)	(32.0, 1.6666666666666665)	(33.0, 2.333333333333333)	(34.0, 4.666666666666666)	(35.0, 5.333333333333332)	(36.0, 7.33333333333333)	(37.0, 7.9999999999999964)	(38.0, 24.666666666666647)	(39.0, 24.333333333333314)	(40.0, 19.0)	(41.0, 40.00000000000001)	(42.0, 38.666666666666664)	(43.0, 45.00000000000004)	(44.0, 71.00000000000007)	(45.0, 91.66666666666644)	(46.0, 103.66666666666627)	(47.0, 124.9999999999993)	(48.0, 324.999999999999)	(49.0, 2939.0000000002187)	(50.0, 979.0000000000414)	(51.0, 1557.3333333332585)	(52.0, 1768.3333333332105)	(53.0, 488.333333333323)	(54.0, 381.3333333333291)	(55.0, 297.3333333333339)	(56.0, 198.3333333333346)	(57.0, 116.66666666666609)	(58.0, 74.66666666666669)	(59.0, 52.00000000000009)	(60.0, 16.00000000000001)	(61.0, 11.333333333333336)	(62.0, 4.999999999999999)	(63.0, 3.666666666666667)	(64.0, 1.6666666666666665)	(65.0, 1.0)	(66.0, 1.3333333333333333)	(67.0, 1.6666666666666665)	(68.0, 1.0)	(69.0, 1.3333333333333333)	(70.0, 5.333333333333332)	(71.0, 0.6666666666666666)	(72.0, 0.0)	(73.0, 0.0)	(74.0, 0.0)	(75.0, 0.0)	(76.0, 0.0)	(77.0, 0.0)	(78.0, 0.0)	(79.0, 0.0)	(80.0, 0.0)	(81.0, 0.0)	(82.0, 0.0)	(83.0, 0.0)	(84.0, 0.0)	(85.0, 0.0)	(86.0, 0.0)	(87.0, 0.0)	(88.0, 0.0)	(89.0, 0.0)	(90.0, 0.0)	(91.0, 0.0)	(92.0, 0.0)	(93.0, 0.0)	(94.0, 0.0)	(95.0, 0.0)	(96.0, 0.0)	(97.0, 0.0)	(98.0, 0.0)	(99.0, 0.0)	(100.0, 0.5)
SRR8438122_2	(0.0, 0.0)	(1.0, 0.0)	(2.0, 0.0)	(3.0, 0.0)	(4.0, 0.0)	(5.0, 0.0)	(6.0, 0.0)	(7.0, 0.0)	(8.0, 0.0)	(9.0, 0.0)	(10.0, 0.0)	(11.0, 0.0)	(12.0, 0.0)	(13.0, 0.0)	(14.0, 0.0)	(15.0, 0.0)	(16.0, 0.0)	(17.0, 0.0)	(18.0, 0.0)	(19.0, 0.0)	(20.0, 0.0)	(21.0, 0.0)	(22.0, 0.0)	(23.0, 0.0)	(24.0, 0.0)	(25.0, 0.0)	(26.0, 0.0)	(27.0, 0.0)	(28.0, 0.0)	(29.0, 0.0)	(30.0, 0.0)	(31.0, 0.3333333333333333)	(32.0, 0.6666666666666666)	(33.0, 1.0)	(34.0, 0.3333333333333333)	(35.0, 0.3333333333333333)	(36.0, 4.0)	(37.0, 7.9999999999999964)	(38.0, 14.333333333333341)	(39.0, 26.66666666666664)	(40.0, 37.33333333333332)	(41.0, 49.00000000000007)	(42.0, 43.333333333333364)	(43.0, 55.16666666666678)	(44.0, 59.50000000000014)	(45.0, 85.99999999999986)	(46.0, 106.3333333333329)	(47.0, 130.8333333333327)	(48.0, 156.50000000000009)	(49.0, 2328.9999999999413)	(50.0, 2805.000000000158)	(51.0, 488.66666666665634)	(52.0, 1580.6666666665865)	(53.0, 833.6666666666915)	(54.0, 396.33333333332826)	(55.0, 296.0000000000006)	(56.0, 276.3333333333351)	(57.0, 257.66666666666947)	(58.0, 169.33333333333377)	(59.0, 101.33333333333297)	(60.0, 58.000000000000135)	(61.0, 27.999999999999968)	(62.0, 19.0)	(63.0, 15.333333333333343)	(64.0, 16.333333333333343)	(65.0, 8.33333333333333)	(66.0, 5.333333333333332)	(67.0, 4.333333333333333)	(68.0, 3.0)	(69.0, 1.3333333333333333)	(70.0, 1.6666666666666665)	(71.0, 0.6666666666666666)	(72.0, 4.0)	(73.0, 3.666666666666667)	(74.0, 1.6666666666666665)	(75.0, 0.6666666666666666)	(76.0, 0.0)	(77.0, 0.0)	(78.0, 0.0)	(79.0, 0.0)	(80.0, 0.0)	(81.0, 0.0)	(82.0, 0.0)	(83.0, 0.0)	(84.0, 0.0)	(85.0, 0.0)	(86.0, 0.0)	(87.0, 0.0)	(88.0, 0.0)	(89.0, 0.0)	(90.0, 0.0)	(91.0, 0.0)	(92.0, 0.3333333333333333)	(93.0, 0.0)	(94.0, 0.0)	(95.0, 0.0)	(96.0, 0.0)	(97.0, 0.0)	(98.0, 0.0)	(99.0, 0.0)	(100.0, 0.0)
SRR8438123	(0.0, 0.0)	(1.0, 0.0)	(2.0, 0.0)	(3.0, 0.0)	(4.0, 0.0)	(5.0, 0.0)	(6.0, 0.0)	(7.0, 0.0)	(8.0, 0.0)	(9.0, 0.0)	(10.0, 0.0)	(11.0, 0.0)	(12.0, 0.0)	(13.0, 0.0)	(14.0, 0.0)	(15.0, 0.0)	(16.0, 0.0)	(17.0, 0.0)	(18.0, 0.0)	(19.0, 0.0)	(20.0, 0.0)	(21.0, 0.0)	(22.0, 0.0)	(23.0, 0.0)	(24.0, 0.0)	(25.0, 0.0)	(26.0, 0.0)	(27.0, 0.0)	(28.0, 0.0)	(29.0, 0.0)	(30.0, 0.0)	(31.0, 0.0)	(32.0, 0.0)	(33.0, 0.0)	(34.0, 0.0)	(35.0, 0.0)	(36.0, 0.0)	(37.0, 0.0)	(38.0, 0.0)	(39.0, 0.0)	(40.0, 0.0)	(41.0, 0.3333333333333333)	(42.0, 0.3333333333333333)	(43.0, 1.6666666666666665)	(44.0, 1.9999999999999998)	(45.0, 1.6666666666666665)	(46.0, 2.333333333333333)	(47.0, 2.333333333333333)	(48.0, 3.666666666666667)	(49.0, 3.666666666666667)	(50.0, 2.6666666666666665)	(51.0, 0.6666666666666666)	(52.0, 0.0)	(53.0, 0.0)	(54.0, 0.0)	(55.0, 0.0)	(56.0, 0.0)	(57.0, 0.0)	(58.0, 0.0)	(59.0, 0.0)	(60.0, 0.0)	(61.0, 0.0)	(62.0, 0.0)	(63.0, 0.0)	(64.0, 0.0)	(65.0, 0.0)	(66.0, 0.0)	(67.0, 0.0)	(68.0, 0.0)	(69.0, 0.0)	(70.0, 0.0)	(71.0, 0.0)	(72.0, 0.0)	(73.0, 0.0)	(74.0, 0.0)	(75.0, 0.0)	(76.0, 0.0)	(77.0, 0.0)	(78.0, 0.0)	(79.0, 0.0)	(80.0, 0.0)	(81.0, 0.0)	(82.0, 0.0)	(83.0, 0.0)	(84.0, 0.0)	(85.0, 0.0)	(86.0, 0.0)	(87.0, 0.0)	(88.0, 0.0)	(89.0, 0.0)	(90.0, 0.0)	(91.0, 0.0)	(92.0, 0.0)	(93.0, 0.0)	(94.0, 0.0)	(95.0, 0.0)	(96.0, 0.0)	(97.0, 0.0)	(98.0, 0.0)	(99.0, 0.0)	(100.0, 0.0)
SRR8438123_1	(0.0, 0.0)	(1.0, 0.0)	(2.0, 0.0)	(3.0, 0.0)	(4.0, 0.0)	(5.0, 0.0)	(6.0, 0.0)	(7.0, 0.0)	(8.0, 0.0)	(9.0, 0.0)	(10.0, 0.0)	(11.0, 0.0)	(12.0, 0.0)	(13.0, 0.0)	(14.0, 0.0)	(15.0, 0.0)	(16.0, 0.0)	(17.0, 0.0)	(18.0, 0.0)	(19.0, 0.0)	(20.0, 0.0)	(21.0, 0.0)	(22.0, 0.0)	(23.0, 0.0)	(24.0, 0.0)	(25.0, 0.0)	(26.0, 0.0)	(27.0, 0.0)	(28.0, 0.0)	(29.0, 0.0)	(30.0, 0.0)	(31.0, 0.0)	(32.0, 0.0)	(33.0, 1.9999999999999998)	(34.0, 23.999999999999982)	(35.0, 30.666666666666625)	(36.0, 8.33333333333333)	(37.0, 4.333333333333333)	(38.0, 20.33333333333333)	(39.0, 55.000000000000114)	(40.0, 74.00000000000003)	(41.0, 99.66666666666633)	(42.0, 108.99999999999953)	(43.0, 155.6666666666667)	(44.0, 191.3333333333344)	(45.0, 178.66666666666737)	(46.0, 188.3333333333343)	(47.0, 164.33333333333363)	(48.0, 223.00000000000196)	(49.0, 598.9999999999982)	(50.0, 1322.3333333333119)	(51.0, 19115.333333335315)	(52.0, 21713.666666659195)	(53.0, 7065.999999998044)	(54.0, 3322.000000000393)	(55.0, 1101.6666666666954)	(56.0, 419.66666666666026)	(57.0, 215.66666666666842)	(58.0, 104.99999999999959)	(59.0, 67.33333333333346)	(60.0, 29.333333333333297)	(61.0, 16.333333333333343)	(62.0, 4.666666666666666)	(63.0, 1.0)	(64.0, 1.0)	(65.0, 0.6666666666666666)	(66.0, 0.6666666666666666)	(67.0, 0.3333333333333333)	(68.0, 0.3333333333333333)	(69.0, 0.0)	(70.0, 0.0)	(71.0, 0.3333333333333333)	(72.0, 0.3333333333333333)	(73.0, 0.0)	(74.0, 0.0)	(75.0, 0.0)	(76.0, 0.0)	(77.0, 0.0)	(78.0, 0.0)	(79.0, 0.0)	(80.0, 0.0)	(81.0, 0.0)	(82.0, 0.0)	(83.0, 0.0)	(84.0, 0.0)	(85.0, 0.0)	(86.0, 0.0)	(87.0, 0.0)	(88.0, 0.0)	(89.0, 0.0)	(90.0, 0.0)	(91.0, 0.0)	(92.0, 0.0)	(93.0, 0.0)	(94.0, 0.0)	(95.0, 0.0)	(96.0, 0.0)	(97.0, 0.0)	(98.0, 0.0)	(99.0, 0.0)	(100.0, 0.0)
SRR8438123_2	(0.0, 0.0)	(1.0, 0.0)	(2.0, 0.0)	(3.0, 0.0)	(4.0, 0.0)	(5.0, 0.0)	(6.0, 0.0)	(7.0, 0.0)	(8.0, 0.0)	(9.0, 0.0)	(10.0, 0.0)	(11.0, 0.0)	(12.0, 0.0)	(13.0, 0.0)	(14.0, 0.0)	(15.0, 0.0)	(16.0, 0.0)	(17.0, 0.0)	(18.0, 0.0)	(19.0, 0.0)	(20.0, 0.0)	(21.0, 0.3333333333333333)	(22.0, 0.0)	(23.0, 0.0)	(24.0, 0.0)	(25.0, 0.0)	(26.0, 0.0)	(27.0, 0.0)	(28.0, 0.0)	(29.0, 0.0)	(30.0, 0.0)	(31.0, 0.0)	(32.0, 0.3333333333333333)	(33.0, 2.333333333333333)	(34.0, 1.6666666666666665)	(35.0, 12.333333333333337)	(36.0, 19.999999999999996)	(37.0, 10.666666666666668)	(38.0, 10.333333333333334)	(39.0, 40.16666666666668)	(40.0, 72.16666666666673)	(41.0, 71.00000000000007)	(42.0, 90.99999999999979)	(43.0, 133.99999999999943)	(44.0, 136.66666666666617)	(45.0, 147.1666666666665)	(46.0, 149.9999999999999)	(47.0, 145.99999999999977)	(48.0, 170.50000000000048)	(49.0, 277.16666666666833)	(50.0, 895.0000000000317)	(51.0, 7324.166666664476)	(52.0, 19006.166666669047)	(53.0, 11552.833333336464)	(54.0, 5558.999999999414)	(55.0, 2820.6666666668316)	(56.0, 1308.9999999999816)	(57.0, 729.000000000013)	(58.0, 482.99999999999)	(59.0, 301.00000000000034)	(60.0, 216.3333333333351)	(61.0, 153.33333333333331)	(62.0, 112.33333333333282)	(63.0, 68.00000000000011)	(64.0, 42.00000000000002)	(65.0, 28.666666666666632)	(66.0, 19.0)	(67.0, 10.0)	(68.0, 7.33333333333333)	(69.0, 3.0)	(70.0, 3.0)	(71.0, 1.3333333333333333)	(72.0, 1.6666666666666665)	(73.0, 1.0)	(74.0, 0.6666666666666666)	(75.0, 1.3333333333333333)	(76.0, 0.0)	(77.0, 0.0)	(78.0, 0.3333333333333333)	(79.0, 0.3333333333333333)	(80.0, 0.3333333333333333)	(81.0, 0.3333333333333333)	(82.0, 0.6666666666666666)	(83.0, 1.0)	(84.0, 1.0)	(85.0, 0.0)	(86.0, 0.0)	(87.0, 0.0)	(88.0, 0.3333333333333333)	(89.0, 1.0)	(90.0, 1.0)	(91.0, 0.0)	(92.0, 0.3333333333333333)	(93.0, 0.3333333333333333)	(94.0, 0.3333333333333333)	(95.0, 0.3333333333333333)	(96.0, 0.3333333333333333)	(97.0, 0.3333333333333333)	(98.0, 0.3333333333333333)	(99.0, 0.0)	(100.0, 0.0)
SRR8438124	(0.0, 0.0)	(1.0, 0.0)	(2.0, 0.0)	(3.0, 0.0)	(4.0, 0.0)	(5.0, 0.0)	(6.0, 0.0)	(7.0, 0.0)	(8.0, 0.0)	(9.0, 0.0)	(10.0, 0.0)	(11.0, 0.0)	(12.0, 0.0)	(13.0, 0.0)	(14.0, 0.0)	(15.0, 0.0)	(16.0, 0.0)	(17.0, 0.0)	(18.0, 0.0)	(19.0, 0.0)	(20.0, 0.0)	(21.0, 0.0)	(22.0, 0.0)	(23.0, 0.0)	(24.0, 0.0)	(25.0, 0.0)	(26.0, 0.0)	(27.0, 0.0)	(28.0, 0.0)	(29.0, 0.0)	(30.0, 0.0)	(31.0, 0.0)	(32.0, 0.0)	(33.0, 0.0)	(34.0, 0.0)	(35.0, 0.0)	(36.0, 0.0)	(37.0, 0.0)	(38.0, 0.0)	(39.0, 0.3333333333333333)	(40.0, 0.0)	(41.0, 0.3333333333333333)	(42.0, 0.3333333333333333)	(43.0, 0.3333333333333333)	(44.0, 0.0)	(45.0, 1.0)	(46.0, 1.3333333333333333)	(47.0, 1.3333333333333333)	(48.0, 1.6666666666666665)	(49.0, 1.3333333333333333)	(50.0, 0.3333333333333333)	(51.0, 0.0)	(52.0, 0.3333333333333333)	(53.0, 0.0)	(54.0, 0.0)	(55.0, 0.0)	(56.0, 0.0)	(57.0, 0.0)	(58.0, 0.0)	(59.0, 0.0)	(60.0, 0.0)	(61.0, 0.0)	(62.0, 0.0)	(63.0, 0.0)	(64.0, 0.0)	(65.0, 0.0)	(66.0, 0.0)	(67.0, 0.0)	(68.0, 0.0)	(69.0, 0.0)	(70.0, 0.0)	(71.0, 0.0)	(72.0, 0.0)	(73.0, 0.0)	(74.0, 0.0)	(75.0, 0.0)	(76.0, 0.0)	(77.0, 0.0)	(78.0, 0.0)	(79.0, 0.0)	(80.0, 0.0)	(81.0, 0.0)	(82.0, 0.0)	(83.0, 0.0)	(84.0, 0.0)	(85.0, 0.0)	(86.0, 0.0)	(87.0, 0.0)	(88.0, 0.0)	(89.0, 0.0)	(90.0, 0.0)	(91.0, 0.0)	(92.0, 0.0)	(93.0, 0.0)	(94.0, 0.0)	(95.0, 0.0)	(96.0, 0.0)	(97.0, 0.0)	(98.0, 0.0)	(99.0, 0.0)	(100.0, 0.0)
SRR8438124_1	(0.0, 0.0)	(1.0, 0.0)	(2.0, 0.0)	(3.0, 0.0)	(4.0, 0.0)	(5.0, 0.0)	(6.0, 0.0)	(7.0, 0.0)	(8.0, 0.0)	(9.0, 0.0)	(10.0, 0.0)	(11.0, 0.0)	(12.0, 0.0)	(13.0, 0.0)	(14.0, 0.0)	(15.0, 0.0)	(16.0, 0.0)	(17.0, 0.0)	(18.0, 0.0)	(19.0, 0.0)	(20.0, 0.0)	(21.0, 0.0)	(22.0, 0.0)	(23.0, 0.0)	(24.0, 0.0)	(25.0, 0.0)	(26.0, 0.0)	(27.0, 0.0)	(28.0, 0.0)	(29.0, 0.0)	(30.0, 0.0)	(31.0, 0.0)	(32.0, 0.0)	(33.0, 0.3333333333333333)	(34.0, 1.6666666666666665)	(35.0, 2.333333333333333)	(36.0, 5.333333333333332)	(37.0, 13.666666666666673)	(38.0, 27.999999999999968)	(39.0, 56.66666666666679)	(40.0, 94.33333333333307)	(41.0, 126.99999999999928)	(42.0, 142.9999999999997)	(43.0, 215.00000000000173)	(44.0, 237.3333333333357)	(45.0, 188.66666666666765)	(46.0, 162.33333333333357)	(47.0, 155.00000000000003)	(48.0, 231.33333333333553)	(49.0, 764.6666666666837)	(50.0, 1225.333333333334)	(51.0, 17374.66666667498)	(52.0, 18679.00000000357)	(53.0, 5565.666666666075)	(54.0, 2531.6666666667)	(55.0, 843.6666666666927)	(56.0, 314.66666666666623)	(57.0, 159.66666666666683)	(58.0, 61.66666666666683)	(59.0, 24.99999999999998)	(60.0, 12.666666666666671)	(61.0, 6.999999999999997)	(62.0, 4.333333333333333)	(63.0, 0.3333333333333333)	(64.0, 0.3333333333333333)	(65.0, 0.0)	(66.0, 0.0)	(67.0, 0.0)	(68.0, 0.0)	(69.0, 0.0)	(70.0, 0.0)	(71.0, 0.0)	(72.0, 0.0)	(73.0, 0.0)	(74.0, 0.0)	(75.0, 0.0)	(76.0, 0.0)	(77.0, 0.0)	(78.0, 0.0)	(79.0, 0.0)	(80.0, 0.0)	(81.0, 0.0)	(82.0, 0.0)	(83.0, 0.0)	(84.0, 0.0)	(85.0, 0.0)	(86.0, 0.0)	(87.0, 0.0)	(88.0, 0.0)	(89.0, 0.0)	(90.0, 0.0)	(91.0, 0.0)	(92.0, 0.0)	(93.0, 0.0)	(94.0, 0.0)	(95.0, 0.0)	(96.0, 0.0)	(97.0, 0.0)	(98.0, 0.0)	(99.0, 0.0)	(100.0, 0.0)
SRR8438124_2	(0.0, 0.0)	(1.0, 0.0)	(2.0, 0.0)	(3.0, 0.0)	(4.0, 0.0)	(5.0, 0.0)	(6.0, 0.0)	(7.0, 0.0)	(8.0, 0.0)	(9.0, 0.0)	(10.0, 0.0)	(11.0, 0.0)	(12.0, 0.0)	(13.0, 0.0)	(14.0, 0.0)	(15.0, 0.0)	(16.0, 0.0)	(17.0, 0.0)	(18.0, 0.0)	(19.0, 0.0)	(20.0, 0.0)	(21.0, 0.0)	(22.0, 0.0)	(23.0, 0.0)	(24.0, 0.0)	(25.0, 0.0)	(26.0, 0.0)	(27.0, 0.0)	(28.0, 0.0)	(29.0, 0.0)	(30.0, 0.0)	(31.0, 0.0)	(32.0, 0.0)	(33.0, 0.3333333333333333)	(34.0, 0.6666666666666666)	(35.0, 0.6666666666666666)	(36.0, 0.6666666666666666)	(37.0, 2.333333333333333)	(38.0, 4.999999999999999)	(39.0, 11.16666666666667)	(40.0, 26.166666666666643)	(41.0, 40.00000000000001)	(42.0, 76.0)	(43.0, 115.6666666666661)	(44.0, 122.33333333333267)	(45.0, 126.16666666666596)	(46.0, 146.16666666666643)	(47.0, 159.33333333333348)	(48.0, 183.33333333333417)	(49.0, 264.00000000000244)	(50.0, 817.000000000023)	(51.0, 6951.166666664815)	(52.0, 17068.83333334276)	(53.0, 9777.333333333236)	(54.0, 4491.000000000386)	(55.0, 2229.666666666563)	(56.0, 964.0000000000397)	(57.0, 555.9999999999933)	(58.0, 351.99999999999744)	(59.0, 224.66666666666868)	(60.0, 147.99999999999983)	(61.0, 99.66666666666633)	(62.0, 70.00000000000009)	(63.0, 58.33333333333347)	(64.0, 40.00000000000001)	(65.0, 24.99999999999998)	(66.0, 13.666666666666673)	(67.0, 5.666666666666665)	(68.0, 8.666666666666664)	(69.0, 5.333333333333332)	(70.0, 3.3333333333333335)	(71.0, 0.6666666666666666)	(72.0, 0.6666666666666666)	(73.0, 1.0)	(74.0, 0.6666666666666666)	(75.0, 0.3333333333333333)	(76.0, 0.6666666666666666)	(77.0, 0.3333333333333333)	(78.0, 0.0)	(79.0, 0.0)	(80.0, 0.0)	(81.0, 0.3333333333333333)	(82.0, 0.3333333333333333)	(83.0, 0.3333333333333333)	(84.0, 0.0)	(85.0, 0.0)	(86.0, 0.3333333333333333)	(87.0, 0.3333333333333333)	(88.0, 0.3333333333333333)	(89.0, 0.3333333333333333)	(90.0, 0.3333333333333333)	(91.0, 0.0)	(92.0, 0.3333333333333333)	(93.0, 0.3333333333333333)	(94.0, 0.3333333333333333)	(95.0, 0.0)	(96.0, 0.0)	(97.0, 0.0)	(98.0, 0.0)	(99.0, 0.3333333333333333)	(100.0, 0.5)
SRR8438125	(0.0, 0.0)	(1.0, 0.0)	(2.0, 0.0)	(3.0, 0.0)	(4.0, 0.0)	(5.0, 0.0)	(6.0, 0.0)	(7.0, 0.0)	(8.0, 0.0)	(9.0, 0.0)	(10.0, 0.0)	(11.0, 0.0)	(12.0, 0.0)	(13.0, 0.0)	(14.0, 0.0)	(15.0, 0.0)	(16.0, 0.0)	(17.0, 0.0)	(18.0, 0.0)	(19.0, 0.0)	(20.0, 0.0)	(21.0, 0.0)	(22.0, 0.0)	(23.0, 0.0)	(24.0, 0.0)	(25.0, 0.0)	(26.0, 0.0)	(27.0, 0.0)	(28.0, 0.0)	(29.0, 0.0)	(30.0, 0.0)	(31.0, 0.0)	(32.0, 0.0)	(33.0, 0.0)	(34.0, 0.0)	(35.0, 0.0)	(36.0, 0.0)	(37.0, 0.0)	(38.0, 0.0)	(39.0, 0.0)	(40.0, 0.3333333333333333)	(41.0, 1.3333333333333333)	(42.0, 1.9999999999999998)	(43.0, 1.6666666666666665)	(44.0, 2.6666666666666665)	(45.0, 3.666666666666667)	(46.0, 6.333333333333331)	(47.0, 4.333333333333333)	(48.0, 4.999999999999999)	(49.0, 4.0)	(50.0, 1.6666666666666665)	(51.0, 1.3333333333333333)	(52.0, 1.0)	(53.0, 0.6666666666666666)	(54.0, 0.0)	(55.0, 0.0)	(56.0, 0.0)	(57.0, 0.0)	(58.0, 0.0)	(59.0, 0.0)	(60.0, 0.0)	(61.0, 0.0)	(62.0, 0.0)	(63.0, 0.0)	(64.0, 0.0)	(65.0, 0.0)	(66.0, 0.0)	(67.0, 0.0)	(68.0, 0.0)	(69.0, 0.0)	(70.0, 0.0)	(71.0, 0.0)	(72.0, 0.0)	(73.0, 0.0)	(74.0, 0.0)	(75.0, 0.0)	(76.0, 0.0)	(77.0, 0.0)	(78.0, 0.0)	(79.0, 0.0)	(80.0, 0.0)	(81.0, 0.0)	(82.0, 0.0)	(83.0, 0.0)	(84.0, 0.0)	(85.0, 0.0)	(86.0, 0.0)	(87.0, 0.0)	(88.0, 0.0)	(89.0, 0.0)	(90.0, 0.0)	(91.0, 0.0)	(92.0, 0.0)	(93.0, 0.0)	(94.0, 0.0)	(95.0, 0.0)	(96.0, 0.0)	(97.0, 0.0)	(98.0, 0.0)	(99.0, 0.0)	(100.0, 0.0)
SRR8438125_1	(0.0, 0.0)	(1.0, 0.0)	(2.0, 0.0)	(3.0, 0.0)	(4.0, 0.0)	(5.0, 0.0)	(6.0, 0.0)	(7.0, 0.0)	(8.0, 0.0)	(9.0, 0.0)	(10.0, 0.0)	(11.0, 0.0)	(12.0, 0.0)	(13.0, 0.0)	(14.0, 0.0)	(15.0, 0.3333333333333333)	(16.0, 0.3333333333333333)	(17.0, 0.0)	(18.0, 0.0)	(19.0, 0.0)	(20.0, 0.0)	(21.0, 0.0)	(22.0, 0.0)	(23.0, 0.0)	(24.0, 0.0)	(25.0, 0.0)	(26.0, 0.0)	(27.0, 0.0)	(28.0, 0.0)	(29.0, 0.0)	(30.0, 8.33333333333333)	(31.0, 10.0)	(32.0, 0.6666666666666666)	(33.0, 4.333333333333333)	(34.0, 6.999999999999997)	(35.0, 4.666666666666666)	(36.0, 4.333333333333333)	(37.0, 8.666666666666664)	(38.0, 15.333333333333343)	(39.0, 45.00000000000004)	(40.0, 144.6666666666664)	(41.0, 211.00000000000162)	(42.0, 187.33333333333428)	(43.0, 343.6666666666646)	(44.0, 377.99999999999596)	(45.0, 255.00000000000287)	(46.0, 296.33333333333394)	(47.0, 317.33333333333275)	(48.0, 530.6666666666571)	(49.0, 2306.666666666598)	(50.0, 5304.666666666312)	(51.0, 78869.33333333004)	(52.0, 82603.3333332757)	(53.0, 22860.999999988355)	(54.0, 10121.333333333861)	(55.0, 3085.666666666952)	(56.0, 1106.6666666666943)	(57.0, 506.333333333322)	(58.0, 213.66666666666836)	(59.0, 94.6666666666664)	(60.0, 53.0000000000001)	(61.0, 26.66666666666664)	(62.0, 11.66666666666667)	(63.0, 2.6666666666666665)	(64.0, 1.3333333333333333)	(65.0, 0.0)	(66.0, 0.0)	(67.0, 0.6666666666666666)	(68.0, 0.6666666666666666)	(69.0, 0.6666666666666666)	(70.0, 0.3333333333333333)	(71.0, 0.0)	(72.0, 0.0)	(73.0, 0.0)	(74.0, 0.0)	(75.0, 0.0)	(76.0, 0.0)	(77.0, 0.0)	(78.0, 0.0)	(79.0, 0.0)	(80.0, 0.3333333333333333)	(81.0, 0.3333333333333333)	(82.0, 0.0)	(83.0, 0.0)	(84.0, 0.0)	(85.0, 0.0)	(86.0, 0.0)	(87.0, 0.0)	(88.0, 0.0)	(89.0, 0.0)	(90.0, 0.0)	(91.0, 0.0)	(92.0, 0.0)	(93.0, 0.0)	(94.0, 0.0)	(95.0, 0.0)	(96.0, 0.0)	(97.0, 0.0)	(98.0, 0.0)	(99.0, 0.0)	(100.0, 0.0)
SRR8438125_2	(0.0, 0.0)	(1.0, 0.0)	(2.0, 0.0)	(3.0, 0.0)	(4.0, 0.0)	(5.0, 0.0)	(6.0, 0.0)	(7.0, 0.0)	(8.0, 0.0)	(9.0, 0.0)	(10.0, 0.0)	(11.0, 0.0)	(12.0, 0.0)	(13.0, 0.0)	(14.0, 0.0)	(15.0, 0.0)	(16.0, 0.0)	(17.0, 0.3333333333333333)	(18.0, 0.3333333333333333)	(19.0, 0.0)	(20.0, 0.0)	(21.0, 0.0)	(22.0, 0.0)	(23.0, 0.0)	(24.0, 0.0)	(25.0, 0.0)	(26.0, 0.0)	(27.0, 0.0)	(28.0, 5.333333333333332)	(29.0, 7.666666666666663)	(30.0, 1.3333333333333333)	(31.0, 0.0)	(32.0, 0.6666666666666666)	(33.0, 4.333333333333333)	(34.0, 3.0)	(35.0, 1.3333333333333333)	(36.0, 1.9999999999999998)	(37.0, 7.666666666666663)	(38.0, 14.333333333333341)	(39.0, 50.00000000000008)	(40.0, 123.99999999999932)	(41.0, 106.99999999999956)	(42.0, 187.83333333333428)	(43.0, 281.83333333333474)	(44.0, 225.8333333333354)	(45.0, 212.66666666666833)	(46.0, 203.66666666666805)	(47.0, 247.00000000000261)	(48.0, 277.83333333333496)	(49.0, 414.83333333332723)	(50.0, 3172.6666666669917)	(51.0, 31307.49999995763)	(52.0, 78101.33333334122)	(53.0, 41797.333333351344)	(54.0, 17188.666666675657)	(55.0, 8192.99999999702)	(56.0, 3310.6666666670544)	(57.0, 1756.3333333332132)	(58.0, 1108.3333333333605)	(59.0, 695.0000000000091)	(60.0, 477.33333333332365)	(61.0, 344.99999999999784)	(62.0, 241.00000000000247)	(63.0, 164.00000000000028)	(64.0, 112.66666666666615)	(65.0, 69.66666666666676)	(66.0, 43.333333333333364)	(67.0, 27.666666666666636)	(68.0, 21.333333333333325)	(69.0, 14.666666666666675)	(70.0, 7.9999999999999964)	(71.0, 5.999999999999998)	(72.0, 4.0)	(73.0, 4.0)	(74.0, 4.999999999999999)	(75.0, 3.0)	(76.0, 1.0)	(77.0, 0.0)	(78.0, 0.6666666666666666)	(79.0, 1.3333333333333333)	(80.0, 1.9999999999999998)	(81.0, 1.3333333333333333)	(82.0, 1.6666666666666665)	(83.0, 0.6666666666666666)	(84.0, 1.0)	(85.0, 1.3333333333333333)	(86.0, 1.3333333333333333)	(87.0, 1.6666666666666665)	(88.0, 1.6666666666666665)	(89.0, 0.6666666666666666)	(90.0, 0.6666666666666666)	(91.0, 0.6666666666666666)	(92.0, 0.3333333333333333)	(93.0, 0.0)	(94.0, 0.6666666666666666)	(95.0, 0.6666666666666666)	(96.0, 0.3333333333333333)	(97.0, 0.3333333333333333)	(98.0, 1.0)	(99.0, 1.3333333333333333)	(100.0, 0.0)
SRR8438126	(0.0, 0.0)	(1.0, 0.0)	(2.0, 0.0)	(3.0, 0.0)	(4.0, 0.0)	(5.0, 0.0)	(6.0, 0.0)	(7.0, 0.0)	(8.0, 0.0)	(9.0, 0.0)	(10.0, 0.0)	(11.0, 0.0)	(12.0, 0.0)	(13.0, 0.0)	(14.0, 0.0)	(15.0, 0.0)	(16.0, 0.0)	(17.0, 0.0)	(18.0, 0.0)	(19.0, 0.0)	(20.0, 0.0)	(21.0, 0.0)	(22.0, 0.0)	(23.0, 0.0)	(24.0, 0.0)	(25.0, 0.0)	(26.0, 0.0)	(27.0, 0.0)	(28.0, 0.0)	(29.0, 0.0)	(30.0, 0.0)	(31.0, 0.0)	(32.0, 0.0)	(33.0, 0.0)	(34.0, 0.0)	(35.0, 0.0)	(36.0, 0.0)	(37.0, 0.0)	(38.0, 0.0)	(39.0, 0.0)	(40.0, 0.0)	(41.0, 0.3333333333333333)	(42.0, 1.0)	(43.0, 0.6666666666666666)	(44.0, 0.0)	(45.0, 0.3333333333333333)	(46.0, 0.6666666666666666)	(47.0, 0.6666666666666666)	(48.0, 1.3333333333333333)	(49.0, 1.6666666666666665)	(50.0, 1.0)	(51.0, 0.3333333333333333)	(52.0, 0.3333333333333333)	(53.0, 0.0)	(54.0, 0.3333333333333333)	(55.0, 0.3333333333333333)	(56.0, 0.0)	(57.0, 0.0)	(58.0, 0.0)	(59.0, 0.0)	(60.0, 0.0)	(61.0, 0.0)	(62.0, 0.0)	(63.0, 0.0)	(64.0, 0.0)	(65.0, 0.0)	(66.0, 0.0)	(67.0, 0.0)	(68.0, 0.0)	(69.0, 0.0)	(70.0, 0.0)	(71.0, 0.0)	(72.0, 0.0)	(73.0, 0.0)	(74.0, 0.0)	(75.0, 0.0)	(76.0, 0.0)	(77.0, 0.0)	(78.0, 0.0)	(79.0, 0.0)	(80.0, 0.0)	(81.0, 0.0)	(82.0, 0.0)	(83.0, 0.0)	(84.0, 0.0)	(85.0, 0.0)	(86.0, 0.0)	(87.0, 0.0)	(88.0, 0.0)	(89.0, 0.0)	(90.0, 0.0)	(91.0, 0.0)	(92.0, 0.0)	(93.0, 0.0)	(94.0, 0.0)	(95.0, 0.0)	(96.0, 0.0)	(97.0, 0.0)	(98.0, 0.0)	(99.0, 0.0)	(100.0, 0.0)
SRR8438126_1	(0.0, 0.0)	(1.0, 0.0)	(2.0, 0.0)	(3.0, 0.0)	(4.0, 0.0)	(5.0, 0.0)	(6.0, 0.0)	(7.0, 0.0)	(8.0, 0.0)	(9.0, 0.0)	(10.0, 0.0)	(11.0, 0.0)	(12.0, 0.0)	(13.0, 0.0)	(14.0, 0.0)	(15.0, 0.0)	(16.0, 0.0)	(17.0, 0.0)	(18.0, 0.0)	(19.0, 0.0)	(20.0, 0.0)	(21.0, 0.0)	(22.0, 0.0)	(23.0, 0.0)	(24.0, 0.0)	(25.0, 0.0)	(26.0, 0.0)	(27.0, 0.0)	(28.0, 0.0)	(29.0, 0.0)	(30.0, 0.0)	(31.0, 0.0)	(32.0, 0.0)	(33.0, 1.0)	(34.0, 3.666666666666667)	(35.0, 6.999999999999997)	(36.0, 3.666666666666667)	(37.0, 3.0)	(38.0, 2.333333333333333)	(39.0, 18.666666666666668)	(40.0, 203.33333333333474)	(41.0, 206.33333333333482)	(42.0, 105.66666666666625)	(43.0, 111.33333333333283)	(44.0, 128.9999999999993)	(45.0, 109.66666666666619)	(46.0, 85.66666666666653)	(47.0, 116.66666666666609)	(48.0, 173.00000000000054)	(49.0, 884.6666666666973)	(50.0, 658.3333333333383)	(51.0, 10050.000000000398)	(52.0, 11169.666666669102)	(53.0, 3108.0000000002956)	(54.0, 9175.999999998809)	(55.0, 2496.3333333333508)	(56.0, 495.99999999998926)	(57.0, 251.66666666666944)	(58.0, 166.33333333333368)	(59.0, 76.99999999999999)	(60.0, 22.999999999999986)	(61.0, 7.33333333333333)	(62.0, 4.666666666666666)	(63.0, 6.666666666666664)	(64.0, 32.99999999999996)	(65.0, 8.666666666666664)	(66.0, 0.6666666666666666)	(67.0, 0.0)	(68.0, 0.3333333333333333)	(69.0, 0.0)	(70.0, 0.0)	(71.0, 0.0)	(72.0, 0.0)	(73.0, 0.0)	(74.0, 0.0)	(75.0, 0.0)	(76.0, 0.0)	(77.0, 0.0)	(78.0, 0.0)	(79.0, 0.0)	(80.0, 0.0)	(81.0, 0.0)	(82.0, 0.0)	(83.0, 0.0)	(84.0, 0.0)	(85.0, 0.0)	(86.0, 0.0)	(87.0, 0.0)	(88.0, 0.0)	(89.0, 0.0)	(90.0, 0.0)	(91.0, 0.0)	(92.0, 0.0)	(93.0, 0.0)	(94.0, 0.0)	(95.0, 0.0)	(96.0, 0.0)	(97.0, 0.0)	(98.0, 0.0)	(99.0, 0.0)	(100.0, 0.0)
SRR8438126_2	(0.0, 0.0)	(1.0, 0.0)	(2.0, 0.0)	(3.0, 0.0)	(4.0, 0.0)	(5.0, 0.0)	(6.0, 0.0)	(7.0, 0.0)	(8.0, 0.0)	(9.0, 0.0)	(10.0, 0.0)	(11.0, 0.0)	(12.0, 0.0)	(13.0, 0.0)	(14.0, 0.0)	(15.0, 0.0)	(16.0, 0.0)	(17.0, 0.0)	(18.0, 0.0)	(19.0, 0.0)	(20.0, 0.0)	(21.0, 0.0)	(22.0, 0.0)	(23.0, 0.0)	(24.0, 0.0)	(25.0, 0.0)	(26.0, 0.0)	(27.0, 0.0)	(28.0, 0.0)	(29.0, 0.3333333333333333)	(30.0, 0.3333333333333333)	(31.0, 0.3333333333333333)	(32.0, 0.0)	(33.0, 0.6666666666666666)	(34.0, 1.6666666666666665)	(35.0, 5.666666666666665)	(36.0, 6.999999999999997)	(37.0, 13.166666666666673)	(38.0, 34.166666666666636)	(39.0, 123.33333333333266)	(40.0, 162.33333333333357)	(41.0, 82.33333333333324)	(42.0, 93.33333333333309)	(43.0, 108.99999999999953)	(44.0, 99.333333333333)	(45.0, 99.333333333333)	(46.0, 88.66666666666649)	(47.0, 82.9999999999999)	(48.0, 115.33333333333277)	(49.0, 198.00000000000125)	(50.0, 858.6666666666944)	(51.0, 1727.9999999998863)	(52.0, 9639.666666666319)	(53.0, 6196.666666665501)	(54.0, 5986.999999999025)	(55.0, 7112.666666664668)	(56.0, 2749.6666666667993)	(57.0, 1293.6666666666517)	(58.0, 699.3333333333429)	(59.0, 426.33333333332655)	(60.0, 270.66666666666873)	(61.0, 193.33333333333445)	(62.0, 141.33333333333297)	(63.0, 107.33333333333289)	(64.0, 70.33333333333341)	(65.0, 61.66666666666683)	(66.0, 51.66666666666676)	(67.0, 30.999999999999957)	(68.0, 18.000000000000004)	(69.0, 8.999999999999998)	(70.0, 6.333333333333331)	(71.0, 3.0)	(72.0, 2.333333333333333)	(73.0, 1.3333333333333333)	(74.0, 0.3333333333333333)	(75.0, 1.0)	(76.0, 0.6666666666666666)	(77.0, 0.3333333333333333)	(78.0, 0.0)	(79.0, 0.6666666666666666)	(80.0, 0.6666666666666666)	(81.0, 0.3333333333333333)	(82.0, 0.0)	(83.0, 0.0)	(84.0, 0.3333333333333333)	(85.0, 0.0)	(86.0, 0.3333333333333333)	(87.0, 0.0)	(88.0, 0.0)	(89.0, 0.0)	(90.0, 0.0)	(91.0, 0.0)	(92.0, 0.0)	(93.0, 0.0)	(94.0, 0.0)	(95.0, 0.0)	(96.0, 0.0)	(97.0, 0.0)	(98.0, 0.0)	(99.0, 0.0)	(100.0, 0.0)
SRR8438127	(0.0, 0.0)	(1.0, 0.0)	(2.0, 0.0)	(3.0, 0.0)	(4.0, 0.0)	(5.0, 0.0)	(6.0, 0.0)	(7.0, 0.0)	(8.0, 0.0)	(9.0, 0.0)	(10.0, 0.0)	(11.0, 0.0)	(12.0, 0.0)	(13.0, 0.0)	(14.0, 0.0)	(15.0, 0.0)	(16.0, 0.0)	(17.0, 0.0)	(18.0, 0.0)	(19.0, 0.0)	(20.0, 0.0)	(21.0, 0.0)	(22.0, 0.0)	(23.0, 0.0)	(24.0, 0.0)	(25.0, 0.0)	(26.0, 0.0)	(27.0, 0.0)	(28.0, 0.0)	(29.0, 0.0)	(30.0, 0.0)	(31.0, 0.0)	(32.0, 0.0)	(33.0, 0.0)	(34.0, 0.0)	(35.0, 0.0)	(36.0, 0.0)	(37.0, 0.0)	(38.0, 0.0)	(39.0, 0.0)	(40.0, 0.0)	(41.0, 0.0)	(42.0, 0.0)	(43.0, 1.0)	(44.0, 1.3333333333333333)	(45.0, 1.6666666666666665)	(46.0, 2.333333333333333)	(47.0, 1.0)	(48.0, 0.3333333333333333)	(49.0, 0.0)	(50.0, 0.6666666666666666)	(51.0, 0.3333333333333333)	(52.0, 0.0)	(53.0, 0.0)	(54.0, 0.0)	(55.0, 0.0)	(56.0, 0.0)	(57.0, 0.0)	(58.0, 0.0)	(59.0, 0.0)	(60.0, 0.0)	(61.0, 0.0)	(62.0, 0.0)	(63.0, 0.0)	(64.0, 0.0)	(65.0, 0.0)	(66.0, 0.0)	(67.0, 0.0)	(68.0, 0.0)	(69.0, 0.0)	(70.0, 0.0)	(71.0, 0.0)	(72.0, 0.0)	(73.0, 0.0)	(74.0, 0.0)	(75.0, 0.0)	(76.0, 0.0)	(77.0, 0.0)	(78.0, 0.0)	(79.0, 0.0)	(80.0, 0.0)	(81.0, 0.0)	(82.0, 0.0)	(83.0, 0.0)	(84.0, 0.0)	(85.0, 0.0)	(86.0, 0.0)	(87.0, 0.0)	(88.0, 0.0)	(89.0, 0.0)	(90.0, 0.0)	(91.0, 0.0)	(92.0, 0.0)	(93.0, 0.0)	(94.0, 0.0)	(95.0, 0.0)	(96.0, 0.0)	(97.0, 0.0)	(98.0, 0.0)	(99.0, 0.0)	(100.0, 0.0)
SRR8438127_1	(0.0, 0.0)	(1.0, 0.0)	(2.0, 0.0)	(3.0, 0.0)	(4.0, 0.0)	(5.0, 0.0)	(6.0, 0.0)	(7.0, 0.0)	(8.0, 0.0)	(9.0, 0.0)	(10.0, 0.0)	(11.0, 0.0)	(12.0, 0.0)	(13.0, 0.0)	(14.0, 0.0)	(15.0, 0.0)	(16.0, 0.0)	(17.0, 0.0)	(18.0, 0.0)	(19.0, 0.0)	(20.0, 0.0)	(21.0, 0.0)	(22.0, 0.0)	(23.0, 0.0)	(24.0, 0.0)	(25.0, 0.0)	(26.0, 0.0)	(27.0, 0.0)	(28.0, 0.0)	(29.0, 0.3333333333333333)	(30.0, 0.6666666666666666)	(31.0, 0.0)	(32.0, 0.0)	(33.0, 0.0)	(34.0, 0.0)	(35.0, 0.0)	(36.0, 1.0)	(37.0, 1.9999999999999998)	(38.0, 4.333333333333333)	(39.0, 26.66666666666664)	(40.0, 166.00000000000034)	(41.0, 183.33333333333417)	(42.0, 102.66666666666629)	(43.0, 372.3333333333296)	(44.0, 372.99999999999625)	(45.0, 163.00000000000026)	(46.0, 150.33333333333323)	(47.0, 143.99999999999972)	(48.0, 393.66666666666174)	(49.0, 4150.333333334029)	(50.0, 2453.999999999998)	(51.0, 12214.333333337669)	(52.0, 12027.000000003995)	(53.0, 2875.0000000001896)	(54.0, 5362.999999999593)	(55.0, 1426.3333333332882)	(56.0, 265.666666666669)	(57.0, 125.66666666666596)	(58.0, 95.66666666666639)	(59.0, 51.66666666666676)	(60.0, 10.333333333333334)	(61.0, 9.333333333333332)	(62.0, 1.3333333333333333)	(63.0, 5.999999999999998)	(64.0, 31.33333333333329)	(65.0, 7.33333333333333)	(66.0, 1.3333333333333333)	(67.0, 0.0)	(68.0, 0.0)	(69.0, 0.0)	(70.0, 0.0)	(71.0, 0.0)	(72.0, 0.0)	(73.0, 0.0)	(74.0, 0.0)	(75.0, 0.0)	(76.0, 0.0)	(77.0, 0.0)	(78.0, 0.0)	(79.0, 0.0)	(80.0, 0.0)	(81.0, 0.0)	(82.0, 0.0)	(83.0, 0.0)	(84.0, 0.0)	(85.0, 0.0)	(86.0, 0.0)	(87.0, 0.0)	(88.0, 0.0)	(89.0, 0.0)	(90.0, 0.0)	(91.0, 0.0)	(92.0, 0.0)	(93.0, 0.0)	(94.0, 0.0)	(95.0, 0.0)	(96.0, 0.0)	(97.0, 0.0)	(98.0, 0.0)	(99.0, 0.0)	(100.0, 0.0)
SRR8438127_2	(0.0, 0.0)	(1.0, 0.0)	(2.0, 0.0)	(3.0, 0.0)	(4.0, 0.0)	(5.0, 0.0)	(6.0, 0.0)	(7.0, 0.0)	(8.0, 0.0)	(9.0, 0.0)	(10.0, 0.0)	(11.0, 0.0)	(12.0, 0.0)	(13.0, 0.0)	(14.0, 0.0)	(15.0, 0.0)	(16.0, 0.0)	(17.0, 0.0)	(18.0, 0.0)	(19.0, 0.0)	(20.0, 0.0)	(21.0, 0.0)	(22.0, 0.0)	(23.0, 0.0)	(24.0, 0.0)	(25.0, 0.0)	(26.0, 0.0)	(27.0, 0.0)	(28.0, 0.0)	(29.0, 0.0)	(30.0, 0.0)	(31.0, 0.0)	(32.0, 0.0)	(33.0, 0.3333333333333333)	(34.0, 0.3333333333333333)	(35.0, 0.3333333333333333)	(36.0, 1.0)	(37.0, 17.33333333333334)	(38.0, 51.33333333333342)	(39.0, 108.33333333333287)	(40.0, 123.33333333333266)	(41.0, 60.333333333333485)	(42.0, 155.16666666666669)	(43.0, 290.5000000000009)	(44.0, 348.6666666666643)	(45.0, 166.66666666666703)	(46.0, 113.99999999999946)	(47.0, 117.9999999999994)	(48.0, 132.83333333333275)	(49.0, 1741.4999999998834)	(50.0, 4130.333333334047)	(51.0, 3311.000000000388)	(52.0, 11221.333333335862)	(53.0, 7105.333333331341)	(54.0, 4750.00000000015)	(55.0, 4478.000000000397)	(56.0, 1568.333333333256)	(57.0, 716.0000000000115)	(58.0, 366.9999999999966)	(59.0, 215.33333333333508)	(60.0, 138.99999999999957)	(61.0, 105.66666666666625)	(62.0, 76.0)	(63.0, 56.00000000000012)	(64.0, 34.666666666666636)	(65.0, 30.666666666666625)	(66.0, 34.99999999999997)	(67.0, 18.000000000000004)	(68.0, 7.33333333333333)	(69.0, 4.666666666666666)	(70.0, 1.3333333333333333)	(71.0, 2.333333333333333)	(72.0, 1.9999999999999998)	(73.0, 0.3333333333333333)	(74.0, 0.0)	(75.0, 0.3333333333333333)	(76.0, 1.0)	(77.0, 1.0)	(78.0, 0.6666666666666666)	(79.0, 0.3333333333333333)	(80.0, 1.0)	(81.0, 0.3333333333333333)	(82.0, 0.0)	(83.0, 0.0)	(84.0, 0.3333333333333333)	(85.0, 0.3333333333333333)	(86.0, 0.3333333333333333)	(87.0, 0.0)	(88.0, 0.0)	(89.0, 0.0)	(90.0, 0.0)	(91.0, 0.0)	(92.0, 0.0)	(93.0, 0.0)	(94.0, 0.0)	(95.0, 0.0)	(96.0, 0.0)	(97.0, 0.0)	(98.0, 0.0)	(99.0, 0.0)	(100.0, 0.0)
SRR8438128_1	(0.0, 0.0)	(1.0, 0.0)	(2.0, 0.0)	(3.0, 0.0)	(4.0, 0.0)	(5.0, 0.0)	(6.0, 0.0)	(7.0, 0.0)	(8.0, 0.0)	(9.0, 0.0)	(10.0, 0.0)	(11.0, 0.0)	(12.0, 0.0)	(13.0, 0.0)	(14.0, 0.0)	(15.0, 0.0)	(16.0, 0.0)	(17.0, 0.0)	(18.0, 0.0)	(19.0, 0.0)	(20.0, 0.0)	(21.0, 0.0)	(22.0, 0.0)	(23.0, 0.0)	(24.0, 0.0)	(25.0, 0.0)	(26.0, 0.0)	(27.0, 0.0)	(28.0, 0.0)	(29.0, 0.0)	(30.0, 0.0)	(31.0, 0.3333333333333333)	(32.0, 0.0)	(33.0, 0.0)	(34.0, 0.3333333333333333)	(35.0, 1.0)	(36.0, 0.6666666666666666)	(37.0, 0.0)	(38.0, 0.3333333333333333)	(39.0, 0.6666666666666666)	(40.0, 0.0)	(41.0, 1.3333333333333333)	(42.0, 6.666666666666664)	(43.0, 8.999999999999998)	(44.0, 4.999999999999999)	(45.0, 6.333333333333331)	(46.0, 8.33333333333333)	(47.0, 7.666666666666663)	(48.0, 11.000000000000002)	(49.0, 6.666666666666664)	(50.0, 12.333333333333337)	(51.0, 23.66666666666665)	(52.0, 18.333333333333336)	(53.0, 15.333333333333343)	(54.0, 14.333333333333341)	(55.0, 9.333333333333332)	(56.0, 8.33333333333333)	(57.0, 2.333333333333333)	(58.0, 4.333333333333333)	(59.0, 4.999999999999999)	(60.0, 1.6666666666666665)	(61.0, 0.0)	(62.0, 0.0)	(63.0, 0.0)	(64.0, 0.0)	(65.0, 0.0)	(66.0, 0.0)	(67.0, 0.0)	(68.0, 0.0)	(69.0, 0.0)	(70.0, 0.0)	(71.0, 0.0)	(72.0, 0.0)	(73.0, 0.0)	(74.0, 0.0)	(75.0, 0.0)	(76.0, 0.0)	(77.0, 0.0)	(78.0, 0.0)	(79.0, 0.0)	(80.0, 0.0)	(81.0, 0.0)	(82.0, 0.0)	(83.0, 0.0)	(84.0, 0.0)	(85.0, 0.0)	(86.0, 0.0)	(87.0, 0.0)	(88.0, 0.0)	(89.0, 0.0)	(90.0, 0.0)	(91.0, 0.0)	(92.0, 0.0)	(93.0, 0.0)	(94.0, 0.0)	(95.0, 0.0)	(96.0, 0.0)	(97.0, 0.0)	(98.0, 0.0)	(99.0, 0.0)	(100.0, 0.0)
SRR8438128_2	(0.0, 0.0)	(1.0, 0.0)	(2.0, 0.0)	(3.0, 0.0)	(4.0, 0.0)	(5.0, 0.0)	(6.0, 0.0)	(7.0, 0.0)	(8.0, 0.0)	(9.0, 0.0)	(10.0, 0.0)	(11.0, 0.0)	(12.0, 0.0)	(13.0, 0.0)	(14.0, 0.0)	(15.0, 0.0)	(16.0, 0.0)	(17.0, 0.0)	(18.0, 0.0)	(19.0, 0.0)	(20.0, 0.0)	(21.0, 0.0)	(22.0, 0.0)	(23.0, 0.0)	(24.0, 0.0)	(25.0, 0.0)	(26.0, 0.0)	(27.0, 0.0)	(28.0, 0.0)	(29.0, 0.0)	(30.0, 0.0)	(31.0, 0.0)	(32.0, 0.0)	(33.0, 0.0)	(34.0, 0.0)	(35.0, 0.3333333333333333)	(36.0, 0.3333333333333333)	(37.0, 0.0)	(38.0, 0.6666666666666666)	(39.0, 1.6666666666666665)	(40.0, 1.3333333333333333)	(41.0, 5.333333333333332)	(42.0, 5.999999999999998)	(43.0, 4.999999999999999)	(44.0, 7.666666666666663)	(45.0, 5.999999999999998)	(46.0, 4.666666666666666)	(47.0, 8.33333333333333)	(48.0, 7.9999999999999964)	(49.0, 6.999999999999997)	(50.0, 5.999999999999998)	(51.0, 8.33333333333333)	(52.0, 17.000000000000007)	(53.0, 20.999999999999993)	(54.0, 17.000000000000007)	(55.0, 12.666666666666671)	(56.0, 13.33333333333334)	(57.0, 7.9999999999999964)	(58.0, 5.666666666666665)	(59.0, 4.333333333333333)	(60.0, 3.666666666666667)	(61.0, 3.0)	(62.0, 1.9999999999999998)	(63.0, 0.6666666666666666)	(64.0, 0.0)	(65.0, 0.0)	(66.0, 0.3333333333333333)	(67.0, 0.3333333333333333)	(68.0, 0.0)	(69.0, 0.0)	(70.0, 0.0)	(71.0, 0.0)	(72.0, 0.0)	(73.0, 0.0)	(74.0, 0.0)	(75.0, 0.0)	(76.0, 0.0)	(77.0, 0.0)	(78.0, 0.0)	(79.0, 0.0)	(80.0, 0.0)	(81.0, 0.0)	(82.0, 0.0)	(83.0, 0.0)	(84.0, 0.0)	(85.0, 0.0)	(86.0, 0.0)	(87.0, 0.0)	(88.0, 0.0)	(89.0, 0.0)	(90.0, 0.0)	(91.0, 0.0)	(92.0, 0.0)	(93.0, 0.0)	(94.0, 0.0)	(95.0, 0.0)	(96.0, 0.0)	(97.0, 0.0)	(98.0, 0.0)	(99.0, 0.0)	(100.0, 0.0)
SRR8438129	(0.0, 0.0)	(1.0, 0.0)	(2.0, 0.0)	(3.0, 0.0)	(4.0, 0.0)	(5.0, 0.0)	(6.0, 0.0)	(7.0, 0.0)	(8.0, 0.0)	(9.0, 0.0)	(10.0, 0.0)	(11.0, 0.0)	(12.0, 0.0)	(13.0, 0.0)	(14.0, 0.0)	(15.0, 0.0)	(16.0, 0.0)	(17.0, 0.0)	(18.0, 0.0)	(19.0, 0.0)	(20.0, 0.0)	(21.0, 0.0)	(22.0, 0.0)	(23.0, 0.0)	(24.0, 0.0)	(25.0, 0.0)	(26.0, 0.0)	(27.0, 0.0)	(28.0, 0.0)	(29.0, 0.0)	(30.0, 0.0)	(31.0, 0.0)	(32.0, 0.0)	(33.0, 0.0)	(34.0, 0.0)	(35.0, 0.0)	(36.0, 0.0)	(37.0, 0.0)	(38.0, 0.0)	(39.0, 0.0)	(40.0, 0.0)	(41.0, 0.0)	(42.0, 0.0)	(43.0, 0.0)	(44.0, 0.0)	(45.0, 0.6666666666666666)	(46.0, 0.3333333333333333)	(47.0, 0.0)	(48.0, 0.0)	(49.0, 0.0)	(50.0, 0.3333333333333333)	(51.0, 0.0)	(52.0, 0.0)	(53.0, 0.0)	(54.0, 0.0)	(55.0, 0.0)	(56.0, 0.0)	(57.0, 0.0)	(58.0, 0.0)	(59.0, 0.0)	(60.0, 0.0)	(61.0, 0.0)	(62.0, 0.0)	(63.0, 0.0)	(64.0, 0.0)	(65.0, 0.0)	(66.0, 0.0)	(67.0, 0.0)	(68.0, 0.0)	(69.0, 0.0)	(70.0, 0.0)	(71.0, 0.0)	(72.0, 0.0)	(73.0, 0.0)	(74.0, 0.0)	(75.0, 0.0)	(76.0, 0.0)	(77.0, 0.0)	(78.0, 0.0)	(79.0, 0.0)	(80.0, 0.0)	(81.0, 0.0)	(82.0, 0.0)	(83.0, 0.0)	(84.0, 0.0)	(85.0, 0.0)	(86.0, 0.0)	(87.0, 0.0)	(88.0, 0.0)	(89.0, 0.0)	(90.0, 0.0)	(91.0, 0.0)	(92.0, 0.0)	(93.0, 0.0)	(94.0, 0.0)	(95.0, 0.0)	(96.0, 0.0)	(97.0, 0.0)	(98.0, 0.0)	(99.0, 0.0)	(100.0, 0.0)
SRR8438129_1	(0.0, 0.0)	(1.0, 0.0)	(2.0, 0.0)	(3.0, 0.0)	(4.0, 0.0)	(5.0, 0.0)	(6.0, 0.0)	(7.0, 0.0)	(8.0, 0.0)	(9.0, 0.0)	(10.0, 0.0)	(11.0, 0.0)	(12.0, 0.0)	(13.0, 0.0)	(14.0, 0.0)	(15.0, 0.0)	(16.0, 0.0)	(17.0, 0.0)	(18.0, 0.0)	(19.0, 0.0)	(20.0, 0.0)	(21.0, 0.0)	(22.0, 0.0)	(23.0, 0.0)	(24.0, 0.0)	(25.0, 0.0)	(26.0, 0.0)	(27.0, 0.0)	(28.0, 0.3333333333333333)	(29.0, 1.9999999999999998)	(30.0, 12.333333333333337)	(31.0, 5.333333333333332)	(32.0, 1.9999999999999998)	(33.0, 3.0)	(34.0, 6.666666666666664)	(35.0, 46.66666666666672)	(36.0, 27.666666666666636)	(37.0, 23.333333333333318)	(38.0, 38.666666666666664)	(39.0, 47.33333333333339)	(40.0, 82.9999999999999)	(41.0, 178.66666666666737)	(42.0, 168.33333333333374)	(43.0, 193.6666666666678)	(44.0, 261.0000000000026)	(45.0, 233.3333333333356)	(46.0, 562.6666666666607)	(47.0, 1684.6666666665628)	(48.0, 856.6666666666941)	(49.0, 500.33333333332234)	(50.0, 552.3333333333262)	(51.0, 527.6666666666567)	(52.0, 584.6666666666632)	(53.0, 352.9999999999974)	(54.0, 1935.3333333331725)	(55.0, 1342.3333333333073)	(56.0, 453.99999999999164)	(57.0, 181.00000000000077)	(58.0, 89.66666666666647)	(59.0, 83.99999999999989)	(60.0, 7.666666666666663)	(61.0, 3.0)	(62.0, 1.9999999999999998)	(63.0, 1.0)	(64.0, 0.6666666666666666)	(65.0, 0.0)	(66.0, 0.0)	(67.0, 0.0)	(68.0, 0.0)	(69.0, 0.0)	(70.0, 0.0)	(71.0, 0.0)	(72.0, 0.0)	(73.0, 0.0)	(74.0, 0.0)	(75.0, 0.0)	(76.0, 0.0)	(77.0, 0.0)	(78.0, 0.0)	(79.0, 0.0)	(80.0, 0.0)	(81.0, 0.0)	(82.0, 0.0)	(83.0, 0.0)	(84.0, 0.0)	(85.0, 0.0)	(86.0, 0.0)	(87.0, 0.0)	(88.0, 0.0)	(89.0, 0.0)	(90.0, 0.0)	(91.0, 0.0)	(92.0, 0.0)	(93.0, 0.0)	(94.0, 0.0)	(95.0, 0.0)	(96.0, 0.0)	(97.0, 0.0)	(98.0, 0.0)	(99.0, 0.0)	(100.0, 0.0)
SRR8438129_2	(0.0, 0.0)	(1.0, 0.0)	(2.0, 0.0)	(3.0, 0.0)	(4.0, 0.0)	(5.0, 0.0)	(6.0, 0.0)	(7.0, 0.0)	(8.0, 0.0)	(9.0, 0.0)	(10.0, 0.0)	(11.0, 0.0)	(12.0, 0.0)	(13.0, 0.0)	(14.0, 0.0)	(15.0, 0.0)	(16.0, 0.0)	(17.0, 0.0)	(18.0, 0.0)	(19.0, 0.0)	(20.0, 0.0)	(21.0, 0.0)	(22.0, 0.0)	(23.0, 0.0)	(24.0, 0.0)	(25.0, 0.0)	(26.0, 0.0)	(27.0, 0.0)	(28.0, 0.3333333333333333)	(29.0, 10.0)	(30.0, 7.9999999999999964)	(31.0, 3.3333333333333335)	(32.0, 0.6666666666666666)	(33.0, 0.3333333333333333)	(34.0, 0.3333333333333333)	(35.0, 0.3333333333333333)	(36.0, 1.9999999999999998)	(37.0, 21.666666666666657)	(38.0, 39.66666666666667)	(39.0, 19.666666666666664)	(40.0, 49.00000000000007)	(41.0, 58.666666666666806)	(42.0, 49.33333333333341)	(43.0, 81.33333333333326)	(44.0, 98.33333333333302)	(45.0, 153.33333333333331)	(46.0, 173.66666666666723)	(47.0, 309.3333333333332)	(48.0, 1733.999999999885)	(49.0, 1887.3333333331834)	(50.0, 1415.9999999999573)	(51.0, 894.6666666666985)	(52.0, 776.3333333333517)	(53.0, 814.6666666666894)	(54.0, 573.3333333333286)	(55.0, 659.3333333333384)	(56.0, 464.3333333333244)	(57.0, 331.9999999999986)	(58.0, 276.6666666666684)	(59.0, 162.6666666666669)	(60.0, 69.0000000000001)	(61.0, 31.66666666666662)	(62.0, 17.000000000000007)	(63.0, 7.9999999999999964)	(64.0, 5.333333333333332)	(65.0, 4.999999999999999)	(66.0, 2.333333333333333)	(67.0, 1.3333333333333333)	(68.0, 1.0)	(69.0, 1.6666666666666665)	(70.0, 1.3333333333333333)	(71.0, 0.6666666666666666)	(72.0, 0.3333333333333333)	(73.0, 0.3333333333333333)	(74.0, 0.3333333333333333)	(75.0, 0.0)	(76.0, 0.0)	(77.0, 0.6666666666666666)	(78.0, 0.6666666666666666)	(79.0, 0.3333333333333333)	(80.0, 0.0)	(81.0, 0.0)	(82.0, 0.0)	(83.0, 0.0)	(84.0, 0.0)	(85.0, 0.0)	(86.0, 0.0)	(87.0, 0.0)	(88.0, 0.0)	(89.0, 0.0)	(90.0, 0.0)	(91.0, 0.0)	(92.0, 0.0)	(93.0, 0.0)	(94.0, 0.0)	(95.0, 0.3333333333333333)	(96.0, 0.0)	(97.0, 0.0)	(98.0, 0.0)	(99.0, 0.0)	(100.0, 0.0)
SRR8438130	(0.0, 0.0)	(1.0, 0.0)	(2.0, 0.0)	(3.0, 0.0)	(4.0, 0.0)	(5.0, 0.0)	(6.0, 0.0)	(7.0, 0.0)	(8.0, 0.0)	(9.0, 0.0)	(10.0, 0.0)	(11.0, 0.0)	(12.0, 0.0)	(13.0, 0.0)	(14.0, 0.0)	(15.0, 0.0)	(16.0, 0.0)	(17.0, 0.0)	(18.0, 0.0)	(19.0, 0.0)	(20.0, 0.0)	(21.0, 0.0)	(22.0, 0.0)	(23.0, 0.0)	(24.0, 0.0)	(25.0, 0.0)	(26.0, 0.0)	(27.0, 0.0)	(28.0, 0.0)	(29.0, 0.0)	(30.0, 0.0)	(31.0, 0.0)	(32.0, 0.0)	(33.0, 0.0)	(34.0, 0.0)	(35.0, 0.0)	(36.0, 0.0)	(37.0, 0.0)	(38.0, 0.0)	(39.0, 0.0)	(40.0, 0.0)	(41.0, 0.3333333333333333)	(42.0, 0.0)	(43.0, 0.3333333333333333)	(44.0, 0.6666666666666666)	(45.0, 1.0)	(46.0, 0.6666666666666666)	(47.0, 0.6666666666666666)	(48.0, 1.9999999999999998)	(49.0, 1.3333333333333333)	(50.0, 0.3333333333333333)	(51.0, 0.0)	(52.0, 0.0)	(53.0, 0.3333333333333333)	(54.0, 0.3333333333333333)	(55.0, 0.0)	(56.0, 0.0)	(57.0, 0.0)	(58.0, 0.0)	(59.0, 0.0)	(60.0, 0.0)	(61.0, 0.0)	(62.0, 0.0)	(63.0, 0.0)	(64.0, 0.0)	(65.0, 0.0)	(66.0, 0.0)	(67.0, 0.0)	(68.0, 0.0)	(69.0, 0.0)	(70.0, 0.0)	(71.0, 0.0)	(72.0, 0.0)	(73.0, 0.0)	(74.0, 0.0)	(75.0, 0.0)	(76.0, 0.0)	(77.0, 0.0)	(78.0, 0.0)	(79.0, 0.0)	(80.0, 0.0)	(81.0, 0.0)	(82.0, 0.0)	(83.0, 0.0)	(84.0, 0.0)	(85.0, 0.0)	(86.0, 0.0)	(87.0, 0.0)	(88.0, 0.0)	(89.0, 0.0)	(90.0, 0.0)	(91.0, 0.0)	(92.0, 0.0)	(93.0, 0.0)	(94.0, 0.0)	(95.0, 0.0)	(96.0, 0.0)	(97.0, 0.0)	(98.0, 0.0)	(99.0, 0.0)	(100.0, 0.0)
SRR8438130_1	(0.0, 0.0)	(1.0, 0.0)	(2.0, 0.0)	(3.0, 0.0)	(4.0, 0.0)	(5.0, 0.0)	(6.0, 0.0)	(7.0, 0.0)	(8.0, 0.0)	(9.0, 0.0)	(10.0, 0.0)	(11.0, 0.0)	(12.0, 0.0)	(13.0, 0.0)	(14.0, 0.0)	(15.0, 0.0)	(16.0, 0.0)	(17.0, 0.0)	(18.0, 0.0)	(19.0, 0.0)	(20.0, 0.0)	(21.0, 0.0)	(22.0, 0.0)	(23.0, 0.0)	(24.0, 3.0)	(25.0, 19.333333333333332)	(26.0, 8.999999999999998)	(27.0, 0.6666666666666666)	(28.0, 0.6666666666666666)	(29.0, 0.0)	(30.0, 0.3333333333333333)	(31.0, 0.0)	(32.0, 0.0)	(33.0, 1.0)	(34.0, 54.33333333333344)	(35.0, 84.66666666666654)	(36.0, 13.000000000000005)	(37.0, 9.333333333333332)	(38.0, 14.333333333333341)	(39.0, 21.333333333333325)	(40.0, 80.6666666666666)	(41.0, 84.66666666666654)	(42.0, 773.000000000018)	(43.0, 4531.666666667015)	(44.0, 1774.9999999998756)	(45.0, 792.6666666666869)	(46.0, 599.9999999999983)	(47.0, 500.66666666665566)	(48.0, 1362.3333333333028)	(49.0, 1814.6666666665333)	(50.0, 985.0000000000421)	(51.0, 1357.9999999999704)	(52.0, 2093.666666666501)	(53.0, 2646.0000000000855)	(54.0, 9609.666666666264)	(55.0, 13327.666666673027)	(56.0, 3652.000000000543)	(57.0, 1441.666666666618)	(58.0, 628.3333333333348)	(59.0, 288.0000000000011)	(60.0, 120.3333333333327)	(61.0, 55.000000000000114)	(62.0, 52.00000000000009)	(63.0, 22.33333333333332)	(64.0, 11.66666666666667)	(65.0, 4.666666666666666)	(66.0, 3.0)	(67.0, 3.0)	(68.0, 1.3333333333333333)	(69.0, 0.3333333333333333)	(70.0, 0.0)	(71.0, 0.0)	(72.0, 0.0)	(73.0, 0.0)	(74.0, 0.0)	(75.0, 0.0)	(76.0, 0.0)	(77.0, 0.0)	(78.0, 0.0)	(79.0, 0.0)	(80.0, 0.0)	(81.0, 0.0)	(82.0, 0.0)	(83.0, 0.0)	(84.0, 0.0)	(85.0, 0.0)	(86.0, 0.0)	(87.0, 0.0)	(88.0, 0.0)	(89.0, 0.0)	(90.0, 0.0)	(91.0, 0.0)	(92.0, 0.0)	(93.0, 0.0)	(94.0, 0.0)	(95.0, 0.0)	(96.0, 0.0)	(97.0, 0.0)	(98.0, 0.0)	(99.0, 0.0)	(100.0, 0.0)
SRR8438130_2	(0.0, 0.0)	(1.0, 0.0)	(2.0, 0.0)	(3.0, 0.0)	(4.0, 0.0)	(5.0, 0.0)	(6.0, 0.0)	(7.0, 0.0)	(8.0, 0.0)	(9.0, 0.0)	(10.0, 0.0)	(11.0, 0.0)	(12.0, 0.0)	(13.0, 0.0)	(14.0, 0.0)	(15.0, 0.0)	(16.0, 0.0)	(17.0, 0.0)	(18.0, 0.0)	(19.0, 0.0)	(20.0, 0.0)	(21.0, 0.0)	(22.0, 0.0)	(23.0, 0.0)	(24.0, 0.6666666666666666)	(25.0, 10.0)	(26.0, 16.333333333333343)	(27.0, 6.999999999999997)	(28.0, 2.333333333333333)	(29.0, 0.6666666666666666)	(30.0, 0.3333333333333333)	(31.0, 0.0)	(32.0, 0.6666666666666666)	(33.0, 1.0)	(34.0, 2.6666666666666665)	(35.0, 31.66666666666662)	(36.0, 55.666666666666785)	(37.0, 19.333333333333332)	(38.0, 17.33333333333334)	(39.0, 17.33333333333334)	(40.0, 65.16666666666683)	(41.0, 68.50000000000011)	(42.0, 191.66666666666774)	(43.0, 730.3333333333464)	(44.0, 3788.666666667272)	(45.0, 2450.999999999997)	(46.0, 1078.000000000034)	(47.0, 668.000000000006)	(48.0, 1425.3333333332885)	(49.0, 1177.3333333333449)	(50.0, 1190.0000000000086)	(51.0, 1013.166666666712)	(52.0, 1739.4999999998838)	(53.0, 2114.999999999844)	(54.0, 1739.6666666665503)	(55.0, 6595.666666665138)	(56.0, 8565.666666664365)	(57.0, 5658.999999999323)	(58.0, 3306.6666666670526)	(59.0, 1700.6666666665592)	(60.0, 884.0000000000306)	(61.0, 476.3333333333237)	(62.0, 270.0000000000021)	(63.0, 136.66666666666617)	(64.0, 76.0)	(65.0, 51.33333333333342)	(66.0, 32.66666666666662)	(67.0, 22.666666666666654)	(68.0, 18.333333333333336)	(69.0, 9.333333333333332)	(70.0, 6.666666666666664)	(71.0, 4.999999999999999)	(72.0, 4.0)	(73.0, 2.333333333333333)	(74.0, 0.6666666666666666)	(75.0, 0.0)	(76.0, 1.3333333333333333)	(77.0, 0.3333333333333333)	(78.0, 0.0)	(79.0, 0.3333333333333333)	(80.0, 0.3333333333333333)	(81.0, 0.0)	(82.0, 0.0)	(83.0, 0.3333333333333333)	(84.0, 0.6666666666666666)	(85.0, 0.0)	(86.0, 0.0)	(87.0, 0.0)	(88.0, 0.0)	(89.0, 0.3333333333333333)	(90.0, 0.0)	(91.0, 0.0)	(92.0, 0.0)	(93.0, 0.0)	(94.0, 0.3333333333333333)	(95.0, 0.6666666666666666)	(96.0, 0.0)	(97.0, 0.3333333333333333)	(98.0, 0.3333333333333333)	(99.0, 0.0)	(100.0, 0.0)
SRR8438131	(0.0, 0.0)	(1.0, 0.0)	(2.0, 0.0)	(3.0, 0.0)	(4.0, 0.0)	(5.0, 0.0)	(6.0, 0.0)	(7.0, 0.0)	(8.0, 0.0)	(9.0, 0.0)	(10.0, 0.0)	(11.0, 0.0)	(12.0, 0.0)	(13.0, 0.0)	(14.0, 0.0)	(15.0, 0.0)	(16.0, 0.0)	(17.0, 0.0)	(18.0, 0.0)	(19.0, 0.0)	(20.0, 0.0)	(21.0, 0.0)	(22.0, 0.0)	(23.0, 0.0)	(24.0, 0.0)	(25.0, 0.0)	(26.0, 0.0)	(27.0, 0.0)	(28.0, 0.0)	(29.0, 0.0)	(30.0, 0.0)	(31.0, 0.0)	(32.0, 0.0)	(33.0, 0.0)	(34.0, 0.0)	(35.0, 0.0)	(36.0, 0.0)	(37.0, 0.0)	(38.0, 0.0)	(39.0, 0.0)	(40.0, 0.0)	(41.0, 0.0)	(42.0, 0.0)	(43.0, 1.3333333333333333)	(44.0, 0.6666666666666666)	(45.0, 0.0)	(46.0, 0.3333333333333333)	(47.0, 0.3333333333333333)	(48.0, 0.3333333333333333)	(49.0, 0.3333333333333333)	(50.0, 0.3333333333333333)	(51.0, 0.0)	(52.0, 0.3333333333333333)	(53.0, 0.0)	(54.0, 0.0)	(55.0, 0.0)	(56.0, 0.0)	(57.0, 0.0)	(58.0, 0.0)	(59.0, 0.0)	(60.0, 0.0)	(61.0, 0.0)	(62.0, 0.0)	(63.0, 0.0)	(64.0, 0.0)	(65.0, 0.0)	(66.0, 0.0)	(67.0, 0.0)	(68.0, 0.0)	(69.0, 0.0)	(70.0, 0.0)	(71.0, 0.0)	(72.0, 0.0)	(73.0, 0.0)	(74.0, 0.0)	(75.0, 0.0)	(76.0, 0.0)	(77.0, 0.0)	(78.0, 0.0)	(79.0, 0.0)	(80.0, 0.0)	(81.0, 0.0)	(82.0, 0.0)	(83.0, 0.0)	(84.0, 0.0)	(85.0, 0.0)	(86.0, 0.0)	(87.0, 0.0)	(88.0, 0.0)	(89.0, 0.0)	(90.0, 0.0)	(91.0, 0.0)	(92.0, 0.0)	(93.0, 0.0)	(94.0, 0.0)	(95.0, 0.0)	(96.0, 0.0)	(97.0, 0.0)	(98.0, 0.0)	(99.0, 0.0)	(100.0, 0.0)
SRR8438131_1	(0.0, 0.0)	(1.0, 0.0)	(2.0, 0.0)	(3.0, 0.0)	(4.0, 0.0)	(5.0, 0.0)	(6.0, 0.0)	(7.0, 0.0)	(8.0, 0.0)	(9.0, 0.0)	(10.0, 0.0)	(11.0, 0.0)	(12.0, 0.0)	(13.0, 0.0)	(14.0, 0.0)	(15.0, 0.0)	(16.0, 0.0)	(17.0, 0.0)	(18.0, 0.0)	(19.0, 0.0)	(20.0, 0.0)	(21.0, 0.0)	(22.0, 0.0)	(23.0, 0.0)	(24.0, 0.0)	(25.0, 0.0)	(26.0, 0.0)	(27.0, 0.0)	(28.0, 0.0)	(29.0, 0.0)	(30.0, 0.0)	(31.0, 0.0)	(32.0, 0.0)	(33.0, 0.0)	(34.0, 15.666666666666677)	(35.0, 48.000000000000064)	(36.0, 10.666666666666668)	(37.0, 3.666666666666667)	(38.0, 3.666666666666667)	(39.0, 10.0)	(40.0, 34.3333333333333)	(41.0, 52.33333333333343)	(42.0, 41.000000000000014)	(43.0, 46.66666666666672)	(44.0, 50.00000000000008)	(45.0, 63.00000000000017)	(46.0, 90.33333333333313)	(47.0, 98.66666666666634)	(48.0, 70.00000000000009)	(49.0, 121.33333333333269)	(50.0, 401.6666666666613)	(51.0, 9574.333333332866)	(52.0, 11452.666666669616)	(53.0, 1720.6666666665546)	(54.0, 515.9999999999887)	(55.0, 257.33333333333616)	(56.0, 140.99999999999963)	(57.0, 87.33333333333317)	(58.0, 41.000000000000014)	(59.0, 21.333333333333325)	(60.0, 9.666666666666666)	(61.0, 4.999999999999999)	(62.0, 1.3333333333333333)	(63.0, 0.0)	(64.0, 0.0)	(65.0, 0.6666666666666666)	(66.0, 0.3333333333333333)	(67.0, 0.0)	(68.0, 0.0)	(69.0, 0.0)	(70.0, 0.0)	(71.0, 0.0)	(72.0, 0.0)	(73.0, 0.0)	(74.0, 0.0)	(75.0, 0.0)	(76.0, 0.0)	(77.0, 0.0)	(78.0, 0.0)	(79.0, 0.0)	(80.0, 0.0)	(81.0, 0.0)	(82.0, 0.0)	(83.0, 0.0)	(84.0, 0.0)	(85.0, 0.0)	(86.0, 0.0)	(87.0, 0.0)	(88.0, 0.0)	(89.0, 0.0)	(90.0, 0.0)	(91.0, 0.0)	(92.0, 0.0)	(93.0, 0.0)	(94.0, 0.0)	(95.0, 0.0)	(96.0, 0.0)	(97.0, 0.0)	(98.0, 0.0)	(99.0, 0.0)	(100.0, 0.0)
SRR8438131_2	(0.0, 0.0)	(1.0, 0.0)	(2.0, 0.0)	(3.0, 0.0)	(4.0, 0.0)	(5.0, 0.0)	(6.0, 0.0)	(7.0, 0.0)	(8.0, 0.0)	(9.0, 0.0)	(10.0, 0.0)	(11.0, 0.0)	(12.0, 0.0)	(13.0, 0.0)	(14.0, 0.0)	(15.0, 0.0)	(16.0, 0.0)	(17.0, 0.0)	(18.0, 0.0)	(19.0, 0.0)	(20.0, 0.0)	(21.0, 0.0)	(22.0, 0.0)	(23.0, 0.0)	(24.0, 0.0)	(25.0, 0.0)	(26.0, 0.0)	(27.0, 0.0)	(28.0, 0.0)	(29.0, 0.0)	(30.0, 0.0)	(31.0, 0.0)	(32.0, 0.0)	(33.0, 0.6666666666666666)	(34.0, 0.6666666666666666)	(35.0, 7.9999999999999964)	(36.0, 16.333333333333343)	(37.0, 20.66666666666666)	(38.0, 24.666666666666647)	(39.0, 10.0)	(40.0, 10.333333333333334)	(41.0, 27.333333333333304)	(42.0, 45.666666666666714)	(43.0, 34.666666666666636)	(44.0, 26.333333333333307)	(45.0, 45.33333333333338)	(46.0, 54.33333333333344)	(47.0, 71.00000000000009)	(48.0, 66.33333333333348)	(49.0, 80.33333333333327)	(50.0, 178.83333333333405)	(51.0, 618.8333333333338)	(52.0, 7652.99999999751)	(53.0, 10107.000000000502)	(54.0, 2745.333333333464)	(55.0, 1064.3333333333705)	(56.0, 500.66666666665566)	(57.0, 317.33333333333275)	(58.0, 227.33333333333542)	(59.0, 155.00000000000003)	(60.0, 104.99999999999959)	(61.0, 83.99999999999989)	(62.0, 58.33333333333347)	(63.0, 31.66666666666662)	(64.0, 30.666666666666625)	(65.0, 21.333333333333325)	(66.0, 13.666666666666673)	(67.0, 8.666666666666664)	(68.0, 4.999999999999999)	(69.0, 3.666666666666667)	(70.0, 1.6666666666666665)	(71.0, 2.333333333333333)	(72.0, 0.6666666666666666)	(73.0, 1.0)	(74.0, 0.3333333333333333)	(75.0, 0.0)	(76.0, 0.6666666666666666)	(77.0, 0.3333333333333333)	(78.0, 0.3333333333333333)	(79.0, 0.3333333333333333)	(80.0, 0.3333333333333333)	(81.0, 0.0)	(82.0, 0.0)	(83.0, 0.0)	(84.0, 0.3333333333333333)	(85.0, 0.3333333333333333)	(86.0, 0.0)	(87.0, 0.0)	(88.0, 0.3333333333333333)	(89.0, 0.3333333333333333)	(90.0, 0.0)	(91.0, 0.0)	(92.0, 0.3333333333333333)	(93.0, 0.3333333333333333)	(94.0, 0.0)	(95.0, 0.0)	(96.0, 0.3333333333333333)	(97.0, 0.0)	(98.0, 0.0)	(99.0, 0.0)	(100.0, 0.0)
SRR8438132	(0.0, 0.0)	(1.0, 0.0)	(2.0, 0.0)	(3.0, 0.0)	(4.0, 0.0)	(5.0, 0.0)	(6.0, 0.0)	(7.0, 0.0)	(8.0, 0.0)	(9.0, 0.0)	(10.0, 0.0)	(11.0, 0.0)	(12.0, 0.0)	(13.0, 0.0)	(14.0, 0.0)	(15.0, 0.0)	(16.0, 0.0)	(17.0, 0.0)	(18.0, 0.0)	(19.0, 0.0)	(20.0, 0.0)	(21.0, 0.0)	(22.0, 0.0)	(23.0, 0.0)	(24.0, 0.0)	(25.0, 0.0)	(26.0, 0.0)	(27.0, 0.0)	(28.0, 0.0)	(29.0, 0.0)	(30.0, 0.0)	(31.0, 0.0)	(32.0, 0.0)	(33.0, 0.0)	(34.0, 0.0)	(35.0, 0.0)	(36.0, 0.0)	(37.0, 0.0)	(38.0, 0.0)	(39.0, 0.0)	(40.0, 0.0)	(41.0, 0.3333333333333333)	(42.0, 0.3333333333333333)	(43.0, 0.3333333333333333)	(44.0, 0.6666666666666666)	(45.0, 1.0)	(46.0, 2.333333333333333)	(47.0, 1.9999999999999998)	(48.0, 1.9999999999999998)	(49.0, 1.3333333333333333)	(50.0, 1.3333333333333333)	(51.0, 1.0)	(52.0, 0.0)	(53.0, 0.0)	(54.0, 0.0)	(55.0, 0.0)	(56.0, 0.0)	(57.0, 0.0)	(58.0, 0.0)	(59.0, 0.0)	(60.0, 0.0)	(61.0, 0.0)	(62.0, 0.0)	(63.0, 0.0)	(64.0, 0.0)	(65.0, 0.0)	(66.0, 0.0)	(67.0, 0.0)	(68.0, 0.0)	(69.0, 0.0)	(70.0, 0.0)	(71.0, 0.0)	(72.0, 0.0)	(73.0, 0.0)	(74.0, 0.0)	(75.0, 0.0)	(76.0, 0.0)	(77.0, 0.0)	(78.0, 0.0)	(79.0, 0.0)	(80.0, 0.0)	(81.0, 0.0)	(82.0, 0.0)	(83.0, 0.0)	(84.0, 0.0)	(85.0, 0.0)	(86.0, 0.0)	(87.0, 0.0)	(88.0, 0.0)	(89.0, 0.0)	(90.0, 0.0)	(91.0, 0.0)	(92.0, 0.0)	(93.0, 0.0)	(94.0, 0.0)	(95.0, 0.0)	(96.0, 0.0)	(97.0, 0.0)	(98.0, 0.0)	(99.0, 0.0)	(100.0, 0.0)
SRR8438132_1	(0.0, 0.0)	(1.0, 0.0)	(2.0, 0.0)	(3.0, 0.0)	(4.0, 0.0)	(5.0, 0.0)	(6.0, 0.0)	(7.0, 0.0)	(8.0, 0.0)	(9.0, 0.0)	(10.0, 0.0)	(11.0, 0.0)	(12.0, 0.0)	(13.0, 0.0)	(14.0, 0.0)	(15.0, 0.0)	(16.0, 0.0)	(17.0, 0.0)	(18.0, 0.0)	(19.0, 0.0)	(20.0, 0.0)	(21.0, 0.0)	(22.0, 0.0)	(23.0, 0.0)	(24.0, 0.0)	(25.0, 0.0)	(26.0, 0.0)	(27.0, 0.0)	(28.0, 0.0)	(29.0, 0.0)	(30.0, 0.0)	(31.0, 0.0)	(32.0, 0.0)	(33.0, 0.6666666666666666)	(34.0, 2.333333333333333)	(35.0, 3.666666666666667)	(36.0, 4.0)	(37.0, 6.333333333333331)	(38.0, 6.333333333333331)	(39.0, 28.3333333333333)	(40.0, 42.66666666666669)	(41.0, 57.6666666666668)	(42.0, 78.99999999999996)	(43.0, 85.3333333333332)	(44.0, 156.3333333333334)	(45.0, 163.00000000000026)	(46.0, 147.6666666666665)	(47.0, 171.66666666666717)	(48.0, 141.99999999999966)	(49.0, 172.6666666666672)	(50.0, 642.6666666666698)	(51.0, 21390.66666666037)	(52.0, 27370.666666638615)	(53.0, 4123.333333334053)	(54.0, 903.6666666666995)	(55.0, 350.9999999999975)	(56.0, 191.00000000000105)	(57.0, 120.3333333333327)	(58.0, 56.33333333333346)	(59.0, 18.333333333333336)	(60.0, 11.000000000000002)	(61.0, 3.666666666666667)	(62.0, 2.333333333333333)	(63.0, 1.3333333333333333)	(64.0, 0.6666666666666666)	(65.0, 0.3333333333333333)	(66.0, 1.0)	(67.0, 0.0)	(68.0, 0.0)	(69.0, 0.0)	(70.0, 0.0)	(71.0, 0.0)	(72.0, 0.0)	(73.0, 0.0)	(74.0, 0.0)	(75.0, 0.0)	(76.0, 0.0)	(77.0, 0.0)	(78.0, 0.0)	(79.0, 0.0)	(80.0, 0.0)	(81.0, 0.0)	(82.0, 0.0)	(83.0, 0.0)	(84.0, 0.0)	(85.0, 0.0)	(86.0, 0.0)	(87.0, 0.0)	(88.0, 0.0)	(89.0, 0.0)	(90.0, 0.0)	(91.0, 0.0)	(92.0, 0.0)	(93.0, 0.0)	(94.0, 0.0)	(95.0, 0.0)	(96.0, 0.0)	(97.0, 0.0)	(98.0, 0.0)	(99.0, 0.0)	(100.0, 0.0)
SRR8438132_2	(0.0, 0.0)	(1.0, 0.0)	(2.0, 0.0)	(3.0, 0.0)	(4.0, 0.0)	(5.0, 0.0)	(6.0, 0.0)	(7.0, 0.0)	(8.0, 0.0)	(9.0, 0.0)	(10.0, 0.0)	(11.0, 0.0)	(12.0, 0.0)	(13.0, 0.0)	(14.0, 0.0)	(15.0, 0.0)	(16.0, 0.0)	(17.0, 0.0)	(18.0, 0.0)	(19.0, 0.0)	(20.0, 0.0)	(21.0, 0.0)	(22.0, 0.0)	(23.0, 0.0)	(24.0, 0.0)	(25.0, 0.0)	(26.0, 0.0)	(27.0, 0.0)	(28.0, 0.0)	(29.0, 0.0)	(30.0, 0.0)	(31.0, 0.0)	(32.0, 0.3333333333333333)	(33.0, 0.3333333333333333)	(34.0, 0.6666666666666666)	(35.0, 1.1666666666666665)	(36.0, 1.4999999999999998)	(37.0, 0.6666666666666666)	(38.0, 4.333333333333333)	(39.0, 5.999999999999998)	(40.0, 21.666666666666657)	(41.0, 40.33333333333334)	(42.0, 49.33333333333341)	(43.0, 64.16666666666684)	(44.0, 80.83333333333327)	(45.0, 85.99999999999986)	(46.0, 119.99999999999937)	(47.0, 151.49999999999994)	(48.0, 142.4999999999997)	(49.0, 176.6666666666673)	(50.0, 270.3333333333354)	(51.0, 864.166666666695)	(52.0, 17039.833333342867)	(53.0, 24143.833333317023)	(54.0, 6355.166666665356)	(55.0, 2171.333333333203)	(56.0, 1065.6666666667036)	(57.0, 604.3333333333321)	(58.0, 372.66666666666293)	(59.0, 273.33333333333525)	(60.0, 212.333333333335)	(61.0, 152.3333333333333)	(62.0, 114.99999999999945)	(63.0, 85.66666666666653)	(64.0, 62.3333333333335)	(65.0, 41.33333333333335)	(66.0, 31.66666666666662)	(67.0, 19.0)	(68.0, 12.000000000000004)	(69.0, 6.333333333333331)	(70.0, 3.666666666666667)	(71.0, 3.666666666666667)	(72.0, 1.3333333333333333)	(73.0, 1.3333333333333333)	(74.0, 1.3333333333333333)	(75.0, 0.0)	(76.0, 0.6666666666666666)	(77.0, 1.9999999999999998)	(78.0, 1.9999999999999998)	(79.0, 1.6666666666666665)	(80.0, 0.6666666666666666)	(81.0, 0.3333333333333333)	(82.0, 0.3333333333333333)	(83.0, 0.3333333333333333)	(84.0, 0.0)	(85.0, 0.3333333333333333)	(86.0, 0.3333333333333333)	(87.0, 0.3333333333333333)	(88.0, 0.3333333333333333)	(89.0, 0.0)	(90.0, 0.0)	(91.0, 0.0)	(92.0, 0.0)	(93.0, 0.0)	(94.0, 0.0)	(95.0, 0.0)	(96.0, 0.0)	(97.0, 0.0)	(98.0, 0.0)	(99.0, 0.0)	(100.0, 0.0)
SRR8438133	(0.0, 0.0)	(1.0, 0.0)	(2.0, 0.0)	(3.0, 0.0)	(4.0, 0.0)	(5.0, 0.0)	(6.0, 0.0)	(7.0, 0.0)	(8.0, 0.0)	(9.0, 0.0)	(10.0, 0.0)	(11.0, 0.0)	(12.0, 0.0)	(13.0, 0.0)	(14.0, 0.0)	(15.0, 0.0)	(16.0, 0.0)	(17.0, 0.0)	(18.0, 0.0)	(19.0, 0.0)	(20.0, 0.0)	(21.0, 0.0)	(22.0, 0.0)	(23.0, 0.0)	(24.0, 0.0)	(25.0, 0.0)	(26.0, 0.0)	(27.0, 0.0)	(28.0, 0.0)	(29.0, 0.0)	(30.0, 0.0)	(31.0, 0.0)	(32.0, 0.0)	(33.0, 0.0)	(34.0, 0.0)	(35.0, 0.0)	(36.0, 0.0)	(37.0, 0.0)	(38.0, 0.0)	(39.0, 0.0)	(40.0, 0.0)	(41.0, 0.0)	(42.0, 0.0)	(43.0, 0.0)	(44.0, 0.3333333333333333)	(45.0, 0.0)	(46.0, 0.3333333333333333)	(47.0, 0.0)	(48.0, 0.3333333333333333)	(49.0, 0.0)	(50.0, 0.3333333333333333)	(51.0, 0.0)	(52.0, 0.0)	(53.0, 0.0)	(54.0, 0.0)	(55.0, 0.0)	(56.0, 0.0)	(57.0, 0.0)	(58.0, 0.0)	(59.0, 0.0)	(60.0, 0.0)	(61.0, 0.0)	(62.0, 0.0)	(63.0, 0.0)	(64.0, 0.0)	(65.0, 0.0)	(66.0, 0.0)	(67.0, 0.0)	(68.0, 0.0)	(69.0, 0.0)	(70.0, 0.0)	(71.0, 0.0)	(72.0, 0.0)	(73.0, 0.0)	(74.0, 0.0)	(75.0, 0.0)	(76.0, 0.0)	(77.0, 0.0)	(78.0, 0.0)	(79.0, 0.0)	(80.0, 0.0)	(81.0, 0.0)	(82.0, 0.0)	(83.0, 0.0)	(84.0, 0.0)	(85.0, 0.0)	(86.0, 0.0)	(87.0, 0.0)	(88.0, 0.0)	(89.0, 0.0)	(90.0, 0.0)	(91.0, 0.0)	(92.0, 0.0)	(93.0, 0.0)	(94.0, 0.0)	(95.0, 0.0)	(96.0, 0.0)	(97.0, 0.0)	(98.0, 0.0)	(99.0, 0.0)	(100.0, 0.0)
SRR8438133_1	(0.0, 0.0)	(1.0, 0.0)	(2.0, 0.0)	(3.0, 0.0)	(4.0, 0.0)	(5.0, 0.0)	(6.0, 0.0)	(7.0, 0.0)	(8.0, 0.0)	(9.0, 0.0)	(10.0, 0.0)	(11.0, 0.0)	(12.0, 0.0)	(13.0, 0.0)	(14.0, 0.0)	(15.0, 0.0)	(16.0, 0.0)	(17.0, 0.0)	(18.0, 0.0)	(19.0, 0.0)	(20.0, 0.0)	(21.0, 0.0)	(22.0, 0.0)	(23.0, 0.0)	(24.0, 0.0)	(25.0, 0.0)	(26.0, 0.0)	(27.0, 0.0)	(28.0, 0.0)	(29.0, 0.0)	(30.0, 0.0)	(31.0, 0.0)	(32.0, 0.0)	(33.0, 0.0)	(34.0, 0.3333333333333333)	(35.0, 0.3333333333333333)	(36.0, 0.6666666666666666)	(37.0, 0.6666666666666666)	(38.0, 1.6666666666666665)	(39.0, 4.666666666666666)	(40.0, 23.66666666666665)	(41.0, 34.99999999999997)	(42.0, 24.666666666666647)	(43.0, 96.9999999999997)	(44.0, 178.33333333333402)	(45.0, 110.66666666666617)	(46.0, 161.66666666666688)	(47.0, 66.6666666666668)	(48.0, 67.00000000000013)	(49.0, 238.0000000000024)	(50.0, 492.9999999999894)	(51.0, 4181.000000000668)	(52.0, 3950.6666666673455)	(53.0, 1157.0000000000161)	(54.0, 2409.6666666666447)	(55.0, 721.6666666666788)	(56.0, 218.33333333333516)	(57.0, 172.33333333333385)	(58.0, 168.0000000000004)	(59.0, 65.00000000000016)	(60.0, 10.0)	(61.0, 7.666666666666663)	(62.0, 3.666666666666667)	(63.0, 8.999999999999998)	(64.0, 26.333333333333307)	(65.0, 3.666666666666667)	(66.0, 0.0)	(67.0, 0.3333333333333333)	(68.0, 0.0)	(69.0, 0.0)	(70.0, 0.0)	(71.0, 0.0)	(72.0, 0.0)	(73.0, 0.3333333333333333)	(74.0, 0.0)	(75.0, 0.0)	(76.0, 0.0)	(77.0, 0.0)	(78.0, 0.0)	(79.0, 0.0)	(80.0, 0.0)	(81.0, 0.0)	(82.0, 0.0)	(83.0, 0.0)	(84.0, 0.0)	(85.0, 0.0)	(86.0, 0.0)	(87.0, 0.0)	(88.0, 0.0)	(89.0, 0.0)	(90.0, 0.0)	(91.0, 0.0)	(92.0, 0.0)	(93.0, 0.0)	(94.0, 0.0)	(95.0, 0.0)	(96.0, 0.0)	(97.0, 0.0)	(98.0, 0.0)	(99.0, 0.0)	(100.0, 0.0)
SRR8438133_2	(0.0, 0.0)	(1.0, 0.0)	(2.0, 0.0)	(3.0, 0.0)	(4.0, 0.0)	(5.0, 0.0)	(6.0, 0.0)	(7.0, 0.0)	(8.0, 0.0)	(9.0, 0.0)	(10.0, 0.0)	(11.0, 0.0)	(12.0, 0.0)	(13.0, 0.0)	(14.0, 0.0)	(15.0, 0.0)	(16.0, 0.0)	(17.0, 0.0)	(18.0, 0.0)	(19.0, 0.0)	(20.0, 0.0)	(21.0, 0.0)	(22.0, 0.0)	(23.0, 0.0)	(24.0, 0.0)	(25.0, 0.0)	(26.0, 0.0)	(27.0, 0.0)	(28.0, 0.0)	(29.0, 0.0)	(30.0, 0.0)	(31.0, 0.0)	(32.0, 0.0)	(33.0, 0.0)	(34.0, 0.0)	(35.0, 0.0)	(36.0, 0.3333333333333333)	(37.0, 0.6666666666666666)	(38.0, 3.3333333333333335)	(39.0, 14.666666666666675)	(40.0, 20.999999999999993)	(41.0, 16.333333333333343)	(42.0, 31.33333333333329)	(43.0, 101.33333333333297)	(44.0, 183.00000000000082)	(45.0, 143.33333333333303)	(46.0, 98.99999999999967)	(47.0, 67.66666666666679)	(48.0, 51.66666666666676)	(49.0, 72.33333333333339)	(50.0, 361.33333333333024)	(51.0, 799.0000000000209)	(52.0, 3387.0000000004225)	(53.0, 2508.6666666666897)	(54.0, 1965.3333333331657)	(55.0, 2020.9999999998197)	(56.0, 873.0000000000293)	(57.0, 493.99999999998937)	(58.0, 303.33333333333354)	(59.0, 191.3333333333344)	(60.0, 126.66666666666595)	(61.0, 96.66666666666637)	(62.0, 78.3333333333333)	(63.0, 53.0000000000001)	(64.0, 39.333333333333336)	(65.0, 35.66666666666664)	(66.0, 28.999999999999964)	(67.0, 15.333333333333343)	(68.0, 8.33333333333333)	(69.0, 4.0)	(70.0, 4.666666666666666)	(71.0, 1.9999999999999998)	(72.0, 1.3333333333333333)	(73.0, 0.6666666666666666)	(74.0, 0.3333333333333333)	(75.0, 0.6666666666666666)	(76.0, 0.3333333333333333)	(77.0, 0.0)	(78.0, 0.0)	(79.0, 0.0)	(80.0, 0.0)	(81.0, 0.0)	(82.0, 0.0)	(83.0, 0.0)	(84.0, 0.0)	(85.0, 0.0)	(86.0, 0.0)	(87.0, 0.0)	(88.0, 0.0)	(89.0, 0.0)	(90.0, 0.0)	(91.0, 0.0)	(92.0, 0.0)	(93.0, 0.0)	(94.0, 0.0)	(95.0, 0.0)	(96.0, 0.0)	(97.0, 0.0)	(98.0, 0.0)	(99.0, 0.0)	(100.0, 0.5)
SRR8438134	(0.0, 0.0)	(1.0, 0.0)	(2.0, 0.0)	(3.0, 0.0)	(4.0, 0.0)	(5.0, 0.0)	(6.0, 0.0)	(7.0, 0.0)	(8.0, 0.0)	(9.0, 0.0)	(10.0, 0.0)	(11.0, 0.0)	(12.0, 0.0)	(13.0, 0.0)	(14.0, 0.0)	(15.0, 0.0)	(16.0, 0.0)	(17.0, 0.0)	(18.0, 0.0)	(19.0, 0.0)	(20.0, 0.0)	(21.0, 0.0)	(22.0, 0.0)	(23.0, 0.0)	(24.0, 0.0)	(25.0, 0.0)	(26.0, 0.0)	(27.0, 0.0)	(28.0, 0.0)	(29.0, 0.0)	(30.0, 0.0)	(31.0, 0.0)	(32.0, 0.0)	(33.0, 0.0)	(34.0, 0.0)	(35.0, 0.0)	(36.0, 0.0)	(37.0, 0.0)	(38.0, 0.0)	(39.0, 0.0)	(40.0, 0.0)	(41.0, 0.0)	(42.0, 0.0)	(43.0, 0.0)	(44.0, 0.3333333333333333)	(45.0, 0.3333333333333333)	(46.0, 0.0)	(47.0, 0.0)	(48.0, 0.6666666666666666)	(49.0, 0.6666666666666666)	(50.0, 0.3333333333333333)	(51.0, 0.0)	(52.0, 0.0)	(53.0, 0.0)	(54.0, 0.0)	(55.0, 0.0)	(56.0, 0.0)	(57.0, 0.0)	(58.0, 0.0)	(59.0, 0.0)	(60.0, 0.0)	(61.0, 0.0)	(62.0, 0.0)	(63.0, 0.0)	(64.0, 0.0)	(65.0, 0.0)	(66.0, 0.0)	(67.0, 0.0)	(68.0, 0.0)	(69.0, 0.0)	(70.0, 0.0)	(71.0, 0.0)	(72.0, 0.0)	(73.0, 0.0)	(74.0, 0.0)	(75.0, 0.0)	(76.0, 0.0)	(77.0, 0.0)	(78.0, 0.0)	(79.0, 0.0)	(80.0, 0.0)	(81.0, 0.0)	(82.0, 0.0)	(83.0, 0.0)	(84.0, 0.0)	(85.0, 0.0)	(86.0, 0.0)	(87.0, 0.0)	(88.0, 0.0)	(89.0, 0.0)	(90.0, 0.0)	(91.0, 0.0)	(92.0, 0.0)	(93.0, 0.0)	(94.0, 0.0)	(95.0, 0.0)	(96.0, 0.0)	(97.0, 0.0)	(98.0, 0.0)	(99.0, 0.0)	(100.0, 0.0)
SRR8438134_1	(0.0, 0.0)	(1.0, 0.0)	(2.0, 0.0)	(3.0, 0.0)	(4.0, 0.0)	(5.0, 0.0)	(6.0, 0.0)	(7.0, 0.0)	(8.0, 0.0)	(9.0, 0.0)	(10.0, 0.0)	(11.0, 0.0)	(12.0, 0.0)	(13.0, 0.0)	(14.0, 0.0)	(15.0, 0.0)	(16.0, 0.0)	(17.0, 0.0)	(18.0, 0.0)	(19.0, 0.0)	(20.0, 0.0)	(21.0, 0.0)	(22.0, 0.0)	(23.0, 0.0)	(24.0, 0.0)	(25.0, 0.0)	(26.0, 0.0)	(27.0, 0.0)	(28.0, 1.3333333333333333)	(29.0, 1.9999999999999998)	(30.0, 2.333333333333333)	(31.0, 1.3333333333333333)	(32.0, 3.0)	(33.0, 6.333333333333331)	(34.0, 13.666666666666673)	(35.0, 15.000000000000009)	(36.0, 26.99999999999997)	(37.0, 44.66666666666671)	(38.0, 76.33333333333333)	(39.0, 91.66666666666644)	(40.0, 111.66666666666616)	(41.0, 134.33333333333277)	(42.0, 141.66666666666632)	(43.0, 321.99999999999915)	(44.0, 191.00000000000105)	(45.0, 144.99999999999974)	(46.0, 233.3333333333356)	(47.0, 202.00000000000136)	(48.0, 115.33333333333277)	(49.0, 176.6666666666673)	(50.0, 344.6666666666645)	(51.0, 899.666666666699)	(52.0, 1621.9999999999104)	(53.0, 1273.9999999999895)	(54.0, 484.9999999999899)	(55.0, 282.33333333333474)	(56.0, 201.33333333333468)	(57.0, 131.3333333333327)	(58.0, 21.666666666666657)	(59.0, 4.666666666666666)	(60.0, 2.333333333333333)	(61.0, 1.0)	(62.0, 0.3333333333333333)	(63.0, 1.6666666666666665)	(64.0, 0.0)	(65.0, 0.6666666666666666)	(66.0, 5.999999999999998)	(67.0, 5.999999999999998)	(68.0, 0.0)	(69.0, 0.0)	(70.0, 0.0)	(71.0, 0.0)	(72.0, 0.0)	(73.0, 0.0)	(74.0, 0.0)	(75.0, 0.0)	(76.0, 0.0)	(77.0, 0.0)	(78.0, 0.0)	(79.0, 0.0)	(80.0, 0.0)	(81.0, 0.0)	(82.0, 0.0)	(83.0, 0.0)	(84.0, 0.0)	(85.0, 0.0)	(86.0, 0.0)	(87.0, 0.0)	(88.0, 0.0)	(89.0, 0.0)	(90.0, 0.0)	(91.0, 0.0)	(92.0, 0.0)	(93.0, 0.0)	(94.0, 0.0)	(95.0, 0.0)	(96.0, 0.0)	(97.0, 0.0)	(98.0, 0.0)	(99.0, 0.0)	(100.0, 0.0)
SRR8438134_2	(0.0, 0.0)	(1.0, 0.0)	(2.0, 0.0)	(3.0, 0.0)	(4.0, 0.0)	(5.0, 0.0)	(6.0, 0.0)	(7.0, 0.0)	(8.0, 0.0)	(9.0, 0.0)	(10.0, 0.0)	(11.0, 0.0)	(12.0, 0.0)	(13.0, 0.0)	(14.0, 0.0)	(15.0, 0.0)	(16.0, 0.0)	(17.0, 0.0)	(18.0, 0.0)	(19.0, 0.0)	(20.0, 0.0)	(21.0, 0.0)	(22.0, 0.0)	(23.0, 0.0)	(24.0, 0.0)	(25.0, 0.0)	(26.0, 0.0)	(27.0, 0.3333333333333333)	(28.0, 0.0)	(29.0, 0.3333333333333333)	(30.0, 1.0)	(31.0, 1.0)	(32.0, 1.0)	(33.0, 0.6666666666666666)	(34.0, 0.6666666666666666)	(35.0, 1.6666666666666665)	(36.0, 5.333333333333332)	(37.0, 9.666666666666666)	(38.0, 6.333333333333331)	(39.0, 8.999999999999998)	(40.0, 16.00000000000001)	(41.0, 26.66666666666664)	(42.0, 36.66666666666665)	(43.0, 159.00000000000014)	(44.0, 267.3333333333356)	(45.0, 248.00000000000267)	(46.0, 139.9999999999996)	(47.0, 134.99999999999946)	(48.0, 214.33333333333505)	(49.0, 260.6666666666693)	(50.0, 459.3333333333247)	(51.0, 440.66666666665907)	(52.0, 1016.6666666667123)	(53.0, 1656.6666666665692)	(54.0, 1116.666666666692)	(55.0, 418.6666666666603)	(56.0, 274.0000000000019)	(57.0, 171.66666666666717)	(58.0, 168.0000000000004)	(59.0, 96.33333333333304)	(60.0, 37.66666666666666)	(61.0, 18.666666666666668)	(62.0, 16.333333333333343)	(63.0, 8.999999999999998)	(64.0, 5.666666666666665)	(65.0, 3.666666666666667)	(66.0, 3.666666666666667)	(67.0, 4.0)	(68.0, 3.0)	(69.0, 1.0)	(70.0, 0.6666666666666666)	(71.0, 0.6666666666666666)	(72.0, 0.6666666666666666)	(73.0, 0.0)	(74.0, 0.3333333333333333)	(75.0, 0.0)	(76.0, 0.3333333333333333)	(77.0, 0.3333333333333333)	(78.0, 0.3333333333333333)	(79.0, 0.3333333333333333)	(80.0, 0.0)	(81.0, 0.3333333333333333)	(82.0, 0.0)	(83.0, 0.0)	(84.0, 0.0)	(85.0, 0.0)	(86.0, 0.0)	(87.0, 0.0)	(88.0, 0.6666666666666666)	(89.0, 0.3333333333333333)	(90.0, 0.0)	(91.0, 0.0)	(92.0, 0.0)	(93.0, 0.0)	(94.0, 0.0)	(95.0, 0.0)	(96.0, 0.0)	(97.0, 0.0)	(98.0, 0.0)	(99.0, 0.0)	(100.0, 0.0)
SRR8438135	(0.0, 0.0)	(1.0, 0.0)	(2.0, 0.0)	(3.0, 0.0)	(4.0, 0.0)	(5.0, 0.0)	(6.0, 0.0)	(7.0, 0.0)	(8.0, 0.0)	(9.0, 0.0)	(10.0, 0.0)	(11.0, 0.0)	(12.0, 0.0)	(13.0, 0.0)	(14.0, 0.0)	(15.0, 0.0)	(16.0, 0.0)	(17.0, 0.0)	(18.0, 0.0)	(19.0, 0.0)	(20.0, 0.0)	(21.0, 0.0)	(22.0, 0.0)	(23.0, 0.0)	(24.0, 0.0)	(25.0, 0.0)	(26.0, 0.0)	(27.0, 0.0)	(28.0, 0.0)	(29.0, 0.0)	(30.0, 0.0)	(31.0, 0.0)	(32.0, 0.0)	(33.0, 0.0)	(34.0, 0.0)	(35.0, 0.0)	(36.0, 0.0)	(37.0, 0.0)	(38.0, 0.0)	(39.0, 0.0)	(40.0, 0.0)	(41.0, 0.0)	(42.0, 0.0)	(43.0, 0.3333333333333333)	(44.0, 0.3333333333333333)	(45.0, 0.6666666666666666)	(46.0, 0.3333333333333333)	(47.0, 0.0)	(48.0, 0.3333333333333333)	(49.0, 0.6666666666666666)	(50.0, 0.0)	(51.0, 0.0)	(52.0, 0.0)	(53.0, 0.0)	(54.0, 0.0)	(55.0, 0.0)	(56.0, 0.0)	(57.0, 0.0)	(58.0, 0.0)	(59.0, 0.0)	(60.0, 0.0)	(61.0, 0.0)	(62.0, 0.0)	(63.0, 0.0)	(64.0, 0.0)	(65.0, 0.0)	(66.0, 0.0)	(67.0, 0.0)	(68.0, 0.0)	(69.0, 0.0)	(70.0, 0.0)	(71.0, 0.0)	(72.0, 0.0)	(73.0, 0.0)	(74.0, 0.0)	(75.0, 0.0)	(76.0, 0.0)	(77.0, 0.0)	(78.0, 0.0)	(79.0, 0.0)	(80.0, 0.0)	(81.0, 0.0)	(82.0, 0.0)	(83.0, 0.0)	(84.0, 0.0)	(85.0, 0.0)	(86.0, 0.0)	(87.0, 0.0)	(88.0, 0.0)	(89.0, 0.0)	(90.0, 0.0)	(91.0, 0.0)	(92.0, 0.0)	(93.0, 0.0)	(94.0, 0.0)	(95.0, 0.0)	(96.0, 0.0)	(97.0, 0.0)	(98.0, 0.0)	(99.0, 0.0)	(100.0, 0.0)
SRR8438135_1	(0.0, 0.0)	(1.0, 0.0)	(2.0, 0.0)	(3.0, 0.0)	(4.0, 0.0)	(5.0, 0.0)	(6.0, 0.0)	(7.0, 0.0)	(8.0, 0.0)	(9.0, 0.0)	(10.0, 0.0)	(11.0, 0.0)	(12.0, 0.0)	(13.0, 0.0)	(14.0, 0.0)	(15.0, 0.0)	(16.0, 0.0)	(17.0, 0.0)	(18.0, 0.0)	(19.0, 0.0)	(20.0, 0.0)	(21.0, 0.0)	(22.0, 0.0)	(23.0, 0.0)	(24.0, 0.0)	(25.0, 0.0)	(26.0, 0.0)	(27.0, 0.0)	(28.0, 0.0)	(29.0, 0.0)	(30.0, 0.3333333333333333)	(31.0, 0.6666666666666666)	(32.0, 1.0)	(33.0, 1.6666666666666665)	(34.0, 4.666666666666666)	(35.0, 7.9999999999999964)	(36.0, 11.000000000000002)	(37.0, 26.66666666666664)	(38.0, 43.6666666666667)	(39.0, 54.33333333333344)	(40.0, 80.33333333333327)	(41.0, 96.66666666666637)	(42.0, 92.66666666666643)	(43.0, 135.3333333333328)	(44.0, 205.66666666666814)	(45.0, 255.3333333333362)	(46.0, 263.66666666666913)	(47.0, 101.99999999999963)	(48.0, 68.00000000000011)	(49.0, 266.33333333333564)	(50.0, 464.6666666666577)	(51.0, 866.3333333333619)	(52.0, 838.3333333333587)	(53.0, 400.66666666666134)	(54.0, 374.3333333333295)	(55.0, 240.00000000000244)	(56.0, 294.33333333333405)	(57.0, 183.33333333333417)	(58.0, 127.66666666666593)	(59.0, 56.66666666666679)	(60.0, 15.666666666666677)	(61.0, 6.666666666666664)	(62.0, 3.3333333333333335)	(63.0, 2.333333333333333)	(64.0, 5.333333333333332)	(65.0, 6.666666666666664)	(66.0, 9.666666666666666)	(67.0, 10.333333333333334)	(68.0, 18.333333333333336)	(69.0, 20.33333333333333)	(70.0, 22.33333333333332)	(71.0, 18.000000000000004)	(72.0, 7.9999999999999964)	(73.0, 4.0)	(74.0, 1.9999999999999998)	(75.0, 1.0)	(76.0, 0.3333333333333333)	(77.0, 0.3333333333333333)	(78.0, 0.3333333333333333)	(79.0, 0.0)	(80.0, 0.0)	(81.0, 0.0)	(82.0, 0.0)	(83.0, 0.0)	(84.0, 0.0)	(85.0, 0.0)	(86.0, 0.0)	(87.0, 0.0)	(88.0, 0.0)	(89.0, 0.0)	(90.0, 0.0)	(91.0, 0.0)	(92.0, 0.0)	(93.0, 0.0)	(94.0, 0.0)	(95.0, 0.0)	(96.0, 0.0)	(97.0, 0.0)	(98.0, 0.0)	(99.0, 0.0)	(100.0, 0.0)
SRR8438135_2	(0.0, 0.0)	(1.0, 0.0)	(2.0, 0.0)	(3.0, 0.0)	(4.0, 0.0)	(5.0, 0.0)	(6.0, 0.0)	(7.0, 0.0)	(8.0, 0.0)	(9.0, 0.0)	(10.0, 0.0)	(11.0, 0.0)	(12.0, 0.0)	(13.0, 0.0)	(14.0, 0.0)	(15.0, 0.0)	(16.0, 0.0)	(17.0, 0.0)	(18.0, 0.0)	(19.0, 0.0)	(20.0, 0.0)	(21.0, 0.0)	(22.0, 0.0)	(23.0, 0.0)	(24.0, 0.0)	(25.0, 0.0)	(26.0, 0.0)	(27.0, 0.0)	(28.0, 0.0)	(29.0, 0.0)	(30.0, 0.0)	(31.0, 0.0)	(32.0, 0.0)	(33.0, 0.0)	(34.0, 0.0)	(35.0, 0.6666666666666666)	(36.0, 1.0)	(37.0, 1.0)	(38.0, 1.6666666666666665)	(39.0, 5.333333333333332)	(40.0, 8.666666666666664)	(41.0, 15.333333333333343)	(42.0, 28.666666666666632)	(43.0, 88.33333333333316)	(44.0, 248.33333333333601)	(45.0, 262.3333333333359)	(46.0, 154.33333333333334)	(47.0, 118.66666666666606)	(48.0, 241.00000000000247)	(49.0, 324.999999999999)	(50.0, 362.3333333333302)	(51.0, 437.66666666665924)	(52.0, 637.0000000000025)	(53.0, 716.3333333333449)	(54.0, 432.6666666666595)	(55.0, 346.6666666666644)	(56.0, 241.33333333333582)	(57.0, 204.6666666666681)	(58.0, 151.99999999999994)	(59.0, 189.000000000001)	(60.0, 160.00000000000017)	(61.0, 58.33333333333347)	(62.0, 23.333333333333318)	(63.0, 15.666666666666677)	(64.0, 40.33333333333334)	(65.0, 63.00000000000017)	(66.0, 33.33333333333329)	(67.0, 15.666666666666677)	(68.0, 5.666666666666665)	(69.0, 2.333333333333333)	(70.0, 1.9999999999999998)	(71.0, 0.6666666666666666)	(72.0, 0.3333333333333333)	(73.0, 1.3333333333333333)	(74.0, 0.3333333333333333)	(75.0, 0.6666666666666666)	(76.0, 0.0)	(77.0, 0.0)	(78.0, 0.0)	(79.0, 0.0)	(80.0, 0.0)	(81.0, 0.0)	(82.0, 0.0)	(83.0, 0.0)	(84.0, 0.0)	(85.0, 0.0)	(86.0, 0.0)	(87.0, 0.0)	(88.0, 0.0)	(89.0, 0.0)	(90.0, 0.0)	(91.0, 0.0)	(92.0, 0.0)	(93.0, 0.0)	(94.0, 0.0)	(95.0, 0.0)	(96.0, 0.0)	(97.0, 0.0)	(98.0, 0.0)	(99.0, 0.0)	(100.0, 0.0)
SRR8438136	(0.0, 0.0)	(1.0, 0.0)	(2.0, 0.0)	(3.0, 0.0)	(4.0, 0.0)	(5.0, 0.0)	(6.0, 0.0)	(7.0, 0.0)	(8.0, 0.0)	(9.0, 0.0)	(10.0, 0.0)	(11.0, 0.0)	(12.0, 0.0)	(13.0, 0.0)	(14.0, 0.0)	(15.0, 0.0)	(16.0, 0.0)	(17.0, 0.0)	(18.0, 0.0)	(19.0, 0.0)	(20.0, 0.0)	(21.0, 0.0)	(22.0, 0.0)	(23.0, 0.0)	(24.0, 0.0)	(25.0, 0.0)	(26.0, 0.0)	(27.0, 0.0)	(28.0, 0.0)	(29.0, 0.0)	(30.0, 0.0)	(31.0, 0.0)	(32.0, 0.0)	(33.0, 0.0)	(34.0, 0.0)	(35.0, 0.0)	(36.0, 0.0)	(37.0, 0.0)	(38.0, 0.0)	(39.0, 0.0)	(40.0, 0.0)	(41.0, 0.0)	(42.0, 0.0)	(43.0, 0.3333333333333333)	(44.0, 0.3333333333333333)	(45.0, 0.3333333333333333)	(46.0, 0.0)	(47.0, 0.0)	(48.0, 0.0)	(49.0, 0.0)	(50.0, 0.0)	(51.0, 0.0)	(52.0, 0.0)	(53.0, 0.0)	(54.0, 0.0)	(55.0, 0.0)	(56.0, 0.0)	(57.0, 0.0)	(58.0, 0.0)	(59.0, 0.0)	(60.0, 0.0)	(61.0, 0.0)	(62.0, 0.0)	(63.0, 0.0)	(64.0, 0.0)	(65.0, 0.0)	(66.0, 0.0)	(67.0, 0.0)	(68.0, 0.0)	(69.0, 0.0)	(70.0, 0.0)	(71.0, 0.0)	(72.0, 0.0)	(73.0, 0.0)	(74.0, 0.0)	(75.0, 0.0)	(76.0, 0.0)	(77.0, 0.0)	(78.0, 0.0)	(79.0, 0.0)	(80.0, 0.0)	(81.0, 0.0)	(82.0, 0.0)	(83.0, 0.0)	(84.0, 0.0)	(85.0, 0.0)	(86.0, 0.0)	(87.0, 0.0)	(88.0, 0.0)	(89.0, 0.0)	(90.0, 0.0)	(91.0, 0.0)	(92.0, 0.0)	(93.0, 0.0)	(94.0, 0.0)	(95.0, 0.0)	(96.0, 0.0)	(97.0, 0.0)	(98.0, 0.0)	(99.0, 0.0)	(100.0, 0.0)
SRR8438136_1	(0.0, 0.0)	(1.0, 0.0)	(2.0, 0.0)	(3.0, 0.0)	(4.0, 0.0)	(5.0, 0.0)	(6.0, 0.0)	(7.0, 0.0)	(8.0, 0.0)	(9.0, 0.0)	(10.0, 0.0)	(11.0, 0.0)	(12.0, 0.0)	(13.0, 0.0)	(14.0, 0.0)	(15.0, 0.0)	(16.0, 0.0)	(17.0, 0.0)	(18.0, 0.0)	(19.0, 0.0)	(20.0, 0.0)	(21.0, 0.0)	(22.0, 0.0)	(23.0, 0.0)	(24.0, 0.0)	(25.0, 0.0)	(26.0, 0.0)	(27.0, 0.0)	(28.0, 0.0)	(29.0, 0.6666666666666666)	(30.0, 1.0)	(31.0, 1.3333333333333333)	(32.0, 1.6666666666666665)	(33.0, 4.666666666666666)	(34.0, 10.666666666666668)	(35.0, 16.00000000000001)	(36.0, 33.33333333333329)	(37.0, 50.00000000000008)	(38.0, 78.99999999999996)	(39.0, 95.99999999999972)	(40.0, 135.3333333333328)	(41.0, 166.33333333333368)	(42.0, 175.66666666666728)	(43.0, 197.00000000000122)	(44.0, 192.66666666666777)	(45.0, 179.33333333333405)	(46.0, 152.66666666666663)	(47.0, 200.0000000000013)	(48.0, 315.9999999999995)	(49.0, 668.6666666666728)	(50.0, 535.3333333333243)	(51.0, 577.6666666666624)	(52.0, 374.6666666666628)	(53.0, 417.33333333332706)	(54.0, 1155.3333333333499)	(55.0, 1019.3333333333793)	(56.0, 385.9999999999955)	(57.0, 293.6666666666674)	(58.0, 30.666666666666625)	(59.0, 8.999999999999998)	(60.0, 4.333333333333333)	(61.0, 1.3333333333333333)	(62.0, 1.0)	(63.0, 0.3333333333333333)	(64.0, 0.0)	(65.0, 0.0)	(66.0, 0.0)	(67.0, 0.0)	(68.0, 0.0)	(69.0, 0.0)	(70.0, 0.0)	(71.0, 0.0)	(72.0, 0.0)	(73.0, 0.0)	(74.0, 0.0)	(75.0, 0.0)	(76.0, 0.0)	(77.0, 0.0)	(78.0, 0.0)	(79.0, 0.0)	(80.0, 0.0)	(81.0, 0.0)	(82.0, 0.0)	(83.0, 0.0)	(84.0, 0.0)	(85.0, 0.0)	(86.0, 0.0)	(87.0, 0.0)	(88.0, 0.0)	(89.0, 0.0)	(90.0, 0.0)	(91.0, 0.0)	(92.0, 0.0)	(93.0, 0.0)	(94.0, 0.0)	(95.0, 0.0)	(96.0, 0.0)	(97.0, 0.0)	(98.0, 0.0)	(99.0, 0.0)	(100.0, 0.0)
SRR8438136_2	(0.0, 0.0)	(1.0, 0.0)	(2.0, 0.0)	(3.0, 0.0)	(4.0, 0.0)	(5.0, 0.0)	(6.0, 0.0)	(7.0, 0.0)	(8.0, 0.0)	(9.0, 0.0)	(10.0, 0.0)	(11.0, 0.0)	(12.0, 0.0)	(13.0, 0.0)	(14.0, 0.0)	(15.0, 0.0)	(16.0, 0.0)	(17.0, 0.0)	(18.0, 0.0)	(19.0, 0.0)	(20.0, 0.0)	(21.0, 0.0)	(22.0, 0.0)	(23.0, 0.0)	(24.0, 0.0)	(25.0, 0.3333333333333333)	(26.0, 0.0)	(27.0, 0.6666666666666666)	(28.0, 0.6666666666666666)	(29.0, 0.6666666666666666)	(30.0, 1.3333333333333333)	(31.0, 1.6666666666666665)	(32.0, 1.6666666666666665)	(33.0, 1.6666666666666665)	(34.0, 1.6666666666666665)	(35.0, 0.3333333333333333)	(36.0, 1.3333333333333333)	(37.0, 3.0)	(38.0, 7.33333333333333)	(39.0, 11.333333333333336)	(40.0, 18.666666666666668)	(41.0, 28.666666666666632)	(42.0, 50.333333333333414)	(43.0, 65.66666666666681)	(44.0, 78.66666666666663)	(45.0, 110.66666666666617)	(46.0, 135.3333333333328)	(47.0, 196.0000000000012)	(48.0, 335.66666666666504)	(49.0, 715.0000000000114)	(50.0, 928.6666666667023)	(51.0, 574.6666666666621)	(52.0, 577.333333333329)	(53.0, 541.333333333325)	(54.0, 492.9999999999894)	(55.0, 971.0000000000405)	(56.0, 740.0000000000142)	(57.0, 372.99999999999625)	(58.0, 222.33333333333528)	(59.0, 86.66666666666652)	(60.0, 38.33333333333333)	(61.0, 19.666666666666664)	(62.0, 13.33333333333334)	(63.0, 8.33333333333333)	(64.0, 6.333333333333331)	(65.0, 3.666666666666667)	(66.0, 2.333333333333333)	(67.0, 2.333333333333333)	(68.0, 1.6666666666666665)	(69.0, 1.3333333333333333)	(70.0, 1.0)	(71.0, 0.6666666666666666)	(72.0, 0.0)	(73.0, 0.0)	(74.0, 0.0)	(75.0, 0.3333333333333333)	(76.0, 0.0)	(77.0, 0.0)	(78.0, 0.0)	(79.0, 0.0)	(80.0, 0.0)	(81.0, 0.3333333333333333)	(82.0, 0.0)	(83.0, 0.0)	(84.0, 0.0)	(85.0, 0.0)	(86.0, 0.0)	(87.0, 0.0)	(88.0, 0.0)	(89.0, 0.0)	(90.0, 0.0)	(91.0, 0.0)	(92.0, 0.0)	(93.0, 0.0)	(94.0, 0.0)	(95.0, 0.0)	(96.0, 0.0)	(97.0, 0.0)	(98.0, 0.0)	(99.0, 0.0)	(100.0, 0.0)
SRR8438137	(0.0, 0.0)	(1.0, 0.0)	(2.0, 0.0)	(3.0, 0.0)	(4.0, 0.0)	(5.0, 0.0)	(6.0, 0.0)	(7.0, 0.0)	(8.0, 0.0)	(9.0, 0.0)	(10.0, 0.0)	(11.0, 0.0)	(12.0, 0.0)	(13.0, 0.0)	(14.0, 0.0)	(15.0, 0.0)	(16.0, 0.0)	(17.0, 0.0)	(18.0, 0.0)	(19.0, 0.0)	(20.0, 0.0)	(21.0, 0.0)	(22.0, 0.0)	(23.0, 0.0)	(24.0, 0.0)	(25.0, 0.0)	(26.0, 0.0)	(27.0, 0.0)	(28.0, 0.0)	(29.0, 0.0)	(30.0, 0.0)	(31.0, 0.0)	(32.0, 0.0)	(33.0, 0.0)	(34.0, 0.0)	(35.0, 0.0)	(36.0, 0.0)	(37.0, 0.0)	(38.0, 0.0)	(39.0, 0.0)	(40.0, 0.0)	(41.0, 0.3333333333333333)	(42.0, 0.0)	(43.0, 0.6666666666666666)	(44.0, 0.6666666666666666)	(45.0, 0.6666666666666666)	(46.0, 0.6666666666666666)	(47.0, 0.0)	(48.0, 0.6666666666666666)	(49.0, 0.3333333333333333)	(50.0, 0.0)	(51.0, 0.0)	(52.0, 0.0)	(53.0, 0.0)	(54.0, 0.0)	(55.0, 0.0)	(56.0, 0.0)	(57.0, 0.0)	(58.0, 0.0)	(59.0, 0.0)	(60.0, 0.0)	(61.0, 0.0)	(62.0, 0.0)	(63.0, 0.0)	(64.0, 0.0)	(65.0, 0.0)	(66.0, 0.0)	(67.0, 0.0)	(68.0, 0.0)	(69.0, 0.0)	(70.0, 0.0)	(71.0, 0.0)	(72.0, 0.0)	(73.0, 0.0)	(74.0, 0.0)	(75.0, 0.0)	(76.0, 0.0)	(77.0, 0.0)	(78.0, 0.0)	(79.0, 0.0)	(80.0, 0.0)	(81.0, 0.0)	(82.0, 0.0)	(83.0, 0.0)	(84.0, 0.0)	(85.0, 0.0)	(86.0, 0.0)	(87.0, 0.0)	(88.0, 0.0)	(89.0, 0.0)	(90.0, 0.0)	(91.0, 0.0)	(92.0, 0.0)	(93.0, 0.0)	(94.0, 0.0)	(95.0, 0.0)	(96.0, 0.0)	(97.0, 0.0)	(98.0, 0.0)	(99.0, 0.0)	(100.0, 0.0)
SRR8438137_1	(0.0, 0.0)	(1.0, 0.0)	(2.0, 0.0)	(3.0, 0.0)	(4.0, 0.0)	(5.0, 0.0)	(6.0, 0.0)	(7.0, 0.0)	(8.0, 0.0)	(9.0, 0.0)	(10.0, 0.0)	(11.0, 0.0)	(12.0, 0.0)	(13.0, 0.0)	(14.0, 0.0)	(15.0, 0.0)	(16.0, 0.0)	(17.0, 0.0)	(18.0, 0.0)	(19.0, 0.0)	(20.0, 0.0)	(21.0, 0.0)	(22.0, 0.0)	(23.0, 0.0)	(24.0, 0.0)	(25.0, 0.0)	(26.0, 0.0)	(27.0, 0.3333333333333333)	(28.0, 0.3333333333333333)	(29.0, 0.0)	(30.0, 0.0)	(31.0, 0.3333333333333333)	(32.0, 1.0)	(33.0, 2.6666666666666665)	(34.0, 5.333333333333332)	(35.0, 8.33333333333333)	(36.0, 18.000000000000004)	(37.0, 22.999999999999986)	(38.0, 66.00000000000014)	(39.0, 91.99999999999977)	(40.0, 258.0000000000028)	(41.0, 329.9999999999987)	(42.0, 113.66666666666613)	(43.0, 103.33333333333294)	(44.0, 101.33333333333297)	(45.0, 287.00000000000114)	(46.0, 256.0000000000029)	(47.0, 99.333333333333)	(48.0, 162.6666666666669)	(49.0, 436.9999999999926)	(50.0, 1219.6666666666686)	(51.0, 1234.333333333332)	(52.0, 1616.9999999999116)	(53.0, 1174.6666666666788)	(54.0, 658.6666666666716)	(55.0, 1184.00000000001)	(56.0, 1477.3333333332766)	(57.0, 447.66666666665867)	(58.0, 197.33333333333456)	(59.0, 209.66666666666825)	(60.0, 131.99999999999937)	(61.0, 21.666666666666657)	(62.0, 11.66666666666667)	(63.0, 4.666666666666666)	(64.0, 1.9999999999999998)	(65.0, 1.0)	(66.0, 0.3333333333333333)	(67.0, 0.0)	(68.0, 0.3333333333333333)	(69.0, 0.3333333333333333)	(70.0, 0.0)	(71.0, 0.0)	(72.0, 0.0)	(73.0, 0.0)	(74.0, 0.0)	(75.0, 0.0)	(76.0, 0.0)	(77.0, 0.0)	(78.0, 0.0)	(79.0, 0.0)	(80.0, 0.0)	(81.0, 0.0)	(82.0, 0.0)	(83.0, 0.0)	(84.0, 0.0)	(85.0, 0.0)	(86.0, 0.0)	(87.0, 0.0)	(88.0, 0.0)	(89.0, 0.0)	(90.0, 0.0)	(91.0, 0.0)	(92.0, 0.0)	(93.0, 0.0)	(94.0, 0.0)	(95.0, 0.0)	(96.0, 0.0)	(97.0, 0.0)	(98.0, 0.0)	(99.0, 0.0)	(100.0, 0.0)
SRR8438137_2	(0.0, 0.0)	(1.0, 0.0)	(2.0, 0.0)	(3.0, 0.0)	(4.0, 0.0)	(5.0, 0.0)	(6.0, 0.0)	(7.0, 0.0)	(8.0, 0.0)	(9.0, 0.0)	(10.0, 0.0)	(11.0, 0.0)	(12.0, 0.0)	(13.0, 0.0)	(14.0, 0.0)	(15.0, 0.0)	(16.0, 0.0)	(17.0, 0.0)	(18.0, 0.0)	(19.0, 0.0)	(20.0, 0.0)	(21.0, 0.0)	(22.0, 0.0)	(23.0, 0.0)	(24.0, 0.0)	(25.0, 0.0)	(26.0, 0.0)	(27.0, 0.0)	(28.0, 0.0)	(29.0, 0.0)	(30.0, 0.0)	(31.0, 0.3333333333333333)	(32.0, 0.3333333333333333)	(33.0, 0.0)	(34.0, 0.6666666666666666)	(35.0, 1.6666666666666665)	(36.0, 21.99999999999999)	(37.0, 60.333333333333485)	(38.0, 158.33333333333346)	(39.0, 119.66666666666605)	(40.0, 70.66666666666674)	(41.0, 52.666666666666764)	(42.0, 43.333333333333364)	(43.0, 39.66666666666667)	(44.0, 52.666666666666764)	(45.0, 73.33333333333337)	(46.0, 157.33333333333343)	(47.0, 248.66666666666936)	(48.0, 274.6666666666685)	(49.0, 329.33333333333206)	(50.0, 992.6666666667096)	(51.0, 755.3333333333493)	(52.0, 1067.0000000000366)	(53.0, 1637.9999999999068)	(54.0, 1180.6666666666774)	(55.0, 693.3333333333422)	(56.0, 564.9999999999943)	(57.0, 1093.0000000000307)	(58.0, 800.6666666666878)	(59.0, 538.3333333333246)	(60.0, 246.6666666666693)	(61.0, 157.00000000000009)	(62.0, 155.33333333333337)	(63.0, 67.33333333333346)	(64.0, 36.333333333333314)	(65.0, 19.0)	(66.0, 10.0)	(67.0, 9.333333333333332)	(68.0, 11.000000000000002)	(69.0, 7.666666666666663)	(70.0, 3.0)	(71.0, 1.0)	(72.0, 1.3333333333333333)	(73.0, 0.6666666666666666)	(74.0, 0.3333333333333333)	(75.0, 0.3333333333333333)	(76.0, 0.3333333333333333)	(77.0, 0.0)	(78.0, 0.0)	(79.0, 0.3333333333333333)	(80.0, 0.3333333333333333)	(81.0, 0.0)	(82.0, 0.0)	(83.0, 0.0)	(84.0, 0.0)	(85.0, 0.3333333333333333)	(86.0, 0.0)	(87.0, 0.3333333333333333)	(88.0, 0.0)	(89.0, 0.0)	(90.0, 0.0)	(91.0, 0.0)	(92.0, 0.0)	(93.0, 0.0)	(94.0, 0.0)	(95.0, 0.0)	(96.0, 0.0)	(97.0, 0.0)	(98.0, 0.0)	(99.0, 0.0)	(100.0, 0.0)
SRR8438138	(0.0, 0.0)	(1.0, 0.0)	(2.0, 0.0)	(3.0, 0.0)	(4.0, 0.0)	(5.0, 0.0)	(6.0, 0.0)	(7.0, 0.0)	(8.0, 0.0)	(9.0, 0.0)	(10.0, 0.0)	(11.0, 0.0)	(12.0, 0.0)	(13.0, 0.0)	(14.0, 0.0)	(15.0, 0.0)	(16.0, 0.0)	(17.0, 0.0)	(18.0, 0.0)	(19.0, 0.0)	(20.0, 0.0)	(21.0, 0.0)	(22.0, 0.0)	(23.0, 0.0)	(24.0, 0.0)	(25.0, 0.0)	(26.0, 0.0)	(27.0, 0.0)	(28.0, 0.0)	(29.0, 0.0)	(30.0, 0.0)	(31.0, 0.0)	(32.0, 0.0)	(33.0, 0.0)	(34.0, 0.0)	(35.0, 0.0)	(36.0, 0.0)	(37.0, 0.0)	(38.0, 0.0)	(39.0, 0.0)	(40.0, 0.0)	(41.0, 0.3333333333333333)	(42.0, 0.0)	(43.0, 1.0)	(44.0, 0.6666666666666666)	(45.0, 0.6666666666666666)	(46.0, 1.3333333333333333)	(47.0, 1.3333333333333333)	(48.0, 1.6666666666666665)	(49.0, 1.9999999999999998)	(50.0, 1.6666666666666665)	(51.0, 1.9999999999999998)	(52.0, 1.3333333333333333)	(53.0, 0.0)	(54.0, 0.3333333333333333)	(55.0, 0.3333333333333333)	(56.0, 0.0)	(57.0, 0.0)	(58.0, 0.0)	(59.0, 0.0)	(60.0, 0.0)	(61.0, 0.0)	(62.0, 0.0)	(63.0, 0.0)	(64.0, 0.0)	(65.0, 0.0)	(66.0, 0.0)	(67.0, 0.0)	(68.0, 0.0)	(69.0, 0.0)	(70.0, 0.0)	(71.0, 0.0)	(72.0, 0.0)	(73.0, 0.0)	(74.0, 0.0)	(75.0, 0.0)	(76.0, 0.0)	(77.0, 0.0)	(78.0, 0.0)	(79.0, 0.0)	(80.0, 0.0)	(81.0, 0.0)	(82.0, 0.0)	(83.0, 0.0)	(84.0, 0.0)	(85.0, 0.0)	(86.0, 0.0)	(87.0, 0.0)	(88.0, 0.0)	(89.0, 0.0)	(90.0, 0.0)	(91.0, 0.0)	(92.0, 0.0)	(93.0, 0.0)	(94.0, 0.0)	(95.0, 0.0)	(96.0, 0.0)	(97.0, 0.0)	(98.0, 0.0)	(99.0, 0.0)	(100.0, 0.0)
SRR8438138_1	(0.0, 0.0)	(1.0, 0.0)	(2.0, 0.0)	(3.0, 0.0)	(4.0, 0.0)	(5.0, 0.0)	(6.0, 0.0)	(7.0, 0.0)	(8.0, 0.0)	(9.0, 0.0)	(10.0, 0.0)	(11.0, 0.0)	(12.0, 0.0)	(13.0, 0.0)	(14.0, 0.0)	(15.0, 0.0)	(16.0, 0.0)	(17.0, 0.0)	(18.0, 0.0)	(19.0, 0.0)	(20.0, 0.0)	(21.0, 0.0)	(22.0, 0.0)	(23.0, 0.0)	(24.0, 0.0)	(25.0, 0.0)	(26.0, 0.3333333333333333)	(27.0, 0.0)	(28.0, 2.6666666666666665)	(29.0, 3.666666666666667)	(30.0, 0.3333333333333333)	(31.0, 0.0)	(32.0, 0.6666666666666666)	(33.0, 3.0)	(34.0, 29.66666666666663)	(35.0, 10.0)	(36.0, 4.666666666666666)	(37.0, 6.666666666666664)	(38.0, 16.666666666666675)	(39.0, 23.333333333333318)	(40.0, 43.00000000000003)	(41.0, 61.66666666666683)	(42.0, 68.00000000000011)	(43.0, 89.66666666666647)	(44.0, 131.3333333333327)	(45.0, 130.666666666666)	(46.0, 322.6666666666658)	(47.0, 447.66666666665867)	(48.0, 164.33333333333363)	(49.0, 162.00000000000023)	(50.0, 536.9999999999911)	(51.0, 10553.666666667981)	(52.0, 17036.66666667621)	(53.0, 5822.666666665841)	(54.0, 1262.6666666666588)	(55.0, 413.9999999999939)	(56.0, 239.00000000000242)	(57.0, 184.00000000000085)	(58.0, 47.33333333333339)	(59.0, 19.666666666666664)	(60.0, 9.666666666666666)	(61.0, 7.9999999999999964)	(62.0, 4.999999999999999)	(63.0, 3.3333333333333335)	(64.0, 3.0)	(65.0, 1.6666666666666665)	(66.0, 0.6666666666666666)	(67.0, 0.6666666666666666)	(68.0, 0.0)	(69.0, 0.0)	(70.0, 0.0)	(71.0, 0.0)	(72.0, 0.0)	(73.0, 0.0)	(74.0, 0.0)	(75.0, 0.0)	(76.0, 0.0)	(77.0, 0.0)	(78.0, 0.0)	(79.0, 0.0)	(80.0, 0.0)	(81.0, 0.0)	(82.0, 0.0)	(83.0, 0.0)	(84.0, 0.0)	(85.0, 0.0)	(86.0, 0.0)	(87.0, 0.0)	(88.0, 0.0)	(89.0, 0.0)	(90.0, 0.0)	(91.0, 0.0)	(92.0, 0.0)	(93.0, 0.0)	(94.0, 0.0)	(95.0, 0.0)	(96.0, 0.0)	(97.0, 0.0)	(98.0, 0.0)	(99.0, 0.0)	(100.0, 0.0)
SRR8438138_2	(0.0, 0.0)	(1.0, 0.0)	(2.0, 0.0)	(3.0, 0.0)	(4.0, 0.0)	(5.0, 0.0)	(6.0, 0.0)	(7.0, 0.0)	(8.0, 0.0)	(9.0, 0.0)	(10.0, 0.0)	(11.0, 0.0)	(12.0, 0.0)	(13.0, 0.0)	(14.0, 0.0)	(15.0, 0.0)	(16.0, 0.0)	(17.0, 0.0)	(18.0, 0.0)	(19.0, 0.0)	(20.0, 0.0)	(21.0, 0.0)	(22.0, 0.0)	(23.0, 0.0)	(24.0, 0.0)	(25.0, 0.0)	(26.0, 0.0)	(27.0, 0.0)	(28.0, 0.0)	(29.0, 0.3333333333333333)	(30.0, 0.3333333333333333)	(31.0, 2.333333333333333)	(32.0, 3.0)	(33.0, 0.3333333333333333)	(34.0, 1.6666666666666665)	(35.0, 15.666666666666677)	(36.0, 24.333333333333314)	(37.0, 8.666666666666664)	(38.0, 7.33333333333333)	(39.0, 10.333333333333334)	(40.0, 24.666666666666647)	(41.0, 44.33333333333337)	(42.0, 58.33333333333347)	(43.0, 64.00000000000017)	(44.0, 89.66666666666647)	(45.0, 116.66666666666609)	(46.0, 145.16666666666643)	(47.0, 391.4999999999952)	(48.0, 354.33333333333064)	(49.0, 243.66666666666922)	(50.0, 317.9999999999994)	(51.0, 861.1666666666946)	(52.0, 8521.833333330953)	(53.0, 14358.666666674902)	(54.0, 6608.333333331793)	(55.0, 2259.6666666665765)	(56.0, 1080.6666666667002)	(57.0, 561.999999999994)	(58.0, 333.99999999999847)	(59.0, 222.33333333333528)	(60.0, 148.33333333333317)	(61.0, 109.33333333333286)	(62.0, 82.33333333333324)	(63.0, 53.0000000000001)	(64.0, 31.66666666666662)	(65.0, 19.999999999999996)	(66.0, 13.666666666666673)	(67.0, 7.9999999999999964)	(68.0, 3.666666666666667)	(69.0, 3.0)	(70.0, 1.9999999999999998)	(71.0, 1.0)	(72.0, 1.6666666666666665)	(73.0, 1.6666666666666665)	(74.0, 0.3333333333333333)	(75.0, 0.3333333333333333)	(76.0, 0.3333333333333333)	(77.0, 0.3333333333333333)	(78.0, 0.0)	(79.0, 0.0)	(80.0, 0.3333333333333333)	(81.0, 0.0)	(82.0, 0.0)	(83.0, 0.0)	(84.0, 0.0)	(85.0, 0.0)	(86.0, 0.0)	(87.0, 0.3333333333333333)	(88.0, 0.6666666666666666)	(89.0, 0.3333333333333333)	(90.0, 0.0)	(91.0, 0.3333333333333333)	(92.0, 0.6666666666666666)	(93.0, 0.3333333333333333)	(94.0, 0.3333333333333333)	(95.0, 0.3333333333333333)	(96.0, 0.0)	(97.0, 0.3333333333333333)	(98.0, 0.3333333333333333)	(99.0, 0.0)	(100.0, 0.0)
SRR8438139	(0.0, 0.0)	(1.0, 0.0)	(2.0, 0.0)	(3.0, 0.0)	(4.0, 0.0)	(5.0, 0.0)	(6.0, 0.0)	(7.0, 0.0)	(8.0, 0.0)	(9.0, 0.0)	(10.0, 0.0)	(11.0, 0.0)	(12.0, 0.0)	(13.0, 0.0)	(14.0, 0.0)	(15.0, 0.0)	(16.0, 0.0)	(17.0, 0.0)	(18.0, 0.0)	(19.0, 0.0)	(20.0, 0.0)	(21.0, 0.0)	(22.0, 0.0)	(23.0, 0.0)	(24.0, 0.0)	(25.0, 0.0)	(26.0, 0.0)	(27.0, 0.0)	(28.0, 0.0)	(29.0, 0.0)	(30.0, 0.0)	(31.0, 0.0)	(32.0, 0.0)	(33.0, 0.0)	(34.0, 0.0)	(35.0, 0.0)	(36.0, 0.0)	(37.0, 0.0)	(38.0, 0.0)	(39.0, 0.3333333333333333)	(40.0, 0.3333333333333333)	(41.0, 0.0)	(42.0, 0.6666666666666666)	(43.0, 0.6666666666666666)	(44.0, 1.6666666666666665)	(45.0, 1.3333333333333333)	(46.0, 0.0)	(47.0, 1.3333333333333333)	(48.0, 0.6666666666666666)	(49.0, 1.6666666666666665)	(50.0, 1.3333333333333333)	(51.0, 0.3333333333333333)	(52.0, 0.6666666666666666)	(53.0, 0.3333333333333333)	(54.0, 0.0)	(55.0, 0.0)	(56.0, 0.0)	(57.0, 0.0)	(58.0, 0.0)	(59.0, 0.0)	(60.0, 0.0)	(61.0, 0.0)	(62.0, 0.0)	(63.0, 0.0)	(64.0, 0.0)	(65.0, 0.0)	(66.0, 0.0)	(67.0, 0.0)	(68.0, 0.0)	(69.0, 0.0)	(70.0, 0.0)	(71.0, 0.0)	(72.0, 0.0)	(73.0, 0.0)	(74.0, 0.0)	(75.0, 0.0)	(76.0, 0.0)	(77.0, 0.0)	(78.0, 0.0)	(79.0, 0.0)	(80.0, 0.0)	(81.0, 0.0)	(82.0, 0.0)	(83.0, 0.0)	(84.0, 0.0)	(85.0, 0.0)	(86.0, 0.0)	(87.0, 0.0)	(88.0, 0.0)	(89.0, 0.0)	(90.0, 0.0)	(91.0, 0.0)	(92.0, 0.0)	(93.0, 0.0)	(94.0, 0.0)	(95.0, 0.0)	(96.0, 0.0)	(97.0, 0.0)	(98.0, 0.0)	(99.0, 0.0)	(100.0, 0.0)
SRR8438139_1	(0.0, 0.0)	(1.0, 0.0)	(2.0, 0.0)	(3.0, 0.0)	(4.0, 0.0)	(5.0, 0.0)	(6.0, 0.0)	(7.0, 0.0)	(8.0, 0.0)	(9.0, 0.0)	(10.0, 0.0)	(11.0, 0.0)	(12.0, 0.0)	(13.0, 0.0)	(14.0, 0.0)	(15.0, 0.0)	(16.0, 0.0)	(17.0, 0.0)	(18.0, 0.0)	(19.0, 0.0)	(20.0, 0.0)	(21.0, 0.0)	(22.0, 0.0)	(23.0, 0.0)	(24.0, 0.0)	(25.0, 0.0)	(26.0, 0.0)	(27.0, 0.0)	(28.0, 0.0)	(29.0, 0.3333333333333333)	(30.0, 0.6666666666666666)	(31.0, 1.3333333333333333)	(32.0, 3.0)	(33.0, 4.333333333333333)	(34.0, 3.0)	(35.0, 4.666666666666666)	(36.0, 6.333333333333331)	(37.0, 5.999999999999998)	(38.0, 11.333333333333336)	(39.0, 16.666666666666675)	(40.0, 26.333333333333307)	(41.0, 43.6666666666667)	(42.0, 69.66666666666676)	(43.0, 109.66666666666619)	(44.0, 126.66666666666595)	(45.0, 174.00000000000057)	(46.0, 237.66666666666904)	(47.0, 240.00000000000244)	(48.0, 201.66666666666802)	(49.0, 258.6666666666694)	(50.0, 637.0000000000025)	(51.0, 4941.666666666642)	(52.0, 1712.3333333332232)	(53.0, 878.6666666666966)	(54.0, 931.6666666667027)	(55.0, 986.6666666667089)	(56.0, 793.3333333333536)	(57.0, 523.6666666666563)	(58.0, 331.66666666666526)	(59.0, 203.66666666666808)	(60.0, 147.33333333333314)	(61.0, 80.99999999999993)	(62.0, 49.00000000000007)	(63.0, 24.99999999999998)	(64.0, 11.66666666666667)	(65.0, 4.333333333333333)	(66.0, 1.0)	(67.0, 1.0)	(68.0, 1.3333333333333333)	(69.0, 0.0)	(70.0, 0.0)	(71.0, 0.3333333333333333)	(72.0, 0.3333333333333333)	(73.0, 0.0)	(74.0, 0.0)	(75.0, 0.0)	(76.0, 0.0)	(77.0, 0.0)	(78.0, 0.0)	(79.0, 0.0)	(80.0, 0.0)	(81.0, 0.0)	(82.0, 0.0)	(83.0, 0.0)	(84.0, 0.0)	(85.0, 0.0)	(86.0, 0.0)	(87.0, 0.0)	(88.0, 0.0)	(89.0, 0.0)	(90.0, 0.0)	(91.0, 0.0)	(92.0, 0.0)	(93.0, 0.0)	(94.0, 0.0)	(95.0, 0.0)	(96.0, 0.0)	(97.0, 0.0)	(98.0, 0.0)	(99.0, 0.0)	(100.0, 0.0)
SRR8438139_2	(0.0, 0.0)	(1.0, 0.0)	(2.0, 0.0)	(3.0, 0.0)	(4.0, 0.0)	(5.0, 0.0)	(6.0, 0.0)	(7.0, 0.0)	(8.0, 0.0)	(9.0, 0.0)	(10.0, 0.0)	(11.0, 0.0)	(12.0, 0.0)	(13.0, 0.0)	(14.0, 0.0)	(15.0, 0.0)	(16.0, 0.0)	(17.0, 0.0)	(18.0, 0.0)	(19.0, 0.0)	(20.0, 0.0)	(21.0, 0.0)	(22.0, 0.0)	(23.0, 0.0)	(24.0, 0.0)	(25.0, 0.0)	(26.0, 0.0)	(27.0, 0.0)	(28.0, 0.6666666666666666)	(29.0, 1.0)	(30.0, 0.3333333333333333)	(31.0, 0.6666666666666666)	(32.0, 0.0)	(33.0, 1.3333333333333333)	(34.0, 1.3333333333333333)	(35.0, 2.6666666666666665)	(36.0, 4.333333333333333)	(37.0, 7.9999999999999964)	(38.0, 9.333333333333332)	(39.0, 13.000000000000005)	(40.0, 37.66666666666666)	(41.0, 69.0000000000001)	(42.0, 72.00000000000006)	(43.0, 79.33333333333329)	(44.0, 163.00000000000026)	(45.0, 190.50000000000105)	(46.0, 158.1666666666668)	(47.0, 192.16666666666777)	(48.0, 224.83333333333536)	(49.0, 240.3333333333358)	(50.0, 260.6666666666693)	(51.0, 730.8333333333466)	(52.0, 4437.833333333768)	(53.0, 2063.8333333331543)	(54.0, 922.1666666667015)	(55.0, 754.6666666666825)	(56.0, 777.6666666666852)	(57.0, 782.3333333333524)	(58.0, 571.3333333333284)	(59.0, 440.66666666665907)	(60.0, 324.999999999999)	(61.0, 225.6666666666687)	(62.0, 132.33333333333272)	(63.0, 86.33333333333319)	(64.0, 57.00000000000013)	(65.0, 27.333333333333304)	(66.0, 12.666666666666671)	(67.0, 8.999999999999998)	(68.0, 6.999999999999997)	(69.0, 3.666666666666667)	(70.0, 1.6666666666666665)	(71.0, 1.9999999999999998)	(72.0, 0.6666666666666666)	(73.0, 0.0)	(74.0, 1.0)	(75.0, 0.3333333333333333)	(76.0, 0.3333333333333333)	(77.0, 0.3333333333333333)	(78.0, 0.3333333333333333)	(79.0, 0.3333333333333333)	(80.0, 0.0)	(81.0, 0.0)	(82.0, 0.0)	(83.0, 0.0)	(84.0, 0.0)	(85.0, 0.0)	(86.0, 0.0)	(87.0, 0.0)	(88.0, 0.0)	(89.0, 0.0)	(90.0, 0.0)	(91.0, 0.0)	(92.0, 0.0)	(93.0, 0.0)	(94.0, 0.0)	(95.0, 0.0)	(96.0, 0.0)	(97.0, 0.0)	(98.0, 0.0)	(99.0, 0.0)	(100.0, 0.0)
SRR8438140	(0.0, 0.0)	(1.0, 0.0)	(2.0, 0.0)	(3.0, 0.0)	(4.0, 0.0)	(5.0, 0.0)	(6.0, 0.0)	(7.0, 0.0)	(8.0, 0.0)	(9.0, 0.0)	(10.0, 0.0)	(11.0, 0.0)	(12.0, 0.0)	(13.0, 0.0)	(14.0, 0.0)	(15.0, 0.0)	(16.0, 0.0)	(17.0, 0.0)	(18.0, 0.0)	(19.0, 0.0)	(20.0, 0.0)	(21.0, 0.0)	(22.0, 0.0)	(23.0, 0.0)	(24.0, 0.0)	(25.0, 0.0)	(26.0, 0.0)	(27.0, 0.0)	(28.0, 0.0)	(29.0, 0.0)	(30.0, 0.0)	(31.0, 0.0)	(32.0, 0.0)	(33.0, 0.0)	(34.0, 0.0)	(35.0, 0.0)	(36.0, 0.0)	(37.0, 0.0)	(38.0, 0.3333333333333333)	(39.0, 0.3333333333333333)	(40.0, 0.3333333333333333)	(41.0, 0.0)	(42.0, 0.3333333333333333)	(43.0, 1.3333333333333333)	(44.0, 2.333333333333333)	(45.0, 1.0)	(46.0, 1.6666666666666665)	(47.0, 1.6666666666666665)	(48.0, 3.0)	(49.0, 1.6666666666666665)	(50.0, 1.9999999999999998)	(51.0, 0.3333333333333333)	(52.0, 0.0)	(53.0, 0.0)	(54.0, 0.0)	(55.0, 0.0)	(56.0, 0.3333333333333333)	(57.0, 0.0)	(58.0, 0.0)	(59.0, 0.0)	(60.0, 0.0)	(61.0, 0.0)	(62.0, 0.0)	(63.0, 0.0)	(64.0, 0.0)	(65.0, 0.0)	(66.0, 0.0)	(67.0, 0.0)	(68.0, 0.0)	(69.0, 0.0)	(70.0, 0.0)	(71.0, 0.0)	(72.0, 0.0)	(73.0, 0.0)	(74.0, 0.0)	(75.0, 0.0)	(76.0, 0.0)	(77.0, 0.0)	(78.0, 0.0)	(79.0, 0.0)	(80.0, 0.0)	(81.0, 0.0)	(82.0, 0.0)	(83.0, 0.0)	(84.0, 0.0)	(85.0, 0.0)	(86.0, 0.0)	(87.0, 0.0)	(88.0, 0.0)	(89.0, 0.0)	(90.0, 0.0)	(91.0, 0.0)	(92.0, 0.0)	(93.0, 0.0)	(94.0, 0.0)	(95.0, 0.0)	(96.0, 0.0)	(97.0, 0.0)	(98.0, 0.0)	(99.0, 0.0)	(100.0, 0.0)
SRR8438140_1	(0.0, 0.0)	(1.0, 0.0)	(2.0, 0.0)	(3.0, 0.0)	(4.0, 0.0)	(5.0, 0.0)	(6.0, 0.0)	(7.0, 0.0)	(8.0, 0.0)	(9.0, 0.0)	(10.0, 0.0)	(11.0, 0.0)	(12.0, 0.0)	(13.0, 0.0)	(14.0, 0.0)	(15.0, 0.0)	(16.0, 0.0)	(17.0, 0.0)	(18.0, 0.0)	(19.0, 0.0)	(20.0, 0.0)	(21.0, 0.0)	(22.0, 0.0)	(23.0, 0.0)	(24.0, 0.0)	(25.0, 0.0)	(26.0, 0.0)	(27.0, 0.0)	(28.0, 0.0)	(29.0, 0.6666666666666666)	(30.0, 0.3333333333333333)	(31.0, 1.0)	(32.0, 1.6666666666666665)	(33.0, 1.0)	(34.0, 0.6666666666666666)	(35.0, 1.3333333333333333)	(36.0, 2.6666666666666665)	(37.0, 6.666666666666664)	(38.0, 6.999999999999997)	(39.0, 13.33333333333334)	(40.0, 35.66666666666664)	(41.0, 55.666666666666785)	(42.0, 80.33333333333327)	(43.0, 103.66666666666627)	(44.0, 122.666666666666)	(45.0, 133.6666666666661)	(46.0, 130.33333333333266)	(47.0, 129.33333333333263)	(48.0, 116.66666666666609)	(49.0, 145.99999999999977)	(50.0, 735.0000000000136)	(51.0, 9475.66666666602)	(52.0, 1721.3333333332212)	(53.0, 124.66666666666598)	(54.0, 65.33333333333348)	(55.0, 48.000000000000064)	(56.0, 44.66666666666671)	(57.0, 25.666666666666643)	(58.0, 11.66666666666667)	(59.0, 8.999999999999998)	(60.0, 4.666666666666666)	(61.0, 2.333333333333333)	(62.0, 1.0)	(63.0, 0.6666666666666666)	(64.0, 0.3333333333333333)	(65.0, 0.0)	(66.0, 0.0)	(67.0, 0.0)	(68.0, 0.0)	(69.0, 0.0)	(70.0, 0.0)	(71.0, 0.0)	(72.0, 0.0)	(73.0, 0.0)	(74.0, 0.0)	(75.0, 0.0)	(76.0, 0.0)	(77.0, 0.0)	(78.0, 0.0)	(79.0, 0.0)	(80.0, 0.0)	(81.0, 0.0)	(82.0, 0.0)	(83.0, 0.0)	(84.0, 0.0)	(85.0, 0.0)	(86.0, 0.0)	(87.0, 0.0)	(88.0, 0.0)	(89.0, 0.0)	(90.0, 0.0)	(91.0, 0.0)	(92.0, 0.0)	(93.0, 0.0)	(94.0, 0.0)	(95.0, 0.0)	(96.0, 0.0)	(97.0, 0.0)	(98.0, 0.0)	(99.0, 0.0)	(100.0, 0.0)
SRR8438140_2	(0.0, 0.0)	(1.0, 0.0)	(2.0, 0.0)	(3.0, 0.0)	(4.0, 0.0)	(5.0, 0.0)	(6.0, 0.0)	(7.0, 0.0)	(8.0, 0.0)	(9.0, 0.0)	(10.0, 0.0)	(11.0, 0.0)	(12.0, 0.0)	(13.0, 0.0)	(14.0, 0.0)	(15.0, 0.0)	(16.0, 0.0)	(17.0, 0.0)	(18.0, 0.0)	(19.0, 0.0)	(20.0, 0.3333333333333333)	(21.0, 0.3333333333333333)	(22.0, 0.0)	(23.0, 0.0)	(24.0, 0.3333333333333333)	(25.0, 0.3333333333333333)	(26.0, 0.0)	(27.0, 0.0)	(28.0, 0.0)	(29.0, 0.3333333333333333)	(30.0, 0.3333333333333333)	(31.0, 0.0)	(32.0, 0.3333333333333333)	(33.0, 1.3333333333333333)	(34.0, 1.3333333333333333)	(35.0, 1.0)	(36.0, 1.3333333333333333)	(37.0, 3.666666666666667)	(38.0, 6.333333333333331)	(39.0, 17.500000000000007)	(40.0, 50.16666666666675)	(41.0, 69.33333333333343)	(42.0, 77.33333333333331)	(43.0, 94.16666666666642)	(44.0, 104.9999999999996)	(45.0, 122.666666666666)	(46.0, 134.33333333333277)	(47.0, 129.83333333333266)	(48.0, 114.49999999999946)	(49.0, 101.16666666666632)	(50.0, 207.33333333333485)	(51.0, 3700.3333333338983)	(52.0, 8493.3333333309)	(53.0, 1794.166666666538)	(54.0, 360.1666666666636)	(55.0, 146.33333333333312)	(56.0, 90.33333333333313)	(57.0, 61.66666666666683)	(58.0, 44.33333333333337)	(59.0, 37.66666666666666)	(60.0, 25.33333333333331)	(61.0, 14.666666666666675)	(62.0, 11.66666666666667)	(63.0, 9.666666666666666)	(64.0, 5.333333333333332)	(65.0, 3.3333333333333335)	(66.0, 1.3333333333333333)	(67.0, 1.0)	(68.0, 1.0)	(69.0, 1.6666666666666665)	(70.0, 0.6666666666666666)	(71.0, 0.6666666666666666)	(72.0, 0.3333333333333333)	(73.0, 0.3333333333333333)	(74.0, 0.3333333333333333)	(75.0, 0.0)	(76.0, 0.0)	(77.0, 0.3333333333333333)	(78.0, 0.0)	(79.0, 0.0)	(80.0, 0.0)	(81.0, 0.0)	(82.0, 0.3333333333333333)	(83.0, 0.3333333333333333)	(84.0, 0.0)	(85.0, 0.0)	(86.0, 0.0)	(87.0, 0.0)	(88.0, 0.0)	(89.0, 0.0)	(90.0, 0.0)	(91.0, 0.0)	(92.0, 0.0)	(93.0, 0.0)	(94.0, 0.3333333333333333)	(95.0, 0.3333333333333333)	(96.0, 0.0)	(97.0, 0.0)	(98.0, 0.0)	(99.0, 0.0)	(100.0, 0.0)
SRR8438141	(0.0, 0.0)	(1.0, 0.0)	(2.0, 0.0)	(3.0, 0.0)	(4.0, 0.0)	(5.0, 0.0)	(6.0, 0.0)	(7.0, 0.0)	(8.0, 0.0)	(9.0, 0.0)	(10.0, 0.0)	(11.0, 0.0)	(12.0, 0.0)	(13.0, 0.0)	(14.0, 0.0)	(15.0, 0.0)	(16.0, 0.0)	(17.0, 0.0)	(18.0, 0.0)	(19.0, 0.0)	(20.0, 0.0)	(21.0, 0.0)	(22.0, 0.0)	(23.0, 0.0)	(24.0, 0.0)	(25.0, 0.0)	(26.0, 0.0)	(27.0, 0.0)	(28.0, 0.0)	(29.0, 0.0)	(30.0, 0.0)	(31.0, 0.0)	(32.0, 0.0)	(33.0, 0.0)	(34.0, 0.0)	(35.0, 0.0)	(36.0, 0.0)	(37.0, 0.0)	(38.0, 0.3333333333333333)	(39.0, 0.0)	(40.0, 0.0)	(41.0, 0.3333333333333333)	(42.0, 0.6666666666666666)	(43.0, 1.6666666666666665)	(44.0, 1.0)	(45.0, 0.6666666666666666)	(46.0, 1.0)	(47.0, 0.6666666666666666)	(48.0, 1.6666666666666665)	(49.0, 1.3333333333333333)	(50.0, 1.0)	(51.0, 0.3333333333333333)	(52.0, 0.3333333333333333)	(53.0, 0.3333333333333333)	(54.0, 0.0)	(55.0, 0.0)	(56.0, 0.0)	(57.0, 0.0)	(58.0, 0.0)	(59.0, 0.0)	(60.0, 0.0)	(61.0, 0.0)	(62.0, 0.0)	(63.0, 0.0)	(64.0, 0.0)	(65.0, 0.0)	(66.0, 0.0)	(67.0, 0.0)	(68.0, 0.0)	(69.0, 0.0)	(70.0, 0.0)	(71.0, 0.0)	(72.0, 0.0)	(73.0, 0.0)	(74.0, 0.0)	(75.0, 0.0)	(76.0, 0.0)	(77.0, 0.0)	(78.0, 0.0)	(79.0, 0.0)	(80.0, 0.0)	(81.0, 0.0)	(82.0, 0.0)	(83.0, 0.0)	(84.0, 0.0)	(85.0, 0.0)	(86.0, 0.0)	(87.0, 0.0)	(88.0, 0.0)	(89.0, 0.0)	(90.0, 0.0)	(91.0, 0.0)	(92.0, 0.0)	(93.0, 0.0)	(94.0, 0.0)	(95.0, 0.0)	(96.0, 0.0)	(97.0, 0.0)	(98.0, 0.0)	(99.0, 0.0)	(100.0, 0.0)
SRR8438141_1	(0.0, 0.0)	(1.0, 0.0)	(2.0, 0.0)	(3.0, 0.0)	(4.0, 0.0)	(5.0, 0.0)	(6.0, 0.0)	(7.0, 0.0)	(8.0, 0.0)	(9.0, 0.0)	(10.0, 0.0)	(11.0, 0.0)	(12.0, 0.0)	(13.0, 0.0)	(14.0, 0.0)	(15.0, 0.0)	(16.0, 0.0)	(17.0, 0.0)	(18.0, 0.0)	(19.0, 0.0)	(20.0, 0.0)	(21.0, 0.0)	(22.0, 0.0)	(23.0, 0.0)	(24.0, 0.0)	(25.0, 0.0)	(26.0, 0.0)	(27.0, 0.3333333333333333)	(28.0, 0.3333333333333333)	(29.0, 0.3333333333333333)	(30.0, 0.3333333333333333)	(31.0, 0.0)	(32.0, 0.3333333333333333)	(33.0, 0.6666666666666666)	(34.0, 1.0)	(35.0, 1.3333333333333333)	(36.0, 1.3333333333333333)	(37.0, 1.6666666666666665)	(38.0, 2.6666666666666665)	(39.0, 11.000000000000002)	(40.0, 27.999999999999968)	(41.0, 42.66666666666669)	(42.0, 51.000000000000085)	(43.0, 71.00000000000007)	(44.0, 91.33333333333312)	(45.0, 99.333333333333)	(46.0, 107.33333333333289)	(47.0, 134.66666666666612)	(48.0, 1728.999999999886)	(49.0, 31450.33333329044)	(50.0, 15597.333333343822)	(51.0, 3685.666666667225)	(52.0, 1471.9999999999445)	(53.0, 633.6666666666688)	(54.0, 331.33333333333195)	(55.0, 203.0000000000014)	(56.0, 154.33333333333334)	(57.0, 100.66666666666632)	(58.0, 44.66666666666671)	(59.0, 23.66666666666665)	(60.0, 12.333333333333337)	(61.0, 6.666666666666664)	(62.0, 2.333333333333333)	(63.0, 1.0)	(64.0, 1.0)	(65.0, 0.3333333333333333)	(66.0, 0.0)	(67.0, 0.3333333333333333)	(68.0, 0.3333333333333333)	(69.0, 0.0)	(70.0, 0.0)	(71.0, 0.0)	(72.0, 0.0)	(73.0, 0.0)	(74.0, 0.0)	(75.0, 0.0)	(76.0, 0.0)	(77.0, 0.0)	(78.0, 0.0)	(79.0, 0.0)	(80.0, 0.0)	(81.0, 0.0)	(82.0, 0.0)	(83.0, 0.0)	(84.0, 0.0)	(85.0, 0.0)	(86.0, 0.0)	(87.0, 0.0)	(88.0, 0.0)	(89.0, 0.0)	(90.0, 0.0)	(91.0, 0.0)	(92.0, 0.0)	(93.0, 0.0)	(94.0, 0.0)	(95.0, 0.0)	(96.0, 0.0)	(97.0, 0.0)	(98.0, 0.0)	(99.0, 0.0)	(100.0, 0.0)
SRR8438141_2	(0.0, 0.0)	(1.0, 0.0)	(2.0, 0.0)	(3.0, 0.0)	(4.0, 0.0)	(5.0, 0.0)	(6.0, 0.0)	(7.0, 0.0)	(8.0, 0.0)	(9.0, 0.0)	(10.0, 0.0)	(11.0, 0.0)	(12.0, 0.0)	(13.0, 0.0)	(14.0, 0.0)	(15.0, 0.0)	(16.0, 0.0)	(17.0, 0.0)	(18.0, 0.0)	(19.0, 0.0)	(20.0, 0.0)	(21.0, 0.0)	(22.0, 0.0)	(23.0, 0.0)	(24.0, 0.0)	(25.0, 0.3333333333333333)	(26.0, 0.3333333333333333)	(27.0, 0.3333333333333333)	(28.0, 0.0)	(29.0, 0.3333333333333333)	(30.0, 0.0)	(31.0, 0.0)	(32.0, 0.0)	(33.0, 0.0)	(34.0, 0.0)	(35.0, 0.3333333333333333)	(36.0, 1.3333333333333333)	(37.0, 1.6666666666666665)	(38.0, 1.0)	(39.0, 7.9999999999999964)	(40.0, 19.333333333333332)	(41.0, 27.16666666666664)	(42.0, 36.16666666666664)	(43.0, 52.33333333333343)	(44.0, 58.000000000000135)	(45.0, 72.00000000000006)	(46.0, 77.99999999999999)	(47.0, 105.49999999999959)	(48.0, 240.00000000000242)	(49.0, 16150.333333344826)	(50.0, 28358.499999968357)	(51.0, 9654.666666666346)	(52.0, 4332.166666667197)	(53.0, 2291.166666666591)	(54.0, 1312.3333333333142)	(55.0, 865.0000000000284)	(56.0, 632.0000000000019)	(57.0, 464.3333333333244)	(58.0, 356.99999999999716)	(59.0, 266.00000000000233)	(60.0, 192.33333333333442)	(61.0, 120.66666666666603)	(62.0, 81.66666666666659)	(63.0, 51.66666666666676)	(64.0, 27.666666666666636)	(65.0, 18.000000000000004)	(66.0, 11.66666666666667)	(67.0, 8.33333333333333)	(68.0, 6.333333333333331)	(69.0, 5.333333333333332)	(70.0, 1.9999999999999998)	(71.0, 1.0)	(72.0, 0.3333333333333333)	(73.0, 1.6666666666666665)	(74.0, 0.6666666666666666)	(75.0, 0.6666666666666666)	(76.0, 1.3333333333333333)	(77.0, 1.3333333333333333)	(78.0, 1.0)	(79.0, 0.3333333333333333)	(80.0, 1.3333333333333333)	(81.0, 0.3333333333333333)	(82.0, 0.3333333333333333)	(83.0, 0.0)	(84.0, 0.0)	(85.0, 0.0)	(86.0, 0.3333333333333333)	(87.0, 0.0)	(88.0, 0.3333333333333333)	(89.0, 0.6666666666666666)	(90.0, 0.3333333333333333)	(91.0, 0.3333333333333333)	(92.0, 0.6666666666666666)	(93.0, 0.3333333333333333)	(94.0, 0.3333333333333333)	(95.0, 0.6666666666666666)	(96.0, 0.0)	(97.0, 0.0)	(98.0, 0.0)	(99.0, 0.0)	(100.0, 1.0)
SRR8438142	(0.0, 0.0)	(1.0, 0.0)	(2.0, 0.0)	(3.0, 0.0)	(4.0, 0.0)	(5.0, 0.0)	(6.0, 0.0)	(7.0, 0.0)	(8.0, 0.0)	(9.0, 0.0)	(10.0, 0.0)	(11.0, 0.0)	(12.0, 0.0)	(13.0, 0.0)	(14.0, 0.0)	(15.0, 0.0)	(16.0, 0.0)	(17.0, 0.0)	(18.0, 0.0)	(19.0, 0.0)	(20.0, 0.0)	(21.0, 0.0)	(22.0, 0.0)	(23.0, 0.0)	(24.0, 0.0)	(25.0, 0.0)	(26.0, 0.0)	(27.0, 0.0)	(28.0, 0.0)	(29.0, 0.0)	(30.0, 0.0)	(31.0, 0.0)	(32.0, 0.0)	(33.0, 0.0)	(34.0, 0.0)	(35.0, 0.0)	(36.0, 0.0)	(37.0, 0.0)	(38.0, 0.0)	(39.0, 0.0)	(40.0, 0.0)	(41.0, 0.3333333333333333)	(42.0, 0.3333333333333333)	(43.0, 0.0)	(44.0, 0.0)	(45.0, 0.6666666666666666)	(46.0, 0.3333333333333333)	(47.0, 0.3333333333333333)	(48.0, 0.3333333333333333)	(49.0, 0.0)	(50.0, 0.3333333333333333)	(51.0, 0.3333333333333333)	(52.0, 0.0)	(53.0, 0.3333333333333333)	(54.0, 0.3333333333333333)	(55.0, 0.0)	(56.0, 0.0)	(57.0, 0.0)	(58.0, 0.0)	(59.0, 0.0)	(60.0, 0.0)	(61.0, 0.0)	(62.0, 0.0)	(63.0, 0.0)	(64.0, 0.0)	(65.0, 0.0)	(66.0, 0.0)	(67.0, 0.0)	(68.0, 0.0)	(69.0, 0.0)	(70.0, 0.0)	(71.0, 0.0)	(72.0, 0.0)	(73.0, 0.0)	(74.0, 0.0)	(75.0, 0.0)	(76.0, 0.0)	(77.0, 0.0)	(78.0, 0.0)	(79.0, 0.0)	(80.0, 0.0)	(81.0, 0.0)	(82.0, 0.0)	(83.0, 0.0)	(84.0, 0.0)	(85.0, 0.0)	(86.0, 0.0)	(87.0, 0.0)	(88.0, 0.0)	(89.0, 0.0)	(90.0, 0.0)	(91.0, 0.0)	(92.0, 0.0)	(93.0, 0.0)	(94.0, 0.0)	(95.0, 0.0)	(96.0, 0.0)	(97.0, 0.0)	(98.0, 0.0)	(99.0, 0.0)	(100.0, 0.0)
SRR8438142_1	(0.0, 0.0)	(1.0, 0.0)	(2.0, 0.0)	(3.0, 0.0)	(4.0, 0.0)	(5.0, 0.0)	(6.0, 0.0)	(7.0, 0.0)	(8.0, 0.0)	(9.0, 0.0)	(10.0, 0.0)	(11.0, 0.0)	(12.0, 0.0)	(13.0, 0.0)	(14.0, 0.0)	(15.0, 0.0)	(16.0, 0.0)	(17.0, 0.0)	(18.0, 0.0)	(19.0, 0.0)	(20.0, 0.0)	(21.0, 0.0)	(22.0, 0.0)	(23.0, 0.0)	(24.0, 0.0)	(25.0, 0.0)	(26.0, 0.0)	(27.0, 0.3333333333333333)	(28.0, 1.3333333333333333)	(29.0, 0.3333333333333333)	(30.0, 0.6666666666666666)	(31.0, 1.6666666666666665)	(32.0, 1.9999999999999998)	(33.0, 3.0)	(34.0, 3.666666666666667)	(35.0, 2.333333333333333)	(36.0, 3.3333333333333335)	(37.0, 4.0)	(38.0, 5.999999999999998)	(39.0, 12.000000000000004)	(40.0, 18.666666666666668)	(41.0, 26.66666666666664)	(42.0, 30.999999999999957)	(43.0, 69.33333333333343)	(44.0, 78.66666666666663)	(45.0, 106.3333333333329)	(46.0, 170.00000000000045)	(47.0, 234.33333333333562)	(48.0, 227.33333333333542)	(49.0, 257.66666666666947)	(50.0, 538.666666666658)	(51.0, 3538.666666667158)	(52.0, 1593.6666666665835)	(53.0, 1043.6666666667086)	(54.0, 1064.6666666667038)	(55.0, 1165.0000000000143)	(56.0, 970.0000000000404)	(57.0, 633.000000000002)	(58.0, 442.99999999999227)	(59.0, 299.6666666666671)	(60.0, 175.66666666666728)	(61.0, 89.33333333333314)	(62.0, 48.000000000000064)	(63.0, 22.33333333333332)	(64.0, 7.666666666666663)	(65.0, 6.333333333333331)	(66.0, 3.3333333333333335)	(67.0, 2.333333333333333)	(68.0, 2.333333333333333)	(69.0, 1.0)	(70.0, 0.3333333333333333)	(71.0, 0.0)	(72.0, 0.0)	(73.0, 0.0)	(74.0, 0.0)	(75.0, 0.0)	(76.0, 0.0)	(77.0, 0.0)	(78.0, 0.0)	(79.0, 0.0)	(80.0, 0.0)	(81.0, 0.0)	(82.0, 0.0)	(83.0, 0.0)	(84.0, 0.0)	(85.0, 0.0)	(86.0, 0.0)	(87.0, 0.0)	(88.0, 0.0)	(89.0, 0.0)	(90.0, 0.0)	(91.0, 0.0)	(92.0, 0.0)	(93.0, 0.0)	(94.0, 0.0)	(95.0, 0.0)	(96.0, 0.0)	(97.0, 0.0)	(98.0, 0.0)	(99.0, 0.0)	(100.0, 0.0)
SRR8438142_2	(0.0, 0.0)	(1.0, 0.0)	(2.0, 0.0)	(3.0, 0.0)	(4.0, 0.0)	(5.0, 0.0)	(6.0, 0.0)	(7.0, 0.0)	(8.0, 0.0)	(9.0, 0.0)	(10.0, 0.0)	(11.0, 0.0)	(12.0, 0.0)	(13.0, 0.0)	(14.0, 0.0)	(15.0, 0.0)	(16.0, 0.0)	(17.0, 0.0)	(18.0, 0.0)	(19.0, 0.0)	(20.0, 0.0)	(21.0, 0.0)	(22.0, 0.0)	(23.0, 0.0)	(24.0, 0.3333333333333333)	(25.0, 0.6666666666666666)	(26.0, 0.3333333333333333)	(27.0, 0.0)	(28.0, 0.0)	(29.0, 1.9999999999999998)	(30.0, 3.3333333333333335)	(31.0, 1.0)	(32.0, 0.0)	(33.0, 1.3333333333333333)	(34.0, 1.6666666666666665)	(35.0, 2.6666666666666665)	(36.0, 1.6666666666666665)	(37.0, 3.0)	(38.0, 4.0)	(39.0, 9.666666666666666)	(40.0, 20.999999999999993)	(41.0, 45.666666666666714)	(42.0, 37.99999999999999)	(43.0, 51.83333333333343)	(44.0, 98.66666666666634)	(45.0, 123.166666666666)	(46.0, 100.83333333333299)	(47.0, 172.1666666666672)	(48.0, 233.3333333333356)	(49.0, 248.33333333333601)	(50.0, 255.3333333333362)	(51.0, 680.3333333333408)	(52.0, 3146.3333333336464)	(53.0, 1759.999999999879)	(54.0, 950.3333333333715)	(55.0, 913.3333333333672)	(56.0, 905.6666666666997)	(57.0, 944.6666666667041)	(58.0, 691.0000000000086)	(59.0, 501.6666666666556)	(60.0, 424.66666666666)	(61.0, 299.6666666666671)	(62.0, 177.333333333334)	(63.0, 96.33333333333304)	(64.0, 53.333333333333435)	(65.0, 25.666666666666643)	(66.0, 14.666666666666675)	(67.0, 11.333333333333336)	(68.0, 6.999999999999997)	(69.0, 4.0)	(70.0, 2.6666666666666665)	(71.0, 1.0)	(72.0, 0.0)	(73.0, 0.3333333333333333)	(74.0, 0.3333333333333333)	(75.0, 0.0)	(76.0, 0.3333333333333333)	(77.0, 0.6666666666666666)	(78.0, 0.0)	(79.0, 0.0)	(80.0, 0.0)	(81.0, 0.0)	(82.0, 0.0)	(83.0, 0.0)	(84.0, 0.0)	(85.0, 0.0)	(86.0, 0.0)	(87.0, 0.0)	(88.0, 0.3333333333333333)	(89.0, 0.0)	(90.0, 0.0)	(91.0, 0.0)	(92.0, 0.0)	(93.0, 0.0)	(94.0, 0.0)	(95.0, 0.0)	(96.0, 0.0)	(97.0, 0.0)	(98.0, 0.0)	(99.0, 0.0)	(100.0, 0.0)
SRR8438143	(0.0, 0.0)	(1.0, 0.0)	(2.0, 0.0)	(3.0, 0.0)	(4.0, 0.0)	(5.0, 0.0)	(6.0, 0.0)	(7.0, 0.0)	(8.0, 0.0)	(9.0, 0.0)	(10.0, 0.0)	(11.0, 0.0)	(12.0, 0.0)	(13.0, 0.0)	(14.0, 0.0)	(15.0, 0.0)	(16.0, 0.0)	(17.0, 0.0)	(18.0, 0.0)	(19.0, 0.0)	(20.0, 0.0)	(21.0, 0.0)	(22.0, 0.0)	(23.0, 0.0)	(24.0, 0.0)	(25.0, 0.0)	(26.0, 0.0)	(27.0, 0.0)	(28.0, 0.0)	(29.0, 0.0)	(30.0, 0.0)	(31.0, 0.0)	(32.0, 0.0)	(33.0, 0.0)	(34.0, 0.0)	(35.0, 0.0)	(36.0, 0.0)	(37.0, 0.0)	(38.0, 0.0)	(39.0, 0.3333333333333333)	(40.0, 0.3333333333333333)	(41.0, 0.0)	(42.0, 0.0)	(43.0, 0.0)	(44.0, 0.6666666666666666)	(45.0, 0.3333333333333333)	(46.0, 0.3333333333333333)	(47.0, 0.3333333333333333)	(48.0, 0.0)	(49.0, 0.6666666666666666)	(50.0, 0.3333333333333333)	(51.0, 0.3333333333333333)	(52.0, 0.0)	(53.0, 0.0)	(54.0, 0.0)	(55.0, 0.0)	(56.0, 0.0)	(57.0, 0.0)	(58.0, 0.0)	(59.0, 0.0)	(60.0, 0.0)	(61.0, 0.0)	(62.0, 0.0)	(63.0, 0.0)	(64.0, 0.0)	(65.0, 0.0)	(66.0, 0.0)	(67.0, 0.0)	(68.0, 0.0)	(69.0, 0.0)	(70.0, 0.0)	(71.0, 0.0)	(72.0, 0.0)	(73.0, 0.0)	(74.0, 0.0)	(75.0, 0.0)	(76.0, 0.0)	(77.0, 0.0)	(78.0, 0.0)	(79.0, 0.0)	(80.0, 0.0)	(81.0, 0.0)	(82.0, 0.0)	(83.0, 0.0)	(84.0, 0.0)	(85.0, 0.0)	(86.0, 0.0)	(87.0, 0.0)	(88.0, 0.0)	(89.0, 0.0)	(90.0, 0.0)	(91.0, 0.0)	(92.0, 0.0)	(93.0, 0.0)	(94.0, 0.0)	(95.0, 0.0)	(96.0, 0.0)	(97.0, 0.0)	(98.0, 0.0)	(99.0, 0.0)	(100.0, 0.0)
SRR8438143_1	(0.0, 0.0)	(1.0, 0.0)	(2.0, 0.0)	(3.0, 0.0)	(4.0, 0.0)	(5.0, 0.0)	(6.0, 0.0)	(7.0, 0.0)	(8.0, 0.0)	(9.0, 0.0)	(10.0, 0.0)	(11.0, 0.0)	(12.0, 0.0)	(13.0, 0.0)	(14.0, 0.0)	(15.0, 0.0)	(16.0, 0.0)	(17.0, 0.0)	(18.0, 0.0)	(19.0, 0.0)	(20.0, 0.0)	(21.0, 0.0)	(22.0, 0.0)	(23.0, 0.0)	(24.0, 0.0)	(25.0, 0.3333333333333333)	(26.0, 0.0)	(27.0, 0.3333333333333333)	(28.0, 0.3333333333333333)	(29.0, 1.0)	(30.0, 1.0)	(31.0, 2.333333333333333)	(32.0, 4.666666666666666)	(33.0, 11.333333333333336)	(34.0, 6.999999999999997)	(35.0, 7.666666666666663)	(36.0, 7.9999999999999964)	(37.0, 6.666666666666664)	(38.0, 6.333333333333331)	(39.0, 13.33333333333334)	(40.0, 23.66666666666665)	(41.0, 39.66666666666667)	(42.0, 45.00000000000004)	(43.0, 61.33333333333349)	(44.0, 107.99999999999955)	(45.0, 184.66666666666754)	(46.0, 289.66666666666765)	(47.0, 302.6666666666669)	(48.0, 268.0000000000022)	(49.0, 325.6666666666656)	(50.0, 563.3333333333275)	(51.0, 2136.999999999854)	(52.0, 1370.333333333301)	(53.0, 1276.9999999999889)	(54.0, 1359.99999999997)	(55.0, 1602.3333333332482)	(56.0, 1335.6666666666422)	(57.0, 831.3333333333579)	(58.0, 517.3333333333222)	(59.0, 298.66666666666714)	(60.0, 192.33333333333442)	(61.0, 103.66666666666627)	(62.0, 44.33333333333337)	(63.0, 24.333333333333314)	(64.0, 16.666666666666675)	(65.0, 8.999999999999998)	(66.0, 4.0)	(67.0, 0.6666666666666666)	(68.0, 0.0)	(69.0, 0.0)	(70.0, 0.0)	(71.0, 0.0)	(72.0, 0.0)	(73.0, 0.0)	(74.0, 0.0)	(75.0, 0.0)	(76.0, 0.0)	(77.0, 0.0)	(78.0, 0.0)	(79.0, 0.0)	(80.0, 0.0)	(81.0, 0.0)	(82.0, 0.0)	(83.0, 0.0)	(84.0, 0.0)	(85.0, 0.0)	(86.0, 0.0)	(87.0, 0.0)	(88.0, 0.0)	(89.0, 0.0)	(90.0, 0.0)	(91.0, 0.0)	(92.0, 0.0)	(93.0, 0.0)	(94.0, 0.0)	(95.0, 0.0)	(96.0, 0.0)	(97.0, 0.0)	(98.0, 0.0)	(99.0, 0.0)	(100.0, 0.0)
SRR8438143_2	(0.0, 0.0)	(1.0, 0.0)	(2.0, 0.0)	(3.0, 0.0)	(4.0, 0.0)	(5.0, 0.0)	(6.0, 0.0)	(7.0, 0.0)	(8.0, 0.0)	(9.0, 0.0)	(10.0, 0.0)	(11.0, 0.0)	(12.0, 0.0)	(13.0, 0.0)	(14.0, 0.0)	(15.0, 0.0)	(16.0, 0.0)	(17.0, 0.0)	(18.0, 0.0)	(19.0, 0.0)	(20.0, 0.0)	(21.0, 0.0)	(22.0, 0.0)	(23.0, 0.0)	(24.0, 0.0)	(25.0, 0.0)	(26.0, 0.0)	(27.0, 0.3333333333333333)	(28.0, 0.6666666666666666)	(29.0, 0.3333333333333333)	(30.0, 4.0)	(31.0, 8.666666666666664)	(32.0, 3.0)	(33.0, 2.333333333333333)	(34.0, 2.6666666666666665)	(35.0, 5.999999999999998)	(36.0, 10.666666666666668)	(37.0, 6.999999999999997)	(38.0, 5.666666666666665)	(39.0, 11.000000000000002)	(40.0, 27.333333333333304)	(41.0, 51.000000000000085)	(42.0, 50.66666666666675)	(43.0, 54.33333333333344)	(44.0, 132.9999999999994)	(45.0, 188.00000000000097)	(46.0, 186.0000000000009)	(47.0, 229.66666666666882)	(48.0, 295.333333333334)	(49.0, 352.83333333333076)	(50.0, 321.4999999999992)	(51.0, 573.3333333333286)	(52.0, 1932.9999999998397)	(53.0, 1365.9999999999686)	(54.0, 1149.000000000018)	(55.0, 1160.0000000000155)	(56.0, 1210.000000000004)	(57.0, 1228.9999999999998)	(58.0, 965.6666666667065)	(59.0, 658.0000000000049)	(60.0, 460.3333333333246)	(61.0, 342.99999999999795)	(62.0, 188.66666666666765)	(63.0, 102.66666666666629)	(64.0, 64.66666666666683)	(65.0, 34.99999999999997)	(66.0, 15.333333333333343)	(67.0, 8.999999999999998)	(68.0, 10.666666666666668)	(69.0, 7.666666666666663)	(70.0, 1.9999999999999998)	(71.0, 1.3333333333333333)	(72.0, 0.0)	(73.0, 1.0)	(74.0, 1.3333333333333333)	(75.0, 0.3333333333333333)	(76.0, 0.3333333333333333)	(77.0, 0.0)	(78.0, 0.0)	(79.0, 0.0)	(80.0, 0.0)	(81.0, 0.3333333333333333)	(82.0, 0.0)	(83.0, 0.0)	(84.0, 0.0)	(85.0, 0.0)	(86.0, 0.0)	(87.0, 0.0)	(88.0, 0.0)	(89.0, 0.0)	(90.0, 0.0)	(91.0, 0.0)	(92.0, 0.0)	(93.0, 0.0)	(94.0, 0.0)	(95.0, 0.0)	(96.0, 0.0)	(97.0, 0.0)	(98.0, 0.0)	(99.0, 0.0)	(100.0, 0.0)
SRR8438144	(0.0, 0.0)	(1.0, 0.0)	(2.0, 0.0)	(3.0, 0.0)	(4.0, 0.0)	(5.0, 0.0)	(6.0, 0.0)	(7.0, 0.0)	(8.0, 0.0)	(9.0, 0.0)	(10.0, 0.0)	(11.0, 0.0)	(12.0, 0.0)	(13.0, 0.0)	(14.0, 0.0)	(15.0, 0.0)	(16.0, 0.0)	(17.0, 0.0)	(18.0, 0.0)	(19.0, 0.0)	(20.0, 0.0)	(21.0, 0.0)	(22.0, 0.0)	(23.0, 0.0)	(24.0, 0.0)	(25.0, 0.0)	(26.0, 0.0)	(27.0, 0.0)	(28.0, 0.0)	(29.0, 0.0)	(30.0, 0.0)	(31.0, 0.0)	(32.0, 0.0)	(33.0, 0.0)	(34.0, 0.0)	(35.0, 0.0)	(36.0, 0.0)	(37.0, 0.0)	(38.0, 0.0)	(39.0, 0.0)	(40.0, 0.3333333333333333)	(41.0, 0.3333333333333333)	(42.0, 0.3333333333333333)	(43.0, 0.6666666666666666)	(44.0, 1.0)	(45.0, 1.3333333333333333)	(46.0, 1.0)	(47.0, 1.6666666666666665)	(48.0, 2.333333333333333)	(49.0, 1.0)	(50.0, 0.3333333333333333)	(51.0, 0.3333333333333333)	(52.0, 0.3333333333333333)	(53.0, 0.3333333333333333)	(54.0, 0.0)	(55.0, 0.0)	(56.0, 0.0)	(57.0, 0.0)	(58.0, 0.0)	(59.0, 0.0)	(60.0, 0.0)	(61.0, 0.0)	(62.0, 0.0)	(63.0, 0.0)	(64.0, 0.0)	(65.0, 0.0)	(66.0, 0.0)	(67.0, 0.0)	(68.0, 0.0)	(69.0, 0.0)	(70.0, 0.0)	(71.0, 0.0)	(72.0, 0.0)	(73.0, 0.0)	(74.0, 0.0)	(75.0, 0.0)	(76.0, 0.0)	(77.0, 0.0)	(78.0, 0.0)	(79.0, 0.0)	(80.0, 0.0)	(81.0, 0.0)	(82.0, 0.0)	(83.0, 0.0)	(84.0, 0.0)	(85.0, 0.0)	(86.0, 0.0)	(87.0, 0.0)	(88.0, 0.0)	(89.0, 0.0)	(90.0, 0.0)	(91.0, 0.0)	(92.0, 0.0)	(93.0, 0.0)	(94.0, 0.0)	(95.0, 0.0)	(96.0, 0.0)	(97.0, 0.0)	(98.0, 0.0)	(99.0, 0.0)	(100.0, 0.0)
SRR8438144_1	(0.0, 0.0)	(1.0, 0.0)	(2.0, 0.0)	(3.0, 0.0)	(4.0, 0.0)	(5.0, 0.0)	(6.0, 0.0)	(7.0, 0.0)	(8.0, 0.0)	(9.0, 0.0)	(10.0, 0.0)	(11.0, 0.0)	(12.0, 0.0)	(13.0, 0.0)	(14.0, 0.0)	(15.0, 0.0)	(16.0, 0.0)	(17.0, 0.0)	(18.0, 0.0)	(19.0, 0.0)	(20.0, 0.0)	(21.0, 0.0)	(22.0, 0.0)	(23.0, 0.0)	(24.0, 0.0)	(25.0, 0.0)	(26.0, 0.0)	(27.0, 0.0)	(28.0, 0.3333333333333333)	(29.0, 1.3333333333333333)	(30.0, 2.333333333333333)	(31.0, 3.0)	(32.0, 4.333333333333333)	(33.0, 8.999999999999998)	(34.0, 8.666666666666664)	(35.0, 7.33333333333333)	(36.0, 7.9999999999999964)	(37.0, 11.66666666666667)	(38.0, 19.666666666666664)	(39.0, 27.999999999999968)	(40.0, 44.33333333333337)	(41.0, 58.666666666666806)	(42.0, 65.66666666666681)	(43.0, 139.66666666666626)	(44.0, 171.00000000000048)	(45.0, 252.00000000000279)	(46.0, 401.6666666666613)	(47.0, 443.9999999999922)	(48.0, 396.33333333332826)	(49.0, 469.6666666666574)	(50.0, 563.3333333333275)	(51.0, 974.0000000000408)	(52.0, 1196.6666666666738)	(53.0, 1528.333333333265)	(54.0, 1805.6666666665353)	(55.0, 1725.3333333332203)	(56.0, 1369.9999999999677)	(57.0, 947.6666666667045)	(58.0, 653.0000000000043)	(59.0, 373.9999999999962)	(60.0, 239.00000000000242)	(61.0, 127.99999999999926)	(62.0, 74.66666666666669)	(63.0, 28.3333333333333)	(64.0, 18.666666666666668)	(65.0, 7.9999999999999964)	(66.0, 3.666666666666667)	(67.0, 3.3333333333333335)	(68.0, 0.6666666666666666)	(69.0, 0.0)	(70.0, 0.0)	(71.0, 0.0)	(72.0, 0.0)	(73.0, 0.0)	(74.0, 0.0)	(75.0, 0.0)	(76.0, 0.0)	(77.0, 0.0)	(78.0, 0.0)	(79.0, 0.0)	(80.0, 0.0)	(81.0, 0.0)	(82.0, 0.0)	(83.0, 0.0)	(84.0, 0.0)	(85.0, 0.0)	(86.0, 0.0)	(87.0, 0.0)	(88.0, 0.0)	(89.0, 0.0)	(90.0, 0.0)	(91.0, 0.0)	(92.0, 0.0)	(93.0, 0.0)	(94.0, 0.0)	(95.0, 0.0)	(96.0, 0.0)	(97.0, 0.0)	(98.0, 0.0)	(99.0, 0.0)	(100.0, 0.0)
SRR8438144_2	(0.0, 0.0)	(1.0, 0.0)	(2.0, 0.0)	(3.0, 0.0)	(4.0, 0.0)	(5.0, 0.0)	(6.0, 0.0)	(7.0, 0.0)	(8.0, 0.0)	(9.0, 0.0)	(10.0, 0.0)	(11.0, 0.0)	(12.0, 0.0)	(13.0, 0.0)	(14.0, 0.0)	(15.0, 0.0)	(16.0, 0.0)	(17.0, 0.0)	(18.0, 0.0)	(19.0, 0.0)	(20.0, 0.0)	(21.0, 0.0)	(22.0, 0.0)	(23.0, 0.0)	(24.0, 0.0)	(25.0, 0.0)	(26.0, 0.3333333333333333)	(27.0, 0.0)	(28.0, 0.0)	(29.0, 0.3333333333333333)	(30.0, 2.6666666666666665)	(31.0, 3.0)	(32.0, 2.6666666666666665)	(33.0, 2.6666666666666665)	(34.0, 1.6666666666666665)	(35.0, 3.0)	(36.0, 7.33333333333333)	(37.0, 17.000000000000007)	(38.0, 14.000000000000007)	(39.0, 23.333333333333318)	(40.0, 52.666666666666764)	(41.0, 88.99999999999982)	(42.0, 95.66666666666639)	(43.0, 110.9999999999995)	(44.0, 206.00000000000148)	(45.0, 263.3333333333358)	(46.0, 211.33333333333496)	(47.0, 312.99999999999966)	(48.0, 421.33333333332683)	(49.0, 485.9999999999898)	(50.0, 434.16666666665947)	(51.0, 521.166666666656)	(52.0, 857.0000000000275)	(53.0, 1049.333333333374)	(54.0, 1277.9999999999886)	(55.0, 1409.6666666666254)	(56.0, 1490.9999999999402)	(57.0, 1371.3333333333007)	(58.0, 1041.3333333333758)	(59.0, 778.3333333333519)	(60.0, 576.9999999999957)	(61.0, 422.3333333333268)	(62.0, 272.000000000002)	(63.0, 140.99999999999963)	(64.0, 71.66666666666673)	(65.0, 35.99999999999998)	(66.0, 15.000000000000009)	(67.0, 15.000000000000009)	(68.0, 10.0)	(69.0, 3.0)	(70.0, 2.6666666666666665)	(71.0, 2.6666666666666665)	(72.0, 1.0)	(73.0, 1.3333333333333333)	(74.0, 0.6666666666666666)	(75.0, 0.0)	(76.0, 0.3333333333333333)	(77.0, 1.0)	(78.0, 0.6666666666666666)	(79.0, 0.0)	(80.0, 0.0)	(81.0, 0.0)	(82.0, 0.0)	(83.0, 0.0)	(84.0, 0.0)	(85.0, 0.0)	(86.0, 0.0)	(87.0, 0.0)	(88.0, 0.0)	(89.0, 0.0)	(90.0, 0.0)	(91.0, 0.0)	(92.0, 0.0)	(93.0, 0.0)	(94.0, 0.0)	(95.0, 0.0)	(96.0, 0.0)	(97.0, 0.0)	(98.0, 0.0)	(99.0, 0.0)	(100.0, 0.5)
SRR8438145	(0.0, 0.0)	(1.0, 0.0)	(2.0, 0.0)	(3.0, 0.0)	(4.0, 0.0)	(5.0, 0.0)	(6.0, 0.0)	(7.0, 0.0)	(8.0, 0.0)	(9.0, 0.0)	(10.0, 0.0)	(11.0, 0.0)	(12.0, 0.0)	(13.0, 0.0)	(14.0, 0.0)	(15.0, 0.0)	(16.0, 0.0)	(17.0, 0.0)	(18.0, 0.0)	(19.0, 0.0)	(20.0, 0.0)	(21.0, 0.0)	(22.0, 0.0)	(23.0, 0.0)	(24.0, 0.0)	(25.0, 0.0)	(26.0, 0.0)	(27.0, 0.0)	(28.0, 0.0)	(29.0, 0.0)	(30.0, 0.0)	(31.0, 0.0)	(32.0, 0.0)	(33.0, 0.0)	(34.0, 0.0)	(35.0, 0.0)	(36.0, 0.0)	(37.0, 0.0)	(38.0, 0.0)	(39.0, 0.0)	(40.0, 0.0)	(41.0, 0.3333333333333333)	(42.0, 0.3333333333333333)	(43.0, 0.3333333333333333)	(44.0, 0.6666666666666666)	(45.0, 1.3333333333333333)	(46.0, 2.333333333333333)	(47.0, 1.9999999999999998)	(48.0, 1.6666666666666665)	(49.0, 0.6666666666666666)	(50.0, 0.6666666666666666)	(51.0, 0.6666666666666666)	(52.0, 0.0)	(53.0, 0.0)	(54.0, 0.0)	(55.0, 0.0)	(56.0, 0.0)	(57.0, 0.0)	(58.0, 0.0)	(59.0, 0.0)	(60.0, 0.0)	(61.0, 0.0)	(62.0, 0.0)	(63.0, 0.0)	(64.0, 0.0)	(65.0, 0.0)	(66.0, 0.0)	(67.0, 0.0)	(68.0, 0.0)	(69.0, 0.0)	(70.0, 0.0)	(71.0, 0.0)	(72.0, 0.0)	(73.0, 0.0)	(74.0, 0.0)	(75.0, 0.0)	(76.0, 0.0)	(77.0, 0.0)	(78.0, 0.0)	(79.0, 0.0)	(80.0, 0.0)	(81.0, 0.0)	(82.0, 0.0)	(83.0, 0.0)	(84.0, 0.0)	(85.0, 0.0)	(86.0, 0.0)	(87.0, 0.0)	(88.0, 0.0)	(89.0, 0.0)	(90.0, 0.0)	(91.0, 0.0)	(92.0, 0.0)	(93.0, 0.0)	(94.0, 0.0)	(95.0, 0.0)	(96.0, 0.0)	(97.0, 0.0)	(98.0, 0.0)	(99.0, 0.0)	(100.0, 0.0)
SRR8438145_1	(0.0, 0.0)	(1.0, 0.0)	(2.0, 0.0)	(3.0, 0.0)	(4.0, 0.0)	(5.0, 0.0)	(6.0, 0.0)	(7.0, 0.0)	(8.0, 0.0)	(9.0, 0.0)	(10.0, 0.0)	(11.0, 0.0)	(12.0, 0.0)	(13.0, 0.0)	(14.0, 0.0)	(15.0, 0.0)	(16.0, 0.0)	(17.0, 0.0)	(18.0, 0.0)	(19.0, 8.666666666666664)	(20.0, 7.666666666666663)	(21.0, 0.0)	(22.0, 0.0)	(23.0, 0.0)	(24.0, 0.0)	(25.0, 0.0)	(26.0, 0.0)	(27.0, 0.3333333333333333)	(28.0, 0.3333333333333333)	(29.0, 0.0)	(30.0, 0.0)	(31.0, 0.0)	(32.0, 0.0)	(33.0, 1.0)	(34.0, 21.666666666666657)	(35.0, 13.000000000000005)	(36.0, 3.666666666666667)	(37.0, 5.666666666666665)	(38.0, 8.666666666666664)	(39.0, 13.33333333333334)	(40.0, 65.00000000000016)	(41.0, 82.33333333333324)	(42.0, 69.33333333333343)	(43.0, 99.333333333333)	(44.0, 133.99999999999943)	(45.0, 123.66666666666599)	(46.0, 119.99999999999937)	(47.0, 136.99999999999952)	(48.0, 146.33333333333312)	(49.0, 204.00000000000142)	(50.0, 532.3333333333239)	(51.0, 21426.99999999357)	(52.0, 25760.666666644473)	(53.0, 3981.0000000006926)	(54.0, 1381.3333333332985)	(55.0, 603.9999999999987)	(56.0, 303.33333333333354)	(57.0, 163.66666666666694)	(58.0, 84.33333333333321)	(59.0, 61.000000000000156)	(60.0, 33.66666666666663)	(61.0, 14.666666666666675)	(62.0, 6.333333333333331)	(63.0, 4.999999999999999)	(64.0, 3.666666666666667)	(65.0, 1.0)	(66.0, 0.3333333333333333)	(67.0, 0.6666666666666666)	(68.0, 0.0)	(69.0, 0.0)	(70.0, 0.0)	(71.0, 0.0)	(72.0, 0.0)	(73.0, 0.0)	(74.0, 0.0)	(75.0, 0.0)	(76.0, 0.0)	(77.0, 0.0)	(78.0, 0.0)	(79.0, 0.0)	(80.0, 0.0)	(81.0, 0.0)	(82.0, 0.0)	(83.0, 0.0)	(84.0, 0.0)	(85.0, 0.0)	(86.0, 0.0)	(87.0, 0.0)	(88.0, 0.0)	(89.0, 0.0)	(90.0, 0.0)	(91.0, 0.0)	(92.0, 0.0)	(93.0, 0.0)	(94.0, 0.0)	(95.0, 0.0)	(96.0, 0.0)	(97.0, 0.0)	(98.0, 0.0)	(99.0, 0.0)	(100.0, 0.0)
SRR8438145_2	(0.0, 0.0)	(1.0, 0.0)	(2.0, 0.0)	(3.0, 0.0)	(4.0, 0.0)	(5.0, 0.0)	(6.0, 0.0)	(7.0, 0.0)	(8.0, 0.0)	(9.0, 0.0)	(10.0, 0.0)	(11.0, 0.0)	(12.0, 0.0)	(13.0, 0.0)	(14.0, 0.0)	(15.0, 0.0)	(16.0, 1.0)	(17.0, 1.3333333333333333)	(18.0, 1.3333333333333333)	(19.0, 3.666666666666667)	(20.0, 6.333333333333331)	(21.0, 1.0)	(22.0, 1.0)	(23.0, 0.0)	(24.0, 0.0)	(25.0, 0.0)	(26.0, 0.0)	(27.0, 0.0)	(28.0, 0.0)	(29.0, 0.0)	(30.0, 0.0)	(31.0, 2.333333333333333)	(32.0, 2.6666666666666665)	(33.0, 1.9999999999999998)	(34.0, 4.333333333333333)	(35.0, 14.000000000000007)	(36.0, 5.666666666666665)	(37.0, 3.3333333333333335)	(38.0, 24.666666666666647)	(39.0, 26.499999999999975)	(40.0, 33.16666666666663)	(41.0, 37.66666666666666)	(42.0, 62.00000000000016)	(43.0, 98.33333333333302)	(44.0, 119.33333333333272)	(45.0, 97.33333333333303)	(46.0, 78.66666666666663)	(47.0, 88.66666666666649)	(48.0, 97.66666666666636)	(49.0, 120.3333333333327)	(50.0, 246.00000000000261)	(51.0, 810.1666666666889)	(52.0, 12223.833333337687)	(53.0, 19654.666666666686)	(54.0, 8195.999999997026)	(55.0, 3049.3333333336022)	(56.0, 1525.3333333332657)	(57.0, 855.0000000000273)	(58.0, 567.9999999999947)	(59.0, 392.9999999999951)	(60.0, 288.3333333333344)	(61.0, 225.6666666666687)	(62.0, 177.66666666666734)	(63.0, 136.66666666666617)	(64.0, 105.33333333333292)	(65.0, 64.66666666666683)	(66.0, 43.6666666666667)	(67.0, 27.333333333333304)	(68.0, 17.000000000000007)	(69.0, 12.000000000000004)	(70.0, 7.33333333333333)	(71.0, 4.666666666666666)	(72.0, 4.666666666666666)	(73.0, 2.333333333333333)	(74.0, 1.9999999999999998)	(75.0, 0.3333333333333333)	(76.0, 0.3333333333333333)	(77.0, 0.3333333333333333)	(78.0, 0.3333333333333333)	(79.0, 0.3333333333333333)	(80.0, 0.3333333333333333)	(81.0, 0.6666666666666666)	(82.0, 0.6666666666666666)	(83.0, 0.6666666666666666)	(84.0, 0.6666666666666666)	(85.0, 0.0)	(86.0, 0.0)	(87.0, 0.0)	(88.0, 0.3333333333333333)	(89.0, 0.0)	(90.0, 0.0)	(91.0, 0.0)	(92.0, 0.0)	(93.0, 0.0)	(94.0, 0.0)	(95.0, 0.0)	(96.0, 0.0)	(97.0, 0.0)	(98.0, 0.3333333333333333)	(99.0, 0.6666666666666666)	(100.0, 0.5)
SRR8438146	(0.0, 0.0)	(1.0, 0.0)	(2.0, 0.0)	(3.0, 0.0)	(4.0, 0.0)	(5.0, 0.0)	(6.0, 0.0)	(7.0, 0.0)	(8.0, 0.0)	(9.0, 0.0)	(10.0, 0.0)	(11.0, 0.0)	(12.0, 0.0)	(13.0, 0.0)	(14.0, 0.0)	(15.0, 0.0)	(16.0, 0.0)	(17.0, 0.0)	(18.0, 0.0)	(19.0, 0.0)	(20.0, 0.0)	(21.0, 0.0)	(22.0, 0.0)	(23.0, 0.0)	(24.0, 0.0)	(25.0, 0.0)	(26.0, 0.0)	(27.0, 0.0)	(28.0, 0.0)	(29.0, 0.0)	(30.0, 0.0)	(31.0, 0.0)	(32.0, 0.0)	(33.0, 0.0)	(34.0, 0.0)	(35.0, 0.0)	(36.0, 0.0)	(37.0, 0.0)	(38.0, 0.0)	(39.0, 0.3333333333333333)	(40.0, 0.3333333333333333)	(41.0, 0.0)	(42.0, 0.0)	(43.0, 0.3333333333333333)	(44.0, 0.3333333333333333)	(45.0, 0.6666666666666666)	(46.0, 0.3333333333333333)	(47.0, 0.6666666666666666)	(48.0, 1.6666666666666665)	(49.0, 1.3333333333333333)	(50.0, 0.6666666666666666)	(51.0, 0.0)	(52.0, 0.0)	(53.0, 0.0)	(54.0, 0.0)	(55.0, 0.0)	(56.0, 0.0)	(57.0, 0.0)	(58.0, 0.0)	(59.0, 0.0)	(60.0, 0.0)	(61.0, 0.0)	(62.0, 0.0)	(63.0, 0.0)	(64.0, 0.0)	(65.0, 0.0)	(66.0, 0.0)	(67.0, 0.0)	(68.0, 0.0)	(69.0, 0.0)	(70.0, 0.0)	(71.0, 0.0)	(72.0, 0.0)	(73.0, 0.0)	(74.0, 0.0)	(75.0, 0.0)	(76.0, 0.0)	(77.0, 0.0)	(78.0, 0.0)	(79.0, 0.0)	(80.0, 0.0)	(81.0, 0.0)	(82.0, 0.0)	(83.0, 0.0)	(84.0, 0.0)	(85.0, 0.0)	(86.0, 0.0)	(87.0, 0.0)	(88.0, 0.0)	(89.0, 0.0)	(90.0, 0.0)	(91.0, 0.0)	(92.0, 0.0)	(93.0, 0.0)	(94.0, 0.0)	(95.0, 0.0)	(96.0, 0.0)	(97.0, 0.0)	(98.0, 0.0)	(99.0, 0.0)	(100.0, 0.0)
SRR8438146_1	(0.0, 0.0)	(1.0, 0.0)	(2.0, 0.0)	(3.0, 0.0)	(4.0, 0.0)	(5.0, 0.0)	(6.0, 0.0)	(7.0, 0.0)	(8.0, 0.0)	(9.0, 0.0)	(10.0, 0.0)	(11.0, 0.0)	(12.0, 0.0)	(13.0, 0.0)	(14.0, 0.0)	(15.0, 0.0)	(16.0, 0.0)	(17.0, 0.0)	(18.0, 0.0)	(19.0, 0.0)	(20.0, 0.0)	(21.0, 0.0)	(22.0, 0.0)	(23.0, 0.0)	(24.0, 0.0)	(25.0, 0.0)	(26.0, 0.0)	(27.0, 0.0)	(28.0, 0.0)	(29.0, 0.0)	(30.0, 0.0)	(31.0, 0.0)	(32.0, 0.0)	(33.0, 0.0)	(34.0, 1.9999999999999998)	(35.0, 3.666666666666667)	(36.0, 3.0)	(37.0, 4.999999999999999)	(38.0, 3.666666666666667)	(39.0, 11.333333333333336)	(40.0, 151.33333333333326)	(41.0, 122.666666666666)	(42.0, 60.66666666666682)	(43.0, 70.00000000000009)	(44.0, 80.99999999999993)	(45.0, 100.99999999999964)	(46.0, 84.33333333333321)	(47.0, 88.99999999999982)	(48.0, 127.99999999999926)	(49.0, 1252.666666666661)	(50.0, 862.3333333333615)	(51.0, 18460.333333337698)	(52.0, 22413.99999998998)	(53.0, 3425.0000000004397)	(54.0, 1519.9999999999336)	(55.0, 601.9999999999985)	(56.0, 303.33333333333354)	(57.0, 150.99999999999991)	(58.0, 56.66666666666679)	(59.0, 36.66666666666665)	(60.0, 22.33333333333332)	(61.0, 12.000000000000004)	(62.0, 4.333333333333333)	(63.0, 3.3333333333333335)	(64.0, 1.0)	(65.0, 0.3333333333333333)	(66.0, 1.0)	(67.0, 0.3333333333333333)	(68.0, 0.3333333333333333)	(69.0, 0.0)	(70.0, 0.0)	(71.0, 0.0)	(72.0, 0.0)	(73.0, 0.0)	(74.0, 0.0)	(75.0, 0.0)	(76.0, 0.0)	(77.0, 0.0)	(78.0, 0.0)	(79.0, 0.0)	(80.0, 0.0)	(81.0, 0.0)	(82.0, 0.0)	(83.0, 0.0)	(84.0, 0.0)	(85.0, 0.0)	(86.0, 0.0)	(87.0, 0.0)	(88.0, 0.0)	(89.0, 0.0)	(90.0, 0.0)	(91.0, 0.0)	(92.0, 0.0)	(93.0, 0.0)	(94.0, 0.0)	(95.0, 0.0)	(96.0, 0.0)	(97.0, 0.0)	(98.0, 0.0)	(99.0, 0.0)	(100.0, 0.0)
SRR8438146_2	(0.0, 0.0)	(1.0, 0.0)	(2.0, 0.0)	(3.0, 0.0)	(4.0, 0.0)	(5.0, 0.0)	(6.0, 0.0)	(7.0, 0.0)	(8.0, 0.0)	(9.0, 0.0)	(10.0, 0.0)	(11.0, 0.0)	(12.0, 0.0)	(13.0, 0.0)	(14.0, 0.0)	(15.0, 0.0)	(16.0, 0.0)	(17.0, 0.0)	(18.0, 0.0)	(19.0, 0.0)	(20.0, 0.0)	(21.0, 0.0)	(22.0, 0.0)	(23.0, 0.0)	(24.0, 0.0)	(25.0, 0.0)	(26.0, 0.0)	(27.0, 0.0)	(28.0, 0.0)	(29.0, 0.0)	(30.0, 0.0)	(31.0, 0.0)	(32.0, 0.6666666666666666)	(33.0, 1.3333333333333333)	(34.0, 0.3333333333333333)	(35.0, 1.6666666666666665)	(36.0, 2.6666666666666665)	(37.0, 4.0)	(38.0, 45.666666666666714)	(39.0, 74.00000000000003)	(40.0, 93.33333333333309)	(41.0, 42.33333333333336)	(42.0, 55.666666666666785)	(43.0, 64.8333333333335)	(44.0, 62.16666666666683)	(45.0, 53.0000000000001)	(46.0, 64.3333333333335)	(47.0, 62.666666666666835)	(48.0, 59.66666666666681)	(49.0, 142.9999999999997)	(50.0, 1042.6666666667088)	(51.0, 1003.6666666667109)	(52.0, 7927.99999999726)	(53.0, 17204.333333342267)	(54.0, 8560.666666664356)	(55.0, 3211.333333333676)	(56.0, 1553.6666666665926)	(57.0, 888.000000000031)	(58.0, 546.3333333333255)	(59.0, 402.99999999999454)	(60.0, 296.0000000000006)	(61.0, 223.00000000000196)	(62.0, 157.00000000000009)	(63.0, 133.99999999999943)	(64.0, 103.9999999999996)	(65.0, 76.66666666666666)	(66.0, 54.33333333333344)	(67.0, 37.33333333333332)	(68.0, 24.333333333333314)	(69.0, 14.333333333333341)	(70.0, 12.000000000000004)	(71.0, 7.33333333333333)	(72.0, 3.3333333333333335)	(73.0, 1.6666666666666665)	(74.0, 0.3333333333333333)	(75.0, 0.3333333333333333)	(76.0, 0.0)	(77.0, 0.6666666666666666)	(78.0, 1.0)	(79.0, 0.3333333333333333)	(80.0, 0.3333333333333333)	(81.0, 0.6666666666666666)	(82.0, 0.3333333333333333)	(83.0, 0.6666666666666666)	(84.0, 0.0)	(85.0, 0.3333333333333333)	(86.0, 0.3333333333333333)	(87.0, 0.3333333333333333)	(88.0, 0.0)	(89.0, 0.3333333333333333)	(90.0, 0.3333333333333333)	(91.0, 0.3333333333333333)	(92.0, 0.0)	(93.0, 0.0)	(94.0, 0.0)	(95.0, 1.0)	(96.0, 0.6666666666666666)	(97.0, 0.0)	(98.0, 0.0)	(99.0, 0.3333333333333333)	(100.0, 2.5)
SRR8438147	(0.0, 0.0)	(1.0, 0.0)	(2.0, 0.0)	(3.0, 0.0)	(4.0, 0.0)	(5.0, 0.0)	(6.0, 0.0)	(7.0, 0.0)	(8.0, 0.0)	(9.0, 0.0)	(10.0, 0.0)	(11.0, 0.0)	(12.0, 0.0)	(13.0, 0.0)	(14.0, 0.0)	(15.0, 0.0)	(16.0, 0.0)	(17.0, 0.0)	(18.0, 0.0)	(19.0, 0.0)	(20.0, 0.0)	(21.0, 0.0)	(22.0, 0.0)	(23.0, 0.0)	(24.0, 0.0)	(25.0, 0.0)	(26.0, 0.0)	(27.0, 0.0)	(28.0, 0.0)	(29.0, 0.0)	(30.0, 0.0)	(31.0, 0.0)	(32.0, 0.0)	(33.0, 0.0)	(34.0, 0.0)	(35.0, 0.0)	(36.0, 0.0)	(37.0, 0.0)	(38.0, 0.0)	(39.0, 0.0)	(40.0, 0.0)	(41.0, 0.0)	(42.0, 0.0)	(43.0, 0.0)	(44.0, 0.3333333333333333)	(45.0, 0.3333333333333333)	(46.0, 0.0)	(47.0, 0.3333333333333333)	(48.0, 0.6666666666666666)	(49.0, 0.0)	(50.0, 0.3333333333333333)	(51.0, 0.3333333333333333)	(52.0, 0.0)	(53.0, 0.0)	(54.0, 0.0)	(55.0, 0.0)	(56.0, 0.0)	(57.0, 0.0)	(58.0, 0.0)	(59.0, 0.0)	(60.0, 0.0)	(61.0, 0.0)	(62.0, 0.0)	(63.0, 0.0)	(64.0, 0.0)	(65.0, 0.0)	(66.0, 0.0)	(67.0, 0.0)	(68.0, 0.0)	(69.0, 0.0)	(70.0, 0.0)	(71.0, 0.0)	(72.0, 0.0)	(73.0, 0.0)	(74.0, 0.0)	(75.0, 0.0)	(76.0, 0.0)	(77.0, 0.0)	(78.0, 0.0)	(79.0, 0.0)	(80.0, 0.0)	(81.0, 0.0)	(82.0, 0.0)	(83.0, 0.0)	(84.0, 0.0)	(85.0, 0.0)	(86.0, 0.0)	(87.0, 0.0)	(88.0, 0.0)	(89.0, 0.0)	(90.0, 0.0)	(91.0, 0.0)	(92.0, 0.0)	(93.0, 0.0)	(94.0, 0.0)	(95.0, 0.0)	(96.0, 0.0)	(97.0, 0.0)	(98.0, 0.0)	(99.0, 0.0)	(100.0, 0.0)
SRR8438147_1	(0.0, 0.0)	(1.0, 0.0)	(2.0, 0.0)	(3.0, 0.0)	(4.0, 0.0)	(5.0, 0.0)	(6.0, 0.0)	(7.0, 0.0)	(8.0, 0.0)	(9.0, 0.0)	(10.0, 0.0)	(11.0, 0.0)	(12.0, 0.0)	(13.0, 0.0)	(14.0, 0.0)	(15.0, 0.0)	(16.0, 0.0)	(17.0, 0.0)	(18.0, 0.0)	(19.0, 0.0)	(20.0, 0.0)	(21.0, 0.0)	(22.0, 0.0)	(23.0, 0.0)	(24.0, 0.0)	(25.0, 0.0)	(26.0, 0.0)	(27.0, 0.0)	(28.0, 0.0)	(29.0, 0.0)	(30.0, 0.3333333333333333)	(31.0, 0.6666666666666666)	(32.0, 0.3333333333333333)	(33.0, 2.333333333333333)	(34.0, 6.999999999999997)	(35.0, 7.666666666666663)	(36.0, 17.000000000000007)	(37.0, 24.99999999999998)	(38.0, 32.99999999999996)	(39.0, 73.00000000000004)	(40.0, 110.9999999999995)	(41.0, 129.99999999999932)	(42.0, 152.3333333333333)	(43.0, 176.33333333333397)	(44.0, 217.33333333333513)	(45.0, 229.00000000000213)	(46.0, 324.33333333333235)	(47.0, 429.6666666666597)	(48.0, 230.00000000000216)	(49.0, 186.33333333333425)	(50.0, 232.33333333333556)	(51.0, 4818.666666666754)	(52.0, 5345.999999999608)	(53.0, 1299.3333333333171)	(54.0, 10256.333333334107)	(55.0, 7662.999999997501)	(56.0, 794.3333333333537)	(57.0, 235.666666666669)	(58.0, 90.33333333333313)	(59.0, 49.33333333333341)	(60.0, 22.33333333333332)	(61.0, 10.333333333333334)	(62.0, 4.666666666666666)	(63.0, 3.0)	(64.0, 3.0)	(65.0, 2.333333333333333)	(66.0, 1.3333333333333333)	(67.0, 0.3333333333333333)	(68.0, 0.0)	(69.0, 0.3333333333333333)	(70.0, 0.3333333333333333)	(71.0, 0.3333333333333333)	(72.0, 0.0)	(73.0, 0.0)	(74.0, 0.0)	(75.0, 0.0)	(76.0, 0.0)	(77.0, 0.0)	(78.0, 0.0)	(79.0, 0.0)	(80.0, 0.0)	(81.0, 0.0)	(82.0, 0.0)	(83.0, 0.0)	(84.0, 0.0)	(85.0, 0.0)	(86.0, 0.0)	(87.0, 0.0)	(88.0, 0.0)	(89.0, 0.0)	(90.0, 0.0)	(91.0, 0.0)	(92.0, 0.0)	(93.0, 0.0)	(94.0, 0.0)	(95.0, 0.0)	(96.0, 0.0)	(97.0, 0.0)	(98.0, 0.0)	(99.0, 0.0)	(100.0, 0.0)
SRR8438147_2	(0.0, 0.0)	(1.0, 0.0)	(2.0, 0.0)	(3.0, 0.0)	(4.0, 0.0)	(5.0, 0.0)	(6.0, 0.0)	(7.0, 0.0)	(8.0, 0.0)	(9.0, 0.0)	(10.0, 0.0)	(11.0, 0.0)	(12.0, 0.0)	(13.0, 0.0)	(14.0, 0.0)	(15.0, 0.0)	(16.0, 0.0)	(17.0, 0.0)	(18.0, 0.0)	(19.0, 0.0)	(20.0, 0.0)	(21.0, 0.0)	(22.0, 0.0)	(23.0, 0.0)	(24.0, 0.0)	(25.0, 0.0)	(26.0, 0.0)	(27.0, 0.0)	(28.0, 0.0)	(29.0, 0.0)	(30.0, 0.0)	(31.0, 0.0)	(32.0, 0.0)	(33.0, 0.0)	(34.0, 0.6666666666666666)	(35.0, 3.3333333333333335)	(36.0, 3.3333333333333335)	(37.0, 1.9999999999999998)	(38.0, 3.3333333333333335)	(39.0, 6.666666666666664)	(40.0, 17.000000000000007)	(41.0, 31.999999999999954)	(42.0, 32.99999999999996)	(43.0, 49.33333333333341)	(44.0, 55.666666666666785)	(45.0, 80.83333333333327)	(46.0, 97.16666666666637)	(47.0, 234.00000000000227)	(48.0, 337.6666666666649)	(49.0, 273.33333333333525)	(50.0, 316.3333333333328)	(51.0, 478.9999999999902)	(52.0, 3447.6666666671167)	(53.0, 3884.6666666673154)	(54.0, 3490.6666666671363)	(55.0, 8905.33333333165)	(56.0, 5037.666666666555)	(57.0, 1867.9999999998545)	(58.0, 890.666666666698)	(59.0, 478.9999999999902)	(60.0, 302.3333333333336)	(61.0, 197.00000000000122)	(62.0, 133.33333333333275)	(63.0, 108.99999999999953)	(64.0, 78.66666666666663)	(65.0, 53.0000000000001)	(66.0, 25.666666666666643)	(67.0, 20.999999999999993)	(68.0, 14.333333333333341)	(69.0, 6.333333333333331)	(70.0, 1.6666666666666665)	(71.0, 1.6666666666666665)	(72.0, 1.0)	(73.0, 0.3333333333333333)	(74.0, 0.0)	(75.0, 0.3333333333333333)	(76.0, 0.3333333333333333)	(77.0, 0.0)	(78.0, 0.0)	(79.0, 0.3333333333333333)	(80.0, 0.6666666666666666)	(81.0, 0.0)	(82.0, 0.0)	(83.0, 0.0)	(84.0, 0.0)	(85.0, 0.0)	(86.0, 0.0)	(87.0, 0.0)	(88.0, 0.3333333333333333)	(89.0, 0.3333333333333333)	(90.0, 0.0)	(91.0, 0.0)	(92.0, 0.3333333333333333)	(93.0, 0.3333333333333333)	(94.0, 0.0)	(95.0, 0.0)	(96.0, 0.0)	(97.0, 0.0)	(98.0, 0.6666666666666666)	(99.0, 0.6666666666666666)	(100.0, 1.5)
SRR8438148	(0.0, 0.0)	(1.0, 0.0)	(2.0, 0.0)	(3.0, 0.0)	(4.0, 0.0)	(5.0, 0.0)	(6.0, 0.0)	(7.0, 0.0)	(8.0, 0.0)	(9.0, 0.0)	(10.0, 0.0)	(11.0, 0.0)	(12.0, 0.0)	(13.0, 0.0)	(14.0, 0.0)	(15.0, 0.0)	(16.0, 0.0)	(17.0, 0.0)	(18.0, 0.0)	(19.0, 0.0)	(20.0, 0.0)	(21.0, 0.0)	(22.0, 0.0)	(23.0, 0.0)	(24.0, 0.0)	(25.0, 0.0)	(26.0, 0.0)	(27.0, 0.0)	(28.0, 0.0)	(29.0, 0.0)	(30.0, 0.0)	(31.0, 0.0)	(32.0, 0.0)	(33.0, 0.0)	(34.0, 0.0)	(35.0, 0.0)	(36.0, 0.0)	(37.0, 0.0)	(38.0, 0.0)	(39.0, 0.0)	(40.0, 0.0)	(41.0, 0.3333333333333333)	(42.0, 0.3333333333333333)	(43.0, 0.0)	(44.0, 0.0)	(45.0, 0.6666666666666666)	(46.0, 0.6666666666666666)	(47.0, 0.0)	(48.0, 0.0)	(49.0, 0.3333333333333333)	(50.0, 0.0)	(51.0, 0.0)	(52.0, 0.0)	(53.0, 0.0)	(54.0, 0.0)	(55.0, 0.0)	(56.0, 0.0)	(57.0, 0.0)	(58.0, 0.0)	(59.0, 0.0)	(60.0, 0.0)	(61.0, 0.0)	(62.0, 0.0)	(63.0, 0.0)	(64.0, 0.0)	(65.0, 0.0)	(66.0, 0.0)	(67.0, 0.0)	(68.0, 0.0)	(69.0, 0.0)	(70.0, 0.0)	(71.0, 0.0)	(72.0, 0.0)	(73.0, 0.0)	(74.0, 0.0)	(75.0, 0.0)	(76.0, 0.0)	(77.0, 0.0)	(78.0, 0.0)	(79.0, 0.0)	(80.0, 0.0)	(81.0, 0.0)	(82.0, 0.0)	(83.0, 0.0)	(84.0, 0.0)	(85.0, 0.0)	(86.0, 0.0)	(87.0, 0.0)	(88.0, 0.0)	(89.0, 0.0)	(90.0, 0.0)	(91.0, 0.0)	(92.0, 0.0)	(93.0, 0.0)	(94.0, 0.0)	(95.0, 0.0)	(96.0, 0.0)	(97.0, 0.0)	(98.0, 0.0)	(99.0, 0.0)	(100.0, 0.0)
SRR8438148_1	(0.0, 0.0)	(1.0, 0.0)	(2.0, 0.0)	(3.0, 0.0)	(4.0, 0.0)	(5.0, 0.0)	(6.0, 0.0)	(7.0, 0.0)	(8.0, 0.0)	(9.0, 0.0)	(10.0, 0.0)	(11.0, 0.0)	(12.0, 0.0)	(13.0, 0.0)	(14.0, 0.0)	(15.0, 0.0)	(16.0, 0.0)	(17.0, 0.0)	(18.0, 0.0)	(19.0, 0.0)	(20.0, 0.0)	(21.0, 0.0)	(22.0, 0.0)	(23.0, 0.0)	(24.0, 0.0)	(25.0, 0.0)	(26.0, 0.0)	(27.0, 0.0)	(28.0, 0.0)	(29.0, 0.0)	(30.0, 0.0)	(31.0, 0.0)	(32.0, 0.3333333333333333)	(33.0, 0.0)	(34.0, 0.0)	(35.0, 0.0)	(36.0, 1.0)	(37.0, 2.6666666666666665)	(38.0, 3.666666666666667)	(39.0, 8.33333333333333)	(40.0, 23.333333333333318)	(41.0, 18.666666666666668)	(42.0, 23.333333333333318)	(43.0, 43.6666666666667)	(44.0, 51.000000000000085)	(45.0, 60.00000000000015)	(46.0, 114.99999999999945)	(47.0, 130.33333333333266)	(48.0, 59.33333333333348)	(49.0, 191.00000000000105)	(50.0, 312.66666666666634)	(51.0, 6542.666666665186)	(52.0, 6603.333333331798)	(53.0, 1580.9999999999197)	(54.0, 16469.666666678273)	(55.0, 12527.333333338238)	(56.0, 1115.0000000000257)	(57.0, 264.33333333333576)	(58.0, 93.33333333333309)	(59.0, 46.333333333333385)	(60.0, 21.666666666666657)	(61.0, 14.333333333333341)	(62.0, 12.000000000000004)	(63.0, 7.666666666666663)	(64.0, 4.0)	(65.0, 3.0)	(66.0, 1.0)	(67.0, 1.3333333333333333)	(68.0, 1.3333333333333333)	(69.0, 0.3333333333333333)	(70.0, 0.0)	(71.0, 0.0)	(72.0, 0.0)	(73.0, 0.0)	(74.0, 0.0)	(75.0, 0.0)	(76.0, 0.0)	(77.0, 0.0)	(78.0, 0.0)	(79.0, 0.0)	(80.0, 0.0)	(81.0, 0.0)	(82.0, 0.0)	(83.0, 0.0)	(84.0, 0.0)	(85.0, 0.0)	(86.0, 0.0)	(87.0, 0.0)	(88.0, 0.0)	(89.0, 0.0)	(90.0, 0.0)	(91.0, 0.0)	(92.0, 0.0)	(93.0, 0.0)	(94.0, 0.0)	(95.0, 0.0)	(96.0, 0.0)	(97.0, 0.0)	(98.0, 0.0)	(99.0, 0.0)	(100.0, 0.0)
SRR8438148_2	(0.0, 0.0)	(1.0, 0.0)	(2.0, 0.0)	(3.0, 0.0)	(4.0, 0.0)	(5.0, 0.0)	(6.0, 0.0)	(7.0, 0.0)	(8.0, 0.0)	(9.0, 0.0)	(10.0, 0.0)	(11.0, 0.0)	(12.0, 0.0)	(13.0, 0.0)	(14.0, 0.0)	(15.0, 0.0)	(16.0, 0.0)	(17.0, 0.0)	(18.0, 0.0)	(19.0, 0.0)	(20.0, 0.0)	(21.0, 0.0)	(22.0, 0.0)	(23.0, 0.0)	(24.0, 0.0)	(25.0, 0.0)	(26.0, 0.0)	(27.0, 0.0)	(28.0, 0.0)	(29.0, 0.0)	(30.0, 0.0)	(31.0, 0.0)	(32.0, 0.0)	(33.0, 0.0)	(34.0, 0.3333333333333333)	(35.0, 0.6666666666666666)	(36.0, 1.0)	(37.0, 0.6666666666666666)	(38.0, 2.6666666666666665)	(39.0, 6.833333333333331)	(40.0, 13.166666666666671)	(41.0, 8.666666666666664)	(42.0, 14.333333333333341)	(43.0, 24.99999999999998)	(44.0, 30.333333333333293)	(45.0, 33.999999999999964)	(46.0, 41.500000000000014)	(47.0, 79.83333333333329)	(48.0, 89.33333333333314)	(49.0, 71.3333333333334)	(50.0, 194.16666666666782)	(51.0, 396.49999999999494)	(52.0, 3899.6666666673223)	(53.0, 5175.999999999763)	(54.0, 5175.333333333097)	(55.0, 14171.666666674562)	(56.0, 7916.333333330604)	(57.0, 2808.666666666826)	(58.0, 1237.3333333333312)	(59.0, 641.3333333333363)	(60.0, 398.33333333332814)	(61.0, 257.66666666666947)	(62.0, 188.00000000000097)	(63.0, 139.33333333333292)	(64.0, 101.99999999999963)	(65.0, 68.66666666666677)	(66.0, 52.33333333333343)	(67.0, 34.99999999999997)	(68.0, 20.66666666666666)	(69.0, 8.666666666666664)	(70.0, 4.999999999999999)	(71.0, 2.333333333333333)	(72.0, 0.6666666666666666)	(73.0, 0.0)	(74.0, 0.3333333333333333)	(75.0, 0.6666666666666666)	(76.0, 1.0)	(77.0, 0.3333333333333333)	(78.0, 0.0)	(79.0, 0.6666666666666666)	(80.0, 0.6666666666666666)	(81.0, 0.0)	(82.0, 0.0)	(83.0, 0.0)	(84.0, 0.0)	(85.0, 0.6666666666666666)	(86.0, 0.3333333333333333)	(87.0, 0.3333333333333333)	(88.0, 0.6666666666666666)	(89.0, 0.0)	(90.0, 0.3333333333333333)	(91.0, 0.3333333333333333)	(92.0, 0.0)	(93.0, 0.0)	(94.0, 0.0)	(95.0, 0.0)	(96.0, 0.0)	(97.0, 0.0)	(98.0, 0.0)	(99.0, 0.3333333333333333)	(100.0, 0.0)
SRR8438149	(0.0, 0.0)	(1.0, 0.0)	(2.0, 0.0)	(3.0, 0.0)	(4.0, 0.0)	(5.0, 0.0)	(6.0, 0.0)	(7.0, 0.0)	(8.0, 0.0)	(9.0, 0.0)	(10.0, 0.0)	(11.0, 0.0)	(12.0, 0.0)	(13.0, 0.0)	(14.0, 0.0)	(15.0, 0.0)	(16.0, 0.0)	(17.0, 0.0)	(18.0, 0.0)	(19.0, 0.0)	(20.0, 0.0)	(21.0, 0.0)	(22.0, 0.0)	(23.0, 0.0)	(24.0, 0.0)	(25.0, 0.0)	(26.0, 0.0)	(27.0, 0.0)	(28.0, 0.0)	(29.0, 0.0)	(30.0, 0.0)	(31.0, 0.0)	(32.0, 0.0)	(33.0, 0.0)	(34.0, 0.0)	(35.0, 0.0)	(36.0, 0.0)	(37.0, 0.0)	(38.0, 0.0)	(39.0, 0.0)	(40.0, 0.0)	(41.0, 0.3333333333333333)	(42.0, 0.6666666666666666)	(43.0, 0.3333333333333333)	(44.0, 0.3333333333333333)	(45.0, 0.3333333333333333)	(46.0, 0.3333333333333333)	(47.0, 0.3333333333333333)	(48.0, 1.0)	(49.0, 0.0)	(50.0, 0.6666666666666666)	(51.0, 0.6666666666666666)	(52.0, 0.6666666666666666)	(53.0, 0.3333333333333333)	(54.0, 0.0)	(55.0, 0.0)	(56.0, 0.0)	(57.0, 0.0)	(58.0, 0.0)	(59.0, 0.0)	(60.0, 0.0)	(61.0, 0.0)	(62.0, 0.0)	(63.0, 0.0)	(64.0, 0.0)	(65.0, 0.0)	(66.0, 0.0)	(67.0, 0.0)	(68.0, 0.0)	(69.0, 0.0)	(70.0, 0.0)	(71.0, 0.0)	(72.0, 0.0)	(73.0, 0.0)	(74.0, 0.0)	(75.0, 0.0)	(76.0, 0.0)	(77.0, 0.0)	(78.0, 0.0)	(79.0, 0.0)	(80.0, 0.0)	(81.0, 0.0)	(82.0, 0.0)	(83.0, 0.0)	(84.0, 0.0)	(85.0, 0.0)	(86.0, 0.0)	(87.0, 0.0)	(88.0, 0.0)	(89.0, 0.0)	(90.0, 0.0)	(91.0, 0.0)	(92.0, 0.0)	(93.0, 0.0)	(94.0, 0.0)	(95.0, 0.0)	(96.0, 0.0)	(97.0, 0.0)	(98.0, 0.0)	(99.0, 0.0)	(100.0, 0.0)
SRR8438149_1	(0.0, 0.0)	(1.0, 0.0)	(2.0, 0.0)	(3.0, 0.0)	(4.0, 0.0)	(5.0, 0.0)	(6.0, 0.0)	(7.0, 0.0)	(8.0, 0.0)	(9.0, 0.0)	(10.0, 0.0)	(11.0, 0.0)	(12.0, 0.0)	(13.0, 0.0)	(14.0, 0.0)	(15.0, 0.0)	(16.0, 0.0)	(17.0, 0.0)	(18.0, 0.0)	(19.0, 0.0)	(20.0, 0.0)	(21.0, 0.0)	(22.0, 0.0)	(23.0, 0.0)	(24.0, 0.0)	(25.0, 1.0)	(26.0, 1.6666666666666665)	(27.0, 1.0)	(28.0, 0.0)	(29.0, 0.3333333333333333)	(30.0, 1.3333333333333333)	(31.0, 1.3333333333333333)	(32.0, 1.0)	(33.0, 0.3333333333333333)	(34.0, 1.6666666666666665)	(35.0, 1.9999999999999998)	(36.0, 1.9999999999999998)	(37.0, 3.0)	(38.0, 5.999999999999998)	(39.0, 14.666666666666675)	(40.0, 20.66666666666666)	(41.0, 32.99999999999996)	(42.0, 43.333333333333364)	(43.0, 59.33333333333348)	(44.0, 64.66666666666683)	(45.0, 87.33333333333317)	(46.0, 113.99999999999946)	(47.0, 94.99999999999973)	(48.0, 80.99999999999993)	(49.0, 99.66666666666633)	(50.0, 454.33333333332496)	(51.0, 17131.333333342533)	(52.0, 20990.666666661826)	(53.0, 3284.6666666670426)	(54.0, 808.6666666666887)	(55.0, 237.66666666666904)	(56.0, 93.99999999999974)	(57.0, 53.0000000000001)	(58.0, 32.66666666666662)	(59.0, 21.666666666666657)	(60.0, 7.666666666666663)	(61.0, 10.333333333333334)	(62.0, 8.33333333333333)	(63.0, 5.999999999999998)	(64.0, 1.0)	(65.0, 0.0)	(66.0, 0.3333333333333333)	(67.0, 0.0)	(68.0, 0.0)	(69.0, 0.0)	(70.0, 0.0)	(71.0, 0.0)	(72.0, 0.0)	(73.0, 0.0)	(74.0, 0.0)	(75.0, 0.0)	(76.0, 0.0)	(77.0, 0.0)	(78.0, 0.0)	(79.0, 0.0)	(80.0, 0.0)	(81.0, 0.0)	(82.0, 0.0)	(83.0, 0.0)	(84.0, 0.0)	(85.0, 0.0)	(86.0, 0.0)	(87.0, 0.0)	(88.0, 0.0)	(89.0, 0.0)	(90.0, 0.0)	(91.0, 0.0)	(92.0, 0.0)	(93.0, 0.0)	(94.0, 0.0)	(95.0, 0.0)	(96.0, 0.0)	(97.0, 0.0)	(98.0, 0.0)	(99.0, 0.0)	(100.0, 0.0)
SRR8438149_2	(0.0, 0.0)	(1.0, 0.0)	(2.0, 0.0)	(3.0, 0.0)	(4.0, 0.0)	(5.0, 0.0)	(6.0, 0.0)	(7.0, 0.0)	(8.0, 0.0)	(9.0, 0.0)	(10.0, 0.0)	(11.0, 0.0)	(12.0, 0.0)	(13.0, 0.0)	(14.0, 0.0)	(15.0, 0.0)	(16.0, 0.0)	(17.0, 0.0)	(18.0, 0.0)	(19.0, 0.0)	(20.0, 0.3333333333333333)	(21.0, 0.3333333333333333)	(22.0, 0.0)	(23.0, 0.0)	(24.0, 0.0)	(25.0, 0.0)	(26.0, 1.9999999999999998)	(27.0, 1.3333333333333333)	(28.0, 0.3333333333333333)	(29.0, 0.3333333333333333)	(30.0, 0.6666666666666666)	(31.0, 0.6666666666666666)	(32.0, 0.6666666666666666)	(33.0, 0.6666666666666666)	(34.0, 1.3333333333333333)	(35.0, 1.6666666666666665)	(36.0, 0.6666666666666666)	(37.0, 0.3333333333333333)	(38.0, 1.6666666666666665)	(39.0, 6.333333333333331)	(40.0, 15.000000000000009)	(41.0, 19.0)	(42.0, 26.99999999999997)	(43.0, 40.500000000000014)	(44.0, 58.666666666666806)	(45.0, 94.49999999999974)	(46.0, 118.99999999999939)	(47.0, 82.49999999999991)	(48.0, 67.50000000000013)	(49.0, 81.99999999999991)	(50.0, 149.3333333333332)	(51.0, 732.0000000000133)	(52.0, 13564.666666673458)	(53.0, 18589.66666667056)	(54.0, 5094.33333333317)	(55.0, 1731.333333333219)	(56.0, 755.6666666666827)	(57.0, 398.99999999999477)	(58.0, 264.33333333333576)	(59.0, 183.33333333333417)	(60.0, 126.33333333333262)	(61.0, 100.33333333333299)	(62.0, 64.66666666666683)	(63.0, 49.00000000000007)	(64.0, 34.666666666666636)	(65.0, 19.0)	(66.0, 11.333333333333336)	(67.0, 8.33333333333333)	(68.0, 4.333333333333333)	(69.0, 3.3333333333333335)	(70.0, 3.0)	(71.0, 1.6666666666666665)	(72.0, 1.3333333333333333)	(73.0, 1.0)	(74.0, 0.6666666666666666)	(75.0, 0.0)	(76.0, 0.0)	(77.0, 0.6666666666666666)	(78.0, 0.6666666666666666)	(79.0, 0.0)	(80.0, 0.0)	(81.0, 0.0)	(82.0, 0.0)	(83.0, 0.3333333333333333)	(84.0, 0.3333333333333333)	(85.0, 0.3333333333333333)	(86.0, 0.0)	(87.0, 0.3333333333333333)	(88.0, 0.6666666666666666)	(89.0, 0.0)	(90.0, 0.0)	(91.0, 0.0)	(92.0, 0.0)	(93.0, 0.0)	(94.0, 0.0)	(95.0, 0.0)	(96.0, 0.0)	(97.0, 0.0)	(98.0, 0.0)	(99.0, 0.0)	(100.0, 0.0)
SRR8438150	(0.0, 0.0)	(1.0, 0.0)	(2.0, 0.0)	(3.0, 0.0)	(4.0, 0.0)	(5.0, 0.0)	(6.0, 0.0)	(7.0, 0.0)	(8.0, 0.0)	(9.0, 0.0)	(10.0, 0.0)	(11.0, 0.0)	(12.0, 0.0)	(13.0, 0.0)	(14.0, 0.0)	(15.0, 0.0)	(16.0, 0.0)	(17.0, 0.0)	(18.0, 0.0)	(19.0, 0.0)	(20.0, 0.0)	(21.0, 0.0)	(22.0, 0.0)	(23.0, 0.0)	(24.0, 0.0)	(25.0, 0.0)	(26.0, 0.0)	(27.0, 0.0)	(28.0, 0.0)	(29.0, 0.0)	(30.0, 0.0)	(31.0, 0.0)	(32.0, 0.0)	(33.0, 0.0)	(34.0, 0.0)	(35.0, 0.0)	(36.0, 0.0)	(37.0, 0.0)	(38.0, 0.0)	(39.0, 0.0)	(40.0, 0.0)	(41.0, 0.0)	(42.0, 0.0)	(43.0, 0.3333333333333333)	(44.0, 0.6666666666666666)	(45.0, 0.3333333333333333)	(46.0, 1.3333333333333333)	(47.0, 0.3333333333333333)	(48.0, 0.6666666666666666)	(49.0, 1.3333333333333333)	(50.0, 0.6666666666666666)	(51.0, 0.3333333333333333)	(52.0, 1.0)	(53.0, 0.0)	(54.0, 0.0)	(55.0, 0.0)	(56.0, 0.3333333333333333)	(57.0, 0.3333333333333333)	(58.0, 0.0)	(59.0, 0.0)	(60.0, 0.0)	(61.0, 0.0)	(62.0, 0.0)	(63.0, 0.0)	(64.0, 0.0)	(65.0, 0.0)	(66.0, 0.0)	(67.0, 0.0)	(68.0, 0.0)	(69.0, 0.0)	(70.0, 0.0)	(71.0, 0.0)	(72.0, 0.0)	(73.0, 0.0)	(74.0, 0.0)	(75.0, 0.0)	(76.0, 0.0)	(77.0, 0.0)	(78.0, 0.0)	(79.0, 0.0)	(80.0, 0.0)	(81.0, 0.0)	(82.0, 0.0)	(83.0, 0.0)	(84.0, 0.0)	(85.0, 0.0)	(86.0, 0.0)	(87.0, 0.0)	(88.0, 0.0)	(89.0, 0.0)	(90.0, 0.0)	(91.0, 0.0)	(92.0, 0.0)	(93.0, 0.0)	(94.0, 0.0)	(95.0, 0.0)	(96.0, 0.0)	(97.0, 0.0)	(98.0, 0.0)	(99.0, 0.0)	(100.0, 0.0)
SRR8438150_1	(0.0, 0.0)	(1.0, 0.0)	(2.0, 0.0)	(3.0, 0.0)	(4.0, 0.0)	(5.0, 0.0)	(6.0, 0.0)	(7.0, 0.0)	(8.0, 0.0)	(9.0, 0.0)	(10.0, 0.0)	(11.0, 0.0)	(12.0, 0.0)	(13.0, 0.0)	(14.0, 0.0)	(15.0, 0.0)	(16.0, 0.0)	(17.0, 0.0)	(18.0, 0.0)	(19.0, 0.0)	(20.0, 0.0)	(21.0, 0.0)	(22.0, 0.0)	(23.0, 0.0)	(24.0, 0.0)	(25.0, 0.0)	(26.0, 0.0)	(27.0, 0.0)	(28.0, 0.3333333333333333)	(29.0, 0.3333333333333333)	(30.0, 1.0)	(31.0, 1.3333333333333333)	(32.0, 1.6666666666666665)	(33.0, 1.6666666666666665)	(34.0, 0.6666666666666666)	(35.0, 1.0)	(36.0, 2.333333333333333)	(37.0, 3.666666666666667)	(38.0, 10.0)	(39.0, 16.00000000000001)	(40.0, 26.99999999999997)	(41.0, 47.66666666666673)	(42.0, 54.33333333333344)	(43.0, 107.99999999999955)	(44.0, 180.00000000000074)	(45.0, 236.33333333333567)	(46.0, 190.6666666666677)	(47.0, 178.00000000000068)	(48.0, 126.66666666666595)	(49.0, 118.33333333333273)	(50.0, 451.33333333332513)	(51.0, 12297.33333333782)	(52.0, 14811.666666675726)	(53.0, 2464.6666666666697)	(54.0, 780.3333333333521)	(55.0, 269.6666666666688)	(56.0, 262.3333333333359)	(57.0, 259.33333333333604)	(58.0, 73.33333333333337)	(59.0, 27.333333333333304)	(60.0, 13.33333333333334)	(61.0, 6.333333333333331)	(62.0, 1.6666666666666665)	(63.0, 0.6666666666666666)	(64.0, 0.0)	(65.0, 0.0)	(66.0, 0.0)	(67.0, 0.0)	(68.0, 0.0)	(69.0, 0.0)	(70.0, 0.0)	(71.0, 0.0)	(72.0, 0.0)	(73.0, 0.0)	(74.0, 0.0)	(75.0, 0.0)	(76.0, 0.0)	(77.0, 0.0)	(78.0, 0.0)	(79.0, 0.0)	(80.0, 0.0)	(81.0, 0.0)	(82.0, 0.0)	(83.0, 0.0)	(84.0, 0.0)	(85.0, 0.0)	(86.0, 0.0)	(87.0, 0.0)	(88.0, 0.0)	(89.0, 0.0)	(90.0, 0.0)	(91.0, 0.0)	(92.0, 0.0)	(93.0, 0.0)	(94.0, 0.0)	(95.0, 0.0)	(96.0, 0.0)	(97.0, 0.0)	(98.0, 0.0)	(99.0, 0.0)	(100.0, 0.0)
SRR8438150_2	(0.0, 0.0)	(1.0, 0.0)	(2.0, 0.0)	(3.0, 0.0)	(4.0, 0.0)	(5.0, 0.0)	(6.0, 0.0)	(7.0, 0.0)	(8.0, 0.0)	(9.0, 0.0)	(10.0, 0.0)	(11.0, 0.0)	(12.0, 0.0)	(13.0, 0.0)	(14.0, 0.0)	(15.0, 0.0)	(16.0, 0.0)	(17.0, 0.0)	(18.0, 0.0)	(19.0, 0.0)	(20.0, 0.0)	(21.0, 0.0)	(22.0, 0.0)	(23.0, 0.0)	(24.0, 0.0)	(25.0, 0.0)	(26.0, 0.3333333333333333)	(27.0, 0.0)	(28.0, 0.0)	(29.0, 0.0)	(30.0, 0.0)	(31.0, 0.3333333333333333)	(32.0, 1.0)	(33.0, 0.3333333333333333)	(34.0, 1.0)	(35.0, 0.6666666666666666)	(36.0, 0.0)	(37.0, 3.3333333333333335)	(38.0, 4.166666666666667)	(39.0, 9.5)	(40.0, 20.83333333333333)	(41.0, 47.8333333333334)	(42.0, 80.6666666666666)	(43.0, 109.99999999999952)	(44.0, 162.6666666666669)	(45.0, 154.66666666666669)	(46.0, 155.00000000000003)	(47.0, 126.66666666666595)	(48.0, 126.99999999999928)	(49.0, 134.99999999999946)	(50.0, 160.3333333333335)	(51.0, 779.0000000000186)	(52.0, 9823.33333333332)	(53.0, 13022.666666672472)	(54.0, 3733.00000000058)	(55.0, 1350.999999999972)	(56.0, 689.0000000000084)	(57.0, 541.9999999999917)	(58.0, 347.33333333333104)	(59.0, 193.33333333333445)	(60.0, 115.6666666666661)	(61.0, 76.99999999999999)	(62.0, 54.66666666666678)	(63.0, 37.99999999999999)	(64.0, 29.99999999999996)	(65.0, 24.333333333333314)	(66.0, 16.333333333333343)	(67.0, 7.9999999999999964)	(68.0, 4.999999999999999)	(69.0, 4.333333333333333)	(70.0, 3.0)	(71.0, 1.6666666666666665)	(72.0, 1.3333333333333333)	(73.0, 0.6666666666666666)	(74.0, 0.3333333333333333)	(75.0, 0.3333333333333333)	(76.0, 0.0)	(77.0, 0.6666666666666666)	(78.0, 0.3333333333333333)	(79.0, 0.0)	(80.0, 0.0)	(81.0, 0.0)	(82.0, 0.0)	(83.0, 0.0)	(84.0, 0.0)	(85.0, 0.0)	(86.0, 0.0)	(87.0, 0.0)	(88.0, 0.0)	(89.0, 0.3333333333333333)	(90.0, 0.3333333333333333)	(91.0, 0.3333333333333333)	(92.0, 0.0)	(93.0, 0.0)	(94.0, 0.0)	(95.0, 0.0)	(96.0, 0.0)	(97.0, 0.0)	(98.0, 0.0)	(99.0, 0.0)	(100.0, 0.0)
SRR8438151	(0.0, 0.0)	(1.0, 0.0)	(2.0, 0.0)	(3.0, 0.0)	(4.0, 0.0)	(5.0, 0.0)	(6.0, 0.0)	(7.0, 0.0)	(8.0, 0.0)	(9.0, 0.0)	(10.0, 0.0)	(11.0, 0.0)	(12.0, 0.0)	(13.0, 0.0)	(14.0, 0.0)	(15.0, 0.0)	(16.0, 0.0)	(17.0, 0.0)	(18.0, 0.0)	(19.0, 0.0)	(20.0, 0.0)	(21.0, 0.0)	(22.0, 0.0)	(23.0, 0.0)	(24.0, 0.0)	(25.0, 0.0)	(26.0, 0.0)	(27.0, 0.0)	(28.0, 0.0)	(29.0, 0.0)	(30.0, 0.0)	(31.0, 0.0)	(32.0, 0.0)	(33.0, 0.0)	(34.0, 0.0)	(35.0, 0.0)	(36.0, 0.0)	(37.0, 0.0)	(38.0, 0.0)	(39.0, 0.0)	(40.0, 0.0)	(41.0, 0.3333333333333333)	(42.0, 0.3333333333333333)	(43.0, 0.3333333333333333)	(44.0, 0.3333333333333333)	(45.0, 0.0)	(46.0, 1.3333333333333333)	(47.0, 1.3333333333333333)	(48.0, 0.6666666666666666)	(49.0, 0.6666666666666666)	(50.0, 0.3333333333333333)	(51.0, 0.0)	(52.0, 0.0)	(53.0, 0.0)	(54.0, 0.0)	(55.0, 0.0)	(56.0, 0.0)	(57.0, 0.0)	(58.0, 0.0)	(59.0, 0.0)	(60.0, 0.0)	(61.0, 0.0)	(62.0, 0.0)	(63.0, 0.0)	(64.0, 0.0)	(65.0, 0.0)	(66.0, 0.0)	(67.0, 0.0)	(68.0, 0.0)	(69.0, 0.0)	(70.0, 0.0)	(71.0, 0.0)	(72.0, 0.0)	(73.0, 0.0)	(74.0, 0.0)	(75.0, 0.0)	(76.0, 0.0)	(77.0, 0.0)	(78.0, 0.0)	(79.0, 0.0)	(80.0, 0.0)	(81.0, 0.0)	(82.0, 0.0)	(83.0, 0.0)	(84.0, 0.0)	(85.0, 0.0)	(86.0, 0.0)	(87.0, 0.0)	(88.0, 0.0)	(89.0, 0.0)	(90.0, 0.0)	(91.0, 0.0)	(92.0, 0.0)	(93.0, 0.0)	(94.0, 0.0)	(95.0, 0.0)	(96.0, 0.0)	(97.0, 0.0)	(98.0, 0.0)	(99.0, 0.0)	(100.0, 0.0)
SRR8438151_1	(0.0, 0.0)	(1.0, 0.0)	(2.0, 0.0)	(3.0, 0.0)	(4.0, 0.0)	(5.0, 0.0)	(6.0, 0.0)	(7.0, 0.0)	(8.0, 0.0)	(9.0, 0.0)	(10.0, 0.0)	(11.0, 0.0)	(12.0, 0.0)	(13.0, 0.0)	(14.0, 0.0)	(15.0, 0.0)	(16.0, 0.0)	(17.0, 0.0)	(18.0, 0.0)	(19.0, 0.0)	(20.0, 0.0)	(21.0, 0.0)	(22.0, 0.0)	(23.0, 0.0)	(24.0, 0.0)	(25.0, 0.0)	(26.0, 0.0)	(27.0, 0.0)	(28.0, 0.0)	(29.0, 0.0)	(30.0, 0.0)	(31.0, 0.0)	(32.0, 0.0)	(33.0, 0.3333333333333333)	(34.0, 1.0)	(35.0, 2.333333333333333)	(36.0, 3.3333333333333335)	(37.0, 5.333333333333332)	(38.0, 11.000000000000002)	(39.0, 18.666666666666668)	(40.0, 22.33333333333332)	(41.0, 31.33333333333329)	(42.0, 39.0)	(43.0, 47.66666666666673)	(44.0, 61.66666666666683)	(45.0, 96.9999999999997)	(46.0, 157.00000000000009)	(47.0, 131.99999999999937)	(48.0, 113.3333333333328)	(49.0, 103.33333333333294)	(50.0, 200.666666666668)	(51.0, 4120.000000000723)	(52.0, 5270.666666666343)	(53.0, 1169.66666666668)	(54.0, 589.3333333333304)	(55.0, 255.3333333333362)	(56.0, 97.99999999999969)	(57.0, 57.333333333333464)	(58.0, 58.33333333333347)	(59.0, 27.999999999999968)	(60.0, 21.99999999999999)	(61.0, 5.333333333333332)	(62.0, 1.6666666666666665)	(63.0, 0.6666666666666666)	(64.0, 0.6666666666666666)	(65.0, 0.3333333333333333)	(66.0, 0.0)	(67.0, 0.0)	(68.0, 0.0)	(69.0, 0.0)	(70.0, 0.0)	(71.0, 0.0)	(72.0, 0.0)	(73.0, 0.0)	(74.0, 0.0)	(75.0, 0.0)	(76.0, 0.0)	(77.0, 0.0)	(78.0, 0.0)	(79.0, 0.0)	(80.0, 0.0)	(81.0, 0.0)	(82.0, 0.0)	(83.0, 0.0)	(84.0, 0.0)	(85.0, 0.0)	(86.0, 0.0)	(87.0, 0.0)	(88.0, 0.0)	(89.0, 0.0)	(90.0, 0.0)	(91.0, 0.0)	(92.0, 0.0)	(93.0, 0.0)	(94.0, 0.0)	(95.0, 0.0)	(96.0, 0.0)	(97.0, 0.0)	(98.0, 0.0)	(99.0, 0.0)	(100.0, 0.0)
SRR8438151_2	(0.0, 0.0)	(1.0, 0.0)	(2.0, 0.0)	(3.0, 0.0)	(4.0, 0.0)	(5.0, 0.0)	(6.0, 0.0)	(7.0, 0.0)	(8.0, 0.0)	(9.0, 0.0)	(10.0, 0.0)	(11.0, 0.0)	(12.0, 0.0)	(13.0, 0.0)	(14.0, 0.0)	(15.0, 0.0)	(16.0, 0.0)	(17.0, 0.0)	(18.0, 0.0)	(19.0, 0.0)	(20.0, 0.0)	(21.0, 0.0)	(22.0, 0.0)	(23.0, 0.0)	(24.0, 0.0)	(25.0, 0.0)	(26.0, 0.0)	(27.0, 0.0)	(28.0, 0.0)	(29.0, 0.0)	(30.0, 0.0)	(31.0, 0.0)	(32.0, 0.0)	(33.0, 0.0)	(34.0, 0.0)	(35.0, 0.0)	(36.0, 0.0)	(37.0, 0.3333333333333333)	(38.0, 2.8333333333333335)	(39.0, 5.499999999999999)	(40.0, 8.999999999999998)	(41.0, 14.000000000000007)	(42.0, 21.666666666666657)	(43.0, 46.333333333333385)	(44.0, 66.00000000000014)	(45.0, 116.33333333333276)	(46.0, 132.9999999999994)	(47.0, 89.66666666666647)	(48.0, 71.66666666666673)	(49.0, 91.16666666666646)	(50.0, 145.16666666666643)	(51.0, 243.66666666666922)	(52.0, 3065.000000000276)	(53.0, 4442.00000000043)	(54.0, 1574.999999999921)	(55.0, 787.0000000000196)	(56.0, 471.333333333324)	(57.0, 291.3333333333342)	(58.0, 163.66666666666694)	(59.0, 135.9999999999995)	(60.0, 120.3333333333327)	(61.0, 89.66666666666647)	(62.0, 52.00000000000009)	(63.0, 39.333333333333336)	(64.0, 29.66666666666663)	(65.0, 19.666666666666664)	(66.0, 12.333333333333337)	(67.0, 6.666666666666664)	(68.0, 4.999999999999999)	(69.0, 4.333333333333333)	(70.0, 3.3333333333333335)	(71.0, 0.3333333333333333)	(72.0, 0.6666666666666666)	(73.0, 0.6666666666666666)	(74.0, 1.3333333333333333)	(75.0, 1.6666666666666665)	(76.0, 0.6666666666666666)	(77.0, 0.0)	(78.0, 0.3333333333333333)	(79.0, 0.6666666666666666)	(80.0, 0.0)	(81.0, 0.0)	(82.0, 0.3333333333333333)	(83.0, 0.3333333333333333)	(84.0, 0.3333333333333333)	(85.0, 0.0)	(86.0, 0.0)	(87.0, 0.3333333333333333)	(88.0, 0.3333333333333333)	(89.0, 0.0)	(90.0, 0.3333333333333333)	(91.0, 0.0)	(92.0, 0.0)	(93.0, 0.0)	(94.0, 0.0)	(95.0, 0.0)	(96.0, 0.0)	(97.0, 0.0)	(98.0, 0.0)	(99.0, 0.3333333333333333)	(100.0, 0.5)
SRR8438152	(0.0, 0.0)	(1.0, 0.0)	(2.0, 0.0)	(3.0, 0.0)	(4.0, 0.0)	(5.0, 0.0)	(6.0, 0.0)	(7.0, 0.0)	(8.0, 0.0)	(9.0, 0.0)	(10.0, 0.0)	(11.0, 0.0)	(12.0, 0.0)	(13.0, 0.0)	(14.0, 0.0)	(15.0, 0.0)	(16.0, 0.0)	(17.0, 0.0)	(18.0, 0.0)	(19.0, 0.0)	(20.0, 0.0)	(21.0, 0.0)	(22.0, 0.0)	(23.0, 0.0)	(24.0, 0.0)	(25.0, 0.0)	(26.0, 0.0)	(27.0, 0.0)	(28.0, 0.0)	(29.0, 0.0)	(30.0, 0.0)	(31.0, 0.0)	(32.0, 0.0)	(33.0, 0.0)	(34.0, 0.0)	(35.0, 0.0)	(36.0, 0.0)	(37.0, 0.0)	(38.0, 0.0)	(39.0, 0.0)	(40.0, 0.0)	(41.0, 0.0)	(42.0, 0.0)	(43.0, 0.0)	(44.0, 0.3333333333333333)	(45.0, 0.0)	(46.0, 0.0)	(47.0, 0.0)	(48.0, 0.6666666666666666)	(49.0, 0.0)	(50.0, 0.0)	(51.0, 0.0)	(52.0, 0.0)	(53.0, 0.0)	(54.0, 0.0)	(55.0, 0.0)	(56.0, 0.0)	(57.0, 0.0)	(58.0, 0.0)	(59.0, 0.0)	(60.0, 0.0)	(61.0, 0.0)	(62.0, 0.0)	(63.0, 0.0)	(64.0, 0.0)	(65.0, 0.0)	(66.0, 0.0)	(67.0, 0.0)	(68.0, 0.0)	(69.0, 0.0)	(70.0, 0.0)	(71.0, 0.0)	(72.0, 0.0)	(73.0, 0.0)	(74.0, 0.0)	(75.0, 0.0)	(76.0, 0.0)	(77.0, 0.0)	(78.0, 0.0)	(79.0, 0.0)	(80.0, 0.0)	(81.0, 0.0)	(82.0, 0.0)	(83.0, 0.0)	(84.0, 0.0)	(85.0, 0.0)	(86.0, 0.0)	(87.0, 0.0)	(88.0, 0.0)	(89.0, 0.0)	(90.0, 0.0)	(91.0, 0.0)	(92.0, 0.0)	(93.0, 0.0)	(94.0, 0.0)	(95.0, 0.0)	(96.0, 0.0)	(97.0, 0.0)	(98.0, 0.0)	(99.0, 0.0)	(100.0, 0.0)
SRR8438152_1	(0.0, 0.0)	(1.0, 0.0)	(2.0, 0.0)	(3.0, 0.0)	(4.0, 0.0)	(5.0, 0.0)	(6.0, 0.0)	(7.0, 0.0)	(8.0, 0.0)	(9.0, 0.0)	(10.0, 0.0)	(11.0, 0.0)	(12.0, 0.0)	(13.0, 0.0)	(14.0, 0.0)	(15.0, 0.0)	(16.0, 0.0)	(17.0, 0.0)	(18.0, 0.0)	(19.0, 0.0)	(20.0, 0.6666666666666666)	(21.0, 0.3333333333333333)	(22.0, 0.0)	(23.0, 0.0)	(24.0, 0.0)	(25.0, 0.0)	(26.0, 0.0)	(27.0, 0.0)	(28.0, 0.3333333333333333)	(29.0, 0.6666666666666666)	(30.0, 0.0)	(31.0, 0.3333333333333333)	(32.0, 1.0)	(33.0, 1.0)	(34.0, 2.6666666666666665)	(35.0, 4.0)	(36.0, 6.666666666666664)	(37.0, 8.999999999999998)	(38.0, 17.33333333333334)	(39.0, 20.66666666666666)	(40.0, 20.66666666666666)	(41.0, 30.666666666666625)	(42.0, 47.66666666666673)	(43.0, 103.9999999999996)	(44.0, 103.33333333333294)	(45.0, 74.00000000000003)	(46.0, 92.99999999999976)	(47.0, 136.99999999999952)	(48.0, 138.66666666666623)	(49.0, 128.9999999999993)	(50.0, 177.333333333334)	(51.0, 1783.333333333207)	(52.0, 2306.666666666598)	(53.0, 506.99999999998863)	(54.0, 225.00000000000202)	(55.0, 111.33333333333283)	(56.0, 115.99999999999943)	(57.0, 75.33333333333334)	(58.0, 17.000000000000007)	(59.0, 5.999999999999998)	(60.0, 3.0)	(61.0, 2.333333333333333)	(62.0, 1.0)	(63.0, 4.333333333333333)	(64.0, 4.999999999999999)	(65.0, 0.3333333333333333)	(66.0, 0.0)	(67.0, 0.0)	(68.0, 0.0)	(69.0, 0.0)	(70.0, 0.0)	(71.0, 0.0)	(72.0, 0.0)	(73.0, 0.0)	(74.0, 0.0)	(75.0, 0.0)	(76.0, 0.0)	(77.0, 0.0)	(78.0, 0.0)	(79.0, 0.0)	(80.0, 0.0)	(81.0, 0.0)	(82.0, 0.0)	(83.0, 0.0)	(84.0, 0.0)	(85.0, 0.0)	(86.0, 0.0)	(87.0, 0.0)	(88.0, 0.0)	(89.0, 0.0)	(90.0, 0.0)	(91.0, 0.0)	(92.0, 0.0)	(93.0, 0.0)	(94.0, 0.0)	(95.0, 0.0)	(96.0, 0.0)	(97.0, 0.0)	(98.0, 0.0)	(99.0, 0.0)	(100.0, 0.0)
SRR8438152_2	(0.0, 0.0)	(1.0, 0.0)	(2.0, 0.0)	(3.0, 0.0)	(4.0, 0.0)	(5.0, 0.0)	(6.0, 0.0)	(7.0, 0.0)	(8.0, 0.0)	(9.0, 0.0)	(10.0, 0.0)	(11.0, 0.0)	(12.0, 0.0)	(13.0, 0.0)	(14.0, 0.0)	(15.0, 0.0)	(16.0, 0.0)	(17.0, 0.0)	(18.0, 0.0)	(19.0, 0.3333333333333333)	(20.0, 0.3333333333333333)	(21.0, 0.3333333333333333)	(22.0, 0.0)	(23.0, 0.0)	(24.0, 0.0)	(25.0, 0.0)	(26.0, 0.0)	(27.0, 0.0)	(28.0, 0.3333333333333333)	(29.0, 0.3333333333333333)	(30.0, 0.3333333333333333)	(31.0, 0.6666666666666666)	(32.0, 0.0)	(33.0, 0.3333333333333333)	(34.0, 0.0)	(35.0, 0.6666666666666666)	(36.0, 2.6666666666666665)	(37.0, 2.6666666666666665)	(38.0, 2.333333333333333)	(39.0, 3.0)	(40.0, 4.999999999999999)	(41.0, 10.0)	(42.0, 12.000000000000004)	(43.0, 36.66666666666665)	(44.0, 77.66666666666664)	(45.0, 76.33333333333333)	(46.0, 79.66666666666661)	(47.0, 69.66666666666676)	(48.0, 92.66666666666643)	(49.0, 152.99999999999997)	(50.0, 217.0000000000018)	(51.0, 244.3333333333359)	(52.0, 1312.3333333333142)	(53.0, 1878.3333333331855)	(54.0, 787.0000000000196)	(55.0, 400.333333333328)	(56.0, 262.6666666666692)	(57.0, 153.66666666666666)	(58.0, 87.33333333333317)	(59.0, 47.33333333333339)	(60.0, 24.666666666666647)	(61.0, 23.999999999999982)	(62.0, 15.666666666666677)	(63.0, 14.000000000000007)	(64.0, 11.333333333333336)	(65.0, 11.000000000000002)	(66.0, 5.666666666666665)	(67.0, 4.666666666666666)	(68.0, 4.999999999999999)	(69.0, 1.6666666666666665)	(70.0, 1.0)	(71.0, 0.0)	(72.0, 0.3333333333333333)	(73.0, 0.0)	(74.0, 0.6666666666666666)	(75.0, 0.6666666666666666)	(76.0, 0.3333333333333333)	(77.0, 0.0)	(78.0, 0.0)	(79.0, 0.0)	(80.0, 0.0)	(81.0, 0.0)	(82.0, 0.3333333333333333)	(83.0, 0.6666666666666666)	(84.0, 0.3333333333333333)	(85.0, 0.0)	(86.0, 0.0)	(87.0, 0.0)	(88.0, 0.0)	(89.0, 0.0)	(90.0, 0.0)	(91.0, 0.0)	(92.0, 0.0)	(93.0, 0.0)	(94.0, 0.0)	(95.0, 0.0)	(96.0, 0.0)	(97.0, 0.0)	(98.0, 0.0)	(99.0, 0.0)	(100.0, 0.0)
SRR8438153	(0.0, 0.0)	(1.0, 0.0)	(2.0, 0.0)	(3.0, 0.0)	(4.0, 0.0)	(5.0, 0.0)	(6.0, 0.0)	(7.0, 0.0)	(8.0, 0.0)	(9.0, 0.0)	(10.0, 0.0)	(11.0, 0.0)	(12.0, 0.0)	(13.0, 0.0)	(14.0, 0.0)	(15.0, 0.0)	(16.0, 0.0)	(17.0, 0.0)	(18.0, 0.0)	(19.0, 0.0)	(20.0, 0.0)	(21.0, 0.0)	(22.0, 0.0)	(23.0, 0.0)	(24.0, 0.0)	(25.0, 0.0)	(26.0, 0.0)	(27.0, 0.0)	(28.0, 0.0)	(29.0, 0.0)	(30.0, 0.0)	(31.0, 0.0)	(32.0, 0.0)	(33.0, 0.0)	(34.0, 0.0)	(35.0, 0.0)	(36.0, 0.0)	(37.0, 0.0)	(38.0, 0.0)	(39.0, 0.0)	(40.0, 0.0)	(41.0, 0.0)	(42.0, 0.0)	(43.0, 0.0)	(44.0, 0.0)	(45.0, 0.6666666666666666)	(46.0, 1.0)	(47.0, 0.3333333333333333)	(48.0, 0.0)	(49.0, 0.3333333333333333)	(50.0, 0.3333333333333333)	(51.0, 0.0)	(52.0, 0.0)	(53.0, 0.0)	(54.0, 0.0)	(55.0, 0.0)	(56.0, 0.0)	(57.0, 0.0)	(58.0, 0.0)	(59.0, 0.0)	(60.0, 0.0)	(61.0, 0.0)	(62.0, 0.0)	(63.0, 0.0)	(64.0, 0.0)	(65.0, 0.0)	(66.0, 0.0)	(67.0, 0.0)	(68.0, 0.0)	(69.0, 0.0)	(70.0, 0.0)	(71.0, 0.0)	(72.0, 0.0)	(73.0, 0.0)	(74.0, 0.0)	(75.0, 0.0)	(76.0, 0.0)	(77.0, 0.0)	(78.0, 0.0)	(79.0, 0.0)	(80.0, 0.0)	(81.0, 0.0)	(82.0, 0.0)	(83.0, 0.0)	(84.0, 0.0)	(85.0, 0.0)	(86.0, 0.0)	(87.0, 0.0)	(88.0, 0.0)	(89.0, 0.0)	(90.0, 0.0)	(91.0, 0.0)	(92.0, 0.0)	(93.0, 0.0)	(94.0, 0.0)	(95.0, 0.0)	(96.0, 0.0)	(97.0, 0.0)	(98.0, 0.0)	(99.0, 0.0)	(100.0, 0.0)
SRR8438153_1	(0.0, 0.0)	(1.0, 0.0)	(2.0, 0.0)	(3.0, 0.0)	(4.0, 0.0)	(5.0, 0.0)	(6.0, 0.0)	(7.0, 0.0)	(8.0, 0.0)	(9.0, 0.0)	(10.0, 0.0)	(11.0, 0.0)	(12.0, 0.0)	(13.0, 0.0)	(14.0, 0.0)	(15.0, 0.0)	(16.0, 0.0)	(17.0, 0.0)	(18.0, 0.0)	(19.0, 0.0)	(20.0, 0.0)	(21.0, 0.0)	(22.0, 0.0)	(23.0, 0.0)	(24.0, 0.0)	(25.0, 0.0)	(26.0, 0.0)	(27.0, 0.0)	(28.0, 0.0)	(29.0, 0.0)	(30.0, 0.0)	(31.0, 0.3333333333333333)	(32.0, 0.3333333333333333)	(33.0, 0.6666666666666666)	(34.0, 5.666666666666665)	(35.0, 48.3333333333334)	(36.0, 24.666666666666647)	(37.0, 11.66666666666667)	(38.0, 13.33333333333334)	(39.0, 19.999999999999996)	(40.0, 29.66666666666663)	(41.0, 34.3333333333333)	(42.0, 58.33333333333347)	(43.0, 271.00000000000205)	(44.0, 183.33333333333417)	(45.0, 154.33333333333334)	(46.0, 87.33333333333317)	(47.0, 90.33333333333313)	(48.0, 275.66666666666845)	(49.0, 326.99999999999886)	(50.0, 187.66666666666762)	(51.0, 285.33333333333456)	(52.0, 498.9999999999891)	(53.0, 510.9999999999884)	(54.0, 1732.9999999998852)	(55.0, 2434.3333333333226)	(56.0, 615.0)	(57.0, 241.66666666666916)	(58.0, 87.99999999999983)	(59.0, 56.66666666666679)	(60.0, 23.333333333333318)	(61.0, 20.33333333333333)	(62.0, 10.666666666666668)	(63.0, 3.0)	(64.0, 1.9999999999999998)	(65.0, 1.3333333333333333)	(66.0, 0.3333333333333333)	(67.0, 0.0)	(68.0, 0.0)	(69.0, 0.0)	(70.0, 0.0)	(71.0, 0.0)	(72.0, 0.0)	(73.0, 0.0)	(74.0, 0.0)	(75.0, 0.0)	(76.0, 0.0)	(77.0, 0.0)	(78.0, 0.0)	(79.0, 0.0)	(80.0, 0.0)	(81.0, 0.0)	(82.0, 0.0)	(83.0, 0.0)	(84.0, 0.0)	(85.0, 0.0)	(86.0, 0.0)	(87.0, 0.0)	(88.0, 0.0)	(89.0, 0.0)	(90.0, 0.0)	(91.0, 0.0)	(92.0, 0.0)	(93.0, 0.0)	(94.0, 0.0)	(95.0, 0.0)	(96.0, 0.0)	(97.0, 0.0)	(98.0, 0.0)	(99.0, 0.0)	(100.0, 0.0)
SRR8438153_2	(0.0, 0.0)	(1.0, 0.0)	(2.0, 0.0)	(3.0, 0.0)	(4.0, 0.0)	(5.0, 0.0)	(6.0, 0.0)	(7.0, 0.0)	(8.0, 0.0)	(9.0, 0.0)	(10.0, 0.0)	(11.0, 0.0)	(12.0, 0.0)	(13.0, 0.0)	(14.0, 0.0)	(15.0, 0.0)	(16.0, 0.0)	(17.0, 0.0)	(18.0, 0.0)	(19.0, 0.0)	(20.0, 0.0)	(21.0, 0.0)	(22.0, 0.0)	(23.0, 0.0)	(24.0, 0.0)	(25.0, 0.0)	(26.0, 0.0)	(27.0, 0.0)	(28.0, 0.0)	(29.0, 0.0)	(30.0, 0.0)	(31.0, 0.0)	(32.0, 0.0)	(33.0, 0.0)	(34.0, 0.0)	(35.0, 1.0)	(36.0, 2.6666666666666665)	(37.0, 22.666666666666654)	(38.0, 39.66666666666667)	(39.0, 13.000000000000005)	(40.0, 7.666666666666663)	(41.0, 9.666666666666666)	(42.0, 12.333333333333337)	(43.0, 65.66666666666681)	(44.0, 270.66666666666873)	(45.0, 171.00000000000048)	(46.0, 108.99999999999953)	(47.0, 99.333333333333)	(48.0, 266.33333333333564)	(49.0, 224.33333333333533)	(50.0, 244.3333333333359)	(51.0, 201.33333333333468)	(52.0, 356.99999999999716)	(53.0, 474.3333333333238)	(54.0, 512.9999999999884)	(55.0, 1323.9999999999782)	(56.0, 1631.9999999999081)	(57.0, 960.666666666706)	(58.0, 470.9999999999907)	(59.0, 244.00000000000256)	(60.0, 118.33333333333273)	(61.0, 63.00000000000017)	(62.0, 35.33333333333331)	(63.0, 21.666666666666657)	(64.0, 10.0)	(65.0, 7.666666666666663)	(66.0, 7.33333333333333)	(67.0, 1.6666666666666665)	(68.0, 2.6666666666666665)	(69.0, 1.9999999999999998)	(70.0, 2.333333333333333)	(71.0, 1.0)	(72.0, 0.0)	(73.0, 0.3333333333333333)	(74.0, 0.0)	(75.0, 0.0)	(76.0, 0.0)	(77.0, 0.0)	(78.0, 0.0)	(79.0, 0.0)	(80.0, 0.0)	(81.0, 0.0)	(82.0, 0.0)	(83.0, 0.0)	(84.0, 0.0)	(85.0, 0.0)	(86.0, 0.0)	(87.0, 0.0)	(88.0, 0.0)	(89.0, 0.0)	(90.0, 0.0)	(91.0, 0.0)	(92.0, 0.0)	(93.0, 0.0)	(94.0, 0.0)	(95.0, 0.0)	(96.0, 0.0)	(97.0, 0.0)	(98.0, 0.0)	(99.0, 0.0)	(100.0, 0.0)
SRR8438154	(0.0, 0.0)	(1.0, 0.0)	(2.0, 0.0)	(3.0, 0.0)	(4.0, 0.0)	(5.0, 0.0)	(6.0, 0.0)	(7.0, 0.0)	(8.0, 0.0)	(9.0, 0.0)	(10.0, 0.0)	(11.0, 0.0)	(12.0, 0.0)	(13.0, 0.0)	(14.0, 0.0)	(15.0, 0.0)	(16.0, 0.0)	(17.0, 0.0)	(18.0, 0.0)	(19.0, 0.0)	(20.0, 0.0)	(21.0, 0.0)	(22.0, 0.0)	(23.0, 0.0)	(24.0, 0.0)	(25.0, 0.0)	(26.0, 0.0)	(27.0, 0.0)	(28.0, 0.0)	(29.0, 0.0)	(30.0, 0.0)	(31.0, 0.0)	(32.0, 0.0)	(33.0, 0.0)	(34.0, 0.0)	(35.0, 0.0)	(36.0, 0.0)	(37.0, 0.0)	(38.0, 0.0)	(39.0, 0.0)	(40.0, 0.3333333333333333)	(41.0, 0.3333333333333333)	(42.0, 0.6666666666666666)	(43.0, 1.6666666666666665)	(44.0, 1.6666666666666665)	(45.0, 1.9999999999999998)	(46.0, 2.333333333333333)	(47.0, 2.333333333333333)	(48.0, 2.333333333333333)	(49.0, 2.333333333333333)	(50.0, 0.6666666666666666)	(51.0, 1.3333333333333333)	(52.0, 0.6666666666666666)	(53.0, 0.3333333333333333)	(54.0, 0.3333333333333333)	(55.0, 0.0)	(56.0, 0.3333333333333333)	(57.0, 0.0)	(58.0, 0.0)	(59.0, 0.0)	(60.0, 0.0)	(61.0, 0.0)	(62.0, 0.0)	(63.0, 0.0)	(64.0, 0.0)	(65.0, 0.0)	(66.0, 0.0)	(67.0, 0.0)	(68.0, 0.0)	(69.0, 0.0)	(70.0, 0.0)	(71.0, 0.0)	(72.0, 0.0)	(73.0, 0.0)	(74.0, 0.0)	(75.0, 0.0)	(76.0, 0.0)	(77.0, 0.0)	(78.0, 0.0)	(79.0, 0.0)	(80.0, 0.0)	(81.0, 0.0)	(82.0, 0.0)	(83.0, 0.0)	(84.0, 0.0)	(85.0, 0.0)	(86.0, 0.0)	(87.0, 0.0)	(88.0, 0.0)	(89.0, 0.0)	(90.0, 0.0)	(91.0, 0.0)	(92.0, 0.0)	(93.0, 0.0)	(94.0, 0.0)	(95.0, 0.0)	(96.0, 0.0)	(97.0, 0.0)	(98.0, 0.0)	(99.0, 0.0)	(100.0, 0.0)
SRR8438154_1	(0.0, 0.0)	(1.0, 0.0)	(2.0, 0.0)	(3.0, 0.0)	(4.0, 0.0)	(5.0, 0.0)	(6.0, 0.0)	(7.0, 0.0)	(8.0, 0.0)	(9.0, 0.0)	(10.0, 0.0)	(11.0, 0.0)	(12.0, 0.0)	(13.0, 0.0)	(14.0, 0.0)	(15.0, 0.0)	(16.0, 0.0)	(17.0, 0.0)	(18.0, 0.0)	(19.0, 0.0)	(20.0, 0.0)	(21.0, 0.0)	(22.0, 0.0)	(23.0, 0.0)	(24.0, 0.0)	(25.0, 0.0)	(26.0, 0.0)	(27.0, 0.0)	(28.0, 0.0)	(29.0, 0.0)	(30.0, 0.0)	(31.0, 0.0)	(32.0, 0.3333333333333333)	(33.0, 1.6666666666666665)	(34.0, 1.6666666666666665)	(35.0, 2.333333333333333)	(36.0, 4.666666666666666)	(37.0, 7.9999999999999964)	(38.0, 11.66666666666667)	(39.0, 27.333333333333304)	(40.0, 50.66666666666675)	(41.0, 66.33333333333347)	(42.0, 79.66666666666661)	(43.0, 100.66666666666632)	(44.0, 114.66666666666612)	(45.0, 123.99999999999932)	(46.0, 226.00000000000205)	(47.0, 1825.999999999864)	(48.0, 5270.33333333301)	(49.0, 40742.666666677)	(50.0, 18896.33333333611)	(51.0, 5371.999999999584)	(52.0, 2880.000000000192)	(53.0, 1211.0000000000039)	(54.0, 507.9999999999886)	(55.0, 167.3333333333337)	(56.0, 76.66666666666666)	(57.0, 35.99999999999998)	(58.0, 14.000000000000007)	(59.0, 6.666666666666664)	(60.0, 4.999999999999999)	(61.0, 0.6666666666666666)	(62.0, 0.6666666666666666)	(63.0, 0.3333333333333333)	(64.0, 0.0)	(65.0, 0.0)	(66.0, 0.3333333333333333)	(67.0, 0.3333333333333333)	(68.0, 0.0)	(69.0, 0.0)	(70.0, 0.0)	(71.0, 0.0)	(72.0, 0.0)	(73.0, 0.0)	(74.0, 0.0)	(75.0, 0.0)	(76.0, 0.0)	(77.0, 0.0)	(78.0, 0.0)	(79.0, 0.0)	(80.0, 0.0)	(81.0, 0.0)	(82.0, 0.0)	(83.0, 0.0)	(84.0, 0.0)	(85.0, 0.0)	(86.0, 0.0)	(87.0, 0.0)	(88.0, 0.0)	(89.0, 0.0)	(90.0, 0.0)	(91.0, 0.0)	(92.0, 0.0)	(93.0, 0.0)	(94.0, 0.0)	(95.0, 0.0)	(96.0, 0.0)	(97.0, 0.0)	(98.0, 0.0)	(99.0, 0.0)	(100.0, 0.0)
SRR8438154_2	(0.0, 0.0)	(1.0, 0.0)	(2.0, 0.0)	(3.0, 0.0)	(4.0, 0.0)	(5.0, 0.0)	(6.0, 0.0)	(7.0, 0.0)	(8.0, 0.0)	(9.0, 0.0)	(10.0, 0.0)	(11.0, 0.0)	(12.0, 0.0)	(13.0, 0.0)	(14.0, 0.0)	(15.0, 0.0)	(16.0, 0.0)	(17.0, 0.0)	(18.0, 0.0)	(19.0, 0.0)	(20.0, 0.0)	(21.0, 0.0)	(22.0, 0.0)	(23.0, 0.0)	(24.0, 0.0)	(25.0, 0.3333333333333333)	(26.0, 0.3333333333333333)	(27.0, 0.0)	(28.0, 0.0)	(29.0, 0.0)	(30.0, 0.0)	(31.0, 0.0)	(32.0, 0.0)	(33.0, 0.0)	(34.0, 0.0)	(35.0, 0.6666666666666666)	(36.0, 0.6666666666666666)	(37.0, 1.3333333333333333)	(38.0, 3.3333333333333335)	(39.0, 9.5)	(40.0, 14.833333333333343)	(41.0, 31.66666666666662)	(42.0, 45.666666666666714)	(43.0, 63.333333333333506)	(44.0, 104.16666666666627)	(45.0, 1431.6666666666204)	(46.0, 2157.4999999998636)	(47.0, 723.166666666679)	(48.0, 768.5000000000174)	(49.0, 28587.333333300856)	(50.0, 41478.66666668236)	(51.0, 8217.666666663732)	(52.0, 3773.666666667265)	(53.0, 2594.666666666729)	(54.0, 1206.8333333333383)	(55.0, 460.8333333333246)	(56.0, 245.0000000000026)	(57.0, 130.666666666666)	(58.0, 76.0)	(59.0, 65.33333333333348)	(60.0, 40.33333333333334)	(61.0, 20.999999999999993)	(62.0, 14.000000000000007)	(63.0, 7.33333333333333)	(64.0, 4.333333333333333)	(65.0, 1.9999999999999998)	(66.0, 1.9999999999999998)	(67.0, 1.9999999999999998)	(68.0, 0.6666666666666666)	(69.0, 0.6666666666666666)	(70.0, 2.333333333333333)	(71.0, 1.9999999999999998)	(72.0, 0.3333333333333333)	(73.0, 1.0)	(74.0, 0.6666666666666666)	(75.0, 0.0)	(76.0, 0.3333333333333333)	(77.0, 0.3333333333333333)	(78.0, 0.6666666666666666)	(79.0, 0.0)	(80.0, 1.0)	(81.0, 0.3333333333333333)	(82.0, 0.6666666666666666)	(83.0, 0.6666666666666666)	(84.0, 0.6666666666666666)	(85.0, 0.6666666666666666)	(86.0, 0.0)	(87.0, 0.3333333333333333)	(88.0, 1.3333333333333333)	(89.0, 0.6666666666666666)	(90.0, 0.0)	(91.0, 0.0)	(92.0, 0.0)	(93.0, 0.3333333333333333)	(94.0, 0.0)	(95.0, 0.0)	(96.0, 0.0)	(97.0, 0.0)	(98.0, 0.0)	(99.0, 0.0)	(100.0, 1.0)
SRR8438155	(0.0, 0.0)	(1.0, 0.0)	(2.0, 0.0)	(3.0, 0.0)	(4.0, 0.0)	(5.0, 0.0)	(6.0, 0.0)	(7.0, 0.0)	(8.0, 0.0)	(9.0, 0.0)	(10.0, 0.0)	(11.0, 0.0)	(12.0, 0.0)	(13.0, 0.0)	(14.0, 0.0)	(15.0, 0.0)	(16.0, 0.0)	(17.0, 0.0)	(18.0, 0.0)	(19.0, 0.0)	(20.0, 0.0)	(21.0, 0.0)	(22.0, 0.0)	(23.0, 0.0)	(24.0, 0.0)	(25.0, 0.0)	(26.0, 0.0)	(27.0, 0.0)	(28.0, 0.0)	(29.0, 0.0)	(30.0, 0.0)	(31.0, 0.0)	(32.0, 0.0)	(33.0, 0.0)	(34.0, 0.0)	(35.0, 0.0)	(36.0, 0.0)	(37.0, 0.3333333333333333)	(38.0, 0.6666666666666666)	(39.0, 0.3333333333333333)	(40.0, 0.3333333333333333)	(41.0, 0.6666666666666666)	(42.0, 1.3333333333333333)	(43.0, 2.333333333333333)	(44.0, 1.3333333333333333)	(45.0, 1.3333333333333333)	(46.0, 1.0)	(47.0, 1.6666666666666665)	(48.0, 1.0)	(49.0, 0.3333333333333333)	(50.0, 0.3333333333333333)	(51.0, 0.3333333333333333)	(52.0, 0.3333333333333333)	(53.0, 0.3333333333333333)	(54.0, 0.0)	(55.0, 0.3333333333333333)	(56.0, 0.3333333333333333)	(57.0, 0.0)	(58.0, 0.0)	(59.0, 0.0)	(60.0, 0.0)	(61.0, 0.0)	(62.0, 0.0)	(63.0, 0.0)	(64.0, 0.0)	(65.0, 0.0)	(66.0, 0.0)	(67.0, 0.0)	(68.0, 0.0)	(69.0, 0.0)	(70.0, 0.0)	(71.0, 0.0)	(72.0, 0.0)	(73.0, 0.0)	(74.0, 0.0)	(75.0, 0.0)	(76.0, 0.0)	(77.0, 0.0)	(78.0, 0.0)	(79.0, 0.0)	(80.0, 0.0)	(81.0, 0.0)	(82.0, 0.0)	(83.0, 0.0)	(84.0, 0.0)	(85.0, 0.0)	(86.0, 0.0)	(87.0, 0.0)	(88.0, 0.0)	(89.0, 0.0)	(90.0, 0.0)	(91.0, 0.0)	(92.0, 0.0)	(93.0, 0.0)	(94.0, 0.0)	(95.0, 0.0)	(96.0, 0.0)	(97.0, 0.0)	(98.0, 0.0)	(99.0, 0.0)	(100.0, 0.0)
SRR8438155_1	(0.0, 0.0)	(1.0, 0.0)	(2.0, 0.0)	(3.0, 0.0)	(4.0, 0.0)	(5.0, 0.0)	(6.0, 0.0)	(7.0, 0.0)	(8.0, 0.0)	(9.0, 0.0)	(10.0, 0.0)	(11.0, 0.0)	(12.0, 0.0)	(13.0, 0.0)	(14.0, 0.0)	(15.0, 0.0)	(16.0, 0.0)	(17.0, 0.0)	(18.0, 0.0)	(19.0, 0.0)	(20.0, 0.3333333333333333)	(21.0, 0.3333333333333333)	(22.0, 0.0)	(23.0, 0.3333333333333333)	(24.0, 0.3333333333333333)	(25.0, 1.0)	(26.0, 0.6666666666666666)	(27.0, 0.0)	(28.0, 1.6666666666666665)	(29.0, 3.0)	(30.0, 3.0)	(31.0, 8.33333333333333)	(32.0, 8.666666666666664)	(33.0, 26.333333333333307)	(34.0, 63.00000000000017)	(35.0, 140.99999999999963)	(36.0, 311.6666666666664)	(37.0, 542.3333333333251)	(38.0, 882.0000000000304)	(39.0, 1249.6666666666617)	(40.0, 1608.3333333332469)	(41.0, 1902.9999999998465)	(42.0, 2121.999999999847)	(43.0, 3035.0000000002624)	(44.0, 2161.9999999998654)	(45.0, 1721.6666666665544)	(46.0, 1490.3333333332737)	(47.0, 1631.6666666665749)	(48.0, 2050.6666666664814)	(49.0, 1300.9999999999834)	(50.0, 828.0000000000242)	(51.0, 4280.333333333911)	(52.0, 7757.333333330748)	(53.0, 4380.666666667153)	(54.0, 6225.999999998808)	(55.0, 5387.99999999957)	(56.0, 1201.0000000000061)	(57.0, 512.3333333333217)	(58.0, 343.9999999999979)	(59.0, 261.66666666666924)	(60.0, 213.00000000000168)	(61.0, 174.00000000000057)	(62.0, 137.99999999999955)	(63.0, 18.000000000000004)	(64.0, 4.999999999999999)	(65.0, 3.3333333333333335)	(66.0, 0.6666666666666666)	(67.0, 1.6666666666666665)	(68.0, 0.0)	(69.0, 0.0)	(70.0, 0.0)	(71.0, 0.0)	(72.0, 0.0)	(73.0, 0.0)	(74.0, 0.0)	(75.0, 0.0)	(76.0, 0.0)	(77.0, 0.0)	(78.0, 0.0)	(79.0, 0.0)	(80.0, 0.0)	(81.0, 0.0)	(82.0, 0.0)	(83.0, 0.0)	(84.0, 0.0)	(85.0, 0.0)	(86.0, 0.0)	(87.0, 0.0)	(88.0, 0.0)	(89.0, 0.0)	(90.0, 0.0)	(91.0, 0.0)	(92.0, 0.0)	(93.0, 0.0)	(94.0, 0.0)	(95.0, 0.0)	(96.0, 0.0)	(97.0, 0.0)	(98.0, 0.0)	(99.0, 0.0)	(100.0, 0.0)
SRR8438155_2	(0.0, 0.0)	(1.0, 0.0)	(2.0, 0.0)	(3.0, 0.0)	(4.0, 0.0)	(5.0, 0.0)	(6.0, 0.0)	(7.0, 0.0)	(8.0, 0.0)	(9.0, 0.0)	(10.0, 0.0)	(11.0, 0.0)	(12.0, 0.0)	(13.0, 0.0)	(14.0, 0.0)	(15.0, 0.0)	(16.0, 0.0)	(17.0, 0.0)	(18.0, 0.0)	(19.0, 0.0)	(20.0, 0.0)	(21.0, 0.0)	(22.0, 0.0)	(23.0, 0.0)	(24.0, 0.0)	(25.0, 0.0)	(26.0, 0.0)	(27.0, 0.0)	(28.0, 0.0)	(29.0, 0.3333333333333333)	(30.0, 0.6666666666666666)	(31.0, 0.6666666666666666)	(32.0, 0.6666666666666666)	(33.0, 1.6666666666666665)	(34.0, 1.6666666666666665)	(35.0, 2.6666666666666665)	(36.0, 6.333333333333331)	(37.0, 10.666666666666668)	(38.0, 28.666666666666632)	(39.0, 63.333333333333506)	(40.0, 113.3333333333328)	(41.0, 235.0000000000023)	(42.0, 404.3333333333278)	(43.0, 747.3333333333484)	(44.0, 1858.9999999998565)	(45.0, 1865.999999999855)	(46.0, 1841.9999999998604)	(47.0, 2151.999999999861)	(48.0, 2844.6666666668425)	(49.0, 3044.6666666669335)	(50.0, 2798.0000000001546)	(51.0, 2459.333333333334)	(52.0, 4574.333333333643)	(53.0, 7342.999999997792)	(54.0, 5782.3333333325445)	(55.0, 5889.333333332447)	(56.0, 4156.666666667356)	(57.0, 2178.333333333206)	(58.0, 1207.6666666666713)	(59.0, 698.3333333333428)	(60.0, 348.9999999999976)	(61.0, 297.00000000000057)	(62.0, 177.66666666666734)	(63.0, 221.6666666666686)	(64.0, 246.33333333333596)	(65.0, 115.99999999999943)	(66.0, 42.66666666666669)	(67.0, 21.333333333333325)	(68.0, 16.00000000000001)	(69.0, 9.333333333333332)	(70.0, 3.666666666666667)	(71.0, 1.0)	(72.0, 2.6666666666666665)	(73.0, 1.3333333333333333)	(74.0, 1.3333333333333333)	(75.0, 1.6666666666666665)	(76.0, 1.6666666666666665)	(77.0, 1.0)	(78.0, 2.333333333333333)	(79.0, 0.6666666666666666)	(80.0, 0.3333333333333333)	(81.0, 0.3333333333333333)	(82.0, 0.3333333333333333)	(83.0, 0.0)	(84.0, 1.0)	(85.0, 1.0)	(86.0, 0.3333333333333333)	(87.0, 0.0)	(88.0, 0.0)	(89.0, 0.0)	(90.0, 0.3333333333333333)	(91.0, 0.3333333333333333)	(92.0, 0.0)	(93.0, 0.0)	(94.0, 0.0)	(95.0, 0.0)	(96.0, 0.3333333333333333)	(97.0, 0.3333333333333333)	(98.0, 0.0)	(99.0, 0.0)	(100.0, 0.0)
SRR8438156	(0.0, 0.0)	(1.0, 0.0)	(2.0, 0.0)	(3.0, 0.0)	(4.0, 0.0)	(5.0, 0.0)	(6.0, 0.0)	(7.0, 0.0)	(8.0, 0.0)	(9.0, 0.0)	(10.0, 0.0)	(11.0, 0.0)	(12.0, 0.0)	(13.0, 0.0)	(14.0, 0.0)	(15.0, 0.0)	(16.0, 0.0)	(17.0, 0.0)	(18.0, 0.0)	(19.0, 0.0)	(20.0, 0.0)	(21.0, 0.0)	(22.0, 0.0)	(23.0, 0.0)	(24.0, 0.0)	(25.0, 0.0)	(26.0, 0.0)	(27.0, 0.0)	(28.0, 0.0)	(29.0, 0.0)	(30.0, 0.0)	(31.0, 0.0)	(32.0, 0.0)	(33.0, 0.0)	(34.0, 0.0)	(35.0, 0.0)	(36.0, 0.0)	(37.0, 0.0)	(38.0, 0.0)	(39.0, 0.0)	(40.0, 0.0)	(41.0, 0.0)	(42.0, 0.3333333333333333)	(43.0, 0.3333333333333333)	(44.0, 0.3333333333333333)	(45.0, 0.0)	(46.0, 0.6666666666666666)	(47.0, 1.0)	(48.0, 1.3333333333333333)	(49.0, 1.6666666666666665)	(50.0, 0.6666666666666666)	(51.0, 0.0)	(52.0, 0.0)	(53.0, 0.0)	(54.0, 0.0)	(55.0, 0.0)	(56.0, 0.0)	(57.0, 0.0)	(58.0, 0.0)	(59.0, 0.0)	(60.0, 0.0)	(61.0, 0.0)	(62.0, 0.0)	(63.0, 0.0)	(64.0, 0.0)	(65.0, 0.0)	(66.0, 0.0)	(67.0, 0.0)	(68.0, 0.0)	(69.0, 0.0)	(70.0, 0.0)	(71.0, 0.0)	(72.0, 0.0)	(73.0, 0.0)	(74.0, 0.0)	(75.0, 0.0)	(76.0, 0.0)	(77.0, 0.0)	(78.0, 0.0)	(79.0, 0.0)	(80.0, 0.0)	(81.0, 0.0)	(82.0, 0.0)	(83.0, 0.0)	(84.0, 0.0)	(85.0, 0.0)	(86.0, 0.0)	(87.0, 0.0)	(88.0, 0.0)	(89.0, 0.0)	(90.0, 0.0)	(91.0, 0.0)	(92.0, 0.0)	(93.0, 0.0)	(94.0, 0.0)	(95.0, 0.0)	(96.0, 0.0)	(97.0, 0.0)	(98.0, 0.0)	(99.0, 0.0)	(100.0, 0.0)
SRR8438156_1	(0.0, 0.0)	(1.0, 0.0)	(2.0, 0.0)	(3.0, 0.0)	(4.0, 0.0)	(5.0, 0.0)	(6.0, 0.0)	(7.0, 0.0)	(8.0, 0.0)	(9.0, 0.0)	(10.0, 0.0)	(11.0, 0.0)	(12.0, 0.0)	(13.0, 0.0)	(14.0, 0.0)	(15.0, 0.0)	(16.0, 0.0)	(17.0, 0.0)	(18.0, 0.0)	(19.0, 0.0)	(20.0, 0.0)	(21.0, 0.0)	(22.0, 0.0)	(23.0, 0.0)	(24.0, 0.0)	(25.0, 0.0)	(26.0, 0.0)	(27.0, 0.0)	(28.0, 0.0)	(29.0, 0.0)	(30.0, 0.0)	(31.0, 0.0)	(32.0, 0.0)	(33.0, 6.333333333333331)	(34.0, 10.0)	(35.0, 2.6666666666666665)	(36.0, 4.0)	(37.0, 5.999999999999998)	(38.0, 13.000000000000005)	(39.0, 35.66666666666664)	(40.0, 44.33333333333337)	(41.0, 63.333333333333506)	(42.0, 99.333333333333)	(43.0, 120.66666666666603)	(44.0, 144.6666666666664)	(45.0, 119.66666666666605)	(46.0, 124.66666666666598)	(47.0, 256.6666666666695)	(48.0, 502.66666666665554)	(49.0, 475.6666666666571)	(50.0, 973.3333333333741)	(51.0, 16633.666666677676)	(52.0, 22251.66666665724)	(53.0, 7486.666666664328)	(54.0, 1862.9999999998556)	(55.0, 666.3333333333392)	(56.0, 387.33333333332877)	(57.0, 272.000000000002)	(58.0, 76.0)	(59.0, 40.33333333333334)	(60.0, 24.99999999999998)	(61.0, 6.999999999999997)	(62.0, 3.0)	(63.0, 1.3333333333333333)	(64.0, 0.6666666666666666)	(65.0, 0.0)	(66.0, 0.3333333333333333)	(67.0, 0.0)	(68.0, 0.0)	(69.0, 0.0)	(70.0, 0.0)	(71.0, 0.0)	(72.0, 0.0)	(73.0, 0.0)	(74.0, 0.0)	(75.0, 0.0)	(76.0, 0.0)	(77.0, 0.0)	(78.0, 0.0)	(79.0, 0.0)	(80.0, 0.0)	(81.0, 0.0)	(82.0, 0.0)	(83.0, 0.0)	(84.0, 0.0)	(85.0, 0.0)	(86.0, 0.0)	(87.0, 0.0)	(88.0, 0.0)	(89.0, 0.0)	(90.0, 0.0)	(91.0, 0.0)	(92.0, 0.0)	(93.0, 0.0)	(94.0, 0.0)	(95.0, 0.0)	(96.0, 0.0)	(97.0, 0.0)	(98.0, 0.0)	(99.0, 0.0)	(100.0, 0.0)
SRR8438156_2	(0.0, 0.0)	(1.0, 0.0)	(2.0, 0.0)	(3.0, 0.0)	(4.0, 0.0)	(5.0, 0.0)	(6.0, 0.0)	(7.0, 0.0)	(8.0, 0.0)	(9.0, 0.0)	(10.0, 0.0)	(11.0, 0.0)	(12.0, 0.0)	(13.0, 0.0)	(14.0, 0.0)	(15.0, 0.0)	(16.0, 0.0)	(17.0, 0.0)	(18.0, 0.0)	(19.0, 0.0)	(20.0, 0.0)	(21.0, 0.0)	(22.0, 0.0)	(23.0, 0.0)	(24.0, 0.0)	(25.0, 0.0)	(26.0, 0.0)	(27.0, 0.0)	(28.0, 0.0)	(29.0, 0.0)	(30.0, 0.0)	(31.0, 0.0)	(32.0, 0.0)	(33.0, 3.0)	(34.0, 4.0)	(35.0, 1.9999999999999998)	(36.0, 9.333333333333332)	(37.0, 14.666666666666675)	(38.0, 7.666666666666663)	(39.0, 5.666666666666665)	(40.0, 14.666666666666675)	(41.0, 39.0)	(42.0, 62.3333333333335)	(43.0, 77.83333333333331)	(44.0, 111.9999999999995)	(45.0, 115.49999999999945)	(46.0, 130.99999999999935)	(47.0, 125.66666666666596)	(48.0, 259.66666666666936)	(49.0, 535.3333333333243)	(50.0, 584.6666666666632)	(51.0, 1609.9999999999131)	(52.0, 14374.333333341598)	(53.0, 20057.66666666522)	(54.0, 8780.666666664756)	(55.0, 2633.6666666667466)	(56.0, 1249.6666666666617)	(57.0, 768.6666666666841)	(58.0, 348.9999999999976)	(59.0, 175.33333333333394)	(60.0, 115.6666666666661)	(61.0, 77.99999999999997)	(62.0, 56.00000000000012)	(63.0, 44.000000000000036)	(64.0, 27.666666666666636)	(65.0, 18.666666666666668)	(66.0, 9.333333333333332)	(67.0, 5.333333333333332)	(68.0, 3.3333333333333335)	(69.0, 1.3333333333333333)	(70.0, 1.0)	(71.0, 1.6666666666666665)	(72.0, 1.9999999999999998)	(73.0, 0.6666666666666666)	(74.0, 0.6666666666666666)	(75.0, 0.3333333333333333)	(76.0, 1.0)	(77.0, 0.3333333333333333)	(78.0, 0.0)	(79.0, 0.0)	(80.0, 0.0)	(81.0, 0.0)	(82.0, 0.3333333333333333)	(83.0, 0.6666666666666666)	(84.0, 0.6666666666666666)	(85.0, 0.0)	(86.0, 0.0)	(87.0, 0.3333333333333333)	(88.0, 0.0)	(89.0, 0.0)	(90.0, 0.0)	(91.0, 0.3333333333333333)	(92.0, 0.0)	(93.0, 0.0)	(94.0, 0.0)	(95.0, 0.3333333333333333)	(96.0, 0.0)	(97.0, 1.0)	(98.0, 0.3333333333333333)	(99.0, 0.0)	(100.0, 0.0)
SRR8438157	(0.0, 0.0)	(1.0, 0.0)	(2.0, 0.0)	(3.0, 0.0)	(4.0, 0.0)	(5.0, 0.0)	(6.0, 0.0)	(7.0, 0.0)	(8.0, 0.0)	(9.0, 0.0)	(10.0, 0.0)	(11.0, 0.0)	(12.0, 0.0)	(13.0, 0.0)	(14.0, 0.0)	(15.0, 0.0)	(16.0, 0.0)	(17.0, 0.0)	(18.0, 0.0)	(19.0, 0.0)	(20.0, 0.0)	(21.0, 0.0)	(22.0, 0.0)	(23.0, 0.0)	(24.0, 0.0)	(25.0, 0.0)	(26.0, 0.0)	(27.0, 0.0)	(28.0, 0.0)	(29.0, 0.0)	(30.0, 0.0)	(31.0, 0.0)	(32.0, 0.0)	(33.0, 0.0)	(34.0, 0.0)	(35.0, 0.0)	(36.0, 0.0)	(37.0, 0.0)	(38.0, 1.0)	(39.0, 1.6666666666666665)	(40.0, 2.333333333333333)	(41.0, 2.6666666666666665)	(42.0, 3.0)	(43.0, 4.333333333333333)	(44.0, 3.0)	(45.0, 2.333333333333333)	(46.0, 4.666666666666666)	(47.0, 3.3333333333333335)	(48.0, 4.0)	(49.0, 3.3333333333333335)	(50.0, 1.6666666666666665)	(51.0, 0.3333333333333333)	(52.0, 0.3333333333333333)	(53.0, 1.0)	(54.0, 0.0)	(55.0, 0.6666666666666666)	(56.0, 0.3333333333333333)	(57.0, 0.0)	(58.0, 0.0)	(59.0, 0.0)	(60.0, 0.0)	(61.0, 0.0)	(62.0, 0.0)	(63.0, 0.0)	(64.0, 0.0)	(65.0, 0.0)	(66.0, 0.0)	(67.0, 0.0)	(68.0, 0.0)	(69.0, 0.0)	(70.0, 0.0)	(71.0, 0.0)	(72.0, 0.0)	(73.0, 0.0)	(74.0, 0.0)	(75.0, 0.0)	(76.0, 0.0)	(77.0, 0.0)	(78.0, 0.0)	(79.0, 0.0)	(80.0, 0.0)	(81.0, 0.0)	(82.0, 0.0)	(83.0, 0.0)	(84.0, 0.0)	(85.0, 0.0)	(86.0, 0.0)	(87.0, 0.0)	(88.0, 0.0)	(89.0, 0.0)	(90.0, 0.0)	(91.0, 0.0)	(92.0, 0.0)	(93.0, 0.0)	(94.0, 0.0)	(95.0, 0.0)	(96.0, 0.0)	(97.0, 0.0)	(98.0, 0.0)	(99.0, 0.0)	(100.0, 0.0)
SRR8438157_1	(0.0, 0.0)	(1.0, 0.0)	(2.0, 0.0)	(3.0, 0.0)	(4.0, 0.0)	(5.0, 0.0)	(6.0, 0.0)	(7.0, 0.0)	(8.0, 0.0)	(9.0, 0.0)	(10.0, 0.0)	(11.0, 0.0)	(12.0, 0.0)	(13.0, 0.0)	(14.0, 0.0)	(15.0, 0.0)	(16.0, 0.0)	(17.0, 0.0)	(18.0, 0.0)	(19.0, 0.0)	(20.0, 0.3333333333333333)	(21.0, 0.3333333333333333)	(22.0, 0.3333333333333333)	(23.0, 1.0)	(24.0, 1.9999999999999998)	(25.0, 2.333333333333333)	(26.0, 4.0)	(27.0, 2.333333333333333)	(28.0, 4.333333333333333)	(29.0, 5.333333333333332)	(30.0, 6.999999999999997)	(31.0, 12.666666666666671)	(32.0, 26.99999999999997)	(33.0, 57.00000000000013)	(34.0, 123.66666666666599)	(35.0, 272.6666666666686)	(36.0, 568.333333333328)	(37.0, 1137.333333333354)	(38.0, 1985.6666666664944)	(39.0, 3074.3333333336136)	(40.0, 4160.666666667353)	(41.0, 5219.66666666639)	(42.0, 5829.999999999168)	(43.0, 5979.999999999031)	(44.0, 5639.666666666008)	(45.0, 4940.33333333331)	(46.0, 4158.666666667355)	(47.0, 5395.9999999995625)	(48.0, 5282.999999999665)	(49.0, 2361.3333333332894)	(50.0, 1511.6666666666022)	(51.0, 3490.333333333803)	(52.0, 3557.3333333338333)	(53.0, 1567.6666666665894)	(54.0, 815.0000000000227)	(55.0, 240.66666666666913)	(56.0, 149.3333333333332)	(57.0, 105.99999999999957)	(58.0, 35.99999999999998)	(59.0, 21.666666666666657)	(60.0, 4.999999999999999)	(61.0, 1.6666666666666665)	(62.0, 1.3333333333333333)	(63.0, 2.6666666666666665)	(64.0, 2.6666666666666665)	(65.0, 0.6666666666666666)	(66.0, 0.3333333333333333)	(67.0, 0.3333333333333333)	(68.0, 0.3333333333333333)	(69.0, 0.6666666666666666)	(70.0, 0.6666666666666666)	(71.0, 0.6666666666666666)	(72.0, 0.3333333333333333)	(73.0, 0.3333333333333333)	(74.0, 0.3333333333333333)	(75.0, 0.0)	(76.0, 0.0)	(77.0, 0.0)	(78.0, 0.0)	(79.0, 0.0)	(80.0, 0.0)	(81.0, 0.0)	(82.0, 0.0)	(83.0, 0.0)	(84.0, 0.0)	(85.0, 0.0)	(86.0, 0.0)	(87.0, 0.0)	(88.0, 0.0)	(89.0, 0.0)	(90.0, 0.0)	(91.0, 0.0)	(92.0, 0.0)	(93.0, 0.0)	(94.0, 0.0)	(95.0, 0.0)	(96.0, 0.0)	(97.0, 0.0)	(98.0, 0.0)	(99.0, 0.0)	(100.0, 0.0)
SRR8438157_2	(0.0, 0.0)	(1.0, 0.0)	(2.0, 0.0)	(3.0, 0.0)	(4.0, 0.0)	(5.0, 0.0)	(6.0, 0.0)	(7.0, 0.0)	(8.0, 0.0)	(9.0, 0.0)	(10.0, 0.0)	(11.0, 0.0)	(12.0, 0.0)	(13.0, 0.0)	(14.0, 0.0)	(15.0, 0.0)	(16.0, 0.0)	(17.0, 0.0)	(18.0, 0.0)	(19.0, 0.0)	(20.0, 0.0)	(21.0, 0.3333333333333333)	(22.0, 0.0)	(23.0, 0.0)	(24.0, 0.3333333333333333)	(25.0, 0.0)	(26.0, 0.3333333333333333)	(27.0, 0.6666666666666666)	(28.0, 0.6666666666666666)	(29.0, 1.3333333333333333)	(30.0, 2.6666666666666665)	(31.0, 3.3333333333333335)	(32.0, 1.0)	(33.0, 3.0)	(34.0, 7.9999999999999964)	(35.0, 14.666666666666675)	(36.0, 18.333333333333336)	(37.0, 42.66666666666669)	(38.0, 91.16666666666646)	(39.0, 181.83333333333414)	(40.0, 375.9999999999961)	(41.0, 677.3333333333404)	(42.0, 1119.6666666666913)	(43.0, 1780.9999999998745)	(44.0, 2568.00000000005)	(45.0, 5074.666666666521)	(46.0, 6811.333333331609)	(47.0, 5444.333333332852)	(48.0, 5249.833333333029)	(49.0, 5248.166666666364)	(50.0, 5167.333333333104)	(51.0, 4693.333333333535)	(52.0, 6159.999999998868)	(53.0, 5979.333333332365)	(54.0, 3771.000000000597)	(55.0, 2331.3333333332757)	(56.0, 1609.6666666665799)	(57.0, 1076.0000000000346)	(58.0, 707.6666666666772)	(59.0, 463.33333333332445)	(60.0, 309.6666666666665)	(61.0, 192.00000000000108)	(62.0, 110.33333333333285)	(63.0, 63.66666666666684)	(64.0, 38.33333333333333)	(65.0, 19.999999999999996)	(66.0, 14.000000000000007)	(67.0, 12.000000000000004)	(68.0, 11.000000000000002)	(69.0, 7.33333333333333)	(70.0, 4.999999999999999)	(71.0, 5.333333333333332)	(72.0, 6.666666666666664)	(73.0, 6.999999999999997)	(74.0, 5.333333333333332)	(75.0, 3.0)	(76.0, 2.333333333333333)	(77.0, 1.9999999999999998)	(78.0, 2.333333333333333)	(79.0, 1.3333333333333333)	(80.0, 1.6666666666666665)	(81.0, 1.6666666666666665)	(82.0, 0.6666666666666666)	(83.0, 1.0)	(84.0, 0.3333333333333333)	(85.0, 0.3333333333333333)	(86.0, 0.3333333333333333)	(87.0, 0.0)	(88.0, 0.3333333333333333)	(89.0, 0.0)	(90.0, 0.3333333333333333)	(91.0, 0.3333333333333333)	(92.0, 0.3333333333333333)	(93.0, 0.0)	(94.0, 0.0)	(95.0, 0.0)	(96.0, 0.6666666666666666)	(97.0, 0.6666666666666666)	(98.0, 0.0)	(99.0, 0.0)	(100.0, 0.0)
SRR8438158	(0.0, 0.0)	(1.0, 0.0)	(2.0, 0.0)	(3.0, 0.0)	(4.0, 0.0)	(5.0, 0.0)	(6.0, 0.0)	(7.0, 0.0)	(8.0, 0.0)	(9.0, 0.0)	(10.0, 0.0)	(11.0, 0.0)	(12.0, 0.0)	(13.0, 0.0)	(14.0, 0.0)	(15.0, 0.0)	(16.0, 0.0)	(17.0, 0.0)	(18.0, 0.0)	(19.0, 0.0)	(20.0, 0.0)	(21.0, 0.0)	(22.0, 0.0)	(23.0, 0.0)	(24.0, 0.0)	(25.0, 0.0)	(26.0, 0.0)	(27.0, 0.0)	(28.0, 0.0)	(29.0, 0.0)	(30.0, 0.0)	(31.0, 0.0)	(32.0, 0.0)	(33.0, 0.0)	(34.0, 0.0)	(35.0, 0.0)	(36.0, 0.0)	(37.0, 0.0)	(38.0, 0.0)	(39.0, 0.0)	(40.0, 0.0)	(41.0, 0.0)	(42.0, 0.6666666666666666)	(43.0, 1.9999999999999998)	(44.0, 1.3333333333333333)	(45.0, 1.9999999999999998)	(46.0, 2.6666666666666665)	(47.0, 2.6666666666666665)	(48.0, 1.3333333333333333)	(49.0, 1.3333333333333333)	(50.0, 0.3333333333333333)	(51.0, 0.0)	(52.0, 0.0)	(53.0, 0.0)	(54.0, 0.0)	(55.0, 0.0)	(56.0, 0.0)	(57.0, 0.0)	(58.0, 0.0)	(59.0, 0.0)	(60.0, 0.0)	(61.0, 0.0)	(62.0, 0.0)	(63.0, 0.0)	(64.0, 0.0)	(65.0, 0.0)	(66.0, 0.0)	(67.0, 0.0)	(68.0, 0.0)	(69.0, 0.0)	(70.0, 0.0)	(71.0, 0.0)	(72.0, 0.0)	(73.0, 0.0)	(74.0, 0.0)	(75.0, 0.0)	(76.0, 0.0)	(77.0, 0.0)	(78.0, 0.0)	(79.0, 0.0)	(80.0, 0.0)	(81.0, 0.0)	(82.0, 0.0)	(83.0, 0.0)	(84.0, 0.0)	(85.0, 0.0)	(86.0, 0.0)	(87.0, 0.0)	(88.0, 0.0)	(89.0, 0.0)	(90.0, 0.0)	(91.0, 0.0)	(92.0, 0.0)	(93.0, 0.0)	(94.0, 0.0)	(95.0, 0.0)	(96.0, 0.0)	(97.0, 0.0)	(98.0, 0.0)	(99.0, 0.0)	(100.0, 0.0)
SRR8438158_1	(0.0, 0.0)	(1.0, 0.0)	(2.0, 0.0)	(3.0, 0.0)	(4.0, 0.0)	(5.0, 0.0)	(6.0, 0.0)	(7.0, 0.0)	(8.0, 0.0)	(9.0, 0.0)	(10.0, 0.0)	(11.0, 0.0)	(12.0, 0.0)	(13.0, 0.0)	(14.0, 0.0)	(15.0, 0.0)	(16.0, 0.0)	(17.0, 0.0)	(18.0, 0.0)	(19.0, 0.0)	(20.0, 0.0)	(21.0, 0.0)	(22.0, 0.0)	(23.0, 0.0)	(24.0, 0.0)	(25.0, 0.0)	(26.0, 0.0)	(27.0, 0.0)	(28.0, 0.0)	(29.0, 1.0)	(30.0, 54.66666666666678)	(31.0, 125.33333333333263)	(32.0, 52.00000000000009)	(33.0, 16.00000000000001)	(34.0, 11.66666666666667)	(35.0, 3.3333333333333335)	(36.0, 5.666666666666665)	(37.0, 14.333333333333341)	(38.0, 20.999999999999993)	(39.0, 51.000000000000085)	(40.0, 80.33333333333327)	(41.0, 91.33333333333312)	(42.0, 113.66666666666613)	(43.0, 166.00000000000034)	(44.0, 235.33333333333564)	(45.0, 238.0000000000024)	(46.0, 219.3333333333352)	(47.0, 436.6666666666593)	(48.0, 1705.666666666558)	(49.0, 1236.999999999998)	(50.0, 524.333333333323)	(51.0, 3373.000000000416)	(52.0, 19495.666666667265)	(53.0, 15815.333333344219)	(54.0, 3011.333333333585)	(55.0, 999.0000000000437)	(56.0, 355.6666666666639)	(57.0, 221.6666666666686)	(58.0, 100.33333333333299)	(59.0, 49.00000000000007)	(60.0, 17.66666666666667)	(61.0, 15.333333333333343)	(62.0, 8.666666666666664)	(63.0, 5.666666666666665)	(64.0, 4.0)	(65.0, 0.6666666666666666)	(66.0, 0.0)	(67.0, 0.0)	(68.0, 0.0)	(69.0, 0.0)	(70.0, 0.0)	(71.0, 0.3333333333333333)	(72.0, 0.0)	(73.0, 0.3333333333333333)	(74.0, 0.3333333333333333)	(75.0, 0.3333333333333333)	(76.0, 0.3333333333333333)	(77.0, 0.0)	(78.0, 0.0)	(79.0, 0.0)	(80.0, 0.0)	(81.0, 0.0)	(82.0, 0.0)	(83.0, 0.0)	(84.0, 0.0)	(85.0, 0.0)	(86.0, 0.0)	(87.0, 0.0)	(88.0, 0.0)	(89.0, 0.0)	(90.0, 0.0)	(91.0, 0.0)	(92.0, 0.0)	(93.0, 0.0)	(94.0, 0.0)	(95.0, 0.0)	(96.0, 0.0)	(97.0, 0.0)	(98.0, 0.0)	(99.0, 0.0)	(100.0, 0.0)
SRR8438158_2	(0.0, 0.0)	(1.0, 0.0)	(2.0, 0.0)	(3.0, 0.0)	(4.0, 0.0)	(5.0, 0.0)	(6.0, 0.0)	(7.0, 0.0)	(8.0, 0.0)	(9.0, 0.0)	(10.0, 0.0)	(11.0, 0.0)	(12.0, 0.0)	(13.0, 0.0)	(14.0, 0.0)	(15.0, 0.0)	(16.0, 0.0)	(17.0, 0.0)	(18.0, 0.0)	(19.0, 0.0)	(20.0, 0.0)	(21.0, 0.0)	(22.0, 0.0)	(23.0, 0.0)	(24.0, 0.0)	(25.0, 0.0)	(26.0, 0.0)	(27.0, 0.0)	(28.0, 1.0)	(29.0, 37.66666666666666)	(30.0, 107.66666666666622)	(31.0, 55.000000000000114)	(32.0, 20.66666666666666)	(33.0, 12.666666666666671)	(34.0, 8.999999999999998)	(35.0, 3.3333333333333335)	(36.0, 4.5)	(37.0, 7.666666666666664)	(38.0, 7.999999999999997)	(39.0, 32.16666666666662)	(40.0, 43.00000000000003)	(41.0, 43.6666666666667)	(42.0, 54.50000000000011)	(43.0, 85.66666666666654)	(44.0, 122.33333333333267)	(45.0, 135.3333333333328)	(46.0, 149.16666666666654)	(47.0, 218.33333333333516)	(48.0, 1031.0000000000448)	(49.0, 1772.6666666665428)	(50.0, 1107.0000000000275)	(51.0, 903.0000000000327)	(52.0, 2971.6666666669003)	(53.0, 14569.666666675286)	(54.0, 15024.33333334278)	(55.0, 5228.999999999714)	(56.0, 2104.9999999998395)	(57.0, 1038.6666666667097)	(58.0, 572.9999999999952)	(59.0, 380.9999999999958)	(60.0, 250.6666666666694)	(61.0, 165.0000000000003)	(62.0, 106.3333333333329)	(63.0, 68.00000000000011)	(64.0, 46.333333333333385)	(65.0, 30.999999999999957)	(66.0, 18.666666666666668)	(67.0, 10.666666666666668)	(68.0, 7.666666666666663)	(69.0, 4.0)	(70.0, 3.666666666666667)	(71.0, 3.3333333333333335)	(72.0, 1.9999999999999998)	(73.0, 3.3333333333333335)	(74.0, 3.0)	(75.0, 1.9999999999999998)	(76.0, 1.9999999999999998)	(77.0, 1.0)	(78.0, 1.0)	(79.0, 1.6666666666666665)	(80.0, 1.6666666666666665)	(81.0, 1.3333333333333333)	(82.0, 0.6666666666666666)	(83.0, 0.3333333333333333)	(84.0, 0.3333333333333333)	(85.0, 0.6666666666666666)	(86.0, 0.6666666666666666)	(87.0, 0.0)	(88.0, 0.0)	(89.0, 0.0)	(90.0, 0.0)	(91.0, 0.0)	(92.0, 0.0)	(93.0, 0.0)	(94.0, 0.0)	(95.0, 0.0)	(96.0, 0.0)	(97.0, 0.0)	(98.0, 0.3333333333333333)	(99.0, 0.0)	(100.0, 0.0)
