Sample	0	1	2	3	4	5	6	7	8	9	10	11	12	13	14	15	16	17	18	19	20	21	22	23	24	25	26	27	28	29	30	31	32	33	34	35	36	37	38	39	40	41	42	43	44	45	46	47	48	49	50	51	52	53	54	55	56	57	58	59	60	61	62	63	64	65	66	67	68	69	70	71	72	73	74	75	76	77	78	79	80	81	82	83	84	85	86	87	88	89	90	91	92	93	94	95	96	97	98	99	100
SRR8438042	(0.0, 0.0)	(1.0, 0.0)	(2.0, 0.0)	(3.0, 0.0)	(4.0, 0.0)	(5.0, 0.0)	(6.0, 0.0)	(7.0, 0.0)	(8.0, 0.0)	(9.0, 0.0)	(10.0, 0.0)	(11.0, 0.0)	(12.0, 0.0)	(13.0, 0.0)	(14.0, 0.0)	(15.0, 0.0)	(16.0, 0.0)	(17.0, 0.0)	(18.0, 0.0)	(19.0, 0.0)	(20.0, 0.0)	(21.0, 0.0)	(22.0, 0.0)	(23.0, 0.0)	(24.0, 0.0)	(25.0, 0.0)	(26.0, 0.0)	(27.0, 0.0)	(28.0, 0.0)	(29.0, 0.0)	(30.0, 0.0)	(31.0, 0.0)	(32.0, 0.0)	(33.0, 0.0)	(34.0, 0.0)	(35.0, 0.0)	(36.0, 0.0)	(37.0, 0.0)	(38.0, 0.0)	(39.0, 0.0)	(40.0, 0.0)	(41.0, 0.0)	(42.0, 5.882352941176471)	(43.0, 5.882352941176471)	(44.0, 5.882352941176471)	(45.0, 2.9411764705882355)	(46.0, 11.764705882352942)	(47.0, 17.647058823529413)	(48.0, 20.588235294117645)	(49.0, 14.705882352941178)	(50.0, 5.882352941176471)	(51.0, 5.882352941176471)	(52.0, 2.9411764705882355)	(53.0, 0.0)	(54.0, 0.0)	(55.0, 0.0)	(56.0, 0.0)	(57.0, 0.0)	(58.0, 0.0)	(59.0, 0.0)	(60.0, 0.0)	(61.0, 0.0)	(62.0, 0.0)	(63.0, 0.0)	(64.0, 0.0)	(65.0, 0.0)	(66.0, 0.0)	(67.0, 0.0)	(68.0, 0.0)	(69.0, 0.0)	(70.0, 0.0)	(71.0, 0.0)	(72.0, 0.0)	(73.0, 0.0)	(74.0, 0.0)	(75.0, 0.0)	(76.0, 0.0)	(77.0, 0.0)	(78.0, 0.0)	(79.0, 0.0)	(80.0, 0.0)	(81.0, 0.0)	(82.0, 0.0)	(83.0, 0.0)	(84.0, 0.0)	(85.0, 0.0)	(86.0, 0.0)	(87.0, 0.0)	(88.0, 0.0)	(89.0, 0.0)	(90.0, 0.0)	(91.0, 0.0)	(92.0, 0.0)	(93.0, 0.0)	(94.0, 0.0)	(95.0, 0.0)	(96.0, 0.0)	(97.0, 0.0)	(98.0, 0.0)	(99.0, 0.0)	(100.0, 0.0)
SRR8438042_1	(0.0, 0.0)	(1.0, 0.0)	(2.0, 0.0)	(3.0, 0.0)	(4.0, 0.0)	(5.0, 0.0)	(6.0, 0.0)	(7.0, 0.0)	(8.0, 0.0)	(9.0, 0.0)	(10.0, 0.0)	(11.0, 0.0)	(12.0, 0.0)	(13.0, 0.0)	(14.0, 0.0)	(15.0, 0.0)	(16.0, 0.0)	(17.0, 0.0)	(18.0, 0.0)	(19.0, 0.0)	(20.0, 0.0)	(21.0, 0.0)	(22.0, 0.0)	(23.0, 0.0)	(24.0, 0.0)	(25.0, 0.0020459102254593775)	(26.0, 0.011252506240026577)	(27.0, 0.10945619706207663)	(28.0, 0.04398706984737664)	(29.0, 0.006137730676378132)	(30.0, 0.004091820450918755)	(31.0, 0.003068865338189066)	(32.0, 0.005114775563648443)	(33.0, 0.027619788043701594)	(34.0, 0.2567617332951515)	(35.0, 0.21686648389869426)	(36.0, 0.1166168828511845)	(37.0, 0.14321371578215658)	(38.0, 0.23732558615328775)	(39.0, 0.3958836286263874)	(40.0, 0.7037931175580324)	(41.0, 0.9329350628094767)	(42.0, 0.9452105241622322)	(43.0, 1.241867506853825)	(44.0, 1.3022218585048733)	(45.0, 2.923605712181568)	(46.0, 3.3061909243424594)	(47.0, 2.0735300135031003)	(48.0, 1.8883751380990057)	(49.0, 2.342567208151039)	(50.0, 2.6279716846026546)	(51.0, 6.05180244690832)	(52.0, 20.700519661192875)	(53.0, 14.970948074799098)	(54.0, 6.700355988379078)	(55.0, 9.145218707804146)	(56.0, 13.125537051436417)	(57.0, 5.445190065059752)	(58.0, 1.1804902000900472)	(59.0, 0.4194115962191709)	(60.0, 0.17697123450223656)	(61.0, 0.10229551127296874)	(62.0, 0.056262531200132894)	(63.0, 0.02557387781824221)	(64.0, 0.010229551127296888)	(65.0, 0.006137730676378132)	(66.0, 0.009206596014567199)	(67.0, 0.0020459102254593775)	(68.0, 0.0020459102254593775)	(69.0, 0.0010229551127296887)	(70.0, 0.0)	(71.0, 0.0)	(72.0, 0.0)	(73.0, 0.0)	(74.0, 0.0)	(75.0, 0.0)	(76.0, 0.0)	(77.0, 0.0)	(78.0, 0.0)	(79.0, 0.0)	(80.0, 0.0)	(81.0, 0.0)	(82.0, 0.0)	(83.0, 0.0)	(84.0, 0.0)	(85.0, 0.0)	(86.0, 0.0)	(87.0, 0.0)	(88.0, 0.0)	(89.0, 0.0)	(90.0, 0.0)	(91.0, 0.0)	(92.0, 0.0010229551127296887)	(93.0, 0.0)	(94.0, 0.0)	(95.0, 0.0)	(96.0, 0.0)	(97.0, 0.0)	(98.0, 0.0)	(99.0, 0.0)	(100.0, 0.0)
SRR8438042_2	(0.0, 0.0)	(1.0, 0.0)	(2.0, 0.0)	(3.0, 0.0)	(4.0, 0.0)	(5.0, 0.0)	(6.0, 0.0)	(7.0, 0.0)	(8.0, 0.0)	(9.0, 0.0)	(10.0, 0.0)	(11.0, 0.0)	(12.0, 0.0)	(13.0, 0.0)	(14.0, 0.0)	(15.0, 0.0)	(16.0, 0.0)	(17.0, 0.0)	(18.0, 0.001024663654155496)	(19.0, 0.001024663654155496)	(20.0, 0.0)	(21.0, 0.0)	(22.0, 0.0)	(23.0, 0.001024663654155496)	(24.0, 0.058405828286863276)	(25.0, 0.09631838349061649)	(26.0, 0.027665918662198384)	(27.0, 0.01024663654155496)	(28.0, 0.004098654616621984)	(29.0, 0.002049327308310992)	(30.0, 0.001024663654155496)	(31.0, 0.002049327308310992)	(32.0, 0.0030739909624664876)	(33.0, 0.009221972887399465)	(34.0, 0.040986546166219856)	(35.0, 0.1772668121689012)	(36.0, 0.14960089350670264)	(37.0, 0.13013228407774804)	(38.0, 0.0676278011742627)	(39.0, 0.06250448290348525)	(40.0, 0.12398430215281504)	(41.0, 0.20185873986863315)	(42.0, 0.3535089606836444)	(43.0, 1.417109833697024)	(44.0, 2.1138811185228135)	(45.0, 1.3873945877265164)	(46.0, 1.6824977201233007)	(47.0, 2.2414517434651877)	(48.0, 1.9104853831729245)	(49.0, 2.4279405285215083)	(50.0, 3.4095683092024958)	(51.0, 4.9481007859166235)	(52.0, 15.858719375363927)	(53.0, 14.492842724375896)	(54.0, 8.284405643847515)	(55.0, 10.462840572583092)	(56.0, 13.232506429765781)	(57.0, 6.496367567345363)	(58.0, 3.3209349031180655)	(59.0, 1.8075066859302855)	(60.0, 1.1578699291956982)	(61.0, 0.6363161292305676)	(62.0, 0.376051561075065)	(63.0, 0.24079595872654147)	(64.0, 0.15267488446916913)	(65.0, 0.09939237445308297)	(66.0, 0.08402241964075058)	(67.0, 0.06865246482841819)	(68.0, 0.03996188251206436)	(69.0, 0.02869058231635388)	(70.0, 0.029715245970509382)	(71.0, 0.022542600391420902)	(72.0, 0.00717264557908847)	(73.0, 0.006147981924932975)	(74.0, 0.006147981924932975)	(75.0, 0.002049327308310992)	(76.0, 0.0)	(77.0, 0.001024663654155496)	(78.0, 0.002049327308310992)	(79.0, 0.001024663654155496)	(80.0, 0.002049327308310992)	(81.0, 0.001024663654155496)	(82.0, 0.002049327308310992)	(83.0, 0.001024663654155496)	(84.0, 0.0)	(85.0, 0.0)	(86.0, 0.002049327308310992)	(87.0, 0.0030739909624664876)	(88.0, 0.0)	(89.0, 0.002049327308310992)	(90.0, 0.001024663654155496)	(91.0, 0.0)	(92.0, 0.001024663654155496)	(93.0, 0.0)	(94.0, 0.0)	(95.0, 0.0)	(96.0, 0.0)	(97.0, 0.001024663654155496)	(98.0, 0.001024663654155496)	(99.0, 0.001024663654155496)	(100.0, 0.0)
SRR8438043	(0.0, 0.0)	(1.0, 0.0)	(2.0, 0.0)	(3.0, 0.0)	(4.0, 0.0)	(5.0, 0.0)	(6.0, 0.0)	(7.0, 0.0)	(8.0, 0.0)	(9.0, 0.0)	(10.0, 0.0)	(11.0, 0.0)	(12.0, 0.0)	(13.0, 0.0)	(14.0, 0.0)	(15.0, 0.0)	(16.0, 0.0)	(17.0, 0.0)	(18.0, 0.0)	(19.0, 0.0)	(20.0, 0.0)	(21.0, 0.0)	(22.0, 0.0)	(23.0, 0.0)	(24.0, 0.0)	(25.0, 0.0)	(26.0, 0.0)	(27.0, 0.0)	(28.0, 0.0)	(29.0, 0.0)	(30.0, 0.0)	(31.0, 0.0)	(32.0, 0.0)	(33.0, 0.0)	(34.0, 0.0)	(35.0, 0.0)	(36.0, 0.0)	(37.0, 0.0)	(38.0, 0.0)	(39.0, 0.0)	(40.0, 0.0)	(41.0, 0.0)	(42.0, 0.0)	(43.0, 0.0)	(44.0, 0.0)	(45.0, 0.0)	(46.0, 100.0)	(47.0, 0.0)	(48.0, 0.0)	(49.0, 0.0)	(50.0, 0.0)	(51.0, 0.0)	(52.0, 0.0)	(53.0, 0.0)	(54.0, 0.0)	(55.0, 0.0)	(56.0, 0.0)	(57.0, 0.0)	(58.0, 0.0)	(59.0, 0.0)	(60.0, 0.0)	(61.0, 0.0)	(62.0, 0.0)	(63.0, 0.0)	(64.0, 0.0)	(65.0, 0.0)	(66.0, 0.0)	(67.0, 0.0)	(68.0, 0.0)	(69.0, 0.0)	(70.0, 0.0)	(71.0, 0.0)	(72.0, 0.0)	(73.0, 0.0)	(74.0, 0.0)	(75.0, 0.0)	(76.0, 0.0)	(77.0, 0.0)	(78.0, 0.0)	(79.0, 0.0)	(80.0, 0.0)	(81.0, 0.0)	(82.0, 0.0)	(83.0, 0.0)	(84.0, 0.0)	(85.0, 0.0)	(86.0, 0.0)	(87.0, 0.0)	(88.0, 0.0)	(89.0, 0.0)	(90.0, 0.0)	(91.0, 0.0)	(92.0, 0.0)	(93.0, 0.0)	(94.0, 0.0)	(95.0, 0.0)	(96.0, 0.0)	(97.0, 0.0)	(98.0, 0.0)	(99.0, 0.0)	(100.0, 0.0)
SRR8438043_1	(0.0, 0.0)	(1.0, 0.0)	(2.0, 0.0)	(3.0, 0.0)	(4.0, 0.0)	(5.0, 0.0)	(6.0, 0.0)	(7.0, 0.0)	(8.0, 0.0)	(9.0, 0.0)	(10.0, 0.0)	(11.0, 0.0)	(12.0, 0.0)	(13.0, 0.0)	(14.0, 0.0)	(15.0, 0.0)	(16.0, 0.0)	(17.0, 0.0)	(18.0, 0.0)	(19.0, 0.0)	(20.0, 0.0)	(21.0, 0.0)	(22.0, 0.0)	(23.0, 0.0)	(24.0, 0.0)	(25.0, 0.0)	(26.0, 0.0)	(27.0, 0.0)	(28.0, 0.0)	(29.0, 0.0)	(30.0, 0.0)	(31.0, 0.0)	(32.0, 0.0)	(33.0, 0.0)	(34.0, 0.0)	(35.0, 0.026343519494203736)	(36.0, 0.026343519494203736)	(37.0, 0.0)	(38.0, 0.0)	(39.0, 0.026343519494203736)	(40.0, 0.06585879873550934)	(41.0, 0.05268703898840747)	(42.0, 0.1580611169652224)	(43.0, 0.11854583772391682)	(44.0, 0.0395152792413056)	(45.0, 0.1317175974710187)	(46.0, 0.22391991570073172)	(47.0, 1.6991570073761422)	(48.0, 1.8835616438355696)	(49.0, 0.4346680716543617)	(50.0, 0.6190727081137882)	(51.0, 7.613277133824924)	(52.0, 7.481559536353901)	(53.0, 3.9383561643834457)	(54.0, 40.79293993677624)	(55.0, 31.111696522655386)	(56.0, 2.7002107481558872)	(57.0, 0.6059009483666863)	(58.0, 0.17123287671232426)	(59.0, 0.06585879873550934)	(60.0, 0.013171759747101868)	(61.0, 0.0)	(62.0, 0.0)	(63.0, 0.0)	(64.0, 0.0)	(65.0, 0.0)	(66.0, 0.0)	(67.0, 0.0)	(68.0, 0.0)	(69.0, 0.0)	(70.0, 0.0)	(71.0, 0.0)	(72.0, 0.0)	(73.0, 0.0)	(74.0, 0.0)	(75.0, 0.0)	(76.0, 0.0)	(77.0, 0.0)	(78.0, 0.0)	(79.0, 0.0)	(80.0, 0.0)	(81.0, 0.0)	(82.0, 0.0)	(83.0, 0.0)	(84.0, 0.0)	(85.0, 0.0)	(86.0, 0.0)	(87.0, 0.0)	(88.0, 0.0)	(89.0, 0.0)	(90.0, 0.0)	(91.0, 0.0)	(92.0, 0.0)	(93.0, 0.0)	(94.0, 0.0)	(95.0, 0.0)	(96.0, 0.0)	(97.0, 0.0)	(98.0, 0.0)	(99.0, 0.0)	(100.0, 0.0)
SRR8438043_2	(0.0, 0.0)	(1.0, 0.0)	(2.0, 0.0)	(3.0, 0.0)	(4.0, 0.0)	(5.0, 0.0)	(6.0, 0.0)	(7.0, 0.0)	(8.0, 0.0)	(9.0, 0.0)	(10.0, 0.0)	(11.0, 0.0)	(12.0, 0.0)	(13.0, 0.0)	(14.0, 0.0)	(15.0, 0.0)	(16.0, 0.0)	(17.0, 0.0)	(18.0, 0.0)	(19.0, 0.0)	(20.0, 0.0)	(21.0, 0.0)	(22.0, 0.0)	(23.0, 0.0)	(24.0, 0.0)	(25.0, 0.0)	(26.0, 0.0)	(27.0, 0.0)	(28.0, 0.0)	(29.0, 0.0)	(30.0, 0.0)	(31.0, 0.0)	(32.0, 0.0)	(33.0, 0.0)	(34.0, 0.0)	(35.0, 0.0)	(36.0, 0.014096419509444414)	(37.0, 0.02819283901888883)	(38.0, 0.0)	(39.0, 0.014096419509444414)	(40.0, 0.02819283901888883)	(41.0, 0.07048209754722207)	(42.0, 0.09867493656611089)	(43.0, 0.08457851705666648)	(44.0, 0.1550606146038886)	(45.0, 1.240484916831107)	(46.0, 1.987595150831665)	(47.0, 0.7189173949816654)	(48.0, 0.39469974626444354)	(49.0, 0.22554271215111057)	(50.0, 0.19734987313222177)	(51.0, 0.7048209754722211)	(52.0, 7.076402593741113)	(53.0, 7.555680857062236)	(54.0, 12.263884973216681)	(55.0, 39.73780659712537)	(56.0, 18.127995489145224)	(57.0, 5.525796447702183)	(58.0, 2.072173667888332)	(59.0, 0.7048209754722211)	(60.0, 0.42289258528333246)	(61.0, 0.21144629264166617)	(62.0, 0.11277135607555532)	(63.0, 0.08457851705666648)	(64.0, 0.04228925852833325)	(65.0, 0.014096419509444414)	(66.0, 0.04228925852833325)	(67.0, 0.02819283901888883)	(68.0, 0.0)	(69.0, 0.014096419509444414)	(70.0, 0.0)	(71.0, 0.0)	(72.0, 0.0)	(73.0, 0.0)	(74.0, 0.0)	(75.0, 0.0)	(76.0, 0.0)	(77.0, 0.0)	(78.0, 0.0)	(79.0, 0.0)	(80.0, 0.0)	(81.0, 0.0)	(82.0, 0.0)	(83.0, 0.0)	(84.0, 0.0)	(85.0, 0.0)	(86.0, 0.0)	(87.0, 0.0)	(88.0, 0.0)	(89.0, 0.0)	(90.0, 0.0)	(91.0, 0.0)	(92.0, 0.0)	(93.0, 0.0)	(94.0, 0.0)	(95.0, 0.0)	(96.0, 0.0)	(97.0, 0.0)	(98.0, 0.0)	(99.0, 0.0)	(100.0, 0.0)
SRR8438044	(0.0, 0.0)	(1.0, 0.0)	(2.0, 0.0)	(3.0, 0.0)	(4.0, 0.0)	(5.0, 0.0)	(6.0, 0.0)	(7.0, 0.0)	(8.0, 0.0)	(9.0, 0.0)	(10.0, 0.0)	(11.0, 0.0)	(12.0, 0.0)	(13.0, 0.0)	(14.0, 0.0)	(15.0, 0.0)	(16.0, 0.0)	(17.0, 0.0)	(18.0, 0.0)	(19.0, 0.0)	(20.0, 0.0)	(21.0, 0.0)	(22.0, 0.0)	(23.0, 0.0)	(24.0, 0.0)	(25.0, 0.0)	(26.0, 0.0)	(27.0, 0.0)	(28.0, 0.0)	(29.0, 0.0)	(30.0, 0.0)	(31.0, 0.0)	(32.0, 0.0)	(33.0, 0.0)	(34.0, 0.0)	(35.0, 0.0)	(36.0, 0.0)	(37.0, 0.0)	(38.0, 0.0)	(39.0, 2.3809523809523814)	(40.0, 4.761904761904763)	(41.0, 4.761904761904763)	(42.0, 0.0)	(43.0, 4.761904761904763)	(44.0, 16.666666666666668)	(45.0, 11.904761904761907)	(46.0, 9.523809523809526)	(47.0, 7.142857142857145)	(48.0, 7.142857142857145)	(49.0, 11.904761904761907)	(50.0, 4.761904761904763)	(51.0, 0.0)	(52.0, 7.142857142857145)	(53.0, 7.142857142857145)	(54.0, 0.0)	(55.0, 0.0)	(56.0, 0.0)	(57.0, 0.0)	(58.0, 0.0)	(59.0, 0.0)	(60.0, 0.0)	(61.0, 0.0)	(62.0, 0.0)	(63.0, 0.0)	(64.0, 0.0)	(65.0, 0.0)	(66.0, 0.0)	(67.0, 0.0)	(68.0, 0.0)	(69.0, 0.0)	(70.0, 0.0)	(71.0, 0.0)	(72.0, 0.0)	(73.0, 0.0)	(74.0, 0.0)	(75.0, 0.0)	(76.0, 0.0)	(77.0, 0.0)	(78.0, 0.0)	(79.0, 0.0)	(80.0, 0.0)	(81.0, 0.0)	(82.0, 0.0)	(83.0, 0.0)	(84.0, 0.0)	(85.0, 0.0)	(86.0, 0.0)	(87.0, 0.0)	(88.0, 0.0)	(89.0, 0.0)	(90.0, 0.0)	(91.0, 0.0)	(92.0, 0.0)	(93.0, 0.0)	(94.0, 0.0)	(95.0, 0.0)	(96.0, 0.0)	(97.0, 0.0)	(98.0, 0.0)	(99.0, 0.0)	(100.0, 0.0)
SRR8438044_1	(0.0, 0.0)	(1.0, 0.0)	(2.0, 0.0)	(3.0, 0.0)	(4.0, 0.0)	(5.0, 0.0)	(6.0, 0.0)	(7.0, 0.0)	(8.0, 0.0)	(9.0, 0.0)	(10.0, 0.0)	(11.0, 0.0)	(12.0, 0.0)	(13.0, 0.0)	(14.0, 0.0)	(15.0, 0.0)	(16.0, 0.0)	(17.0, 0.0)	(18.0, 0.0)	(19.0, 0.0)	(20.0, 0.0)	(21.0, 0.0)	(22.0, 0.0)	(23.0, 0.0)	(24.0, 0.0)	(25.0, 0.0)	(26.0, 0.0)	(27.0, 0.0)	(28.0, 0.0)	(29.0, 0.0)	(30.0, 0.0)	(31.0, 0.0)	(32.0, 0.0)	(33.0, 0.0005796362203081641)	(34.0, 0.0023185448812326564)	(35.0, 0.005216725982773477)	(36.0, 0.009853815745238787)	(37.0, 0.035357809438798)	(38.0, 0.026663266134175564)	(39.0, 0.06086180313235719)	(40.0, 0.14896650861919794)	(41.0, 0.4196566235031151)	(42.0, 0.5518136817333713)	(43.0, 0.6891874659463983)	(44.0, 0.8659765131403784)	(45.0, 0.99175757294726)	(46.0, 1.0190004753017468)	(47.0, 1.0601546469436312)	(48.0, 1.5858846987631958)	(49.0, 1.2056433382409968)	(50.0, 2.4141848575834404)	(51.0, 28.512885313199543)	(52.0, 39.99721774612342)	(53.0, 13.290478895441582)	(54.0, 3.482454411611144)	(55.0, 1.6015348767115178)	(56.0, 1.0276950186063702)	(57.0, 0.5089206014305695)	(58.0, 0.18954104404076885)	(59.0, 0.16229814168628554)	(60.0, 0.10201597477423714)	(61.0, 0.015070541728012265)	(62.0, 0.006375998423389806)	(63.0, 0.0069556346436979695)	(64.0, 0.0023185448812326564)	(65.0, 0.0011592724406163282)	(66.0, 0.0)	(67.0, 0.0)	(68.0, 0.0)	(69.0, 0.0)	(70.0, 0.0)	(71.0, 0.0)	(72.0, 0.0)	(73.0, 0.0)	(74.0, 0.0)	(75.0, 0.0)	(76.0, 0.0)	(77.0, 0.0)	(78.0, 0.0)	(79.0, 0.0)	(80.0, 0.0)	(81.0, 0.0)	(82.0, 0.0)	(83.0, 0.0)	(84.0, 0.0)	(85.0, 0.0)	(86.0, 0.0)	(87.0, 0.0)	(88.0, 0.0)	(89.0, 0.0)	(90.0, 0.0)	(91.0, 0.0)	(92.0, 0.0)	(93.0, 0.0)	(94.0, 0.0)	(95.0, 0.0)	(96.0, 0.0)	(97.0, 0.0)	(98.0, 0.0)	(99.0, 0.0)	(100.0, 0.0)
SRR8438044_2	(0.0, 0.0)	(1.0, 0.0)	(2.0, 0.0)	(3.0, 0.0)	(4.0, 0.0)	(5.0, 0.0)	(6.0, 0.0)	(7.0, 0.0)	(8.0, 0.0)	(9.0, 0.0)	(10.0, 0.0)	(11.0, 0.0)	(12.0, 0.0)	(13.0, 0.0)	(14.0, 0.0)	(15.0, 0.0)	(16.0, 0.0)	(17.0, 0.0)	(18.0, 0.0)	(19.0, 0.0)	(20.0, 0.0)	(21.0, 0.0)	(22.0, 0.0)	(23.0, 0.0)	(24.0, 0.0)	(25.0, 0.0)	(26.0, 0.0)	(27.0, 0.0)	(28.0, 0.0)	(29.0, 0.0)	(30.0, 0.0)	(31.0, 0.0)	(32.0, 0.0)	(33.0, 0.0)	(34.0, 0.0)	(35.0, 0.0005841053258723365)	(36.0, 0.001168210651744673)	(37.0, 0.002336421303489346)	(38.0, 0.002336421303489346)	(39.0, 0.028037055641872175)	(40.0, 0.044392004766297545)	(41.0, 0.10805948528638257)	(42.0, 0.2313057090454442)	(43.0, 0.37703998785059634)	(44.0, 0.4520975222251933)	(45.0, 0.3811287251317028)	(46.0, 0.5420497424095281)	(47.0, 0.7619653976004505)	(48.0, 1.6346187544537976)	(49.0, 2.366210675108787)	(50.0, 2.248805504608474)	(51.0, 3.140734337215329)	(52.0, 24.725762549515522)	(53.0, 36.272940736665475)	(54.0, 15.663952523915608)	(55.0, 4.780902092265291)	(56.0, 2.105115594443912)	(57.0, 1.5852618544175794)	(58.0, 1.1162252777420396)	(59.0, 0.512844476115913)	(60.0, 0.25992687001318954)	(61.0, 0.22604876111259306)	(62.0, 0.19041833623438092)	(63.0, 0.08177474562212722)	(64.0, 0.044392004766297545)	(65.0, 0.03212579292297851)	(66.0, 0.019275475753787113)	(67.0, 0.011682106517446729)	(68.0, 0.013434422495063736)	(69.0, 0.00525694793285103)	(70.0, 0.0035046319552340193)	(71.0, 0.0040887372811063555)	(72.0, 0.002336421303489346)	(73.0, 0.001168210651744673)	(74.0, 0.0)	(75.0, 0.001168210651744673)	(76.0, 0.0005841053258723365)	(77.0, 0.0)	(78.0, 0.001168210651744673)	(79.0, 0.0017523159776170099)	(80.0, 0.0005841053258723365)	(81.0, 0.0005841053258723365)	(82.0, 0.001168210651744673)	(83.0, 0.0)	(84.0, 0.0005841053258723365)	(85.0, 0.001168210651744673)	(86.0, 0.001168210651744673)	(87.0, 0.001168210651744673)	(88.0, 0.0)	(89.0, 0.001168210651744673)	(90.0, 0.001168210651744673)	(91.0, 0.001168210651744673)	(92.0, 0.0005841053258723365)	(93.0, 0.0005841053258723365)	(94.0, 0.0)	(95.0, 0.0)	(96.0, 0.0005841053258723365)	(97.0, 0.0005841053258723365)	(98.0, 0.001168210651744673)	(99.0, 0.0005841053258723365)	(100.0, 0.0)
SRR8438045	(0.0, 0.0)	(1.0, 0.0)	(2.0, 0.0)	(3.0, 0.0)	(4.0, 0.0)	(5.0, 0.0)	(6.0, 0.0)	(7.0, 0.0)	(8.0, 0.0)	(9.0, 0.0)	(10.0, 0.0)	(11.0, 0.0)	(12.0, 0.0)	(13.0, 0.0)	(14.0, 0.0)	(15.0, 0.0)	(16.0, 0.0)	(17.0, 0.0)	(18.0, 0.0)	(19.0, 0.0)	(20.0, 0.0)	(21.0, 0.0)	(22.0, 0.0)	(23.0, 0.0)	(24.0, 0.0)	(25.0, 0.0)	(26.0, 0.0)	(27.0, 0.0)	(28.0, 0.0)	(29.0, 0.0)	(30.0, 0.0)	(31.0, 0.0)	(32.0, 0.0)	(33.0, 0.0)	(34.0, 0.0)	(35.0, 0.0)	(36.0, 0.0)	(37.0, 0.0)	(38.0, 0.0)	(39.0, 0.0)	(40.0, 0.0)	(41.0, 0.0)	(42.0, 0.0)	(43.0, 0.0)	(44.0, 0.0)	(45.0, 0.0)	(46.0, 0.0)	(47.0, 0.0)	(48.0, 0.0)	(49.0, 0.0)	(50.0, 100.0)	(51.0, 0.0)	(52.0, 0.0)	(53.0, 0.0)	(54.0, 0.0)	(55.0, 0.0)	(56.0, 0.0)	(57.0, 0.0)	(58.0, 0.0)	(59.0, 0.0)	(60.0, 0.0)	(61.0, 0.0)	(62.0, 0.0)	(63.0, 0.0)	(64.0, 0.0)	(65.0, 0.0)	(66.0, 0.0)	(67.0, 0.0)	(68.0, 0.0)	(69.0, 0.0)	(70.0, 0.0)	(71.0, 0.0)	(72.0, 0.0)	(73.0, 0.0)	(74.0, 0.0)	(75.0, 0.0)	(76.0, 0.0)	(77.0, 0.0)	(78.0, 0.0)	(79.0, 0.0)	(80.0, 0.0)	(81.0, 0.0)	(82.0, 0.0)	(83.0, 0.0)	(84.0, 0.0)	(85.0, 0.0)	(86.0, 0.0)	(87.0, 0.0)	(88.0, 0.0)	(89.0, 0.0)	(90.0, 0.0)	(91.0, 0.0)	(92.0, 0.0)	(93.0, 0.0)	(94.0, 0.0)	(95.0, 0.0)	(96.0, 0.0)	(97.0, 0.0)	(98.0, 0.0)	(99.0, 0.0)	(100.0, 0.0)
SRR8438045_1	(0.0, 0.0)	(1.0, 0.0)	(2.0, 0.0)	(3.0, 0.0)	(4.0, 0.0)	(5.0, 0.0)	(6.0, 0.0)	(7.0, 0.0)	(8.0, 0.0)	(9.0, 0.0)	(10.0, 0.0)	(11.0, 0.0)	(12.0, 0.0)	(13.0, 0.0)	(14.0, 0.0)	(15.0, 0.0)	(16.0, 0.0)	(17.0, 0.0)	(18.0, 0.0)	(19.0, 0.0)	(20.0, 0.0)	(21.0, 0.0)	(22.0, 0.0)	(23.0, 0.0)	(24.0, 0.0)	(25.0, 0.0)	(26.0, 0.0)	(27.0, 0.0)	(28.0, 0.0)	(29.0, 0.0)	(30.0, 0.004794553387351857)	(31.0, 0.09349379105336125)	(32.0, 0.021575490243083358)	(33.0, 0.0023972766936759286)	(34.0, 0.08869923766600939)	(35.0, 0.11506928129644464)	(36.0, 0.04554825717984263)	(37.0, 0.06232919403557413)	(38.0, 0.8702114398043576)	(39.0, 1.7739847533202062)	(40.0, 1.0811717888478432)	(41.0, 1.050007191830055)	(42.0, 2.246248261974343)	(43.0, 1.7859711367885862)	(44.0, 1.8818622045356226)	(45.0, 2.608237042719388)	(46.0, 2.6801553435296612)	(47.0, 1.5798053411324504)	(48.0, 2.380495756820187)	(49.0, 2.625017979575118)	(50.0, 5.355516133672131)	(51.0, 18.430263220980883)	(52.0, 20.405619216570745)	(53.0, 8.057246967444973)	(54.0, 5.185309488421121)	(55.0, 5.559284652634608)	(56.0, 7.587380735484597)	(57.0, 3.066116891211464)	(58.0, 1.0907608956225472)	(59.0, 0.8270604593181914)	(60.0, 0.6496619839861751)	(61.0, 0.608908280193685)	(62.0, 0.09109651435968533)	(63.0, 0.028767320324111147)	(64.0, 0.02637004363043522)	(65.0, 0.016780936855731496)	(66.0, 0.009589106774703714)	(67.0, 0.0023972766936759286)	(68.0, 0.0023972766936759286)	(69.0, 0.0023972766936759286)	(70.0, 0.0)	(71.0, 0.0)	(72.0, 0.0)	(73.0, 0.0)	(74.0, 0.0)	(75.0, 0.0)	(76.0, 0.0)	(77.0, 0.0)	(78.0, 0.0)	(79.0, 0.0)	(80.0, 0.0)	(81.0, 0.0)	(82.0, 0.0)	(83.0, 0.0)	(84.0, 0.0)	(85.0, 0.0)	(86.0, 0.0)	(87.0, 0.0)	(88.0, 0.0)	(89.0, 0.0)	(90.0, 0.0)	(91.0, 0.0)	(92.0, 0.0)	(93.0, 0.0)	(94.0, 0.0)	(95.0, 0.0)	(96.0, 0.0)	(97.0, 0.0)	(98.0, 0.0)	(99.0, 0.0)	(100.0, 0.0)
SRR8438045_2	(0.0, 0.0)	(1.0, 0.0)	(2.0, 0.0)	(3.0, 0.0)	(4.0, 0.0)	(5.0, 0.0)	(6.0, 0.0)	(7.0, 0.0)	(8.0, 0.0)	(9.0, 0.0)	(10.0, 0.0)	(11.0, 0.0)	(12.0, 0.0)	(13.0, 0.0)	(14.0, 0.0)	(15.0, 0.0)	(16.0, 0.0)	(17.0, 0.0)	(18.0, 0.0)	(19.0, 0.0)	(20.0, 0.0)	(21.0, 0.0)	(22.0, 0.0)	(23.0, 0.0)	(24.0, 0.0)	(25.0, 0.0)	(26.0, 0.0)	(27.0, 0.0)	(28.0, 0.0)	(29.0, 0.07031751997381264)	(30.0, 0.0533443254973751)	(31.0, 0.012123710340312524)	(32.0, 0.0)	(33.0, 0.00484948413612501)	(34.0, 0.016973194476437532)	(35.0, 0.06304329376962511)	(36.0, 0.05091958342931258)	(37.0, 0.033946388952875065)	(38.0, 0.07759174617800017)	(39.0, 0.9650473430888727)	(40.0, 1.3142102008898833)	(41.0, 0.5940618066753132)	(42.0, 1.5857813125128917)	(43.0, 2.536280203193363)	(44.0, 2.6381193700519825)	(45.0, 1.5397112132197026)	(46.0, 1.440296788429137)	(47.0, 1.360280300183072)	(48.0, 1.5094019373689207)	(49.0, 2.9254513051173734)	(50.0, 3.918383181988945)	(51.0, 4.478498599711448)	(52.0, 15.986324454735234)	(53.0, 18.869342773662865)	(54.0, 7.948304499109115)	(55.0, 6.095801559109322)	(56.0, 4.859183104397304)	(57.0, 6.023059297067439)	(58.0, 4.842209909920864)	(59.0, 2.7157111162299783)	(60.0, 1.6779215110992693)	(61.0, 1.1541772243977535)	(62.0, 0.6740782949213747)	(63.0, 0.5916370646072507)	(64.0, 0.5213195446334391)	(65.0, 0.34188863159681365)	(66.0, 0.16973194476437525)	(67.0, 0.08001648824606268)	(68.0, 0.06304329376962511)	(69.0, 0.060618551701562606)	(70.0, 0.0533443254973751)	(71.0, 0.01939793654450004)	(72.0, 0.007274226204187515)	(73.0, 0.00969896827225002)	(74.0, 0.014548452408375028)	(75.0, 0.00969896827225002)	(76.0, 0.007274226204187515)	(77.0, 0.002424742068062505)	(78.0, 0.002424742068062505)	(79.0, 0.0)	(80.0, 0.002424742068062505)	(81.0, 0.0)	(82.0, 0.0)	(83.0, 0.0)	(84.0, 0.0)	(85.0, 0.0)	(86.0, 0.0)	(87.0, 0.0)	(88.0, 0.0)	(89.0, 0.0)	(90.0, 0.0)	(91.0, 0.0)	(92.0, 0.0)	(93.0, 0.0)	(94.0, 0.0)	(95.0, 0.0)	(96.0, 0.0)	(97.0, 0.002424742068062505)	(98.0, 0.0)	(99.0, 0.002424742068062505)	(100.0, 0.0036371131020937575)
SRR8438046	(0.0, 0.0)	(1.0, 0.0)	(2.0, 0.0)	(3.0, 0.0)	(4.0, 0.0)	(5.0, 0.0)	(6.0, 0.0)	(7.0, 0.0)	(8.0, 0.0)	(9.0, 0.0)	(10.0, 0.0)	(11.0, 0.0)	(12.0, 0.0)	(13.0, 0.0)	(14.0, 0.0)	(15.0, 0.0)	(16.0, 0.0)	(17.0, 0.0)	(18.0, 0.0)	(19.0, 0.0)	(20.0, 0.0)	(21.0, 0.0)	(22.0, 0.0)	(23.0, 0.0)	(24.0, 0.0)	(25.0, 0.0)	(26.0, 0.0)	(27.0, 0.0)	(28.0, 0.0)	(29.0, 0.0)	(30.0, 0.0)	(31.0, 0.0)	(32.0, 0.0)	(33.0, 0.0)	(34.0, 0.0)	(35.0, 0.0)	(36.0, 0.0)	(37.0, 0.0)	(38.0, 0.0)	(39.0, 0.0)	(40.0, 0.0)	(41.0, 0.0)	(42.0, 0.0)	(43.0, 0.0)	(44.0, 20.0)	(45.0, 0.0)	(46.0, 0.0)	(47.0, 0.0)	(48.0, 0.0)	(49.0, 0.0)	(50.0, 40.0)	(51.0, 20.0)	(52.0, 0.0)	(53.0, 0.0)	(54.0, 20.0)	(55.0, 0.0)	(56.0, 0.0)	(57.0, 0.0)	(58.0, 0.0)	(59.0, 0.0)	(60.0, 0.0)	(61.0, 0.0)	(62.0, 0.0)	(63.0, 0.0)	(64.0, 0.0)	(65.0, 0.0)	(66.0, 0.0)	(67.0, 0.0)	(68.0, 0.0)	(69.0, 0.0)	(70.0, 0.0)	(71.0, 0.0)	(72.0, 0.0)	(73.0, 0.0)	(74.0, 0.0)	(75.0, 0.0)	(76.0, 0.0)	(77.0, 0.0)	(78.0, 0.0)	(79.0, 0.0)	(80.0, 0.0)	(81.0, 0.0)	(82.0, 0.0)	(83.0, 0.0)	(84.0, 0.0)	(85.0, 0.0)	(86.0, 0.0)	(87.0, 0.0)	(88.0, 0.0)	(89.0, 0.0)	(90.0, 0.0)	(91.0, 0.0)	(92.0, 0.0)	(93.0, 0.0)	(94.0, 0.0)	(95.0, 0.0)	(96.0, 0.0)	(97.0, 0.0)	(98.0, 0.0)	(99.0, 0.0)	(100.0, 0.0)
SRR8438046_1	(0.0, 0.0)	(1.0, 0.0)	(2.0, 0.0)	(3.0, 0.0)	(4.0, 0.0)	(5.0, 0.0)	(6.0, 0.0)	(7.0, 0.0)	(8.0, 0.0)	(9.0, 0.0)	(10.0, 0.0)	(11.0, 0.0)	(12.0, 0.0)	(13.0, 0.0)	(14.0, 0.0)	(15.0, 0.0)	(16.0, 0.0)	(17.0, 0.0)	(18.0, 0.0)	(19.0, 0.0)	(20.0, 0.0)	(21.0, 0.0)	(22.0, 0.0)	(23.0, 0.004782858236081634)	(24.0, 0.004782858236081634)	(25.0, 0.0)	(26.0, 0.002391429118040817)	(27.0, 0.002391429118040817)	(28.0, 0.004782858236081634)	(29.0, 0.002391429118040817)	(30.0, 0.0)	(31.0, 0.0)	(32.0, 0.0)	(33.0, 0.002391429118040817)	(34.0, 0.03587143677061225)	(35.0, 0.07174287354122452)	(36.0, 0.043045724124734695)	(37.0, 0.059785727951020405)	(38.0, 0.11000573942987765)	(39.0, 0.3013200688731431)	(40.0, 0.813085900133874)	(41.0, 0.8872202027931384)	(42.0, 1.3535488808111096)	(43.0, 2.2694662330207316)	(44.0, 2.5779605892479793)	(45.0, 3.2140807346468008)	(46.0, 3.924335182704926)	(47.0, 3.9530323321214187)	(48.0, 3.9697723359477064)	(49.0, 5.366366940883703)	(50.0, 4.4934953127987045)	(51.0, 20.4371532427781)	(52.0, 25.528505835089316)	(53.0, 6.817964415534643)	(54.0, 6.2488042854408645)	(55.0, 3.099292136980848)	(56.0, 1.7026975320450788)	(57.0, 0.6696001530514271)	(58.0, 0.7030801607039979)	(59.0, 1.0211402334034265)	(60.0, 0.20566290415151003)	(61.0, 0.04065429500669388)	(62.0, 0.028697149416489803)	(63.0, 0.01674000382628572)	(64.0, 0.002391429118040817)	(65.0, 0.0)	(66.0, 0.007174287354122451)	(67.0, 0.002391429118040817)	(68.0, 0.0)	(69.0, 0.0)	(70.0, 0.0)	(71.0, 0.0)	(72.0, 0.0)	(73.0, 0.0)	(74.0, 0.0)	(75.0, 0.0)	(76.0, 0.0)	(77.0, 0.0)	(78.0, 0.0)	(79.0, 0.0)	(80.0, 0.0)	(81.0, 0.0)	(82.0, 0.0)	(83.0, 0.0)	(84.0, 0.0)	(85.0, 0.0)	(86.0, 0.0)	(87.0, 0.0)	(88.0, 0.0)	(89.0, 0.0)	(90.0, 0.0)	(91.0, 0.0)	(92.0, 0.0)	(93.0, 0.0)	(94.0, 0.0)	(95.0, 0.0)	(96.0, 0.0)	(97.0, 0.0)	(98.0, 0.0)	(99.0, 0.0)	(100.0, 0.0)
SRR8438046_2	(0.0, 0.0)	(1.0, 0.0)	(2.0, 0.0)	(3.0, 0.0)	(4.0, 0.0)	(5.0, 0.0)	(6.0, 0.0)	(7.0, 0.0)	(8.0, 0.0)	(9.0, 0.0)	(10.0, 0.0)	(11.0, 0.0)	(12.0, 0.0)	(13.0, 0.0)	(14.0, 0.0)	(15.0, 0.0)	(16.0, 0.0)	(17.0, 0.0)	(18.0, 0.0)	(19.0, 0.0)	(20.0, 0.0)	(21.0, 0.0)	(22.0, 0.0)	(23.0, 0.0)	(24.0, 0.0)	(25.0, 0.0)	(26.0, 0.002416100896373362)	(27.0, 0.0)	(28.0, 0.0)	(29.0, 0.0)	(30.0, 0.004832201792746724)	(31.0, 0.0)	(32.0, 0.002416100896373362)	(33.0, 0.002416100896373362)	(34.0, 0.021744908067360257)	(35.0, 0.031409311652853704)	(36.0, 0.009664403585493447)	(37.0, 0.024161008963733622)	(38.0, 0.043489816134720506)	(39.0, 0.19570417260624212)	(40.0, 0.3044287129430438)	(41.0, 0.21986518156997567)	(42.0, 0.46630747300006004)	(43.0, 0.7006692599482728)	(44.0, 0.7417429751866194)	(45.0, 0.6910048563627795)	(46.0, 0.9664403585493406)	(47.0, 1.9715383314406778)	(48.0, 2.7205296093163778)	(49.0, 4.032472396047093)	(50.0, 5.298509265746879)	(51.0, 4.7379738577881945)	(52.0, 17.422503563748133)	(53.0, 24.397786851581202)	(54.0, 9.647490879218665)	(55.0, 6.361593660151279)	(56.0, 5.368576191741714)	(57.0, 3.841600425233575)	(58.0, 2.9017371765443696)	(59.0, 2.2977119524510634)	(60.0, 1.6695257193940087)	(61.0, 0.9543598540674735)	(62.0, 0.6209379303679531)	(63.0, 0.41556935417621915)	(64.0, 0.28026770397931)	(65.0, 0.1860397690207487)	(66.0, 0.09906013675130788)	(67.0, 0.07731522868394759)	(68.0, 0.0700669259948275)	(69.0, 0.04832201792746722)	(70.0, 0.03382541254922706)	(71.0, 0.019328807170986895)	(72.0, 0.01208050448186681)	(73.0, 0.01691270627461353)	(74.0, 0.021744908067360257)	(75.0, 0.014496605378240171)	(76.0, 0.004832201792746724)	(77.0, 0.0)	(78.0, 0.0)	(79.0, 0.0)	(80.0, 0.002416100896373362)	(81.0, 0.009664403585493447)	(82.0, 0.0072483026891200855)	(83.0, 0.002416100896373362)	(84.0, 0.002416100896373362)	(85.0, 0.002416100896373362)	(86.0, 0.0)	(87.0, 0.0)	(88.0, 0.0)	(89.0, 0.0)	(90.0, 0.0)	(91.0, 0.0)	(92.0, 0.0)	(93.0, 0.0)	(94.0, 0.0)	(95.0, 0.0)	(96.0, 0.0)	(97.0, 0.0)	(98.0, 0.0)	(99.0, 0.0)	(100.0, 0.0)
SRR8438047	(0.0, 0.0)	(1.0, 0.0)	(2.0, 0.0)	(3.0, 0.0)	(4.0, 0.0)	(5.0, 0.0)	(6.0, 0.0)	(7.0, 0.0)	(8.0, 0.0)	(9.0, 0.0)	(10.0, 0.0)	(11.0, 0.0)	(12.0, 0.0)	(13.0, 0.0)	(14.0, 0.0)	(15.0, 0.0)	(16.0, 0.0)	(17.0, 0.0)	(18.0, 0.0)	(19.0, 0.0)	(20.0, 0.0)	(21.0, 0.0)	(22.0, 0.0)	(23.0, 0.0)	(24.0, 0.0)	(25.0, 0.0)	(26.0, 0.0)	(27.0, 0.0)	(28.0, 0.0)	(29.0, 0.0)	(30.0, 0.0)	(31.0, 0.0)	(32.0, 0.0)	(33.0, 0.0)	(34.0, 0.0)	(35.0, 0.0)	(36.0, 0.0)	(37.0, 0.0)	(38.0, 0.0)	(39.0, 0.0)	(40.0, 0.0)	(41.0, 0.0)	(42.0, 0.0)	(43.0, 0.0)	(44.0, 30.000000000000004)	(45.0, 10.0)	(46.0, 10.0)	(47.0, 20.0)	(48.0, 20.0)	(49.0, 0.0)	(50.0, 0.0)	(51.0, 0.0)	(52.0, 10.0)	(53.0, 0.0)	(54.0, 0.0)	(55.0, 0.0)	(56.0, 0.0)	(57.0, 0.0)	(58.0, 0.0)	(59.0, 0.0)	(60.0, 0.0)	(61.0, 0.0)	(62.0, 0.0)	(63.0, 0.0)	(64.0, 0.0)	(65.0, 0.0)	(66.0, 0.0)	(67.0, 0.0)	(68.0, 0.0)	(69.0, 0.0)	(70.0, 0.0)	(71.0, 0.0)	(72.0, 0.0)	(73.0, 0.0)	(74.0, 0.0)	(75.0, 0.0)	(76.0, 0.0)	(77.0, 0.0)	(78.0, 0.0)	(79.0, 0.0)	(80.0, 0.0)	(81.0, 0.0)	(82.0, 0.0)	(83.0, 0.0)	(84.0, 0.0)	(85.0, 0.0)	(86.0, 0.0)	(87.0, 0.0)	(88.0, 0.0)	(89.0, 0.0)	(90.0, 0.0)	(91.0, 0.0)	(92.0, 0.0)	(93.0, 0.0)	(94.0, 0.0)	(95.0, 0.0)	(96.0, 0.0)	(97.0, 0.0)	(98.0, 0.0)	(99.0, 0.0)	(100.0, 0.0)
SRR8438047_1	(0.0, 0.0)	(1.0, 0.0)	(2.0, 0.0)	(3.0, 0.0)	(4.0, 0.0)	(5.0, 0.0)	(6.0, 0.0)	(7.0, 0.0)	(8.0, 0.0)	(9.0, 0.0)	(10.0, 0.0)	(11.0, 0.0)	(12.0, 0.0)	(13.0, 0.0)	(14.0, 0.0)	(15.0, 0.0)	(16.0, 0.0)	(17.0, 0.0)	(18.0, 0.0)	(19.0, 0.0)	(20.0, 0.0)	(21.0, 0.0)	(22.0, 0.0)	(23.0, 0.0)	(24.0, 0.0)	(25.0, 0.0)	(26.0, 0.0)	(27.0, 0.0)	(28.0, 0.0)	(29.0, 0.0)	(30.0, 0.0)	(31.0, 0.002140548408502193)	(32.0, 0.004281096817004386)	(33.0, 0.0)	(34.0, 0.0)	(35.0, 0.038529871353039466)	(36.0, 0.036389322944537277)	(37.0, 0.06849754907207019)	(38.0, 0.08348138793158558)	(39.0, 0.11344906565061627)	(40.0, 0.11987071087612283)	(41.0, 0.13485454973563812)	(42.0, 0.14769784018665125)	(43.0, 0.29111458355629855)	(44.0, 0.3317850033178405)	(45.0, 0.2782712931052853)	(46.0, 0.7449108461587596)	(47.0, 11.34918766187784)	(48.0, 15.11441231243368)	(49.0, 4.009247169124615)	(50.0, 2.772010189010295)	(51.0, 18.916026285935306)	(52.0, 23.96343943318577)	(53.0, 13.243573003401915)	(54.0, 5.52475544234434)	(55.0, 1.2350964317057724)	(56.0, 0.6785538454951925)	(57.0, 0.4709206498704827)	(58.0, 0.08990303315709217)	(59.0, 0.025686580902026315)	(60.0, 0.014983838859515352)	(61.0, 0.006421645225506579)	(62.0, 0.07705974270607897)	(63.0, 0.09846522679110095)	(64.0, 0.004281096817004386)	(65.0, 0.006421645225506579)	(66.0, 0.004281096817004386)	(67.0, 0.0)	(68.0, 0.0)	(69.0, 0.0)	(70.0, 0.0)	(71.0, 0.0)	(72.0, 0.0)	(73.0, 0.0)	(74.0, 0.0)	(75.0, 0.0)	(76.0, 0.0)	(77.0, 0.0)	(78.0, 0.0)	(79.0, 0.0)	(80.0, 0.0)	(81.0, 0.0)	(82.0, 0.0)	(83.0, 0.0)	(84.0, 0.0)	(85.0, 0.0)	(86.0, 0.0)	(87.0, 0.0)	(88.0, 0.0)	(89.0, 0.0)	(90.0, 0.0)	(91.0, 0.0)	(92.0, 0.0)	(93.0, 0.0)	(94.0, 0.0)	(95.0, 0.0)	(96.0, 0.0)	(97.0, 0.0)	(98.0, 0.0)	(99.0, 0.0)	(100.0, 0.0)
SRR8438047_2	(0.0, 0.0)	(1.0, 0.0)	(2.0, 0.0)	(3.0, 0.0)	(4.0, 0.0)	(5.0, 0.0)	(6.0, 0.0)	(7.0, 0.0)	(8.0, 0.0)	(9.0, 0.0)	(10.0, 0.0)	(11.0, 0.0)	(12.0, 0.0)	(13.0, 0.0)	(14.0, 0.0)	(15.0, 0.0)	(16.0, 0.0)	(17.0, 0.0)	(18.0, 0.0)	(19.0, 0.0)	(20.0, 0.0)	(21.0, 0.0)	(22.0, 0.0)	(23.0, 0.0)	(24.0, 0.0)	(25.0, 0.0)	(26.0, 0.0)	(27.0, 0.0)	(28.0, 0.0)	(29.0, 0.0)	(30.0, 0.0021474895846754823)	(31.0, 0.0)	(32.0, 0.0)	(33.0, 0.0)	(34.0, 0.006442468754026447)	(35.0, 0.006442468754026447)	(36.0, 0.00858995833870193)	(37.0, 0.01073744792337741)	(38.0, 0.015032427092728375)	(39.0, 0.05798221878623801)	(40.0, 0.06227719795558899)	(41.0, 0.0901945625563703)	(42.0, 0.15891422926598558)	(43.0, 0.23622385431430298)	(44.0, 0.31138598977794535)	(45.0, 9.197697891164799)	(46.0, 14.26362582141384)	(47.0, 4.11029506506889)	(48.0, 1.7459090323411803)	(49.0, 1.7781213761113106)	(50.0, 2.4610230640380752)	(51.0, 2.838981230940939)	(52.0, 16.43259030193706)	(53.0, 23.08121805609538)	(54.0, 13.370270154188432)	(55.0, 5.074517888588291)	(56.0, 2.224799209723786)	(57.0, 1.0222050423055304)	(58.0, 0.5690847399390018)	(59.0, 0.2791736460078129)	(60.0, 0.11381694798780059)	(61.0, 0.08160460421766837)	(62.0, 0.05583472920156253)	(63.0, 0.03650732293948319)	(64.0, 0.08375209380234384)	(65.0, 0.09663703131039676)	(66.0, 0.04509728127818511)	(67.0, 0.023622385431430307)	(68.0, 0.015032427092728375)	(69.0, 0.012884937508052892)	(70.0, 0.01073744792337741)	(71.0, 0.0021474895846754823)	(72.0, 0.004294979169350965)	(73.0, 0.0)	(74.0, 0.0)	(75.0, 0.0)	(76.0, 0.0)	(77.0, 0.0)	(78.0, 0.0)	(79.0, 0.0)	(80.0, 0.0)	(81.0, 0.0)	(82.0, 0.0)	(83.0, 0.0021474895846754823)	(84.0, 0.0)	(85.0, 0.0)	(86.0, 0.0)	(87.0, 0.0)	(88.0, 0.0)	(89.0, 0.0)	(90.0, 0.0)	(91.0, 0.0)	(92.0, 0.0)	(93.0, 0.0)	(94.0, 0.0)	(95.0, 0.0)	(96.0, 0.0)	(97.0, 0.0)	(98.0, 0.0)	(99.0, 0.0)	(100.0, 0.0)
SRR8438048	(0.0, 0.0)	(1.0, 0.0)	(2.0, 0.0)	(3.0, 0.0)	(4.0, 0.0)	(5.0, 0.0)	(6.0, 0.0)	(7.0, 0.0)	(8.0, 0.0)	(9.0, 0.0)	(10.0, 0.0)	(11.0, 0.0)	(12.0, 0.0)	(13.0, 0.0)	(14.0, 0.0)	(15.0, 0.0)	(16.0, 0.0)	(17.0, 0.0)	(18.0, 0.0)	(19.0, 0.0)	(20.0, 0.0)	(21.0, 0.0)	(22.0, 0.0)	(23.0, 0.0)	(24.0, 0.0)	(25.0, 0.0)	(26.0, 0.0)	(27.0, 0.0)	(28.0, 0.0)	(29.0, 0.0)	(30.0, 0.0)	(31.0, 0.0)	(32.0, 0.0)	(33.0, 0.0)	(34.0, 0.0)	(35.0, 0.0)	(36.0, 0.0)	(37.0, 0.0)	(38.0, 0.0)	(39.0, 0.0)	(40.0, 0.0)	(41.0, 0.0)	(42.0, 8.695652173913045)	(43.0, 21.73913043478261)	(44.0, 8.695652173913045)	(45.0, 13.043478260869568)	(46.0, 13.043478260869568)	(47.0, 17.39130434782609)	(48.0, 4.347826086956522)	(49.0, 0.0)	(50.0, 4.347826086956522)	(51.0, 4.347826086956522)	(52.0, 4.347826086956522)	(53.0, 0.0)	(54.0, 0.0)	(55.0, 0.0)	(56.0, 0.0)	(57.0, 0.0)	(58.0, 0.0)	(59.0, 0.0)	(60.0, 0.0)	(61.0, 0.0)	(62.0, 0.0)	(63.0, 0.0)	(64.0, 0.0)	(65.0, 0.0)	(66.0, 0.0)	(67.0, 0.0)	(68.0, 0.0)	(69.0, 0.0)	(70.0, 0.0)	(71.0, 0.0)	(72.0, 0.0)	(73.0, 0.0)	(74.0, 0.0)	(75.0, 0.0)	(76.0, 0.0)	(77.0, 0.0)	(78.0, 0.0)	(79.0, 0.0)	(80.0, 0.0)	(81.0, 0.0)	(82.0, 0.0)	(83.0, 0.0)	(84.0, 0.0)	(85.0, 0.0)	(86.0, 0.0)	(87.0, 0.0)	(88.0, 0.0)	(89.0, 0.0)	(90.0, 0.0)	(91.0, 0.0)	(92.0, 0.0)	(93.0, 0.0)	(94.0, 0.0)	(95.0, 0.0)	(96.0, 0.0)	(97.0, 0.0)	(98.0, 0.0)	(99.0, 0.0)	(100.0, 0.0)
SRR8438048_1	(0.0, 0.0)	(1.0, 0.0)	(2.0, 0.0)	(3.0, 0.0)	(4.0, 0.0)	(5.0, 0.0)	(6.0, 0.0)	(7.0, 0.0)	(8.0, 0.0)	(9.0, 0.0)	(10.0, 0.0)	(11.0, 0.0)	(12.0, 0.0)	(13.0, 0.0)	(14.0, 0.0)	(15.0, 0.0)	(16.0, 0.0)	(17.0, 0.0)	(18.0, 0.0)	(19.0, 0.0)	(20.0, 0.0)	(21.0, 0.0)	(22.0, 0.0)	(23.0, 0.0)	(24.0, 0.0)	(25.0, 0.0)	(26.0, 0.0)	(27.0, 0.0)	(28.0, 0.0)	(29.0, 0.0)	(30.0, 0.0)	(31.0, 0.0)	(32.0, 0.0)	(33.0, 0.0)	(34.0, 0.0)	(35.0, 0.0)	(36.0, 0.0)	(37.0, 0.00334073863731341)	(38.0, 0.0050111079559701155)	(39.0, 0.010857400571268584)	(40.0, 0.030901832395149056)	(41.0, 0.05011107955970115)	(42.0, 0.06430921876828309)	(43.0, 0.07099069604290989)	(44.0, 0.10940919037201427)	(45.0, 0.15033323867910384)	(46.0, 0.255566505754475)	(47.0, 1.2669751282010826)	(48.0, 5.598242771477693)	(49.0, 55.46795396461063)	(50.0, 25.605926470349736)	(51.0, 6.298962700654499)	(52.0, 2.889738921276143)	(53.0, 1.1533900145324332)	(54.0, 0.5178144887835824)	(55.0, 0.18541099437089434)	(56.0, 0.14448694606380535)	(57.0, 0.08602401991082025)	(58.0, 0.02171480114253716)	(59.0, 0.005846292615298468)	(60.0, 0.0050111079559701155)	(61.0, 0.0)	(62.0, 0.0)	(63.0, 0.0)	(64.0, 0.0008351846593283525)	(65.0, 0.0008351846593283525)	(66.0, 0.0)	(67.0, 0.0)	(68.0, 0.0)	(69.0, 0.0)	(70.0, 0.0)	(71.0, 0.0)	(72.0, 0.0)	(73.0, 0.0)	(74.0, 0.0)	(75.0, 0.0)	(76.0, 0.0)	(77.0, 0.0)	(78.0, 0.0)	(79.0, 0.0)	(80.0, 0.0)	(81.0, 0.0)	(82.0, 0.0)	(83.0, 0.0)	(84.0, 0.0)	(85.0, 0.0)	(86.0, 0.0)	(87.0, 0.0)	(88.0, 0.0)	(89.0, 0.0)	(90.0, 0.0)	(91.0, 0.0)	(92.0, 0.0)	(93.0, 0.0)	(94.0, 0.0)	(95.0, 0.0)	(96.0, 0.0)	(97.0, 0.0)	(98.0, 0.0)	(99.0, 0.0)	(100.0, 0.0)
SRR8438048_2	(0.0, 0.0)	(1.0, 0.0)	(2.0, 0.0)	(3.0, 0.0)	(4.0, 0.0)	(5.0, 0.0)	(6.0, 0.0)	(7.0, 0.0)	(8.0, 0.0)	(9.0, 0.0)	(10.0, 0.0)	(11.0, 0.0)	(12.0, 0.0)	(13.0, 0.0)	(14.0, 0.0)	(15.0, 0.0)	(16.0, 0.0)	(17.0, 0.0)	(18.0, 0.0)	(19.0, 0.0)	(20.0, 0.0)	(21.0, 0.0)	(22.0, 0.0)	(23.0, 0.0)	(24.0, 0.0)	(25.0, 0.0)	(26.0, 0.0)	(27.0, 0.0)	(28.0, 0.0)	(29.0, 0.0)	(30.0, 0.0)	(31.0, 0.0)	(32.0, 0.0)	(33.0, 0.0)	(34.0, 0.0)	(35.0, 0.0)	(36.0, 0.0)	(37.0, 0.002111397322748176)	(38.0, 0.002111397322748176)	(39.0, 0.010556986613740878)	(40.0, 0.02815196430330903)	(41.0, 0.03800515180946718)	(42.0, 0.04645074110045985)	(43.0, 0.04856213842320802)	(44.0, 0.08164069647959614)	(45.0, 0.6679053530960053)	(46.0, 1.026139098855592)	(47.0, 0.49547457173824355)	(48.0, 0.7590473375279632)	(49.0, 31.177244767272317)	(50.0, 46.39795616737339)	(51.0, 10.380333037737614)	(52.0, 4.118984277127554)	(53.0, 2.3397801331588286)	(54.0, 1.112002589980685)	(55.0, 0.4884365806624161)	(56.0, 0.3131906028743125)	(57.0, 0.16820798671227125)	(58.0, 0.09360528130850256)	(59.0, 0.06545331700519337)	(60.0, 0.04856213842320802)	(61.0, 0.028855763410891754)	(62.0, 0.01477978125923723)	(63.0, 0.01337218304407178)	(64.0, 0.008445589290992704)	(65.0, 0.004926593753079077)	(66.0, 0.0028151964303309014)	(67.0, 0.0014075982151654507)	(68.0, 0.0007037991075827253)	(69.0, 0.0007037991075827253)	(70.0, 0.0007037991075827253)	(71.0, 0.0007037991075827253)	(72.0, 0.0)	(73.0, 0.0)	(74.0, 0.0014075982151654507)	(75.0, 0.002111397322748176)	(76.0, 0.0)	(77.0, 0.0)	(78.0, 0.002111397322748176)	(79.0, 0.0014075982151654507)	(80.0, 0.0007037991075827253)	(81.0, 0.0)	(82.0, 0.0007037991075827253)	(83.0, 0.0007037991075827253)	(84.0, 0.0)	(85.0, 0.0)	(86.0, 0.0)	(87.0, 0.0014075982151654507)	(88.0, 0.0007037991075827253)	(89.0, 0.0)	(90.0, 0.0)	(91.0, 0.0)	(92.0, 0.0)	(93.0, 0.0)	(94.0, 0.0)	(95.0, 0.0007037991075827253)	(96.0, 0.0)	(97.0, 0.0007037991075827253)	(98.0, 0.0)	(99.0, 0.0)	(100.0, 0.0)
SRR8438049	(0.0, 0.0)	(1.0, 0.0)	(2.0, 0.0)	(3.0, 0.0)	(4.0, 0.0)	(5.0, 0.0)	(6.0, 0.0)	(7.0, 0.0)	(8.0, 0.0)	(9.0, 0.0)	(10.0, 0.0)	(11.0, 0.0)	(12.0, 0.0)	(13.0, 0.0)	(14.0, 0.0)	(15.0, 0.0)	(16.0, 0.0)	(17.0, 0.0)	(18.0, 0.0)	(19.0, 0.0)	(20.0, 0.0)	(21.0, 0.0)	(22.0, 0.0)	(23.0, 0.0)	(24.0, 0.0)	(25.0, 0.0)	(26.0, 0.0)	(27.0, 0.0)	(28.0, 0.0)	(29.0, 0.0)	(30.0, 0.0)	(31.0, 0.0)	(32.0, 0.0)	(33.0, 0.0)	(34.0, 0.0)	(35.0, 0.0)	(36.0, 0.0)	(37.0, 0.0)	(38.0, 0.0)	(39.0, 0.0)	(40.0, 0.0)	(41.0, 3.2258064516129026)	(42.0, 3.2258064516129026)	(43.0, 9.677419354838708)	(44.0, 9.677419354838708)	(45.0, 12.90322580645161)	(46.0, 9.677419354838708)	(47.0, 6.451612903225805)	(48.0, 9.677419354838708)	(49.0, 16.12903225806451)	(50.0, 12.90322580645161)	(51.0, 3.2258064516129026)	(52.0, 3.2258064516129026)	(53.0, 0.0)	(54.0, 0.0)	(55.0, 0.0)	(56.0, 0.0)	(57.0, 0.0)	(58.0, 0.0)	(59.0, 0.0)	(60.0, 0.0)	(61.0, 0.0)	(62.0, 0.0)	(63.0, 0.0)	(64.0, 0.0)	(65.0, 0.0)	(66.0, 0.0)	(67.0, 0.0)	(68.0, 0.0)	(69.0, 0.0)	(70.0, 0.0)	(71.0, 0.0)	(72.0, 0.0)	(73.0, 0.0)	(74.0, 0.0)	(75.0, 0.0)	(76.0, 0.0)	(77.0, 0.0)	(78.0, 0.0)	(79.0, 0.0)	(80.0, 0.0)	(81.0, 0.0)	(82.0, 0.0)	(83.0, 0.0)	(84.0, 0.0)	(85.0, 0.0)	(86.0, 0.0)	(87.0, 0.0)	(88.0, 0.0)	(89.0, 0.0)	(90.0, 0.0)	(91.0, 0.0)	(92.0, 0.0)	(93.0, 0.0)	(94.0, 0.0)	(95.0, 0.0)	(96.0, 0.0)	(97.0, 0.0)	(98.0, 0.0)	(99.0, 0.0)	(100.0, 0.0)
SRR8438049_1	(0.0, 0.0)	(1.0, 0.0)	(2.0, 0.0)	(3.0, 0.0)	(4.0, 0.0)	(5.0, 0.0)	(6.0, 0.0)	(7.0, 0.0)	(8.0, 0.0)	(9.0, 0.0)	(10.0, 0.0)	(11.0, 0.0)	(12.0, 0.0)	(13.0, 0.0)	(14.0, 0.0)	(15.0, 0.0)	(16.0, 0.0)	(17.0, 0.0)	(18.0, 0.0)	(19.0, 0.0)	(20.0, 0.0)	(21.0, 0.0)	(22.0, 0.0)	(23.0, 0.0)	(24.0, 0.0)	(25.0, 0.0)	(26.0, 0.0)	(27.0, 0.0)	(28.0, 0.0)	(29.0, 0.0)	(30.0, 0.0)	(31.0, 0.0)	(32.0, 0.0005078126983642394)	(33.0, 0.0010156253967284789)	(34.0, 0.0010156253967284789)	(35.0, 0.0010156253967284789)	(36.0, 0.0005078126983642394)	(37.0, 0.0066015650787351115)	(38.0, 0.00812500317382783)	(39.0, 0.019804695236205344)	(40.0, 0.05484377142333782)	(41.0, 0.08023440634154998)	(42.0, 0.13914067935180124)	(43.0, 0.153867247604364)	(44.0, 0.17214850474547636)	(45.0, 0.22496102537535775)	(46.0, 0.7667971745299844)	(47.0, 16.268795417497486)	(48.0, 20.867039401194038)	(49.0, 4.962853501114266)	(50.0, 2.8701573711544537)	(51.0, 15.611177973114602)	(52.0, 18.503171290304206)	(53.0, 10.654418224377228)	(54.0, 5.5097677772528)	(55.0, 1.430000558593754)	(56.0, 0.8094534411925831)	(57.0, 0.5966799205779739)	(58.0, 0.1553906856994567)	(59.0, 0.06347658729552995)	(60.0, 0.03250001269531131)	(61.0, 0.023359384124755026)	(62.0, 0.003554688888549675)	(63.0, 0.002539063491821197)	(64.0, 0.003046876190185436)	(65.0, 0.0005078126983642394)	(66.0, 0.0)	(67.0, 0.0)	(68.0, 0.0005078126983642394)	(69.0, 0.0010156253967284789)	(70.0, 0.0)	(71.0, 0.0)	(72.0, 0.0)	(73.0, 0.0)	(74.0, 0.0)	(75.0, 0.0)	(76.0, 0.0)	(77.0, 0.0)	(78.0, 0.0)	(79.0, 0.0)	(80.0, 0.0)	(81.0, 0.0)	(82.0, 0.0)	(83.0, 0.0)	(84.0, 0.0)	(85.0, 0.0)	(86.0, 0.0)	(87.0, 0.0)	(88.0, 0.0)	(89.0, 0.0)	(90.0, 0.0)	(91.0, 0.0)	(92.0, 0.0)	(93.0, 0.0)	(94.0, 0.0)	(95.0, 0.0)	(96.0, 0.0)	(97.0, 0.0)	(98.0, 0.0)	(99.0, 0.0)	(100.0, 0.0)
SRR8438049_2	(0.0, 0.0)	(1.0, 0.0)	(2.0, 0.0)	(3.0, 0.0)	(4.0, 0.0)	(5.0, 0.0)	(6.0, 0.0)	(7.0, 0.0)	(8.0, 0.0)	(9.0, 0.0)	(10.0, 0.0)	(11.0, 0.0)	(12.0, 0.0)	(13.0, 0.0)	(14.0, 0.0)	(15.0, 0.0)	(16.0, 0.0)	(17.0, 0.0)	(18.0, 0.0)	(19.0, 0.0)	(20.0, 0.0)	(21.0, 0.0)	(22.0, 0.0)	(23.0, 0.0)	(24.0, 0.0)	(25.0, 0.0)	(26.0, 0.0)	(27.0, 0.0)	(28.0, 0.0)	(29.0, 0.0005160624435556412)	(30.0, 0.0)	(31.0, 0.0)	(32.0, 0.0005160624435556412)	(33.0, 0.0)	(34.0, 0.0)	(35.0, 0.0005160624435556412)	(36.0, 0.002580312217778206)	(37.0, 0.0049025932137785905)	(38.0, 0.007998967875112438)	(39.0, 0.01599793575022488)	(40.0, 0.04283318281511817)	(41.0, 0.08463424074312532)	(42.0, 0.12385498645335379)	(43.0, 0.14940007740935768)	(44.0, 0.3475680557347275)	(45.0, 11.934718100885602)	(46.0, 19.11882337763471)	(47.0, 6.924267836408438)	(48.0, 3.2612566120496274)	(49.0, 1.727777061024326)	(50.0, 1.7236485614758819)	(51.0, 3.031866855889135)	(52.0, 14.399690362531564)	(53.0, 18.776932008778473)	(54.0, 10.623145400590133)	(55.0, 3.8931750741837967)	(56.0, 1.862469358792318)	(57.0, 0.8860792155850283)	(58.0, 0.41491420461873896)	(59.0, 0.21106953941425646)	(60.0, 0.1372726099858003)	(61.0, 0.09650367694490516)	(62.0, 0.06295961811378824)	(63.0, 0.038704683266673055)	(64.0, 0.02322280996000387)	(65.0, 0.01083731131466846)	(66.0, 0.015481873306669235)	(67.0, 0.014449748419557951)	(68.0, 0.005676686879112053)	(69.0, 0.003096374661333847)	(70.0, 0.002580312217778206)	(71.0, 0.003096374661333847)	(72.0, 0.0010321248871112824)	(73.0, 0.0041284995484451295)	(74.0, 0.002580312217778206)	(75.0, 0.0010321248871112824)	(76.0, 0.0005160624435556412)	(77.0, 0.0005160624435556412)	(78.0, 0.0)	(79.0, 0.0010321248871112824)	(80.0, 0.0005160624435556412)	(81.0, 0.0)	(82.0, 0.0)	(83.0, 0.0)	(84.0, 0.0)	(85.0, 0.0)	(86.0, 0.0005160624435556412)	(87.0, 0.0005160624435556412)	(88.0, 0.0005160624435556412)	(89.0, 0.0)	(90.0, 0.0)	(91.0, 0.0)	(92.0, 0.0010321248871112824)	(93.0, 0.0010321248871112824)	(94.0, 0.0)	(95.0, 0.0)	(96.0, 0.0)	(97.0, 0.0)	(98.0, 0.0)	(99.0, 0.0)	(100.0, 0.0)
SRR8438050	(0.0, 0.0)	(1.0, 0.0)	(2.0, 0.0)	(3.0, 0.0)	(4.0, 0.0)	(5.0, 0.0)	(6.0, 0.0)	(7.0, 0.0)	(8.0, 0.0)	(9.0, 0.0)	(10.0, 0.0)	(11.0, 0.0)	(12.0, 0.0)	(13.0, 0.0)	(14.0, 0.0)	(15.0, 0.0)	(16.0, 0.0)	(17.0, 0.0)	(18.0, 0.0)	(19.0, 0.0)	(20.0, 0.0)	(21.0, 0.0)	(22.0, 0.0)	(23.0, 0.0)	(24.0, 0.0)	(25.0, 0.0)	(26.0, 0.0)	(27.0, 0.0)	(28.0, 0.0)	(29.0, 0.0)	(30.0, 0.0)	(31.0, 0.0)	(32.0, 0.0)	(33.0, 0.0)	(34.0, 0.0)	(35.0, 0.0)	(36.0, 0.0)	(37.0, 0.0)	(38.0, 0.0)	(39.0, 0.0)	(40.0, 0.0)	(41.0, 0.0)	(42.0, 3.846153846153847)	(43.0, 7.692307692307694)	(44.0, 7.692307692307694)	(45.0, 3.846153846153847)	(46.0, 23.07692307692308)	(47.0, 23.07692307692308)	(48.0, 15.384615384615389)	(49.0, 3.846153846153847)	(50.0, 3.846153846153847)	(51.0, 7.692307692307694)	(52.0, 0.0)	(53.0, 0.0)	(54.0, 0.0)	(55.0, 0.0)	(56.0, 0.0)	(57.0, 0.0)	(58.0, 0.0)	(59.0, 0.0)	(60.0, 0.0)	(61.0, 0.0)	(62.0, 0.0)	(63.0, 0.0)	(64.0, 0.0)	(65.0, 0.0)	(66.0, 0.0)	(67.0, 0.0)	(68.0, 0.0)	(69.0, 0.0)	(70.0, 0.0)	(71.0, 0.0)	(72.0, 0.0)	(73.0, 0.0)	(74.0, 0.0)	(75.0, 0.0)	(76.0, 0.0)	(77.0, 0.0)	(78.0, 0.0)	(79.0, 0.0)	(80.0, 0.0)	(81.0, 0.0)	(82.0, 0.0)	(83.0, 0.0)	(84.0, 0.0)	(85.0, 0.0)	(86.0, 0.0)	(87.0, 0.0)	(88.0, 0.0)	(89.0, 0.0)	(90.0, 0.0)	(91.0, 0.0)	(92.0, 0.0)	(93.0, 0.0)	(94.0, 0.0)	(95.0, 0.0)	(96.0, 0.0)	(97.0, 0.0)	(98.0, 0.0)	(99.0, 0.0)	(100.0, 0.0)
SRR8438050_1	(0.0, 0.0)	(1.0, 0.0)	(2.0, 0.0)	(3.0, 0.0)	(4.0, 0.0)	(5.0, 0.0)	(6.0, 0.0)	(7.0, 0.0)	(8.0, 0.0)	(9.0, 0.0)	(10.0, 0.0)	(11.0, 0.0)	(12.0, 0.0)	(13.0, 0.0)	(14.0, 0.0)	(15.0, 0.0)	(16.0, 0.0)	(17.0, 0.0)	(18.0, 0.0)	(19.0, 0.0)	(20.0, 0.0)	(21.0, 0.0)	(22.0, 0.0)	(23.0, 0.0)	(24.0, 0.0025974700641580558)	(25.0, 0.0051949401283161115)	(26.0, 0.0025974700641580558)	(27.0, 0.0)	(28.0, 0.0051949401283161115)	(29.0, 0.0051949401283161115)	(30.0, 0.007792410192474168)	(31.0, 0.015584820384948335)	(32.0, 0.01298735032079028)	(33.0, 0.010389880256632223)	(34.0, 0.015584820384948335)	(35.0, 0.020779760513264446)	(36.0, 0.03636458089821278)	(37.0, 0.04155952102652889)	(38.0, 0.04155952102652889)	(39.0, 0.08831398218137393)	(40.0, 0.20520013506848625)	(41.0, 0.3454635185330218)	(42.0, 0.48572690199755786)	(43.0, 0.6389776357828811)	(44.0, 0.5506636536015085)	(45.0, 0.7039143873868317)	(46.0, 0.9844411543158977)	(47.0, 1.041585495727376)	(48.0, 6.963817242007996)	(49.0, 60.29767006934511)	(50.0, 16.410815865349353)	(51.0, 2.303955946908201)	(52.0, 1.4286085352869375)	(53.0, 2.670199225954466)	(54.0, 1.9662848385676703)	(55.0, 1.0208057352141109)	(56.0, 1.0337930855349016)	(57.0, 0.3922179796878671)	(58.0, 0.12467856307958679)	(59.0, 0.054546871347319156)	(60.0, 0.04935193121900305)	(61.0, 0.007792410192474168)	(62.0, 0.0025974700641580558)	(63.0, 0.0051949401283161115)	(64.0, 0.0)	(65.0, 0.0)	(66.0, 0.0)	(67.0, 0.0)	(68.0, 0.0)	(69.0, 0.0)	(70.0, 0.0)	(71.0, 0.0)	(72.0, 0.0)	(73.0, 0.0)	(74.0, 0.0)	(75.0, 0.0)	(76.0, 0.0)	(77.0, 0.0)	(78.0, 0.0)	(79.0, 0.0)	(80.0, 0.0)	(81.0, 0.0)	(82.0, 0.0)	(83.0, 0.0)	(84.0, 0.0)	(85.0, 0.0)	(86.0, 0.0)	(87.0, 0.0)	(88.0, 0.0)	(89.0, 0.0)	(90.0, 0.0)	(91.0, 0.0)	(92.0, 0.0)	(93.0, 0.0)	(94.0, 0.0)	(95.0, 0.0)	(96.0, 0.0)	(97.0, 0.0)	(98.0, 0.0)	(99.0, 0.0)	(100.0, 0.0)
SRR8438050_2	(0.0, 0.0)	(1.0, 0.0)	(2.0, 0.0)	(3.0, 0.0)	(4.0, 0.0)	(5.0, 0.0)	(6.0, 0.0)	(7.0, 0.0)	(8.0, 0.0)	(9.0, 0.0)	(10.0, 0.0)	(11.0, 0.0)	(12.0, 0.0)	(13.0, 0.0)	(14.0, 0.0)	(15.0, 0.0)	(16.0, 0.0)	(17.0, 0.0)	(18.0, 0.0)	(19.0, 0.0)	(20.0, 0.0)	(21.0, 0.0)	(22.0, 0.0)	(23.0, 0.0)	(24.0, 0.0)	(25.0, 0.0)	(26.0, 0.0)	(27.0, 0.0)	(28.0, 0.0)	(29.0, 0.0)	(30.0, 0.0)	(31.0, 0.0)	(32.0, 0.0)	(33.0, 0.004269216812176418)	(34.0, 0.008538433624352837)	(35.0, 0.014942258842617462)	(36.0, 0.01921147565479388)	(37.0, 0.03308643029436724)	(38.0, 0.04162486391872006)	(39.0, 0.09392276986788126)	(40.0, 0.19851858176620318)	(41.0, 0.36928725425326103)	(42.0, 0.5080368006489935)	(43.0, 0.561402010801198)	(44.0, 0.5912865284864325)	(45.0, 0.526180972100743)	(46.0, 0.5539308813798893)	(47.0, 0.6254402629838434)	(48.0, 0.6681324311056068)	(49.0, 1.5860140457235563)	(50.0, 35.51561466049195)	(51.0, 43.41580037141723)	(52.0, 5.646039234103507)	(53.0, 2.2669541272656613)	(54.0, 2.1602237069612564)	(55.0, 1.423783806860848)	(56.0, 1.1334770636328433)	(57.0, 0.813285802719603)	(58.0, 0.5763442696438151)	(59.0, 0.34153734497411414)	(60.0, 0.13021111277138073)	(61.0, 0.055499818558293425)	(62.0, 0.03842295130958775)	(63.0, 0.027749909279146716)	(64.0, 0.006403825218264628)	(65.0, 0.004269216812176418)	(66.0, 0.006403825218264628)	(67.0, 0.006403825218264628)	(68.0, 0.004269216812176418)	(69.0, 0.002134608406088209)	(70.0, 0.004269216812176418)	(71.0, 0.004269216812176418)	(72.0, 0.0)	(73.0, 0.0)	(74.0, 0.002134608406088209)	(75.0, 0.0)	(76.0, 0.0)	(77.0, 0.0)	(78.0, 0.0)	(79.0, 0.0)	(80.0, 0.0)	(81.0, 0.002134608406088209)	(82.0, 0.0)	(83.0, 0.0)	(84.0, 0.0)	(85.0, 0.0)	(86.0, 0.0)	(87.0, 0.002134608406088209)	(88.0, 0.004269216812176418)	(89.0, 0.002134608406088209)	(90.0, 0.0)	(91.0, 0.0)	(92.0, 0.0)	(93.0, 0.0)	(94.0, 0.0)	(95.0, 0.0)	(96.0, 0.0)	(97.0, 0.0)	(98.0, 0.0)	(99.0, 0.0)	(100.0, 0.0)
SRR8438051	(0.0, 0.0)	(1.0, 0.0)	(2.0, 0.0)	(3.0, 0.0)	(4.0, 0.0)	(5.0, 0.0)	(6.0, 0.0)	(7.0, 0.0)	(8.0, 0.0)	(9.0, 0.0)	(10.0, 0.0)	(11.0, 0.0)	(12.0, 0.0)	(13.0, 0.0)	(14.0, 0.0)	(15.0, 0.0)	(16.0, 0.0)	(17.0, 0.0)	(18.0, 0.0)	(19.0, 0.0)	(20.0, 0.0)	(21.0, 0.0)	(22.0, 0.0)	(23.0, 0.0)	(24.0, 0.0)	(25.0, 0.0)	(26.0, 0.0)	(27.0, 0.0)	(28.0, 0.0)	(29.0, 0.0)	(30.0, 0.0)	(31.0, 0.0)	(32.0, 0.0)	(33.0, 0.0)	(34.0, 0.0)	(35.0, 0.0)	(36.0, 0.0)	(37.0, 0.0)	(38.0, 0.0)	(39.0, 0.0)	(40.0, 3.846153846153846)	(41.0, 0.0)	(42.0, 3.846153846153846)	(43.0, 19.230769230769226)	(44.0, 15.384615384615383)	(45.0, 3.846153846153846)	(46.0, 3.846153846153846)	(47.0, 3.846153846153846)	(48.0, 7.692307692307692)	(49.0, 7.692307692307692)	(50.0, 11.538461538461537)	(51.0, 15.384615384615383)	(52.0, 3.846153846153846)	(53.0, 0.0)	(54.0, 0.0)	(55.0, 0.0)	(56.0, 0.0)	(57.0, 0.0)	(58.0, 0.0)	(59.0, 0.0)	(60.0, 0.0)	(61.0, 0.0)	(62.0, 0.0)	(63.0, 0.0)	(64.0, 0.0)	(65.0, 0.0)	(66.0, 0.0)	(67.0, 0.0)	(68.0, 0.0)	(69.0, 0.0)	(70.0, 0.0)	(71.0, 0.0)	(72.0, 0.0)	(73.0, 0.0)	(74.0, 0.0)	(75.0, 0.0)	(76.0, 0.0)	(77.0, 0.0)	(78.0, 0.0)	(79.0, 0.0)	(80.0, 0.0)	(81.0, 0.0)	(82.0, 0.0)	(83.0, 0.0)	(84.0, 0.0)	(85.0, 0.0)	(86.0, 0.0)	(87.0, 0.0)	(88.0, 0.0)	(89.0, 0.0)	(90.0, 0.0)	(91.0, 0.0)	(92.0, 0.0)	(93.0, 0.0)	(94.0, 0.0)	(95.0, 0.0)	(96.0, 0.0)	(97.0, 0.0)	(98.0, 0.0)	(99.0, 0.0)	(100.0, 0.0)
SRR8438051_1	(0.0, 0.0)	(1.0, 0.0)	(2.0, 0.0)	(3.0, 0.0)	(4.0, 0.0)	(5.0, 0.0)	(6.0, 0.0)	(7.0, 0.0)	(8.0, 0.0)	(9.0, 0.0)	(10.0, 0.0)	(11.0, 0.0)	(12.0, 0.0)	(13.0, 0.0)	(14.0, 0.0)	(15.0, 0.0)	(16.0, 0.0)	(17.0, 0.0)	(18.0, 0.0)	(19.0, 0.0)	(20.0, 0.0)	(21.0, 0.0)	(22.0, 0.0)	(23.0, 0.0)	(24.0, 0.0)	(25.0, 0.0)	(26.0, 0.0)	(27.0, 0.0)	(28.0, 0.0)	(29.0, 0.0)	(30.0, 0.0)	(31.0, 0.0)	(32.0, 0.0)	(33.0, 0.0)	(34.0, 0.0)	(35.0, 0.0)	(36.0, 0.0021113378844397823)	(37.0, 0.004222675768879565)	(38.0, 0.0077415722429458695)	(39.0, 0.01689070307551825)	(40.0, 0.04363431627842216)	(41.0, 0.06193257794356688)	(42.0, 0.08023083960871172)	(43.0, 0.10556689422198928)	(44.0, 0.14145963825746571)	(45.0, 0.15342388626929096)	(46.0, 0.15975789992261022)	(47.0, 0.195650643958086)	(48.0, 0.19776198184252575)	(49.0, 0.14638609332115846)	(50.0, 0.22309803645580278)	(51.0, 2.779224435217525)	(52.0, 44.79836723203134)	(53.0, 42.813709620665165)	(54.0, 6.367091280176106)	(55.0, 1.0697445281161324)	(56.0, 0.33570272362592574)	(57.0, 0.15201632767966447)	(58.0, 0.0682665915968862)	(59.0, 0.03237384756141002)	(60.0, 0.0197058202547713)	(61.0, 0.00985291012738565)	(62.0, 0.006334013653319347)	(63.0, 0.004926455063692825)	(64.0, 0.0021113378844397823)	(65.0, 0.0007037792948132608)	(66.0, 0.0)	(67.0, 0.0)	(68.0, 0.0)	(69.0, 0.0)	(70.0, 0.0)	(71.0, 0.0)	(72.0, 0.0)	(73.0, 0.0)	(74.0, 0.0)	(75.0, 0.0)	(76.0, 0.0)	(77.0, 0.0)	(78.0, 0.0)	(79.0, 0.0)	(80.0, 0.0)	(81.0, 0.0)	(82.0, 0.0)	(83.0, 0.0)	(84.0, 0.0)	(85.0, 0.0)	(86.0, 0.0)	(87.0, 0.0)	(88.0, 0.0)	(89.0, 0.0)	(90.0, 0.0)	(91.0, 0.0)	(92.0, 0.0)	(93.0, 0.0)	(94.0, 0.0)	(95.0, 0.0)	(96.0, 0.0)	(97.0, 0.0)	(98.0, 0.0)	(99.0, 0.0)	(100.0, 0.0)
SRR8438051_2	(0.0, 0.0)	(1.0, 0.0)	(2.0, 0.0)	(3.0, 0.0)	(4.0, 0.0)	(5.0, 0.0)	(6.0, 0.0)	(7.0, 0.0)	(8.0, 0.0)	(9.0, 0.0)	(10.0, 0.0)	(11.0, 0.0)	(12.0, 0.0)	(13.0, 0.0)	(14.0, 0.0)	(15.0, 0.0)	(16.0, 0.0)	(17.0, 0.0)	(18.0, 0.0)	(19.0, 0.0)	(20.0, 0.0)	(21.0, 0.0)	(22.0, 0.0)	(23.0, 0.0)	(24.0, 0.0)	(25.0, 0.0)	(26.0, 0.0)	(27.0, 0.0)	(28.0, 0.0)	(29.0, 0.0)	(30.0, 0.0)	(31.0, 0.0)	(32.0, 0.0)	(33.0, 0.0)	(34.0, 0.0)	(35.0, 0.0)	(36.0, 0.001402141069412668)	(37.0, 0.002103211604119002)	(38.0, 0.002103211604119002)	(39.0, 0.011217128555301343)	(40.0, 0.02593960978413437)	(41.0, 0.046971725825324356)	(42.0, 0.054683501707094004)	(43.0, 0.07221026507475234)	(44.0, 0.0967477337894742)	(45.0, 0.16089568771510365)	(46.0, 0.17842245108276178)	(47.0, 0.12198627303890242)	(48.0, 0.11006807394889463)	(49.0, 0.11707877929595803)	(50.0, 0.13846143060450128)	(51.0, 0.31653334641990966)	(52.0, 2.553298887400475)	(53.0, 34.58451054762278)	(54.0, 41.13566415916228)	(55.0, 12.452765372719336)	(56.0, 4.046579126324628)	(57.0, 1.6327932753310908)	(58.0, 0.8083343265163939)	(59.0, 0.4535926359550018)	(60.0, 0.2692110853272307)	(61.0, 0.18578369169717815)	(62.0, 0.12479055517772776)	(63.0, 0.09534559272006152)	(64.0, 0.06730277133180797)	(65.0, 0.04556958475591169)	(66.0, 0.030847103527078715)	(67.0, 0.018928904437071015)	(68.0, 0.011217128555301343)	(69.0, 0.002804282138825336)	(70.0, 0.002804282138825336)	(71.0, 0.00350535267353167)	(72.0, 0.002103211604119002)	(73.0, 0.001402141069412668)	(74.0, 0.001402141069412668)	(75.0, 0.001402141069412668)	(76.0, 0.002103211604119002)	(77.0, 0.002103211604119002)	(78.0, 0.000701070534706334)	(79.0, 0.0)	(80.0, 0.0)	(81.0, 0.000701070534706334)	(82.0, 0.000701070534706334)	(83.0, 0.000701070534706334)	(84.0, 0.0)	(85.0, 0.0)	(86.0, 0.000701070534706334)	(87.0, 0.0)	(88.0, 0.000701070534706334)	(89.0, 0.000701070534706334)	(90.0, 0.0)	(91.0, 0.0)	(92.0, 0.000701070534706334)	(93.0, 0.000701070534706334)	(94.0, 0.0)	(95.0, 0.0)	(96.0, 0.0)	(97.0, 0.0)	(98.0, 0.0)	(99.0, 0.000701070534706334)	(100.0, 0.0)
SRR8438052	(0.0, 0.0)	(1.0, 0.0)	(2.0, 0.0)	(3.0, 0.0)	(4.0, 0.0)	(5.0, 0.0)	(6.0, 0.0)	(7.0, 0.0)	(8.0, 0.0)	(9.0, 0.0)	(10.0, 0.0)	(11.0, 0.0)	(12.0, 0.0)	(13.0, 0.0)	(14.0, 0.0)	(15.0, 0.0)	(16.0, 0.0)	(17.0, 0.0)	(18.0, 0.0)	(19.0, 0.0)	(20.0, 0.0)	(21.0, 0.0)	(22.0, 0.0)	(23.0, 0.0)	(24.0, 0.0)	(25.0, 0.0)	(26.0, 0.0)	(27.0, 0.0)	(28.0, 0.0)	(29.0, 0.0)	(30.0, 0.0)	(31.0, 0.0)	(32.0, 0.0)	(33.0, 0.0)	(34.0, 0.0)	(35.0, 0.0)	(36.0, 0.0)	(37.0, 0.0)	(38.0, 0.0)	(39.0, 0.0)	(40.0, 0.0)	(41.0, 0.689655172413793)	(42.0, 4.827586206896551)	(43.0, 8.96551724137931)	(44.0, 11.724137931034479)	(45.0, 15.172413793103443)	(46.0, 12.413793103448272)	(47.0, 13.793103448275856)	(48.0, 10.344827586206893)	(49.0, 4.827586206896551)	(50.0, 6.206896551724138)	(51.0, 6.206896551724138)	(52.0, 2.758620689655172)	(53.0, 0.689655172413793)	(54.0, 0.689655172413793)	(55.0, 0.689655172413793)	(56.0, 0.0)	(57.0, 0.0)	(58.0, 0.0)	(59.0, 0.0)	(60.0, 0.0)	(61.0, 0.0)	(62.0, 0.0)	(63.0, 0.0)	(64.0, 0.0)	(65.0, 0.0)	(66.0, 0.0)	(67.0, 0.0)	(68.0, 0.0)	(69.0, 0.0)	(70.0, 0.0)	(71.0, 0.0)	(72.0, 0.0)	(73.0, 0.0)	(74.0, 0.0)	(75.0, 0.0)	(76.0, 0.0)	(77.0, 0.0)	(78.0, 0.0)	(79.0, 0.0)	(80.0, 0.0)	(81.0, 0.0)	(82.0, 0.0)	(83.0, 0.0)	(84.0, 0.0)	(85.0, 0.0)	(86.0, 0.0)	(87.0, 0.0)	(88.0, 0.0)	(89.0, 0.0)	(90.0, 0.0)	(91.0, 0.0)	(92.0, 0.0)	(93.0, 0.0)	(94.0, 0.0)	(95.0, 0.0)	(96.0, 0.0)	(97.0, 0.0)	(98.0, 0.0)	(99.0, 0.0)	(100.0, 0.0)
SRR8438052_1	(0.0, 0.0)	(1.0, 0.0)	(2.0, 0.0)	(3.0, 0.0)	(4.0, 0.0)	(5.0, 0.0)	(6.0, 0.0)	(7.0, 0.0)	(8.0, 0.0)	(9.0, 0.0)	(10.0, 0.0)	(11.0, 0.0)	(12.0, 0.0)	(13.0, 0.0)	(14.0, 0.0)	(15.0, 0.0)	(16.0, 0.0)	(17.0, 0.0)	(18.0, 0.0)	(19.0, 0.0)	(20.0, 0.0)	(21.0, 0.0)	(22.0, 0.0)	(23.0, 0.0)	(24.0, 0.0004497879249932361)	(25.0, 0.0004497879249932361)	(26.0, 0.0)	(27.0, 0.0)	(28.0, 0.0)	(29.0, 0.0)	(30.0, 0.0008995758499864722)	(31.0, 0.0017991516999729443)	(32.0, 0.0013493637749797081)	(33.0, 0.0013493637749797081)	(34.0, 0.0013493637749797081)	(35.0, 0.0004497879249932361)	(36.0, 0.00224893962496618)	(37.0, 0.009445546424857953)	(38.0, 0.01934088077470916)	(39.0, 0.06117115779908016)	(40.0, 0.13943425674790264)	(41.0, 0.20555308172190884)	(42.0, 0.2631259361210446)	(43.0, 0.3458869143198024)	(44.0, 0.4587836834930982)	(45.0, 0.5186054775171952)	(46.0, 1.0129224070847884)	(47.0, 12.715954427482776)	(48.0, 16.387123471284248)	(49.0, 3.9963657135652113)	(50.0, 3.258263728650976)	(51.0, 19.55363046324239)	(52.0, 22.319826201954665)	(53.0, 10.798958291158815)	(54.0, 5.125333405298747)	(55.0, 1.4919465472026014)	(56.0, 0.6701840082399072)	(57.0, 0.37332397774438825)	(58.0, 0.13178786202301776)	(59.0, 0.0661188249740058)	(60.0, 0.03283451852450621)	(61.0, 0.017091941149742978)	(62.0, 0.006297030949905304)	(63.0, 0.004947667174925597)	(64.0, 0.0017991516999729443)	(65.0, 0.0008995758499864722)	(66.0, 0.0004497879249932361)	(67.0, 0.0008995758499864722)	(68.0, 0.0004497879249932361)	(69.0, 0.0)	(70.0, 0.0)	(71.0, 0.0)	(72.0, 0.0004497879249932361)	(73.0, 0.0004497879249932361)	(74.0, 0.0)	(75.0, 0.0)	(76.0, 0.0)	(77.0, 0.0)	(78.0, 0.0)	(79.0, 0.0)	(80.0, 0.0)	(81.0, 0.0)	(82.0, 0.0)	(83.0, 0.0)	(84.0, 0.0)	(85.0, 0.0)	(86.0, 0.0)	(87.0, 0.0)	(88.0, 0.0)	(89.0, 0.0)	(90.0, 0.0)	(91.0, 0.0)	(92.0, 0.0)	(93.0, 0.0)	(94.0, 0.0)	(95.0, 0.0)	(96.0, 0.0)	(97.0, 0.0)	(98.0, 0.0)	(99.0, 0.0)	(100.0, 0.0)
SRR8438052_2	(0.0, 0.0)	(1.0, 0.0)	(2.0, 0.0)	(3.0, 0.0)	(4.0, 0.0)	(5.0, 0.0)	(6.0, 0.0)	(7.0, 0.0)	(8.0, 0.0)	(9.0, 0.0)	(10.0, 0.0)	(11.0, 0.0)	(12.0, 0.0)	(13.0, 0.0)	(14.0, 0.0)	(15.0, 0.0)	(16.0, 0.0)	(17.0, 0.0)	(18.0, 0.0)	(19.0, 0.0)	(20.0, 0.0)	(21.0, 0.0)	(22.0, 0.0)	(23.0, 0.0)	(24.0, 0.0)	(25.0, 0.0)	(26.0, 0.0013700225368704767)	(27.0, 0.0013700225368704767)	(28.0, 0.0)	(29.0, 0.0013700225368704767)	(30.0, 0.00045667417895682555)	(31.0, 0.0018266967158273022)	(32.0, 0.0)	(33.0, 0.0009133483579136511)	(34.0, 0.0006850112684352384)	(35.0, 0.0006850112684352384)	(36.0, 0.002740045073740953)	(37.0, 0.008220135221222858)	(38.0, 0.014156899547661594)	(39.0, 0.04909247423785872)	(40.0, 0.10252335317580738)	(41.0, 0.17125281710880866)	(42.0, 0.22514037022571542)	(43.0, 0.31236513840647157)	(44.0, 0.5110184062526828)	(45.0, 9.353828870480799)	(46.0, 14.94260747255949)	(47.0, 5.719844091435163)	(48.0, 2.9877908158248587)	(49.0, 1.8095714341163927)	(50.0, 1.6469954264077997)	(51.0, 3.333493169295333)	(52.0, 17.32439165291315)	(53.0, 21.14127444064124)	(54.0, 10.974108857418141)	(55.0, 4.457824997887548)	(56.0, 2.092937762159038)	(57.0, 1.0599407693588168)	(58.0, 0.553489104895665)	(59.0, 0.36442599480755)	(60.0, 0.2529974951420826)	(61.0, 0.17581955889837683)	(62.0, 0.12056198324460171)	(63.0, 0.07717793624370368)	(64.0, 0.05982431744334419)	(65.0, 0.04384072117985519)	(66.0, 0.02968382163219365)	(67.0, 0.0159835962634889)	(68.0, 0.012786877010791115)	(69.0, 0.009133483579136507)	(70.0, 0.00411006761061143)	(71.0, 0.0036533934316546044)	(72.0, 0.0018266967158273022)	(73.0, 0.0009133483579136511)	(74.0, 0.00045667417895682555)	(75.0, 0.0009133483579136511)	(76.0, 0.0009133483579136511)	(77.0, 0.0022833708947841277)	(78.0, 0.0009133483579136511)	(79.0, 0.0018266967158273022)	(80.0, 0.0013700225368704767)	(81.0, 0.0)	(82.0, 0.00045667417895682555)	(83.0, 0.0009133483579136511)	(84.0, 0.0009133483579136511)	(85.0, 0.0009133483579136511)	(86.0, 0.0009133483579136511)	(87.0, 0.0018266967158273022)	(88.0, 0.0009133483579136511)	(89.0, 0.0013700225368704767)	(90.0, 0.0022833708947841277)	(91.0, 0.0009133483579136511)	(92.0, 0.00045667417895682555)	(93.0, 0.00045667417895682555)	(94.0, 0.00045667417895682555)	(95.0, 0.00045667417895682555)	(96.0, 0.00045667417895682555)	(97.0, 0.0009133483579136511)	(98.0, 0.0)	(99.0, 0.0)	(100.0, 0.0006850112684352384)
SRR8438053	(0.0, 0.0)	(1.0, 0.0)	(2.0, 0.0)	(3.0, 0.0)	(4.0, 0.0)	(5.0, 0.0)	(6.0, 0.0)	(7.0, 0.0)	(8.0, 0.0)	(9.0, 0.0)	(10.0, 0.0)	(11.0, 0.0)	(12.0, 0.0)	(13.0, 0.0)	(14.0, 0.0)	(15.0, 0.0)	(16.0, 0.0)	(17.0, 0.0)	(18.0, 0.0)	(19.0, 0.0)	(20.0, 0.0)	(21.0, 0.0)	(22.0, 0.0)	(23.0, 0.0)	(24.0, 0.0)	(25.0, 0.0)	(26.0, 0.0)	(27.0, 0.0)	(28.0, 0.0)	(29.0, 0.0)	(30.0, 0.0)	(31.0, 0.0)	(32.0, 0.0)	(33.0, 0.0)	(34.0, 0.0)	(35.0, 0.0)	(36.0, 0.0)	(37.0, 0.0)	(38.0, 0.0)	(39.0, 0.0)	(40.0, 0.0)	(41.0, 0.0)	(42.0, 5.555555555555556)	(43.0, 11.111111111111112)	(44.0, 22.222222222222225)	(45.0, 11.111111111111112)	(46.0, 11.111111111111112)	(47.0, 11.111111111111112)	(48.0, 16.666666666666668)	(49.0, 5.555555555555556)	(50.0, 0.0)	(51.0, 5.555555555555556)	(52.0, 0.0)	(53.0, 0.0)	(54.0, 0.0)	(55.0, 0.0)	(56.0, 0.0)	(57.0, 0.0)	(58.0, 0.0)	(59.0, 0.0)	(60.0, 0.0)	(61.0, 0.0)	(62.0, 0.0)	(63.0, 0.0)	(64.0, 0.0)	(65.0, 0.0)	(66.0, 0.0)	(67.0, 0.0)	(68.0, 0.0)	(69.0, 0.0)	(70.0, 0.0)	(71.0, 0.0)	(72.0, 0.0)	(73.0, 0.0)	(74.0, 0.0)	(75.0, 0.0)	(76.0, 0.0)	(77.0, 0.0)	(78.0, 0.0)	(79.0, 0.0)	(80.0, 0.0)	(81.0, 0.0)	(82.0, 0.0)	(83.0, 0.0)	(84.0, 0.0)	(85.0, 0.0)	(86.0, 0.0)	(87.0, 0.0)	(88.0, 0.0)	(89.0, 0.0)	(90.0, 0.0)	(91.0, 0.0)	(92.0, 0.0)	(93.0, 0.0)	(94.0, 0.0)	(95.0, 0.0)	(96.0, 0.0)	(97.0, 0.0)	(98.0, 0.0)	(99.0, 0.0)	(100.0, 0.0)
SRR8438053_1	(0.0, 0.0)	(1.0, 0.0)	(2.0, 0.0)	(3.0, 0.0)	(4.0, 0.0)	(5.0, 0.0)	(6.0, 0.0)	(7.0, 0.0)	(8.0, 0.0)	(9.0, 0.0)	(10.0, 0.0)	(11.0, 0.0)	(12.0, 0.0)	(13.0, 0.0)	(14.0, 0.0)	(15.0, 0.0)	(16.0, 0.0)	(17.0, 0.0)	(18.0, 0.0)	(19.0, 0.0)	(20.0, 0.0)	(21.0, 0.0)	(22.0, 0.002247393024091999)	(23.0, 0.0)	(24.0, 0.0)	(25.0, 0.0)	(26.0, 0.0)	(27.0, 0.008989572096367996)	(28.0, 0.011236965120459994)	(29.0, 0.17529665587917578)	(30.0, 0.9124415677813481)	(31.0, 0.6629809421071376)	(32.0, 0.17754404890326775)	(33.0, 0.12585400934915197)	(34.0, 0.13709097446961194)	(35.0, 0.12585400934915197)	(36.0, 0.17529665587917578)	(37.0, 0.2651923768428559)	(38.0, 0.5416217188061714)	(39.0, 15.623876303487148)	(40.0, 21.24011147069561)	(41.0, 2.712603380079006)	(42.0, 1.5192376842862052)	(43.0, 2.0001797914418833)	(44.0, 1.9080366774541164)	(45.0, 1.8608414239481872)	(46.0, 1.9574793239841375)	(47.0, 2.5418015102480243)	(48.0, 2.8362099964040595)	(49.0, 2.022653721682802)	(50.0, 2.75305645451266)	(51.0, 6.036497662711325)	(52.0, 5.906148867313974)	(53.0, 6.946691837468673)	(54.0, 7.814185544767987)	(55.0, 4.4902912621358535)	(56.0, 3.099154980222808)	(57.0, 1.651833872707637)	(58.0, 0.8382775979863111)	(59.0, 0.5326321467098035)	(60.0, 0.3101402373246962)	(61.0, 0.06742179072275997)	(62.0, 0.008989572096367996)	(63.0, 0.0)	(64.0, 0.0)	(65.0, 0.0)	(66.0, 0.0)	(67.0, 0.0)	(68.0, 0.0)	(69.0, 0.0)	(70.0, 0.0)	(71.0, 0.0)	(72.0, 0.0)	(73.0, 0.0)	(74.0, 0.0)	(75.0, 0.0)	(76.0, 0.0)	(77.0, 0.0)	(78.0, 0.0)	(79.0, 0.0)	(80.0, 0.0)	(81.0, 0.0)	(82.0, 0.0)	(83.0, 0.0)	(84.0, 0.0)	(85.0, 0.0)	(86.0, 0.0)	(87.0, 0.0)	(88.0, 0.0)	(89.0, 0.0)	(90.0, 0.0)	(91.0, 0.0)	(92.0, 0.0)	(93.0, 0.0)	(94.0, 0.0)	(95.0, 0.0)	(96.0, 0.0)	(97.0, 0.0)	(98.0, 0.0)	(99.0, 0.0)	(100.0, 0.0)
SRR8438053_2	(0.0, 0.0)	(1.0, 0.0)	(2.0, 0.0)	(3.0, 0.0)	(4.0, 0.0)	(5.0, 0.0)	(6.0, 0.0)	(7.0, 0.0)	(8.0, 0.0)	(9.0, 0.0)	(10.0, 0.0)	(11.0, 0.0)	(12.0, 0.0)	(13.0, 0.0)	(14.0, 0.0)	(15.0, 0.0024326757000023773)	(16.0, 0.007298027100007132)	(17.0, 0.007298027100007132)	(18.0, 0.0)	(19.0, 0.0048653514000047545)	(20.0, 0.012163378500011885)	(21.0, 0.0048653514000047545)	(22.0, 0.0024326757000023773)	(23.0, 0.0048653514000047545)	(24.0, 0.01702872990001664)	(25.0, 0.02919210840002853)	(26.0, 0.03649013550003565)	(27.0, 0.06324956820006179)	(28.0, 0.20921011020020422)	(29.0, 1.0314544968010053)	(30.0, 0.41355486900040506)	(31.0, 0.06081689250005941)	(32.0, 0.024326757000023774)	(33.0, 0.0316247841000309)	(34.0, 0.06324956820006179)	(35.0, 0.11676843360011419)	(36.0, 0.17271997470016867)	(37.0, 0.20434475880019948)	(38.0, 0.2943537597002877)	(39.0, 0.7298027100007107)	(40.0, 3.9774247695038287)	(41.0, 22.151944924223564)	(42.0, 10.7524265940101)	(43.0, 3.040844625002926)	(44.0, 1.9437078843019164)	(45.0, 1.7563918554017344)	(46.0, 1.8123433965017908)	(47.0, 2.064125331452027)	(48.0, 1.8841073296518611)	(49.0, 2.0118228039019788)	(50.0, 2.2915805094022366)	(51.0, 2.478896538302409)	(52.0, 5.580558055805578)	(53.0, 7.49750650740766)	(54.0, 6.445374267156521)	(55.0, 5.148758119055106)	(56.0, 5.332425134405307)	(57.0, 3.8922811200037364)	(58.0, 2.9021821101027983)	(59.0, 1.634758070401612)	(60.0, 0.8125136838007905)	(61.0, 0.4451796531004362)	(62.0, 0.21894081300021365)	(63.0, 0.16055659620015683)	(64.0, 0.08271097380008086)	(65.0, 0.02919210840002853)	(66.0, 0.02675943270002615)	(67.0, 0.01702872990001664)	(68.0, 0.014596054200014263)	(69.0, 0.007298027100007132)	(70.0, 0.012163378500011885)	(71.0, 0.007298027100007132)	(72.0, 0.0024326757000023773)	(73.0, 0.0024326757000023773)	(74.0, 0.0)	(75.0, 0.0)	(76.0, 0.0048653514000047545)	(77.0, 0.0048653514000047545)	(78.0, 0.0)	(79.0, 0.0024326757000023773)	(80.0, 0.0)	(81.0, 0.0)	(82.0, 0.0)	(83.0, 0.0)	(84.0, 0.0)	(85.0, 0.0024326757000023773)	(86.0, 0.0024326757000023773)	(87.0, 0.0)	(88.0, 0.0)	(89.0, 0.0)	(90.0, 0.0)	(91.0, 0.0)	(92.0, 0.0)	(93.0, 0.0)	(94.0, 0.0)	(95.0, 0.0)	(96.0, 0.0)	(97.0, 0.0)	(98.0, 0.0)	(99.0, 0.0)	(100.0, 0.0)
SRR8438054	(0.0, 0.0)	(1.0, 0.0)	(2.0, 0.0)	(3.0, 0.0)	(4.0, 0.0)	(5.0, 0.0)	(6.0, 0.0)	(7.0, 0.0)	(8.0, 0.0)	(9.0, 0.0)	(10.0, 0.0)	(11.0, 0.0)	(12.0, 0.0)	(13.0, 0.0)	(14.0, 0.0)	(15.0, 0.0)	(16.0, 0.0)	(17.0, 0.0)	(18.0, 0.0)	(19.0, 0.0)	(20.0, 0.0)	(21.0, 0.0)	(22.0, 0.0)	(23.0, 0.0)	(24.0, 0.0)	(25.0, 0.0)	(26.0, 0.0)	(27.0, 0.0)	(28.0, 0.0)	(29.0, 0.0)	(30.0, 0.0)	(31.0, 0.0)	(32.0, 0.0)	(33.0, 0.0)	(34.0, 0.0)	(35.0, 0.0)	(36.0, 0.0)	(37.0, 0.0)	(38.0, 0.0)	(39.0, 0.0)	(40.0, 0.0)	(41.0, 0.0)	(42.0, 0.0)	(43.0, 0.0)	(44.0, 0.0)	(45.0, 0.0)	(46.0, 0.0)	(47.0, 0.0)	(48.0, 0.0)	(49.0, 0.0)	(50.0, 100.0)	(51.0, 0.0)	(52.0, 0.0)	(53.0, 0.0)	(54.0, 0.0)	(55.0, 0.0)	(56.0, 0.0)	(57.0, 0.0)	(58.0, 0.0)	(59.0, 0.0)	(60.0, 0.0)	(61.0, 0.0)	(62.0, 0.0)	(63.0, 0.0)	(64.0, 0.0)	(65.0, 0.0)	(66.0, 0.0)	(67.0, 0.0)	(68.0, 0.0)	(69.0, 0.0)	(70.0, 0.0)	(71.0, 0.0)	(72.0, 0.0)	(73.0, 0.0)	(74.0, 0.0)	(75.0, 0.0)	(76.0, 0.0)	(77.0, 0.0)	(78.0, 0.0)	(79.0, 0.0)	(80.0, 0.0)	(81.0, 0.0)	(82.0, 0.0)	(83.0, 0.0)	(84.0, 0.0)	(85.0, 0.0)	(86.0, 0.0)	(87.0, 0.0)	(88.0, 0.0)	(89.0, 0.0)	(90.0, 0.0)	(91.0, 0.0)	(92.0, 0.0)	(93.0, 0.0)	(94.0, 0.0)	(95.0, 0.0)	(96.0, 0.0)	(97.0, 0.0)	(98.0, 0.0)	(99.0, 0.0)	(100.0, 0.0)
SRR8438054_1	(0.0, 0.0)	(1.0, 0.0)	(2.0, 0.0)	(3.0, 0.0)	(4.0, 0.0)	(5.0, 0.0)	(6.0, 0.0)	(7.0, 0.0)	(8.0, 0.0)	(9.0, 0.0)	(10.0, 0.0)	(11.0, 0.0)	(12.0, 0.0)	(13.0, 0.0)	(14.0, 0.0)	(15.0, 0.0)	(16.0, 0.0)	(17.0, 0.0)	(18.0, 0.0)	(19.0, 0.0)	(20.0, 0.0)	(21.0, 0.0)	(22.0, 0.0)	(23.0, 0.0)	(24.0, 0.0)	(25.0, 0.0)	(26.0, 0.0)	(27.0, 0.0)	(28.0, 0.0)	(29.0, 0.0)	(30.0, 0.0)	(31.0, 0.0)	(32.0, 0.022401433691756303)	(33.0, 0.022401433691756303)	(34.0, 0.022401433691756303)	(35.0, 0.04480286738351261)	(36.0, 0.20161290322580674)	(37.0, 1.5681003584229403)	(38.0, 2.217741935483871)	(39.0, 1.0752688172043032)	(40.0, 1.4336917562724028)	(41.0, 3.472222222222233)	(42.0, 5.062724014336925)	(43.0, 4.413082437276001)	(44.0, 4.771505376344097)	(45.0, 5.398745519713264)	(46.0, 5.936379928315408)	(47.0, 6.899641577060916)	(48.0, 6.496415770609308)	(49.0, 4.883512544802877)	(50.0, 5.241935483870972)	(51.0, 8.512544802867348)	(52.0, 9.027777777777752)	(53.0, 5.7571684587813605)	(54.0, 5.398745519713264)	(55.0, 3.584229390681015)	(56.0, 2.6433691756272437)	(57.0, 1.545698924731184)	(58.0, 2.172939068100358)	(59.0, 1.7697132616487463)	(60.0, 0.1120071684587815)	(61.0, 0.1568100358422941)	(62.0, 0.04480286738351261)	(63.0, 0.04480286738351261)	(64.0, 0.022401433691756303)	(65.0, 0.0)	(66.0, 0.022401433691756303)	(67.0, 0.0)	(68.0, 0.0)	(69.0, 0.0)	(70.0, 0.0)	(71.0, 0.0)	(72.0, 0.0)	(73.0, 0.0)	(74.0, 0.0)	(75.0, 0.0)	(76.0, 0.0)	(77.0, 0.0)	(78.0, 0.0)	(79.0, 0.0)	(80.0, 0.0)	(81.0, 0.0)	(82.0, 0.0)	(83.0, 0.0)	(84.0, 0.0)	(85.0, 0.0)	(86.0, 0.0)	(87.0, 0.0)	(88.0, 0.0)	(89.0, 0.0)	(90.0, 0.0)	(91.0, 0.0)	(92.0, 0.0)	(93.0, 0.0)	(94.0, 0.0)	(95.0, 0.0)	(96.0, 0.0)	(97.0, 0.0)	(98.0, 0.0)	(99.0, 0.0)	(100.0, 0.0)
SRR8438054_2	(0.0, 0.0)	(1.0, 0.0)	(2.0, 0.0)	(3.0, 0.0)	(4.0, 0.0)	(5.0, 0.0)	(6.0, 0.0)	(7.0, 0.0)	(8.0, 0.0)	(9.0, 0.0)	(10.0, 0.0)	(11.0, 0.0)	(12.0, 0.0)	(13.0, 0.0)	(14.0, 0.0)	(15.0, 0.0)	(16.0, 0.0)	(17.0, 0.0)	(18.0, 0.0)	(19.0, 0.0)	(20.0, 0.0)	(21.0, 0.0)	(22.0, 0.0)	(23.0, 0.0)	(24.0, 0.0)	(25.0, 0.0)	(26.0, 0.0)	(27.0, 0.0)	(28.0, 0.0)	(29.0, 0.0)	(30.0, 0.0)	(31.0, 0.0)	(32.0, 0.0)	(33.0, 0.0)	(34.0, 0.0)	(35.0, 0.0)	(36.0, 0.0)	(37.0, 0.0)	(38.0, 0.0)	(39.0, 0.04498425551057134)	(40.0, 1.1021142600089986)	(41.0, 1.5519568151147103)	(42.0, 1.9343229869545655)	(43.0, 0.9221772379667129)	(44.0, 0.764732343679713)	(45.0, 1.1470985155195697)	(46.0, 1.8668466036887086)	(47.0, 3.8011695906432865)	(48.0, 5.038236617183991)	(49.0, 6.0728744939271175)	(50.0, 5.982905982905976)	(51.0, 6.20782726045883)	(52.0, 10.773729194781847)	(53.0, 12.145748987854311)	(54.0, 8.636977058029647)	(55.0, 8.34457939721094)	(56.0, 6.500224921277539)	(57.0, 3.7336932073774287)	(58.0, 2.9689608636977107)	(59.0, 3.643724696356286)	(60.0, 2.8115159694107104)	(61.0, 1.956815114709851)	(62.0, 1.0346378767431414)	(63.0, 0.5398110661268558)	(64.0, 0.20242914979757104)	(65.0, 0.06747638326585702)	(66.0, 0.04498425551057134)	(67.0, 0.06747638326585702)	(68.0, 0.02249212775528567)	(69.0, 0.0)	(70.0, 0.0)	(71.0, 0.02249212775528567)	(72.0, 0.0)	(73.0, 0.0)	(74.0, 0.0)	(75.0, 0.0)	(76.0, 0.0)	(77.0, 0.02249212775528567)	(78.0, 0.02249212775528567)	(79.0, 0.0)	(80.0, 0.0)	(81.0, 0.0)	(82.0, 0.0)	(83.0, 0.0)	(84.0, 0.0)	(85.0, 0.0)	(86.0, 0.0)	(87.0, 0.0)	(88.0, 0.0)	(89.0, 0.0)	(90.0, 0.0)	(91.0, 0.0)	(92.0, 0.0)	(93.0, 0.0)	(94.0, 0.0)	(95.0, 0.0)	(96.0, 0.0)	(97.0, 0.0)	(98.0, 0.0)	(99.0, 0.0)	(100.0, 0.0)
SRR8438055	(0.0, 0.0)	(1.0, 0.0)	(2.0, 0.0)	(3.0, 0.0)	(4.0, 0.0)	(5.0, 0.0)	(6.0, 0.0)	(7.0, 0.0)	(8.0, 0.0)	(9.0, 0.0)	(10.0, 0.0)	(11.0, 0.0)	(12.0, 0.0)	(13.0, 0.0)	(14.0, 0.0)	(15.0, 0.0)	(16.0, 0.0)	(17.0, 0.0)	(18.0, 0.0)	(19.0, 0.0)	(20.0, 0.0)	(21.0, 0.0)	(22.0, 0.0)	(23.0, 0.0)	(24.0, 0.0)	(25.0, 0.0)	(26.0, 0.0)	(27.0, 0.0)	(28.0, 0.0)	(29.0, 0.0)	(30.0, 0.0)	(31.0, 0.0)	(32.0, 0.0)	(33.0, 0.0)	(34.0, 0.0)	(35.0, 0.0)	(36.0, 0.0)	(37.0, 0.0)	(38.0, 0.0)	(39.0, 0.0)	(40.0, 0.0)	(41.0, 0.0)	(42.0, 0.0)	(43.0, 2.4390243902439024)	(44.0, 4.878048780487805)	(45.0, 19.51219512195122)	(46.0, 19.51219512195122)	(47.0, 17.073170731707314)	(48.0, 12.195121951219512)	(49.0, 12.195121951219512)	(50.0, 7.3170731707317085)	(51.0, 0.0)	(52.0, 2.4390243902439024)	(53.0, 2.4390243902439024)	(54.0, 0.0)	(55.0, 0.0)	(56.0, 0.0)	(57.0, 0.0)	(58.0, 0.0)	(59.0, 0.0)	(60.0, 0.0)	(61.0, 0.0)	(62.0, 0.0)	(63.0, 0.0)	(64.0, 0.0)	(65.0, 0.0)	(66.0, 0.0)	(67.0, 0.0)	(68.0, 0.0)	(69.0, 0.0)	(70.0, 0.0)	(71.0, 0.0)	(72.0, 0.0)	(73.0, 0.0)	(74.0, 0.0)	(75.0, 0.0)	(76.0, 0.0)	(77.0, 0.0)	(78.0, 0.0)	(79.0, 0.0)	(80.0, 0.0)	(81.0, 0.0)	(82.0, 0.0)	(83.0, 0.0)	(84.0, 0.0)	(85.0, 0.0)	(86.0, 0.0)	(87.0, 0.0)	(88.0, 0.0)	(89.0, 0.0)	(90.0, 0.0)	(91.0, 0.0)	(92.0, 0.0)	(93.0, 0.0)	(94.0, 0.0)	(95.0, 0.0)	(96.0, 0.0)	(97.0, 0.0)	(98.0, 0.0)	(99.0, 0.0)	(100.0, 0.0)
SRR8438055_1	(0.0, 0.0)	(1.0, 0.0)	(2.0, 0.0)	(3.0, 0.0)	(4.0, 0.0)	(5.0, 0.0)	(6.0, 0.0)	(7.0, 0.0)	(8.0, 0.0)	(9.0, 0.0)	(10.0, 0.0)	(11.0, 0.0)	(12.0, 0.0)	(13.0, 0.0)	(14.0, 0.0)	(15.0, 0.0)	(16.0, 0.0)	(17.0, 0.0)	(18.0, 0.0)	(19.0, 0.0)	(20.0, 0.0)	(21.0, 0.0)	(22.0, 0.0)	(23.0, 0.0)	(24.0, 0.0)	(25.0, 0.0)	(26.0, 0.0)	(27.0, 0.0)	(28.0, 0.0)	(29.0, 0.0)	(30.0, 0.0)	(31.0, 0.0)	(32.0, 0.0)	(33.0, 0.0005347050299700509)	(34.0, 0.0005347050299700509)	(35.0, 0.0016041150899101528)	(36.0, 0.006416460359640611)	(37.0, 0.010159395569430964)	(38.0, 0.017645265989011685)	(39.0, 0.031547596768233)	(40.0, 0.06576871868631629)	(41.0, 0.09731631545454952)	(42.0, 0.13688448767233283)	(43.0, 0.188216170549457)	(44.0, 0.210139076778229)	(45.0, 0.2096043717482589)	(46.0, 0.46572808110391595)	(47.0, 3.122677375024835)	(48.0, 1.980547431009066)	(49.0, 0.6245354750050119)	(50.0, 2.0837455017932625)	(51.0, 23.031884460943182)	(52.0, 21.752870029252495)	(53.0, 7.620616087133405)	(54.0, 20.28831295216186)	(55.0, 15.120923542521892)	(56.0, 2.1078072281419096)	(57.0, 0.5165250589510678)	(58.0, 0.1646891492307751)	(59.0, 0.07111576898601683)	(60.0, 0.03208230179820305)	(61.0, 0.020853496168831996)	(62.0, 0.010159395569430964)	(63.0, 0.0026735251498502545)	(64.0, 0.0016041150899101528)	(65.0, 0.0016041150899101528)	(66.0, 0.0005347050299700509)	(67.0, 0.0010694100599401017)	(68.0, 0.0005347050299700509)	(69.0, 0.0005347050299700509)	(70.0, 0.0)	(71.0, 0.0)	(72.0, 0.0)	(73.0, 0.0)	(74.0, 0.0)	(75.0, 0.0)	(76.0, 0.0)	(77.0, 0.0)	(78.0, 0.0)	(79.0, 0.0)	(80.0, 0.0)	(81.0, 0.0)	(82.0, 0.0)	(83.0, 0.0)	(84.0, 0.0)	(85.0, 0.0)	(86.0, 0.0)	(87.0, 0.0)	(88.0, 0.0)	(89.0, 0.0)	(90.0, 0.0)	(91.0, 0.0)	(92.0, 0.0)	(93.0, 0.0)	(94.0, 0.0)	(95.0, 0.0)	(96.0, 0.0)	(97.0, 0.0)	(98.0, 0.0)	(99.0, 0.0)	(100.0, 0.0)
SRR8438055_2	(0.0, 0.0)	(1.0, 0.0)	(2.0, 0.0)	(3.0, 0.0)	(4.0, 0.0)	(5.0, 0.0)	(6.0, 0.0)	(7.0, 0.0)	(8.0, 0.0)	(9.0, 0.0)	(10.0, 0.0)	(11.0, 0.0)	(12.0, 0.0)	(13.0, 0.0)	(14.0, 0.0)	(15.0, 0.0)	(16.0, 0.0)	(17.0, 0.0)	(18.0, 0.0)	(19.0, 0.0)	(20.0, 0.0)	(21.0, 0.0)	(22.0, 0.0)	(23.0, 0.0)	(24.0, 0.0)	(25.0, 0.0)	(26.0, 0.0)	(27.0, 0.0)	(28.0, 0.0)	(29.0, 0.0)	(30.0, 0.0)	(31.0, 0.0)	(32.0, 0.0)	(33.0, 0.0)	(34.0, 0.0)	(35.0, 0.0)	(36.0, 0.0016337911579219397)	(37.0, 0.003812179368484525)	(38.0, 0.005990567579047113)	(39.0, 0.021783882105625874)	(40.0, 0.03594340547428265)	(41.0, 0.06262866105367434)	(42.0, 0.09367069305419141)	(43.0, 0.12906950147583315)	(44.0, 0.16991428042388107)	(45.0, 0.7918441145394836)	(46.0, 1.2629205650736888)	(47.0, 2.218688392457946)	(48.0, 1.4298395617080657)	(49.0, 0.6178453562208068)	(50.0, 0.5557612922197768)	(51.0, 3.1692825478419784)	(52.0, 21.292655564153513)	(53.0, 21.04813148751742)	(54.0, 11.559617039347152)	(55.0, 19.340275130433245)	(56.0, 9.824530829635632)	(57.0, 3.3018919301599454)	(58.0, 1.3511452876014833)	(59.0, 0.655150254326689)	(60.0, 0.3621570400060331)	(61.0, 0.20966986526664774)	(62.0, 0.1492195924235368)	(63.0, 0.10075045473851987)	(64.0, 0.06262866105367434)	(65.0, 0.04520155536917361)	(66.0, 0.03921098779012652)	(67.0, 0.03104203200051685)	(68.0, 0.017971702737141337)	(69.0, 0.009802746947531634)	(70.0, 0.004901373473765819)	(71.0, 0.002178388210562586)	(72.0, 0.0027229852632032325)	(73.0, 0.0027229852632032325)	(74.0, 0.0016337911579219397)	(75.0, 0.0016337911579219397)	(76.0, 0.0016337911579219397)	(77.0, 0.0005445970526406465)	(78.0, 0.0005445970526406465)	(79.0, 0.001089194105281293)	(80.0, 0.0005445970526406465)	(81.0, 0.0)	(82.0, 0.0005445970526406465)	(83.0, 0.0005445970526406465)	(84.0, 0.0016337911579219397)	(85.0, 0.0016337911579219397)	(86.0, 0.0005445970526406465)	(87.0, 0.0005445970526406465)	(88.0, 0.001089194105281293)	(89.0, 0.001089194105281293)	(90.0, 0.0)	(91.0, 0.0)	(92.0, 0.0)	(93.0, 0.0)	(94.0, 0.0)	(95.0, 0.0)	(96.0, 0.0005445970526406465)	(97.0, 0.0)	(98.0, 0.0)	(99.0, 0.0)	(100.0, 0.0)
SRR8438056	(0.0, 0.0)	(1.0, 0.0)	(2.0, 0.0)	(3.0, 0.0)	(4.0, 0.0)	(5.0, 0.0)	(6.0, 0.0)	(7.0, 0.0)	(8.0, 0.0)	(9.0, 0.0)	(10.0, 0.0)	(11.0, 0.0)	(12.0, 0.0)	(13.0, 0.0)	(14.0, 0.0)	(15.0, 0.0)	(16.0, 0.0)	(17.0, 0.0)	(18.0, 0.0)	(19.0, 0.0)	(20.0, 0.0)	(21.0, 0.0)	(22.0, 0.0)	(23.0, 0.0)	(24.0, 0.0)	(25.0, 0.0)	(26.0, 0.0)	(27.0, 0.0)	(28.0, 0.0)	(29.0, 0.0)	(30.0, 0.0)	(31.0, 0.0)	(32.0, 0.0)	(33.0, 0.0)	(34.0, 0.0)	(35.0, 0.0)	(36.0, 0.0)	(37.0, 0.0)	(38.0, 0.0)	(39.0, 0.0)	(40.0, 0.0)	(41.0, 0.0)	(42.0, 0.0)	(43.0, 0.0)	(44.0, 12.5)	(45.0, 12.5)	(46.0, 0.0)	(47.0, 12.5)	(48.0, 0.0)	(49.0, 12.5)	(50.0, 37.5)	(51.0, 12.5)	(52.0, 0.0)	(53.0, 0.0)	(54.0, 0.0)	(55.0, 0.0)	(56.0, 0.0)	(57.0, 0.0)	(58.0, 0.0)	(59.0, 0.0)	(60.0, 0.0)	(61.0, 0.0)	(62.0, 0.0)	(63.0, 0.0)	(64.0, 0.0)	(65.0, 0.0)	(66.0, 0.0)	(67.0, 0.0)	(68.0, 0.0)	(69.0, 0.0)	(70.0, 0.0)	(71.0, 0.0)	(72.0, 0.0)	(73.0, 0.0)	(74.0, 0.0)	(75.0, 0.0)	(76.0, 0.0)	(77.0, 0.0)	(78.0, 0.0)	(79.0, 0.0)	(80.0, 0.0)	(81.0, 0.0)	(82.0, 0.0)	(83.0, 0.0)	(84.0, 0.0)	(85.0, 0.0)	(86.0, 0.0)	(87.0, 0.0)	(88.0, 0.0)	(89.0, 0.0)	(90.0, 0.0)	(91.0, 0.0)	(92.0, 0.0)	(93.0, 0.0)	(94.0, 0.0)	(95.0, 0.0)	(96.0, 0.0)	(97.0, 0.0)	(98.0, 0.0)	(99.0, 0.0)	(100.0, 0.0)
SRR8438056_1	(0.0, 0.0)	(1.0, 0.0)	(2.0, 0.0)	(3.0, 0.0)	(4.0, 0.0)	(5.0, 0.0)	(6.0, 0.0)	(7.0, 0.0)	(8.0, 0.0)	(9.0, 0.0)	(10.0, 0.0)	(11.0, 0.0)	(12.0, 0.0)	(13.0, 0.0)	(14.0, 0.0)	(15.0, 0.0)	(16.0, 0.0)	(17.0, 0.0)	(18.0, 0.0)	(19.0, 0.0)	(20.0, 0.0)	(21.0, 0.0)	(22.0, 0.0)	(23.0, 0.0)	(24.0, 0.0)	(25.0, 0.0)	(26.0, 0.0)	(27.0, 0.0)	(28.0, 0.0014537842002733694)	(29.0, 0.0014537842002733694)	(30.0, 0.0014537842002733694)	(31.0, 0.0014537842002733694)	(32.0, 0.0029075684005467387)	(33.0, 0.0029075684005467387)	(34.0, 0.004361352600820109)	(35.0, 0.007268921001366846)	(36.0, 0.023260547204373906)	(37.0, 0.049428662809294574)	(38.0, 0.06105893641148155)	(39.0, 0.10467246241968253)	(40.0, 0.39106794987353555)	(41.0, 0.6047742273137198)	(42.0, 1.1921030442241713)	(43.0, 1.6384147937080702)	(44.0, 2.5426685662781074)	(45.0, 3.7071497106972084)	(46.0, 2.6706015759021784)	(47.0, 2.702584828308196)	(48.0, 1.9306254179630011)	(49.0, 3.262291745413507)	(50.0, 7.991451748902113)	(51.0, 25.165004506728632)	(52.0, 20.245398773008027)	(53.0, 5.679934870467981)	(54.0, 8.663100049428257)	(55.0, 7.316895879975423)	(56.0, 3.0544006047743917)	(57.0, 0.7516064315413343)	(58.0, 0.13665571482569652)	(59.0, 0.05088244700956795)	(60.0, 0.024714331404647277)	(61.0, 0.011630273602186955)	(62.0, 0.0029075684005467387)	(63.0, 0.0)	(64.0, 0.0)	(65.0, 0.0)	(66.0, 0.0014537842002733694)	(67.0, 0.0)	(68.0, 0.0)	(69.0, 0.0)	(70.0, 0.0)	(71.0, 0.0)	(72.0, 0.0)	(73.0, 0.0)	(74.0, 0.0)	(75.0, 0.0)	(76.0, 0.0)	(77.0, 0.0)	(78.0, 0.0)	(79.0, 0.0)	(80.0, 0.0)	(81.0, 0.0)	(82.0, 0.0)	(83.0, 0.0)	(84.0, 0.0)	(85.0, 0.0)	(86.0, 0.0)	(87.0, 0.0)	(88.0, 0.0)	(89.0, 0.0)	(90.0, 0.0)	(91.0, 0.0)	(92.0, 0.0)	(93.0, 0.0)	(94.0, 0.0)	(95.0, 0.0)	(96.0, 0.0)	(97.0, 0.0)	(98.0, 0.0)	(99.0, 0.0)	(100.0, 0.0)
SRR8438056_2	(0.0, 0.0)	(1.0, 0.0)	(2.0, 0.0)	(3.0, 0.0)	(4.0, 0.0)	(5.0, 0.0)	(6.0, 0.0)	(7.0, 0.0)	(8.0, 0.0)	(9.0, 0.0)	(10.0, 0.0)	(11.0, 0.0)	(12.0, 0.0)	(13.0, 0.0)	(14.0, 0.0)	(15.0, 0.0)	(16.0, 0.0)	(17.0, 0.0)	(18.0, 0.0)	(19.0, 0.0)	(20.0, 0.0)	(21.0, 0.0)	(22.0, 0.0)	(23.0, 0.0)	(24.0, 0.0)	(25.0, 0.0)	(26.0, 0.0)	(27.0, 0.0014505787809335753)	(28.0, 0.0029011575618671506)	(29.0, 0.0029011575618671506)	(30.0, 0.0029011575618671506)	(31.0, 0.004351736342800726)	(32.0, 0.0029011575618671506)	(33.0, 0.0029011575618671506)	(34.0, 0.004351736342800726)	(35.0, 0.013055209028402178)	(36.0, 0.017406945371202905)	(37.0, 0.017406945371202905)	(38.0, 0.0290115756186715)	(39.0, 0.03771504830427295)	(40.0, 0.23789492007310684)	(41.0, 0.34813890742405784)	(42.0, 0.8152252748846736)	(43.0, 2.6313499086135006)	(44.0, 2.7938147320780793)	(45.0, 2.389103252197566)	(46.0, 1.5463169804751793)	(47.0, 1.910412254489486)	(48.0, 1.2445965940410129)	(49.0, 2.992544025066002)	(50.0, 7.212277698801311)	(51.0, 6.215730076300172)	(52.0, 20.776639879312157)	(53.0, 18.667498331836658)	(54.0, 9.20827410136566)	(55.0, 9.31416635237386)	(56.0, 4.782558240738126)	(57.0, 2.7285386869360613)	(58.0, 1.9858423510980276)	(59.0, 1.0110534103107118)	(60.0, 0.39455742841393154)	(61.0, 0.22048797470190382)	(62.0, 0.12765093272215447)	(63.0, 0.08413356929414736)	(64.0, 0.05657257245640946)	(65.0, 0.04496794220894084)	(66.0, 0.03336331196147222)	(67.0, 0.0290115756186715)	(68.0, 0.01595636659026933)	(69.0, 0.008703472685601451)	(70.0, 0.008703472685601451)	(71.0, 0.0029011575618671506)	(72.0, 0.0014505787809335753)	(73.0, 0.0)	(74.0, 0.0)	(75.0, 0.0029011575618671506)	(76.0, 0.0014505787809335753)	(77.0, 0.0)	(78.0, 0.0029011575618671506)	(79.0, 0.0029011575618671506)	(80.0, 0.0014505787809335753)	(81.0, 0.0014505787809335753)	(82.0, 0.0)	(83.0, 0.0014505787809335753)	(84.0, 0.0)	(85.0, 0.0)	(86.0, 0.0)	(87.0, 0.0)	(88.0, 0.0)	(89.0, 0.0)	(90.0, 0.0)	(91.0, 0.0014505787809335753)	(92.0, 0.0029011575618671506)	(93.0, 0.0)	(94.0, 0.0)	(95.0, 0.0)	(96.0, 0.0)	(97.0, 0.0)	(98.0, 0.0)	(99.0, 0.0014505787809335753)	(100.0, 0.0)
SRR8438057	(0.0, 0.0)	(1.0, 0.0)	(2.0, 0.0)	(3.0, 0.0)	(4.0, 0.0)	(5.0, 0.0)	(6.0, 0.0)	(7.0, 0.0)	(8.0, 0.0)	(9.0, 0.0)	(10.0, 0.0)	(11.0, 0.0)	(12.0, 0.0)	(13.0, 0.0)	(14.0, 0.0)	(15.0, 0.0)	(16.0, 0.0)	(17.0, 0.0)	(18.0, 0.0)	(19.0, 0.0)	(20.0, 0.0)	(21.0, 0.0)	(22.0, 0.0)	(23.0, 0.0)	(24.0, 0.0)	(25.0, 0.0)	(26.0, 0.0)	(27.0, 0.0)	(28.0, 0.0)	(29.0, 0.0)	(30.0, 0.0)	(31.0, 0.0)	(32.0, 0.0)	(33.0, 0.0)	(34.0, 0.0)	(35.0, 0.0)	(36.0, 0.0)	(37.0, 0.0)	(38.0, 0.0)	(39.0, 0.0)	(40.0, 0.0)	(41.0, 0.0)	(42.0, 0.0)	(43.0, 0.0)	(44.0, 4.545454545454546)	(45.0, 4.545454545454546)	(46.0, 31.818181818181817)	(47.0, 9.090909090909092)	(48.0, 9.090909090909092)	(49.0, 13.636363636363638)	(50.0, 18.181818181818183)	(51.0, 4.545454545454546)	(52.0, 4.545454545454546)	(53.0, 0.0)	(54.0, 0.0)	(55.0, 0.0)	(56.0, 0.0)	(57.0, 0.0)	(58.0, 0.0)	(59.0, 0.0)	(60.0, 0.0)	(61.0, 0.0)	(62.0, 0.0)	(63.0, 0.0)	(64.0, 0.0)	(65.0, 0.0)	(66.0, 0.0)	(67.0, 0.0)	(68.0, 0.0)	(69.0, 0.0)	(70.0, 0.0)	(71.0, 0.0)	(72.0, 0.0)	(73.0, 0.0)	(74.0, 0.0)	(75.0, 0.0)	(76.0, 0.0)	(77.0, 0.0)	(78.0, 0.0)	(79.0, 0.0)	(80.0, 0.0)	(81.0, 0.0)	(82.0, 0.0)	(83.0, 0.0)	(84.0, 0.0)	(85.0, 0.0)	(86.0, 0.0)	(87.0, 0.0)	(88.0, 0.0)	(89.0, 0.0)	(90.0, 0.0)	(91.0, 0.0)	(92.0, 0.0)	(93.0, 0.0)	(94.0, 0.0)	(95.0, 0.0)	(96.0, 0.0)	(97.0, 0.0)	(98.0, 0.0)	(99.0, 0.0)	(100.0, 0.0)
SRR8438057_1	(0.0, 0.0)	(1.0, 0.0)	(2.0, 0.0)	(3.0, 0.0)	(4.0, 0.0)	(5.0, 0.0)	(6.0, 0.0)	(7.0, 0.0)	(8.0, 0.0)	(9.0, 0.0)	(10.0, 0.0)	(11.0, 0.0)	(12.0, 0.0)	(13.0, 0.0)	(14.0, 0.0)	(15.0, 0.0)	(16.0, 0.0)	(17.0, 0.0)	(18.0, 0.0)	(19.0, 0.0)	(20.0, 0.0)	(21.0, 0.0)	(22.0, 0.0)	(23.0, 0.0)	(24.0, 0.0)	(25.0, 0.0)	(26.0, 0.0)	(27.0, 0.0)	(28.0, 0.0)	(29.0, 0.0)	(30.0, 0.0)	(31.0, 0.0)	(32.0, 0.0)	(33.0, 0.0)	(34.0, 0.000730230825963892)	(35.0, 0.027748771386627912)	(36.0, 0.012413924041386162)	(37.0, 0.008032539085602815)	(38.0, 0.017525539823133405)	(39.0, 0.027748771386627912)	(40.0, 0.06279985103289465)	(41.0, 0.08251608333391978)	(42.0, 0.40746880088785375)	(43.0, 1.4933220390961761)	(44.0, 0.6871472072320217)	(45.0, 0.32203179425007594)	(46.0, 0.4242641098850238)	(47.0, 8.190999174838254)	(48.0, 10.350291727212586)	(49.0, 2.0322323886575897)	(50.0, 1.8263072957357487)	(51.0, 25.44781405402279)	(52.0, 31.037000795960584)	(53.0, 9.823065070867134)	(54.0, 4.439803421860066)	(55.0, 2.019088233790238)	(56.0, 0.7119750553147925)	(57.0, 0.3570828738963438)	(58.0, 0.1066137005907284)	(59.0, 0.050385926991508526)	(60.0, 0.02117669395295287)	(61.0, 0.005111615781747244)	(62.0, 0.0021906924778916765)	(63.0, 0.000730230825963892)	(64.0, 0.000730230825963892)	(65.0, 0.001460461651927784)	(66.0, 0.001460461651927784)	(67.0, 0.000730230825963892)	(68.0, 0.0)	(69.0, 0.0)	(70.0, 0.0)	(71.0, 0.0)	(72.0, 0.0)	(73.0, 0.0)	(74.0, 0.0)	(75.0, 0.0)	(76.0, 0.0)	(77.0, 0.0)	(78.0, 0.0)	(79.0, 0.0)	(80.0, 0.0)	(81.0, 0.0)	(82.0, 0.0)	(83.0, 0.0)	(84.0, 0.0)	(85.0, 0.0)	(86.0, 0.0)	(87.0, 0.0)	(88.0, 0.0)	(89.0, 0.0)	(90.0, 0.0)	(91.0, 0.0)	(92.0, 0.0)	(93.0, 0.0)	(94.0, 0.0)	(95.0, 0.0)	(96.0, 0.0)	(97.0, 0.0)	(98.0, 0.0)	(99.0, 0.0)	(100.0, 0.0)
SRR8438057_2	(0.0, 0.0)	(1.0, 0.0)	(2.0, 0.0)	(3.0, 0.0)	(4.0, 0.0)	(5.0, 0.0)	(6.0, 0.0)	(7.0, 0.0)	(8.0, 0.0)	(9.0, 0.0)	(10.0, 0.0)	(11.0, 0.0)	(12.0, 0.0)	(13.0, 0.0)	(14.0, 0.0)	(15.0, 0.0)	(16.0, 0.0)	(17.0, 0.0)	(18.0, 0.0)	(19.0, 0.0)	(20.0, 0.0)	(21.0, 0.0)	(22.0, 0.0)	(23.0, 0.0)	(24.0, 0.0)	(25.0, 0.0)	(26.0, 0.0)	(27.0, 0.0)	(28.0, 0.0)	(29.0, 0.0)	(30.0, 0.0)	(31.0, 0.0)	(32.0, 0.0)	(33.0, 0.0007462463807049082)	(34.0, 0.0007462463807049082)	(35.0, 0.0037312319035245406)	(36.0, 0.023879884182557064)	(37.0, 0.013432434852688344)	(38.0, 0.009701202949163806)	(39.0, 0.025372376943966886)	(40.0, 0.049625384316876374)	(41.0, 0.10111638458551515)	(42.0, 0.15783110951908827)	(43.0, 0.25708187815283967)	(44.0, 1.3335422823196659)	(45.0, 7.165457747529285)	(46.0, 9.99223903763964)	(47.0, 3.3342288289893967)	(48.0, 1.4656278917044498)	(49.0, 0.7022178442433178)	(50.0, 0.6328169308377652)	(51.0, 1.9081519954625106)	(52.0, 23.470194919552725)	(53.0, 30.326706665481893)	(54.0, 10.739977911105278)	(55.0, 3.888689889853018)	(56.0, 2.0827736485474793)	(57.0, 0.9514641353987429)	(58.0, 0.5455061042952936)	(59.0, 0.34476582788566756)	(60.0, 0.19029282707975131)	(61.0, 0.09626578311093321)	(62.0, 0.05522223217216316)	(63.0, 0.03134234798960616)	(64.0, 0.02984985522819634)	(65.0, 0.021641145040442334)	(66.0, 0.014924927614098159)	(67.0, 0.009701202949163806)	(68.0, 0.0037312319035245406)	(69.0, 0.0022387391421147245)	(70.0, 0.002984985522819633)	(71.0, 0.0007462463807049082)	(72.0, 0.0007462463807049082)	(73.0, 0.0007462463807049082)	(74.0, 0.0)	(75.0, 0.0007462463807049082)	(76.0, 0.0022387391421147245)	(77.0, 0.0007462463807049082)	(78.0, 0.0007462463807049082)	(79.0, 0.0014924927614098165)	(80.0, 0.0007462463807049082)	(81.0, 0.0)	(82.0, 0.0014924927614098165)	(83.0, 0.0022387391421147245)	(84.0, 0.0)	(85.0, 0.0)	(86.0, 0.0)	(87.0, 0.0)	(88.0, 0.0)	(89.0, 0.0)	(90.0, 0.0)	(91.0, 0.0)	(92.0, 0.0)	(93.0, 0.0)	(94.0, 0.0)	(95.0, 0.0007462463807049082)	(96.0, 0.0)	(97.0, 0.0007462463807049082)	(98.0, 0.0)	(99.0, 0.0)	(100.0, 0.0)
SRR8438058	(0.0, 0.0)	(1.0, 0.0)	(2.0, 0.0)	(3.0, 0.0)	(4.0, 0.0)	(5.0, 0.0)	(6.0, 0.0)	(7.0, 0.0)	(8.0, 0.0)	(9.0, 0.0)	(10.0, 0.0)	(11.0, 0.0)	(12.0, 0.0)	(13.0, 0.0)	(14.0, 0.0)	(15.0, 0.0)	(16.0, 0.0)	(17.0, 0.0)	(18.0, 0.0)	(19.0, 0.0)	(20.0, 0.0)	(21.0, 0.0)	(22.0, 0.0)	(23.0, 0.0)	(24.0, 0.0)	(25.0, 0.0)	(26.0, 0.0)	(27.0, 0.0)	(28.0, 0.0)	(29.0, 0.0)	(30.0, 0.0)	(31.0, 0.0)	(32.0, 0.0)	(33.0, 0.0)	(34.0, 0.0)	(35.0, 0.0)	(36.0, 0.0)	(37.0, 0.0)	(38.0, 0.0)	(39.0, 0.0)	(40.0, 3.448275862068966)	(41.0, 3.448275862068966)	(42.0, 0.0)	(43.0, 10.344827586206899)	(44.0, 17.241379310344833)	(45.0, 13.793103448275865)	(46.0, 17.241379310344833)	(47.0, 13.793103448275865)	(48.0, 10.344827586206899)	(49.0, 6.896551724137932)	(50.0, 3.448275862068966)	(51.0, 0.0)	(52.0, 0.0)	(53.0, 0.0)	(54.0, 0.0)	(55.0, 0.0)	(56.0, 0.0)	(57.0, 0.0)	(58.0, 0.0)	(59.0, 0.0)	(60.0, 0.0)	(61.0, 0.0)	(62.0, 0.0)	(63.0, 0.0)	(64.0, 0.0)	(65.0, 0.0)	(66.0, 0.0)	(67.0, 0.0)	(68.0, 0.0)	(69.0, 0.0)	(70.0, 0.0)	(71.0, 0.0)	(72.0, 0.0)	(73.0, 0.0)	(74.0, 0.0)	(75.0, 0.0)	(76.0, 0.0)	(77.0, 0.0)	(78.0, 0.0)	(79.0, 0.0)	(80.0, 0.0)	(81.0, 0.0)	(82.0, 0.0)	(83.0, 0.0)	(84.0, 0.0)	(85.0, 0.0)	(86.0, 0.0)	(87.0, 0.0)	(88.0, 0.0)	(89.0, 0.0)	(90.0, 0.0)	(91.0, 0.0)	(92.0, 0.0)	(93.0, 0.0)	(94.0, 0.0)	(95.0, 0.0)	(96.0, 0.0)	(97.0, 0.0)	(98.0, 0.0)	(99.0, 0.0)	(100.0, 0.0)
SRR8438058_1	(0.0, 0.0)	(1.0, 0.0)	(2.0, 0.0)	(3.0, 0.0)	(4.0, 0.0)	(5.0, 0.0)	(6.0, 0.0)	(7.0, 0.0)	(8.0, 0.0)	(9.0, 0.0)	(10.0, 0.0)	(11.0, 0.0)	(12.0, 0.0)	(13.0, 0.0)	(14.0, 0.0)	(15.0, 0.0)	(16.0, 0.0)	(17.0, 0.0)	(18.0, 0.0)	(19.0, 0.0)	(20.0, 0.0)	(21.0, 0.0)	(22.0, 0.0)	(23.0, 0.0)	(24.0, 0.0)	(25.0, 0.0)	(26.0, 0.0)	(27.0, 0.0)	(28.0, 0.0)	(29.0, 0.0008627011171979893)	(30.0, 0.0)	(31.0, 0.0)	(32.0, 0.0008627011171979893)	(33.0, 0.0)	(34.0, 0.0)	(35.0, 0.0008627011171979893)	(36.0, 0.06642798602424511)	(37.0, 0.09144631842298681)	(38.0, 0.06987879049303708)	(39.0, 0.05262476814907734)	(40.0, 0.23638010611224855)	(41.0, 0.3045334943708887)	(42.0, 0.28900487426132515)	(43.0, 0.3562955614027684)	(44.0, 0.34508044687919426)	(45.0, 0.42962515636459964)	(46.0, 0.6660052624768552)	(47.0, 0.9662252512617384)	(48.0, 3.0358452314197573)	(49.0, 27.144027951520634)	(50.0, 11.609368934134356)	(51.0, 16.627701332870494)	(52.0, 18.550662123103066)	(53.0, 6.713540094034914)	(54.0, 4.951904412716056)	(55.0, 3.3774748738300833)	(56.0, 2.3646637622397773)	(57.0, 0.7876461200017648)	(58.0, 0.4555061898805401)	(59.0, 0.25277142733901015)	(60.0, 0.10352413406375875)	(61.0, 0.04831126256308741)	(62.0, 0.010352413406375873)	(63.0, 0.01984212569555375)	(64.0, 0.058663675969463244)	(65.0, 0.008627011171979896)	(66.0, 0.0017254022343959786)	(67.0, 0.0008627011171979893)	(68.0, 0.0008627011171979893)	(69.0, 0.0)	(70.0, 0.0)	(71.0, 0.0)	(72.0, 0.0)	(73.0, 0.0)	(74.0, 0.0)	(75.0, 0.0)	(76.0, 0.0)	(77.0, 0.0)	(78.0, 0.0)	(79.0, 0.0)	(80.0, 0.0)	(81.0, 0.0)	(82.0, 0.0)	(83.0, 0.0)	(84.0, 0.0)	(85.0, 0.0)	(86.0, 0.0)	(87.0, 0.0)	(88.0, 0.0)	(89.0, 0.0)	(90.0, 0.0)	(91.0, 0.0)	(92.0, 0.0)	(93.0, 0.0)	(94.0, 0.0)	(95.0, 0.0)	(96.0, 0.0)	(97.0, 0.0)	(98.0, 0.0)	(99.0, 0.0)	(100.0, 0.0)
SRR8438058_2	(0.0, 0.0)	(1.0, 0.0)	(2.0, 0.0)	(3.0, 0.0)	(4.0, 0.0)	(5.0, 0.0)	(6.0, 0.0)	(7.0, 0.0)	(8.0, 0.0)	(9.0, 0.0)	(10.0, 0.0)	(11.0, 0.0)	(12.0, 0.0)	(13.0, 0.0)	(14.0, 0.0)	(15.0, 0.0)	(16.0, 0.0)	(17.0, 0.0)	(18.0, 0.0)	(19.0, 0.0)	(20.0, 0.0)	(21.0, 0.0)	(22.0, 0.0)	(23.0, 0.0)	(24.0, 0.0)	(25.0, 0.0)	(26.0, 0.0)	(27.0, 0.0)	(28.0, 0.0)	(29.0, 0.0)	(30.0, 0.0)	(31.0, 0.0)	(32.0, 0.0)	(33.0, 0.0007940194455362766)	(34.0, 0.0015880388910725532)	(35.0, 0.011910291683044145)	(36.0, 0.07066773065272852)	(37.0, 0.023820583366088298)	(38.0, 0.02143852502947946)	(39.0, 0.11513281960276024)	(40.0, 0.17944839469119853)	(41.0, 0.2350297558787371)	(42.0, 0.31284366154129145)	(43.0, 0.30649150597700103)	(44.0, 0.28028886427430416)	(45.0, 0.37715923662973166)	(46.0, 0.4926890659552632)	(47.0, 0.6078218855580265)	(48.0, 0.8575410011791714)	(49.0, 15.381347689202638)	(50.0, 23.30883783343997)	(51.0, 7.764716157900116)	(52.0, 12.633643397926853)	(53.0, 15.490525362963778)	(54.0, 6.536368075654939)	(55.0, 3.935160372077557)	(56.0, 3.465894879765724)	(57.0, 2.926755676246715)	(58.0, 1.7452547412887678)	(59.0, 1.0219030264051714)	(60.0, 0.6145710508450846)	(61.0, 0.3668369838377597)	(62.0, 0.2739367087100141)	(63.0, 0.17865437524566224)	(64.0, 0.11433880015722397)	(65.0, 0.11116272237507883)	(66.0, 0.08813615845452666)	(67.0, 0.050023225068785405)	(68.0, 0.03176077782145108)	(69.0, 0.017468427801798077)	(70.0, 0.010322252791971595)	(71.0, 0.007146175009826489)	(72.0, 0.005558136118753935)	(73.0, 0.006352155564290213)	(74.0, 0.0031760777821451063)	(75.0, 0.0007940194455362766)	(76.0, 0.0015880388910725532)	(77.0, 0.0015880388910725532)	(78.0, 0.0031760777821451063)	(79.0, 0.0015880388910725532)	(80.0, 0.0)	(81.0, 0.0)	(82.0, 0.0)	(83.0, 0.0)	(84.0, 0.0)	(85.0, 0.0007940194455362766)	(86.0, 0.0)	(87.0, 0.0)	(88.0, 0.0)	(89.0, 0.0007940194455362766)	(90.0, 0.0015880388910725532)	(91.0, 0.0015880388910725532)	(92.0, 0.0007940194455362766)	(93.0, 0.0)	(94.0, 0.0)	(95.0, 0.0)	(96.0, 0.0)	(97.0, 0.0)	(98.0, 0.0)	(99.0, 0.0)	(100.0, 0.0011910291683044148)
SRR8438059	(0.0, 0.0)	(1.0, 0.0)	(2.0, 0.0)	(3.0, 0.0)	(4.0, 0.0)	(5.0, 0.0)	(6.0, 0.0)	(7.0, 0.0)	(8.0, 0.0)	(9.0, 0.0)	(10.0, 0.0)	(11.0, 0.0)	(12.0, 0.0)	(13.0, 0.0)	(14.0, 0.0)	(15.0, 0.0)	(16.0, 0.0)	(17.0, 0.0)	(18.0, 0.0)	(19.0, 0.0)	(20.0, 0.0)	(21.0, 0.0)	(22.0, 0.0)	(23.0, 0.0)	(24.0, 0.0)	(25.0, 0.0)	(26.0, 0.0)	(27.0, 0.0)	(28.0, 0.0)	(29.0, 0.0)	(30.0, 0.0)	(31.0, 0.0)	(32.0, 0.0)	(33.0, 0.0)	(34.0, 0.0)	(35.0, 0.0)	(36.0, 0.0)	(37.0, 0.0)	(38.0, 0.0)	(39.0, 0.0)	(40.0, 0.0)	(41.0, 8.333333333333334)	(42.0, 8.333333333333334)	(43.0, 4.166666666666667)	(44.0, 0.0)	(45.0, 4.166666666666667)	(46.0, 8.333333333333334)	(47.0, 8.333333333333334)	(48.0, 16.666666666666668)	(49.0, 29.166666666666668)	(50.0, 12.500000000000004)	(51.0, 0.0)	(52.0, 0.0)	(53.0, 0.0)	(54.0, 0.0)	(55.0, 0.0)	(56.0, 0.0)	(57.0, 0.0)	(58.0, 0.0)	(59.0, 0.0)	(60.0, 0.0)	(61.0, 0.0)	(62.0, 0.0)	(63.0, 0.0)	(64.0, 0.0)	(65.0, 0.0)	(66.0, 0.0)	(67.0, 0.0)	(68.0, 0.0)	(69.0, 0.0)	(70.0, 0.0)	(71.0, 0.0)	(72.0, 0.0)	(73.0, 0.0)	(74.0, 0.0)	(75.0, 0.0)	(76.0, 0.0)	(77.0, 0.0)	(78.0, 0.0)	(79.0, 0.0)	(80.0, 0.0)	(81.0, 0.0)	(82.0, 0.0)	(83.0, 0.0)	(84.0, 0.0)	(85.0, 0.0)	(86.0, 0.0)	(87.0, 0.0)	(88.0, 0.0)	(89.0, 0.0)	(90.0, 0.0)	(91.0, 0.0)	(92.0, 0.0)	(93.0, 0.0)	(94.0, 0.0)	(95.0, 0.0)	(96.0, 0.0)	(97.0, 0.0)	(98.0, 0.0)	(99.0, 0.0)	(100.0, 0.0)
SRR8438059_1	(0.0, 0.0)	(1.0, 0.0)	(2.0, 0.0)	(3.0, 0.0)	(4.0, 0.0)	(5.0, 0.0)	(6.0, 0.0)	(7.0, 0.0)	(8.0, 0.0)	(9.0, 0.0)	(10.0, 0.0)	(11.0, 0.0)	(12.0, 0.0)	(13.0, 0.0)	(14.0, 0.0)	(15.0, 0.0)	(16.0, 0.0)	(17.0, 0.0)	(18.0, 0.0)	(19.0, 0.0)	(20.0, 0.0)	(21.0, 0.0)	(22.0, 0.0)	(23.0, 0.0)	(24.0, 0.0)	(25.0, 0.0013392079923934316)	(26.0, 0.0)	(27.0, 0.0)	(28.0, 0.0)	(29.0, 0.0)	(30.0, 0.0)	(31.0, 0.0013392079923934316)	(32.0, 0.002678415984786863)	(33.0, 0.005356831969573726)	(34.0, 0.004017623977180295)	(35.0, 0.0013392079923934316)	(36.0, 0.01607049590872118)	(37.0, 0.030801783825048914)	(38.0, 0.03749782378701608)	(39.0, 0.06428198363488476)	(40.0, 0.13526000723173642)	(41.0, 0.4151544776419622)	(42.0, 0.5611281488128462)	(43.0, 0.9240535147514766)	(44.0, 1.0485998580440674)	(45.0, 1.228053729024777)	(46.0, 1.2561770968650374)	(47.0, 8.607089767112008)	(48.0, 10.289135005558924)	(49.0, 2.3650413145667883)	(50.0, 3.353376812953253)	(51.0, 24.206184462507217)	(52.0, 25.613692062511433)	(53.0, 9.681134577012028)	(54.0, 5.312638105824656)	(55.0, 1.9083713891606018)	(56.0, 1.62044167079603)	(57.0, 0.8798596510024921)	(58.0, 0.23703981465363794)	(59.0, 0.11918951132301525)	(60.0, 0.03749782378701608)	(61.0, 0.017409703901114612)	(62.0, 0.008035247954360588)	(63.0, 0.002678415984786863)	(64.0, 0.0013392079923934316)	(65.0, 0.0)	(66.0, 0.0013392079923934316)	(67.0, 0.0013392079923934316)	(68.0, 0.0013392079923934316)	(69.0, 0.0013392079923934316)	(70.0, 0.0)	(71.0, 0.0)	(72.0, 0.0013392079923934316)	(73.0, 0.0)	(74.0, 0.0)	(75.0, 0.0)	(76.0, 0.0)	(77.0, 0.0)	(78.0, 0.0)	(79.0, 0.0)	(80.0, 0.0)	(81.0, 0.0)	(82.0, 0.0)	(83.0, 0.0)	(84.0, 0.0)	(85.0, 0.0)	(86.0, 0.0)	(87.0, 0.0)	(88.0, 0.0)	(89.0, 0.0)	(90.0, 0.0)	(91.0, 0.0)	(92.0, 0.0)	(93.0, 0.0)	(94.0, 0.0)	(95.0, 0.0)	(96.0, 0.0)	(97.0, 0.0)	(98.0, 0.0)	(99.0, 0.0)	(100.0, 0.0)
SRR8438059_2	(0.0, 0.0)	(1.0, 0.0)	(2.0, 0.0)	(3.0, 0.0)	(4.0, 0.0)	(5.0, 0.0)	(6.0, 0.0)	(7.0, 0.0)	(8.0, 0.0)	(9.0, 0.0)	(10.0, 0.0)	(11.0, 0.0)	(12.0, 0.0)	(13.0, 0.0)	(14.0, 0.0)	(15.0, 0.0)	(16.0, 0.0)	(17.0, 0.0)	(18.0, 0.0)	(19.0, 0.0)	(20.0, 0.0)	(21.0, 0.0)	(22.0, 0.0)	(23.0, 0.0)	(24.0, 0.0)	(25.0, 0.0)	(26.0, 0.0)	(27.0, 0.0)	(28.0, 0.0013581420616597336)	(29.0, 0.0027162841233194673)	(30.0, 0.0013581420616597336)	(31.0, 0.0027162841233194673)	(32.0, 0.0)	(33.0, 0.0)	(34.0, 0.0)	(35.0, 0.0)	(36.0, 0.004074426184979201)	(37.0, 0.004074426184979201)	(38.0, 0.004074426184979201)	(39.0, 0.02173027298655574)	(40.0, 0.05704196658970885)	(41.0, 0.12087464348771615)	(42.0, 0.5677033817737671)	(43.0, 1.1768300964281635)	(44.0, 1.2542441939427642)	(45.0, 6.686133369550487)	(46.0, 9.625152790982357)	(47.0, 4.162705418987272)	(48.0, 2.196115713703754)	(49.0, 1.3160396577482782)	(50.0, 1.3948118973245385)	(51.0, 4.1097378785825365)	(52.0, 22.154013309791644)	(53.0, 24.521254923262408)	(54.0, 9.872334646204541)	(55.0, 4.362352302051211)	(56.0, 2.6999864185795728)	(57.0, 1.4097514600027945)	(58.0, 0.7592014124677949)	(59.0, 0.604373217438581)	(60.0, 0.36398207252480785)	(61.0, 0.2105120195572591)	(62.0, 0.12494906967269535)	(63.0, 0.07469781339128537)	(64.0, 0.03666983566481281)	(65.0, 0.02716284123319467)	(66.0, 0.025804699171534932)	(67.0, 0.01358142061659734)	(68.0, 0.005432568246638935)	(69.0, 0.0)	(70.0, 0.0027162841233194673)	(71.0, 0.0027162841233194673)	(72.0, 0.0013581420616597336)	(73.0, 0.0013581420616597336)	(74.0, 0.0013581420616597336)	(75.0, 0.0027162841233194673)	(76.0, 0.0013581420616597336)	(77.0, 0.0)	(78.0, 0.0)	(79.0, 0.0)	(80.0, 0.0)	(81.0, 0.0013581420616597336)	(82.0, 0.0013581420616597336)	(83.0, 0.0)	(84.0, 0.0027162841233194673)	(85.0, 0.0027162841233194673)	(86.0, 0.0)	(87.0, 0.0)	(88.0, 0.0)	(89.0, 0.0)	(90.0, 0.0)	(91.0, 0.0013581420616597336)	(92.0, 0.0013581420616597336)	(93.0, 0.0)	(94.0, 0.0)	(95.0, 0.0)	(96.0, 0.0)	(97.0, 0.0)	(98.0, 0.0)	(99.0, 0.0)	(100.0, 0.0)
SRR8438060	(0.0, 0.0)	(1.0, 0.0)	(2.0, 0.0)	(3.0, 0.0)	(4.0, 0.0)	(5.0, 0.0)	(6.0, 0.0)	(7.0, 0.0)	(8.0, 0.0)	(9.0, 0.0)	(10.0, 0.0)	(11.0, 0.0)	(12.0, 0.0)	(13.0, 0.0)	(14.0, 0.0)	(15.0, 0.0)	(16.0, 0.0)	(17.0, 0.0)	(18.0, 0.0)	(19.0, 0.0)	(20.0, 0.0)	(21.0, 0.0)	(22.0, 0.0)	(23.0, 0.0)	(24.0, 0.0)	(25.0, 0.0)	(26.0, 0.0)	(27.0, 0.0)	(28.0, 0.0)	(29.0, 0.0)	(30.0, 0.0)	(31.0, 0.0)	(32.0, 0.0)	(33.0, 0.0)	(34.0, 0.0)	(35.0, 0.0)	(36.0, 0.0)	(37.0, 0.0)	(38.0, 0.0)	(39.0, 0.0)	(40.0, 12.499999999999998)	(41.0, 12.499999999999998)	(42.0, 0.0)	(43.0, 0.0)	(44.0, 0.0)	(45.0, 24.999999999999996)	(46.0, 24.999999999999996)	(47.0, 0.0)	(48.0, 0.0)	(49.0, 0.0)	(50.0, 12.499999999999998)	(51.0, 0.0)	(52.0, 12.499999999999998)	(53.0, 0.0)	(54.0, 0.0)	(55.0, 0.0)	(56.0, 0.0)	(57.0, 0.0)	(58.0, 0.0)	(59.0, 0.0)	(60.0, 0.0)	(61.0, 0.0)	(62.0, 0.0)	(63.0, 0.0)	(64.0, 0.0)	(65.0, 0.0)	(66.0, 0.0)	(67.0, 0.0)	(68.0, 0.0)	(69.0, 0.0)	(70.0, 0.0)	(71.0, 0.0)	(72.0, 0.0)	(73.0, 0.0)	(74.0, 0.0)	(75.0, 0.0)	(76.0, 0.0)	(77.0, 0.0)	(78.0, 0.0)	(79.0, 0.0)	(80.0, 0.0)	(81.0, 0.0)	(82.0, 0.0)	(83.0, 0.0)	(84.0, 0.0)	(85.0, 0.0)	(86.0, 0.0)	(87.0, 0.0)	(88.0, 0.0)	(89.0, 0.0)	(90.0, 0.0)	(91.0, 0.0)	(92.0, 0.0)	(93.0, 0.0)	(94.0, 0.0)	(95.0, 0.0)	(96.0, 0.0)	(97.0, 0.0)	(98.0, 0.0)	(99.0, 0.0)	(100.0, 0.0)
SRR8438060_1	(0.0, 0.0)	(1.0, 0.0)	(2.0, 0.0)	(3.0, 0.0)	(4.0, 0.0)	(5.0, 0.0)	(6.0, 0.0)	(7.0, 0.0)	(8.0, 0.0)	(9.0, 0.0)	(10.0, 0.0)	(11.0, 0.0)	(12.0, 0.0)	(13.0, 0.0)	(14.0, 0.0)	(15.0, 0.0)	(16.0, 0.0)	(17.0, 0.0)	(18.0, 0.0)	(19.0, 0.0)	(20.0, 0.0)	(21.0, 0.0)	(22.0, 0.0)	(23.0, 0.0)	(24.0, 0.0)	(25.0, 0.0)	(26.0, 0.0)	(27.0, 0.0)	(28.0, 0.0035677334189589357)	(29.0, 0.01070320025687681)	(30.0, 0.01783866709479468)	(31.0, 0.007135466837917871)	(32.0, 0.01070320025687681)	(33.0, 0.08562560205501443)	(34.0, 1.1131328267151839)	(35.0, 0.3532056084769342)	(36.0, 0.09276106889293231)	(37.0, 0.1427093367583575)	(38.0, 0.6885725498590765)	(39.0, 0.6921402832780353)	(40.0, 1.2594098968924983)	(41.0, 1.9658211138463828)	(42.0, 2.8862963359378018)	(43.0, 3.7496878233258153)	(44.0, 4.905633451068446)	(45.0, 6.4718684219914975)	(46.0, 7.916800456670031)	(47.0, 6.721609761318652)	(48.0, 5.654857469049808)	(49.0, 5.255271326126401)	(50.0, 5.494309465196638)	(51.0, 11.206250668950458)	(52.0, 13.607335259909275)	(53.0, 5.8118377394840195)	(54.0, 4.588105176781117)	(55.0, 2.9433800706411417)	(56.0, 2.772128866531123)	(57.0, 2.415355524635222)	(58.0, 0.7385208177245008)	(59.0, 0.21763173855649504)	(60.0, 0.10703200256876808)	(61.0, 0.0392450676085483)	(62.0, 0.007135466837917871)	(63.0, 0.021406400513753615)	(64.0, 0.01070320025687681)	(65.0, 0.0035677334189589357)	(66.0, 0.0035677334189589357)	(67.0, 0.0)	(68.0, 0.0)	(69.0, 0.0)	(70.0, 0.0)	(71.0, 0.0035677334189589357)	(72.0, 0.0035677334189589357)	(73.0, 0.0)	(74.0, 0.0)	(75.0, 0.0)	(76.0, 0.0)	(77.0, 0.0)	(78.0, 0.0)	(79.0, 0.0)	(80.0, 0.0)	(81.0, 0.0)	(82.0, 0.0)	(83.0, 0.0)	(84.0, 0.0)	(85.0, 0.0)	(86.0, 0.0)	(87.0, 0.0)	(88.0, 0.0)	(89.0, 0.0)	(90.0, 0.0)	(91.0, 0.0)	(92.0, 0.0)	(93.0, 0.0)	(94.0, 0.0)	(95.0, 0.0)	(96.0, 0.0)	(97.0, 0.0)	(98.0, 0.0)	(99.0, 0.0)	(100.0, 0.0)
SRR8438060_2	(0.0, 0.0)	(1.0, 0.0)	(2.0, 0.0)	(3.0, 0.0)	(4.0, 0.0)	(5.0, 0.0)	(6.0, 0.0)	(7.0, 0.0)	(8.0, 0.0)	(9.0, 0.0)	(10.0, 0.0)	(11.0, 0.0)	(12.0, 0.0)	(13.0, 0.0)	(14.0, 0.0)	(15.0, 0.0)	(16.0, 0.0)	(17.0, 0.0)	(18.0, 0.0)	(19.0, 0.0)	(20.0, 0.0)	(21.0, 0.0)	(22.0, 0.0)	(23.0, 0.0)	(24.0, 0.0)	(25.0, 0.0)	(26.0, 0.0)	(27.0, 0.003546350805021659)	(28.0, 0.003546350805021659)	(29.0, 0.0)	(30.0, 0.0)	(31.0, 0.0)	(32.0, 0.010639052415064978)	(33.0, 0.024824455635151614)	(34.0, 0.11348322576069311)	(35.0, 0.7199092134193982)	(36.0, 0.47166465706788113)	(37.0, 0.15249308461593145)	(38.0, 0.18441024186112634)	(39.0, 0.30498616923186234)	(40.0, 0.2588836087665809)	(41.0, 0.2269664515213861)	(42.0, 0.2269664515213861)	(43.0, 0.3227179232569706)	(44.0, 0.517767217533163)	(45.0, 1.0497198382864077)	(46.0, 1.7377118944606158)	(47.0, 3.365486913965549)	(48.0, 3.9896446556493257)	(49.0, 4.645719554578295)	(50.0, 5.693666217462178)	(51.0, 6.757571458968798)	(52.0, 13.05766366408975)	(53.0, 16.47279948932483)	(54.0, 9.387190580892655)	(55.0, 7.011135541527874)	(56.0, 5.812468969430416)	(57.0, 4.7556564295339605)	(58.0, 3.861976026668553)	(59.0, 2.7661536279169225)	(60.0, 2.0533371161075524)	(61.0, 1.3937158663735052)	(62.0, 0.8865877012554138)	(63.0, 0.5816015320235534)	(64.0, 0.35108872969714383)	(65.0, 0.27661536279168913)	(66.0, 0.15958578622597475)	(67.0, 0.08511241932051979)	(68.0, 0.06028796368536819)	(69.0, 0.07801971771047647)	(70.0, 0.046102560465281564)	(71.0, 0.017731754025108296)	(72.0, 0.021278104830129953)	(73.0, 0.014185403220086636)	(74.0, 0.010639052415064978)	(75.0, 0.014185403220086636)	(76.0, 0.003546350805021659)	(77.0, 0.0)	(78.0, 0.0)	(79.0, 0.007092701610043318)	(80.0, 0.003546350805021659)	(81.0, 0.007092701610043318)	(82.0, 0.007092701610043318)	(83.0, 0.007092701610043318)	(84.0, 0.0)	(85.0, 0.003546350805021659)	(86.0, 0.0)	(87.0, 0.0)	(88.0, 0.0)	(89.0, 0.0)	(90.0, 0.0)	(91.0, 0.0)	(92.0, 0.0)	(93.0, 0.0)	(94.0, 0.0)	(95.0, 0.0)	(96.0, 0.0)	(97.0, 0.0)	(98.0, 0.003546350805021659)	(99.0, 0.0)	(100.0, 0.0)
SRR8438061	(0.0, 0.0)	(1.0, 0.0)	(2.0, 0.0)	(3.0, 0.0)	(4.0, 0.0)	(5.0, 0.0)	(6.0, 0.0)	(7.0, 0.0)	(8.0, 0.0)	(9.0, 0.0)	(10.0, 0.0)	(11.0, 0.0)	(12.0, 0.0)	(13.0, 0.0)	(14.0, 0.0)	(15.0, 0.0)	(16.0, 0.0)	(17.0, 0.0)	(18.0, 0.0)	(19.0, 0.0)	(20.0, 0.0)	(21.0, 0.0)	(22.0, 0.0)	(23.0, 0.0)	(24.0, 0.0)	(25.0, 0.0)	(26.0, 0.0)	(27.0, 0.0)	(28.0, 0.0)	(29.0, 0.0)	(30.0, 0.0)	(31.0, 0.0)	(32.0, 0.0)	(33.0, 0.0)	(34.0, 0.0)	(35.0, 0.0)	(36.0, 0.0)	(37.0, 0.0)	(38.0, 0.0)	(39.0, 0.0)	(40.0, 2.083333333333333)	(41.0, 2.083333333333333)	(42.0, 0.0)	(43.0, 2.083333333333333)	(44.0, 4.166666666666666)	(45.0, 10.416666666666666)	(46.0, 16.666666666666664)	(47.0, 18.75)	(48.0, 18.75)	(49.0, 8.333333333333332)	(50.0, 6.25)	(51.0, 2.083333333333333)	(52.0, 0.0)	(53.0, 4.166666666666666)	(54.0, 4.166666666666666)	(55.0, 0.0)	(56.0, 0.0)	(57.0, 0.0)	(58.0, 0.0)	(59.0, 0.0)	(60.0, 0.0)	(61.0, 0.0)	(62.0, 0.0)	(63.0, 0.0)	(64.0, 0.0)	(65.0, 0.0)	(66.0, 0.0)	(67.0, 0.0)	(68.0, 0.0)	(69.0, 0.0)	(70.0, 0.0)	(71.0, 0.0)	(72.0, 0.0)	(73.0, 0.0)	(74.0, 0.0)	(75.0, 0.0)	(76.0, 0.0)	(77.0, 0.0)	(78.0, 0.0)	(79.0, 0.0)	(80.0, 0.0)	(81.0, 0.0)	(82.0, 0.0)	(83.0, 0.0)	(84.0, 0.0)	(85.0, 0.0)	(86.0, 0.0)	(87.0, 0.0)	(88.0, 0.0)	(89.0, 0.0)	(90.0, 0.0)	(91.0, 0.0)	(92.0, 0.0)	(93.0, 0.0)	(94.0, 0.0)	(95.0, 0.0)	(96.0, 0.0)	(97.0, 0.0)	(98.0, 0.0)	(99.0, 0.0)	(100.0, 0.0)
SRR8438061_1	(0.0, 0.0)	(1.0, 0.0)	(2.0, 0.0)	(3.0, 0.0)	(4.0, 0.0)	(5.0, 0.0)	(6.0, 0.0)	(7.0, 0.0)	(8.0, 0.0)	(9.0, 0.0)	(10.0, 0.0)	(11.0, 0.0)	(12.0, 0.0)	(13.0, 0.0)	(14.0, 0.0)	(15.0, 0.0)	(16.0, 0.0)	(17.0, 0.0)	(18.0, 0.0)	(19.0, 0.0)	(20.0, 0.0)	(21.0, 0.0)	(22.0, 0.0)	(23.0, 0.0)	(24.0, 0.0)	(25.0, 0.0)	(26.0, 0.0)	(27.0, 0.0)	(28.0, 0.0)	(29.0, 0.0)	(30.0, 0.0)	(31.0, 0.0009077293151182694)	(32.0, 0.0009077293151182694)	(33.0, 0.0)	(34.0, 0.0009077293151182694)	(35.0, 0.0018154586302365388)	(36.0, 0.007261834520946155)	(37.0, 0.018154586302365383)	(38.0, 0.04084781918032215)	(39.0, 0.06354105205827881)	(40.0, 0.12526664548632133)	(41.0, 0.1633912767212889)	(42.0, 0.20423909590161063)	(43.0, 0.27504198248083467)	(44.0, 0.48654291290339435)	(45.0, 0.4429719057777161)	(46.0, 0.6308718740072032)	(47.0, 8.204965279354724)	(48.0, 10.250079426317116)	(49.0, 2.78309808015274)	(50.0, 2.833930921799353)	(51.0, 23.169790768387273)	(52.0, 25.527163799753712)	(53.0, 10.5360141605795)	(54.0, 7.299051422866279)	(55.0, 3.0427086642765078)	(56.0, 1.7963963146190691)	(57.0, 1.5585712340580553)	(58.0, 0.2931965687831998)	(59.0, 0.12526664548632133)	(60.0, 0.06354105205827881)	(61.0, 0.03177052602913944)	(62.0, 0.011800481096537502)	(63.0, 0.0036309172604730776)	(64.0, 0.0027231879453548085)	(65.0, 0.0036309172604730776)	(66.0, 0.0)	(67.0, 0.0)	(68.0, 0.0)	(69.0, 0.0)	(70.0, 0.0)	(71.0, 0.0)	(72.0, 0.0)	(73.0, 0.0)	(74.0, 0.0)	(75.0, 0.0)	(76.0, 0.0)	(77.0, 0.0)	(78.0, 0.0)	(79.0, 0.0)	(80.0, 0.0)	(81.0, 0.0)	(82.0, 0.0)	(83.0, 0.0)	(84.0, 0.0)	(85.0, 0.0)	(86.0, 0.0)	(87.0, 0.0)	(88.0, 0.0)	(89.0, 0.0)	(90.0, 0.0)	(91.0, 0.0)	(92.0, 0.0)	(93.0, 0.0)	(94.0, 0.0)	(95.0, 0.0)	(96.0, 0.0)	(97.0, 0.0)	(98.0, 0.0)	(99.0, 0.0)	(100.0, 0.0)
SRR8438061_2	(0.0, 0.0)	(1.0, 0.0)	(2.0, 0.0)	(3.0, 0.0)	(4.0, 0.0)	(5.0, 0.0)	(6.0, 0.0)	(7.0, 0.0)	(8.0, 0.0)	(9.0, 0.0)	(10.0, 0.0)	(11.0, 0.0)	(12.0, 0.0)	(13.0, 0.0)	(14.0, 0.0)	(15.0, 0.0)	(16.0, 0.0)	(17.0, 0.0)	(18.0, 0.0)	(19.0, 0.0)	(20.0, 0.0)	(21.0, 0.0)	(22.0, 0.0)	(23.0, 0.0)	(24.0, 0.0)	(25.0, 0.0)	(26.0, 0.0)	(27.0, 0.0)	(28.0, 0.0)	(29.0, 0.0)	(30.0, 0.0)	(31.0, 0.0)	(32.0, 0.0)	(33.0, 0.0018494886163977332)	(34.0, 0.0064732101573920665)	(35.0, 0.0027742329245966)	(36.0, 0.0036989772327954665)	(37.0, 0.018494886163977327)	(38.0, 0.016645397547579596)	(39.0, 0.04068874956075016)	(40.0, 0.0804527548133013)	(41.0, 0.12761471453144374)	(42.0, 0.15443229946921105)	(43.0, 0.3264347407941983)	(44.0, 0.4623721540994343)	(45.0, 6.27901385267006)	(46.0, 9.630287225584276)	(47.0, 3.714697886034778)	(48.0, 1.8161978213025862)	(49.0, 1.1624035954059577)	(50.0, 1.2234367197470795)	(51.0, 3.268971129483025)	(52.0, 22.112485897643587)	(53.0, 25.189110211025138)	(54.0, 11.056242948827578)	(55.0, 5.9285357598625295)	(56.0, 3.738741238047943)	(57.0, 1.703379015702312)	(58.0, 0.7009561856147487)	(59.0, 0.3985647968337107)	(60.0, 0.2829717583088522)	(61.0, 0.19234681610536453)	(62.0, 0.11189406129206289)	(63.0, 0.07952801050510244)	(64.0, 0.049011448334539943)	(65.0, 0.03514028371155695)	(66.0, 0.019419630472176194)	(67.0, 0.010172187390187534)	(68.0, 0.009247443081988667)	(69.0, 0.010172187390187534)	(70.0, 0.0018494886163977332)	(71.0, 0.0018494886163977332)	(72.0, 0.0018494886163977332)	(73.0, 0.0009247443081988666)	(74.0, 0.0027742329245966)	(75.0, 0.0036989772327954665)	(76.0, 0.0036989772327954665)	(77.0, 0.0027742329245966)	(78.0, 0.0027742329245966)	(79.0, 0.0)	(80.0, 0.0009247443081988666)	(81.0, 0.0009247443081988666)	(82.0, 0.0027742329245966)	(83.0, 0.0027742329245966)	(84.0, 0.0009247443081988666)	(85.0, 0.0)	(86.0, 0.0)	(87.0, 0.0)	(88.0, 0.0)	(89.0, 0.0)	(90.0, 0.0)	(91.0, 0.0)	(92.0, 0.0009247443081988666)	(93.0, 0.0009247443081988666)	(94.0, 0.0)	(95.0, 0.0009247443081988666)	(96.0, 0.0)	(97.0, 0.0009247443081988666)	(98.0, 0.0009247443081988666)	(99.0, 0.0)	(100.0, 0.0)
SRR8438062	(0.0, 0.0)	(1.0, 0.0)	(2.0, 0.0)	(3.0, 0.0)	(4.0, 0.0)	(5.0, 0.0)	(6.0, 0.0)	(7.0, 0.0)	(8.0, 0.0)	(9.0, 0.0)	(10.0, 0.0)	(11.0, 0.0)	(12.0, 0.0)	(13.0, 0.0)	(14.0, 0.0)	(15.0, 0.0)	(16.0, 0.0)	(17.0, 0.0)	(18.0, 0.0)	(19.0, 0.0)	(20.0, 0.0)	(21.0, 0.0)	(22.0, 0.0)	(23.0, 0.0)	(24.0, 0.0)	(25.0, 0.0)	(26.0, 0.0)	(27.0, 0.0)	(28.0, 0.0)	(29.0, 0.0)	(30.0, 0.0)	(31.0, 0.0)	(32.0, 0.0)	(33.0, 0.0)	(34.0, 0.0)	(35.0, 0.0)	(36.0, 0.0)	(37.0, 0.0)	(38.0, 0.0)	(39.0, 0.0)	(40.0, 0.0)	(41.0, 16.666666666666668)	(42.0, 16.666666666666668)	(43.0, 0.0)	(44.0, 0.0)	(45.0, 0.0)	(46.0, 16.666666666666668)	(47.0, 0.0)	(48.0, 0.0)	(49.0, 0.0)	(50.0, 16.666666666666668)	(51.0, 0.0)	(52.0, 0.0)	(53.0, 0.0)	(54.0, 0.0)	(55.0, 0.0)	(56.0, 16.666666666666668)	(57.0, 16.666666666666668)	(58.0, 0.0)	(59.0, 0.0)	(60.0, 0.0)	(61.0, 0.0)	(62.0, 0.0)	(63.0, 0.0)	(64.0, 0.0)	(65.0, 0.0)	(66.0, 0.0)	(67.0, 0.0)	(68.0, 0.0)	(69.0, 0.0)	(70.0, 0.0)	(71.0, 0.0)	(72.0, 0.0)	(73.0, 0.0)	(74.0, 0.0)	(75.0, 0.0)	(76.0, 0.0)	(77.0, 0.0)	(78.0, 0.0)	(79.0, 0.0)	(80.0, 0.0)	(81.0, 0.0)	(82.0, 0.0)	(83.0, 0.0)	(84.0, 0.0)	(85.0, 0.0)	(86.0, 0.0)	(87.0, 0.0)	(88.0, 0.0)	(89.0, 0.0)	(90.0, 0.0)	(91.0, 0.0)	(92.0, 0.0)	(93.0, 0.0)	(94.0, 0.0)	(95.0, 0.0)	(96.0, 0.0)	(97.0, 0.0)	(98.0, 0.0)	(99.0, 0.0)	(100.0, 0.0)
SRR8438062_1	(0.0, 0.0)	(1.0, 0.0)	(2.0, 0.0)	(3.0, 0.0)	(4.0, 0.0)	(5.0, 0.0)	(6.0, 0.0)	(7.0, 0.0)	(8.0, 0.0)	(9.0, 0.0)	(10.0, 0.0)	(11.0, 0.0)	(12.0, 0.0)	(13.0, 0.0)	(14.0, 0.0)	(15.0, 0.0)	(16.0, 0.0)	(17.0, 0.001849591240335858)	(18.0, 0.0)	(19.0, 0.0)	(20.0, 0.0)	(21.0, 0.001849591240335858)	(22.0, 0.001849591240335858)	(23.0, 0.001849591240335858)	(24.0, 0.0)	(25.0, 0.001849591240335858)	(26.0, 0.007398364961343432)	(27.0, 0.005548773721007575)	(28.0, 0.0)	(29.0, 0.005548773721007575)	(30.0, 0.38656456923019483)	(31.0, 0.5789220582251213)	(32.0, 0.11097547442015147)	(33.0, 0.08878037953612125)	(34.0, 0.7102430362889653)	(35.0, 0.41430843783523236)	(36.0, 0.13871934302518923)	(37.0, 0.2108534013982878)	(38.0, 0.40321089039321734)	(39.0, 1.215181444900669)	(40.0, 1.8754855177005505)	(41.0, 1.9161765249879368)	(42.0, 2.25465172196938)	(43.0, 4.311397181222987)	(44.0, 12.312728886915204)	(45.0, 16.431768579145036)	(46.0, 6.812044538156966)	(47.0, 4.4612140716902084)	(48.0, 4.807087633633054)	(49.0, 3.499426626715454)	(50.0, 3.2867236340768056)	(51.0, 6.671475603891473)	(52.0, 6.075907224503461)	(53.0, 4.640624422002808)	(54.0, 6.373691414197467)	(55.0, 4.27255576517593)	(56.0, 3.0906669626011825)	(57.0, 1.5092664521140713)	(58.0, 0.6677024377612413)	(59.0, 0.25154440868567696)	(60.0, 0.0721340583730985)	(61.0, 0.03699182480671715)	(62.0, 0.03144305108570958)	(63.0, 0.0221950948840303)	(64.0, 0.011097547442015148)	(65.0, 0.00924795620167929)	(66.0, 0.003699182480671716)	(67.0, 0.0)	(68.0, 0.001849591240335858)	(69.0, 0.001849591240335858)	(70.0, 0.001849591240335858)	(71.0, 0.0)	(72.0, 0.0)	(73.0, 0.0)	(74.0, 0.0)	(75.0, 0.0)	(76.0, 0.0)	(77.0, 0.0)	(78.0, 0.0)	(79.0, 0.0)	(80.0, 0.0)	(81.0, 0.0)	(82.0, 0.0)	(83.0, 0.0)	(84.0, 0.0)	(85.0, 0.0)	(86.0, 0.0)	(87.0, 0.0)	(88.0, 0.0)	(89.0, 0.0)	(90.0, 0.0)	(91.0, 0.0)	(92.0, 0.0)	(93.0, 0.0)	(94.0, 0.0)	(95.0, 0.0)	(96.0, 0.0)	(97.0, 0.0)	(98.0, 0.0)	(99.0, 0.0)	(100.0, 0.0)
SRR8438062_2	(0.0, 0.0)	(1.0, 0.0)	(2.0, 0.0)	(3.0, 0.0)	(4.0, 0.0)	(5.0, 0.0)	(6.0, 0.0)	(7.0, 0.0)	(8.0, 0.0)	(9.0, 0.0)	(10.0, 0.0)	(11.0, 0.0)	(12.0, 0.0)	(13.0, 0.0)	(14.0, 0.0)	(15.0, 0.0)	(16.0, 0.0)	(17.0, 0.0)	(18.0, 0.0)	(19.0, 0.0)	(20.0, 0.0)	(21.0, 0.0)	(22.0, 0.0)	(23.0, 0.0)	(24.0, 0.0)	(25.0, 0.0)	(26.0, 0.0)	(27.0, 0.0018497794138049029)	(28.0, 0.009248897069024514)	(29.0, 0.2700677944155162)	(30.0, 0.49944044172732266)	(31.0, 0.16278058841483126)	(32.0, 0.06844183831078142)	(33.0, 0.07584095596600106)	(34.0, 0.15168191193200187)	(35.0, 0.47169375052024953)	(36.0, 0.3699558827609813)	(37.0, 0.11098676482829414)	(38.0, 0.24047132379463754)	(39.0, 0.5919294124175665)	(40.0, 0.5438351476586397)	(41.0, 0.38660389748522517)	(42.0, 0.8878941186263544)	(43.0, 2.3603185320150186)	(44.0, 2.1605423553241008)	(45.0, 5.199729932205785)	(46.0, 11.561121336279697)	(47.0, 6.999565301837711)	(48.0, 6.152366330315258)	(49.0, 5.545638682587342)	(50.0, 5.079494270308453)	(51.0, 4.692890372823184)	(52.0, 7.48235772884068)	(53.0, 8.092784935396159)	(54.0, 5.959989271279591)	(55.0, 5.497544417828409)	(56.0, 5.279270446999405)	(57.0, 3.7458033129549664)	(58.0, 2.9282008120531064)	(59.0, 2.1845894877035628)	(60.0, 1.5778618399755893)	(61.0, 1.0155288981788964)	(62.0, 0.5882298535899567)	(63.0, 0.3237113974158588)	(64.0, 0.19422683844951466)	(65.0, 0.16278058841483126)	(66.0, 0.09988808834546477)	(67.0, 0.07769073537980596)	(68.0, 0.042544926517512745)	(69.0, 0.033296029448488244)	(70.0, 0.03699558827609804)	(71.0, 0.014798235310439223)	(72.0, 0.011098676482829415)	(73.0, 0.022197352965658834)	(74.0, 0.009248897069024514)	(75.0, 0.0018497794138049029)	(76.0, 0.0055493382414147086)	(77.0, 0.0036995588276098057)	(78.0, 0.0)	(79.0, 0.0)	(80.0, 0.0)	(81.0, 0.0)	(82.0, 0.0)	(83.0, 0.0)	(84.0, 0.0018497794138049029)	(85.0, 0.0018497794138049029)	(86.0, 0.0)	(87.0, 0.0)	(88.0, 0.0)	(89.0, 0.0)	(90.0, 0.0)	(91.0, 0.0)	(92.0, 0.0)	(93.0, 0.0036995588276098057)	(94.0, 0.0018497794138049029)	(95.0, 0.0)	(96.0, 0.0)	(97.0, 0.0018497794138049029)	(98.0, 0.0)	(99.0, 0.0)	(100.0, 0.0027746691207073543)
SRR8438063	(0.0, 0.0)	(1.0, 0.0)	(2.0, 0.0)	(3.0, 0.0)	(4.0, 0.0)	(5.0, 0.0)	(6.0, 0.0)	(7.0, 0.0)	(8.0, 0.0)	(9.0, 0.0)	(10.0, 0.0)	(11.0, 0.0)	(12.0, 0.0)	(13.0, 0.0)	(14.0, 0.0)	(15.0, 0.0)	(16.0, 0.0)	(17.0, 0.0)	(18.0, 0.0)	(19.0, 0.0)	(20.0, 0.0)	(21.0, 0.0)	(22.0, 0.0)	(23.0, 0.0)	(24.0, 0.0)	(25.0, 0.0)	(26.0, 0.0)	(27.0, 0.0)	(28.0, 0.0)	(29.0, 0.0)	(30.0, 0.0)	(31.0, 0.0)	(32.0, 0.0)	(33.0, 0.0)	(34.0, 0.0)	(35.0, 0.0)	(36.0, 0.0)	(37.0, 0.0)	(38.0, 0.0)	(39.0, 0.0)	(40.0, 0.0)	(41.0, 0.0)	(42.0, 0.0)	(43.0, 0.0)	(44.0, 4.347826086956522)	(45.0, 8.695652173913045)	(46.0, 26.086956521739136)	(47.0, 21.73913043478261)	(48.0, 17.39130434782609)	(49.0, 13.043478260869568)	(50.0, 0.0)	(51.0, 4.347826086956522)	(52.0, 4.347826086956522)	(53.0, 0.0)	(54.0, 0.0)	(55.0, 0.0)	(56.0, 0.0)	(57.0, 0.0)	(58.0, 0.0)	(59.0, 0.0)	(60.0, 0.0)	(61.0, 0.0)	(62.0, 0.0)	(63.0, 0.0)	(64.0, 0.0)	(65.0, 0.0)	(66.0, 0.0)	(67.0, 0.0)	(68.0, 0.0)	(69.0, 0.0)	(70.0, 0.0)	(71.0, 0.0)	(72.0, 0.0)	(73.0, 0.0)	(74.0, 0.0)	(75.0, 0.0)	(76.0, 0.0)	(77.0, 0.0)	(78.0, 0.0)	(79.0, 0.0)	(80.0, 0.0)	(81.0, 0.0)	(82.0, 0.0)	(83.0, 0.0)	(84.0, 0.0)	(85.0, 0.0)	(86.0, 0.0)	(87.0, 0.0)	(88.0, 0.0)	(89.0, 0.0)	(90.0, 0.0)	(91.0, 0.0)	(92.0, 0.0)	(93.0, 0.0)	(94.0, 0.0)	(95.0, 0.0)	(96.0, 0.0)	(97.0, 0.0)	(98.0, 0.0)	(99.0, 0.0)	(100.0, 0.0)
SRR8438063_1	(0.0, 0.0)	(1.0, 0.0)	(2.0, 0.0)	(3.0, 0.0)	(4.0, 0.0)	(5.0, 0.0)	(6.0, 0.0)	(7.0, 0.0)	(8.0, 0.0)	(9.0, 0.0)	(10.0, 0.0)	(11.0, 0.0)	(12.0, 0.0)	(13.0, 0.0)	(14.0, 0.0)	(15.0, 0.0)	(16.0, 0.0)	(17.0, 0.0)	(18.0, 0.0)	(19.0, 0.0)	(20.0, 0.0)	(21.0, 0.0)	(22.0, 0.0)	(23.0, 0.0)	(24.0, 0.0)	(25.0, 0.0)	(26.0, 0.0)	(27.0, 0.0)	(28.0, 0.0)	(29.0, 0.0)	(30.0, 0.0)	(31.0, 0.0)	(32.0, 0.0)	(33.0, 0.0)	(34.0, 0.007063477114331262)	(35.0, 0.0015696615809625027)	(36.0, 0.002354492371443754)	(37.0, 0.004708984742887508)	(38.0, 0.006278646323850011)	(39.0, 0.033747723990693826)	(40.0, 0.31864130093538684)	(41.0, 0.29274188484950514)	(42.0, 0.2864632385256552)	(43.0, 0.2966660388019114)	(44.0, 0.40340302630736435)	(45.0, 0.49208890563174834)	(46.0, 0.48345576693645426)	(47.0, 0.5297607835748495)	(48.0, 0.7259684811951573)	(49.0, 1.17646135493137)	(50.0, 2.3387957556342305)	(51.0, 35.8133986312635)	(52.0, 41.53246060149465)	(53.0, 6.892384002006851)	(54.0, 3.450116154955454)	(55.0, 2.1221824574613803)	(56.0, 1.4605701010856103)	(57.0, 0.517203490927149)	(58.0, 0.3877064104977389)	(59.0, 0.15696615809625059)	(60.0, 0.07534375588620003)	(61.0, 0.05415332454320631)	(62.0, 0.029823570038287565)	(63.0, 0.02668424687636255)	(64.0, 0.06514095560994379)	(65.0, 0.007848307904812514)	(66.0, 0.004708984742887508)	(67.0, 0.002354492371443754)	(68.0, 0.0007848307904812513)	(69.0, 0.0)	(70.0, 0.0)	(71.0, 0.0)	(72.0, 0.0)	(73.0, 0.0)	(74.0, 0.0)	(75.0, 0.0)	(76.0, 0.0)	(77.0, 0.0)	(78.0, 0.0)	(79.0, 0.0)	(80.0, 0.0)	(81.0, 0.0)	(82.0, 0.0)	(83.0, 0.0)	(84.0, 0.0)	(85.0, 0.0)	(86.0, 0.0)	(87.0, 0.0)	(88.0, 0.0)	(89.0, 0.0)	(90.0, 0.0)	(91.0, 0.0)	(92.0, 0.0)	(93.0, 0.0)	(94.0, 0.0)	(95.0, 0.0)	(96.0, 0.0)	(97.0, 0.0)	(98.0, 0.0)	(99.0, 0.0)	(100.0, 0.0)
SRR8438063_2	(0.0, 0.0)	(1.0, 0.0)	(2.0, 0.0)	(3.0, 0.0)	(4.0, 0.0)	(5.0, 0.0)	(6.0, 0.0)	(7.0, 0.0)	(8.0, 0.0)	(9.0, 0.0)	(10.0, 0.0)	(11.0, 0.0)	(12.0, 0.0)	(13.0, 0.0)	(14.0, 0.0)	(15.0, 0.0)	(16.0, 0.0)	(17.0, 0.0)	(18.0, 0.0)	(19.0, 0.0)	(20.0, 0.0)	(21.0, 0.0)	(22.0, 0.0)	(23.0, 0.0)	(24.0, 0.0)	(25.0, 0.0)	(26.0, 0.0)	(27.0, 0.0)	(28.0, 0.0)	(29.0, 0.0)	(30.0, 0.0008157139128161706)	(31.0, 0.0)	(32.0, 0.0)	(33.0, 0.0008157139128161706)	(34.0, 0.002447141738448512)	(35.0, 0.003262855651264682)	(36.0, 0.0008157139128161706)	(37.0, 0.004078569564080853)	(38.0, 0.01631427825632341)	(39.0, 0.2039284782040424)	(40.0, 0.26265987992680584)	(41.0, 0.13703993735311695)	(42.0, 0.3156812842598563)	(43.0, 0.4820869224743598)	(44.0, 0.42253980683877773)	(45.0, 0.31731271208548867)	(46.0, 0.3580984077262984)	(47.0, 0.5114526233357428)	(48.0, 0.3703341164185413)	(49.0, 0.7830853563035219)	(50.0, 1.7790720438520993)	(51.0, 2.279920386321285)	(52.0, 29.68301357347787)	(53.0, 39.41774340904375)	(54.0, 9.96149830331287)	(55.0, 4.12506525711112)	(56.0, 2.5923388149298843)	(57.0, 2.1428804489681528)	(58.0, 1.4209736361257597)	(59.0, 0.803478204123925)	(60.0, 0.4796397807359113)	(61.0, 0.32546985121365063)	(62.0, 0.23492560689105643)	(63.0, 0.15580135734788902)	(64.0, 0.10114852518920521)	(65.0, 0.10359566692765373)	(66.0, 0.08646567475851402)	(67.0, 0.047311406943337894)	(68.0, 0.026918559122933634)	(69.0, 0.019577133907588088)	(70.0, 0.005709997389713194)	(71.0, 0.006525711302529364)	(72.0, 0.001631427825632341)	(73.0, 0.0008157139128161706)	(74.0, 0.0008157139128161706)	(75.0, 0.0008157139128161706)	(76.0, 0.0)	(77.0, 0.0)	(78.0, 0.0)	(79.0, 0.001631427825632341)	(80.0, 0.0)	(81.0, 0.0)	(82.0, 0.0)	(83.0, 0.0008157139128161706)	(84.0, 0.0)	(85.0, 0.0)	(86.0, 0.0008157139128161706)	(87.0, 0.0008157139128161706)	(88.0, 0.0)	(89.0, 0.0)	(90.0, 0.0)	(91.0, 0.0)	(92.0, 0.0)	(93.0, 0.0)	(94.0, 0.0)	(95.0, 0.0)	(96.0, 0.0)	(97.0, 0.0)	(98.0, 0.0)	(99.0, 0.0)	(100.0, 0.0)
SRR8438064	(0.0, 0.0)	(1.0, 0.0)	(2.0, 0.0)	(3.0, 0.0)	(4.0, 0.0)	(5.0, 0.0)	(6.0, 0.0)	(7.0, 0.0)	(8.0, 0.0)	(9.0, 0.0)	(10.0, 0.0)	(11.0, 0.0)	(12.0, 0.0)	(13.0, 0.0)	(14.0, 0.0)	(15.0, 0.0)	(16.0, 0.0)	(17.0, 0.0)	(18.0, 0.0)	(19.0, 0.0)	(20.0, 0.0)	(21.0, 0.0)	(22.0, 0.0)	(23.0, 0.0)	(24.0, 0.0)	(25.0, 0.0)	(26.0, 0.0)	(27.0, 0.0)	(28.0, 0.0)	(29.0, 0.0)	(30.0, 0.0)	(31.0, 0.0)	(32.0, 0.0)	(33.0, 0.0)	(34.0, 0.0)	(35.0, 0.0)	(36.0, 0.0)	(37.0, 0.0)	(38.0, 0.0)	(39.0, 0.0)	(40.0, 0.0)	(41.0, 0.0)	(42.0, 0.0)	(43.0, 0.0)	(44.0, 33.33333333333333)	(45.0, 16.666666666666664)	(46.0, 16.666666666666664)	(47.0, 33.33333333333333)	(48.0, 0.0)	(49.0, 0.0)	(50.0, 0.0)	(51.0, 0.0)	(52.0, 0.0)	(53.0, 0.0)	(54.0, 0.0)	(55.0, 0.0)	(56.0, 0.0)	(57.0, 0.0)	(58.0, 0.0)	(59.0, 0.0)	(60.0, 0.0)	(61.0, 0.0)	(62.0, 0.0)	(63.0, 0.0)	(64.0, 0.0)	(65.0, 0.0)	(66.0, 0.0)	(67.0, 0.0)	(68.0, 0.0)	(69.0, 0.0)	(70.0, 0.0)	(71.0, 0.0)	(72.0, 0.0)	(73.0, 0.0)	(74.0, 0.0)	(75.0, 0.0)	(76.0, 0.0)	(77.0, 0.0)	(78.0, 0.0)	(79.0, 0.0)	(80.0, 0.0)	(81.0, 0.0)	(82.0, 0.0)	(83.0, 0.0)	(84.0, 0.0)	(85.0, 0.0)	(86.0, 0.0)	(87.0, 0.0)	(88.0, 0.0)	(89.0, 0.0)	(90.0, 0.0)	(91.0, 0.0)	(92.0, 0.0)	(93.0, 0.0)	(94.0, 0.0)	(95.0, 0.0)	(96.0, 0.0)	(97.0, 0.0)	(98.0, 0.0)	(99.0, 0.0)	(100.0, 0.0)
SRR8438064_1	(0.0, 0.0)	(1.0, 0.0)	(2.0, 0.0)	(3.0, 0.0)	(4.0, 0.0)	(5.0, 0.0)	(6.0, 0.0)	(7.0, 0.0)	(8.0, 0.0)	(9.0, 0.0)	(10.0, 0.0)	(11.0, 0.0)	(12.0, 0.0)	(13.0, 0.0)	(14.0, 0.0)	(15.0, 0.0)	(16.0, 0.0)	(17.0, 0.0)	(18.0, 0.0)	(19.0, 0.0)	(20.0, 0.0)	(21.0, 0.0)	(22.0, 0.0)	(23.0, 0.0)	(24.0, 0.0)	(25.0, 0.0011348805538218992)	(26.0, 0.009079044430575193)	(27.0, 0.1021392498439708)	(28.0, 0.02496737218408177)	(29.0, 0.005674402769109495)	(30.0, 0.005674402769109495)	(31.0, 0.0022697611076437983)	(32.0, 0.004539522215287597)	(33.0, 0.009079044430575193)	(34.0, 0.009079044430575193)	(35.0, 0.017023208307328484)	(36.0, 0.04312546104523218)	(37.0, 0.08057651932135479)	(38.0, 0.16001815808888797)	(39.0, 0.3540827327924312)	(40.0, 0.6173750212791157)	(41.0, 0.8261930431823512)	(42.0, 1.1235317482836757)	(43.0, 1.6001815808888462)	(44.0, 4.966237303524452)	(45.0, 7.5378766384846765)	(46.0, 3.1186517619026954)	(47.0, 2.008738580264752)	(48.0, 1.6478465641493634)	(49.0, 2.9540940815985013)	(50.0, 3.6338875333378455)	(51.0, 24.705214776141673)	(52.0, 26.5448561538853)	(53.0, 5.733416557907881)	(54.0, 4.082165352097394)	(55.0, 3.299097769960398)	(56.0, 2.373035238041623)	(57.0, 1.4299494978155711)	(58.0, 0.5663053963571288)	(59.0, 0.2451341996255304)	(60.0, 0.04199058049141028)	(61.0, 0.018158088861150383)	(62.0, 0.009079044430575193)	(63.0, 0.005674402769109495)	(64.0, 0.011348805538218992)	(65.0, 0.05674402769109499)	(66.0, 0.012483686092040891)	(67.0, 0.0022697611076437983)	(68.0, 0.0)	(69.0, 0.0)	(70.0, 0.0)	(71.0, 0.0)	(72.0, 0.0)	(73.0, 0.0)	(74.0, 0.0)	(75.0, 0.0)	(76.0, 0.0)	(77.0, 0.0)	(78.0, 0.0)	(79.0, 0.0)	(80.0, 0.0)	(81.0, 0.0)	(82.0, 0.0)	(83.0, 0.0)	(84.0, 0.0)	(85.0, 0.0)	(86.0, 0.0)	(87.0, 0.0)	(88.0, 0.0)	(89.0, 0.0)	(90.0, 0.0)	(91.0, 0.0)	(92.0, 0.0)	(93.0, 0.0)	(94.0, 0.0)	(95.0, 0.0)	(96.0, 0.0)	(97.0, 0.0)	(98.0, 0.0)	(99.0, 0.0)	(100.0, 0.0)
SRR8438064_2	(0.0, 0.0)	(1.0, 0.0)	(2.0, 0.0)	(3.0, 0.0)	(4.0, 0.0)	(5.0, 0.0)	(6.0, 0.0)	(7.0, 0.0)	(8.0, 0.0)	(9.0, 0.0)	(10.0, 0.0)	(11.0, 0.0)	(12.0, 0.0)	(13.0, 0.0)	(14.0, 0.0)	(15.0, 0.0)	(16.0, 0.0)	(17.0, 0.0)	(18.0, 0.0)	(19.0, 0.0)	(20.0, 0.0)	(21.0, 0.0)	(22.0, 0.0)	(23.0, 0.0)	(24.0, 0.0)	(25.0, 0.003456499948152885)	(26.0, 0.05415183252106189)	(27.0, 0.05415183252106189)	(28.0, 0.018434666390148714)	(29.0, 0.010369499844458653)	(30.0, 0.003456499948152885)	(31.0, 0.003456499948152885)	(32.0, 0.003456499948152885)	(33.0, 0.003456499948152885)	(34.0, 0.0011521666493842949)	(35.0, 0.0011521666493842949)	(36.0, 0.0)	(37.0, 0.0023043332987685897)	(38.0, 0.0046086665975371794)	(39.0, 0.02649983293583877)	(40.0, 0.07028216561244197)	(41.0, 0.06221699906675194)	(42.0, 0.09447766524951208)	(43.0, 0.19241183044717763)	(44.0, 0.4055626605832698)	(45.0, 2.2075513002203184)	(46.0, 5.189358588826649)	(47.0, 3.2249144516267663)	(48.0, 2.3711589644329067)	(49.0, 3.0659154540117153)	(50.0, 3.9507794407388137)	(51.0, 3.473782447893802)	(52.0, 20.865738020346054)	(53.0, 25.73940294723719)	(54.0, 9.465049024692423)	(55.0, 6.160635074257389)	(56.0, 4.0567787724821445)	(57.0, 2.9898724551523435)	(58.0, 2.1015519684769512)	(59.0, 1.4033389789500517)	(60.0, 0.9424723191963599)	(61.0, 0.5691703247958427)	(62.0, 0.3790628276474313)	(63.0, 0.2569331628126978)	(64.0, 0.1705206641088759)	(65.0, 0.09332549860012779)	(66.0, 0.07373866556059484)	(67.0, 0.07028216561244197)	(68.0, 0.06106483241736764)	(69.0, 0.03686933278029744)	(70.0, 0.014978166441995832)	(71.0, 0.011521666493842949)	(72.0, 0.009217333195074359)	(73.0, 0.0046086665975371794)	(74.0, 0.0046086665975371794)	(75.0, 0.006912999896305768)	(76.0, 0.0046086665975371794)	(77.0, 0.0023043332987685897)	(78.0, 0.003456499948152885)	(79.0, 0.0)	(80.0, 0.0)	(81.0, 0.0)	(82.0, 0.0)	(83.0, 0.0)	(84.0, 0.0011521666493842949)	(85.0, 0.0)	(86.0, 0.0)	(87.0, 0.0)	(88.0, 0.0)	(89.0, 0.0)	(90.0, 0.0)	(91.0, 0.0)	(92.0, 0.0011521666493842949)	(93.0, 0.0)	(94.0, 0.0)	(95.0, 0.0)	(96.0, 0.0)	(97.0, 0.0)	(98.0, 0.0)	(99.0, 0.0011521666493842949)	(100.0, 0.0)
SRR8438065	(0.0, 0.0)	(1.0, 0.0)	(2.0, 0.0)	(3.0, 0.0)	(4.0, 0.0)	(5.0, 0.0)	(6.0, 0.0)	(7.0, 0.0)	(8.0, 0.0)	(9.0, 0.0)	(10.0, 0.0)	(11.0, 0.0)	(12.0, 0.0)	(13.0, 0.0)	(14.0, 0.0)	(15.0, 0.0)	(16.0, 0.0)	(17.0, 0.0)	(18.0, 0.0)	(19.0, 0.0)	(20.0, 0.0)	(21.0, 0.0)	(22.0, 0.0)	(23.0, 0.0)	(24.0, 0.0)	(25.0, 0.0)	(26.0, 0.0)	(27.0, 0.0)	(28.0, 0.0)	(29.0, 0.0)	(30.0, 0.0)	(31.0, 0.0)	(32.0, 0.0)	(33.0, 0.0)	(34.0, 0.0)	(35.0, 0.0)	(36.0, 0.0)	(37.0, 0.0)	(38.0, 0.0)	(39.0, 0.0)	(40.0, 0.0)	(41.0, 0.0)	(42.0, 0.0)	(43.0, 0.0)	(44.0, 0.0)	(45.0, 5.263157894736843)	(46.0, 21.052631578947373)	(47.0, 10.526315789473687)	(48.0, 21.052631578947373)	(49.0, 26.315789473684216)	(50.0, 5.263157894736843)	(51.0, 5.263157894736843)	(52.0, 5.263157894736843)	(53.0, 0.0)	(54.0, 0.0)	(55.0, 0.0)	(56.0, 0.0)	(57.0, 0.0)	(58.0, 0.0)	(59.0, 0.0)	(60.0, 0.0)	(61.0, 0.0)	(62.0, 0.0)	(63.0, 0.0)	(64.0, 0.0)	(65.0, 0.0)	(66.0, 0.0)	(67.0, 0.0)	(68.0, 0.0)	(69.0, 0.0)	(70.0, 0.0)	(71.0, 0.0)	(72.0, 0.0)	(73.0, 0.0)	(74.0, 0.0)	(75.0, 0.0)	(76.0, 0.0)	(77.0, 0.0)	(78.0, 0.0)	(79.0, 0.0)	(80.0, 0.0)	(81.0, 0.0)	(82.0, 0.0)	(83.0, 0.0)	(84.0, 0.0)	(85.0, 0.0)	(86.0, 0.0)	(87.0, 0.0)	(88.0, 0.0)	(89.0, 0.0)	(90.0, 0.0)	(91.0, 0.0)	(92.0, 0.0)	(93.0, 0.0)	(94.0, 0.0)	(95.0, 0.0)	(96.0, 0.0)	(97.0, 0.0)	(98.0, 0.0)	(99.0, 0.0)	(100.0, 0.0)
SRR8438065_1	(0.0, 0.0)	(1.0, 0.0)	(2.0, 0.0)	(3.0, 0.0)	(4.0, 0.0)	(5.0, 0.0)	(6.0, 0.0)	(7.0, 0.0)	(8.0, 0.0)	(9.0, 0.0)	(10.0, 0.0)	(11.0, 0.0)	(12.0, 0.0)	(13.0, 0.0)	(14.0, 0.0)	(15.0, 0.0)	(16.0, 0.0)	(17.0, 0.0)	(18.0, 0.0)	(19.0, 0.0)	(20.0, 0.0)	(21.0, 0.0)	(22.0, 0.0)	(23.0, 0.0)	(24.0, 0.0)	(25.0, 0.0005707306493775592)	(26.0, 0.0005707306493775592)	(27.0, 0.0)	(28.0, 0.0)	(29.0, 0.0)	(30.0, 0.0)	(31.0, 0.0)	(32.0, 0.0005707306493775592)	(33.0, 0.0005707306493775592)	(34.0, 0.0005707306493775592)	(35.0, 0.0011414612987551184)	(36.0, 0.0022829225975102368)	(37.0, 0.014268266234438975)	(38.0, 0.11985343636928758)	(39.0, 0.0890339813028994)	(40.0, 0.2996335909232196)	(41.0, 0.12841439610995084)	(42.0, 0.08560959740663401)	(43.0, 0.3070530893651281)	(44.0, 0.21973130001035907)	(45.0, 0.2419897953360845)	(46.0, 0.1626582350726039)	(47.0, 0.2631068293630548)	(48.0, 0.4640040179439591)	(49.0, 1.9182257125580182)	(50.0, 1.8303331925538944)	(51.0, 34.63022361227864)	(52.0, 43.84295775449768)	(53.0, 7.311630349176915)	(54.0, 3.0305797481946284)	(55.0, 2.2092983437405076)	(56.0, 1.5438264065663534)	(57.0, 0.846393553026902)	(58.0, 0.23285810494604328)	(59.0, 0.09759494104356284)	(60.0, 0.05022429714522515)	(61.0, 0.026824340520745296)	(62.0, 0.010273151688796063)	(63.0, 0.006278037143153152)	(64.0, 0.0045658451950204735)	(65.0, 0.003995114545642914)	(66.0, 0.0022829225975102368)	(67.0, 0.0)	(68.0, 0.0)	(69.0, 0.0)	(70.0, 0.0)	(71.0, 0.0)	(72.0, 0.0)	(73.0, 0.0)	(74.0, 0.0)	(75.0, 0.0)	(76.0, 0.0)	(77.0, 0.0)	(78.0, 0.0)	(79.0, 0.0)	(80.0, 0.0)	(81.0, 0.0)	(82.0, 0.0)	(83.0, 0.0)	(84.0, 0.0)	(85.0, 0.0)	(86.0, 0.0)	(87.0, 0.0)	(88.0, 0.0)	(89.0, 0.0)	(90.0, 0.0)	(91.0, 0.0)	(92.0, 0.0)	(93.0, 0.0)	(94.0, 0.0)	(95.0, 0.0)	(96.0, 0.0)	(97.0, 0.0)	(98.0, 0.0)	(99.0, 0.0)	(100.0, 0.0)
SRR8438065_2	(0.0, 0.0)	(1.0, 0.0)	(2.0, 0.0)	(3.0, 0.0)	(4.0, 0.0)	(5.0, 0.0)	(6.0, 0.0)	(7.0, 0.0)	(8.0, 0.0)	(9.0, 0.0)	(10.0, 0.0)	(11.0, 0.0)	(12.0, 0.0)	(13.0, 0.0)	(14.0, 0.0)	(15.0, 0.0)	(16.0, 0.0)	(17.0, 0.0)	(18.0, 0.0)	(19.0, 0.0)	(20.0, 0.0)	(21.0, 0.0)	(22.0, 0.0)	(23.0, 0.0)	(24.0, 0.0)	(25.0, 0.0)	(26.0, 0.0)	(27.0, 0.0005870163718866486)	(28.0, 0.0)	(29.0, 0.0)	(30.0, 0.0)	(31.0, 0.0)	(32.0, 0.0)	(33.0, 0.0)	(34.0, 0.0)	(35.0, 0.0)	(36.0, 0.0005870163718866486)	(37.0, 0.0023480654875465946)	(38.0, 0.01232734380961962)	(39.0, 0.2130869429948524)	(40.0, 0.32814215188463824)	(41.0, 0.1262085199556296)	(42.0, 0.08717193122516746)	(43.0, 0.09450963587375064)	(44.0, 0.2896925795260617)	(45.0, 0.25065599079559847)	(46.0, 0.1816815670989171)	(47.0, 0.19107382904910336)	(48.0, 0.25887422000201177)	(49.0, 0.6750688276696384)	(50.0, 1.7780725904447383)	(51.0, 1.8215118019643488)	(52.0, 27.383139715786708)	(53.0, 40.728956930589135)	(54.0, 11.733870257639422)	(55.0, 5.051862896456829)	(56.0, 2.8534865837408425)	(57.0, 1.8984109466814822)	(58.0, 1.3331141805546076)	(59.0, 0.8482386573761899)	(60.0, 0.5517953895734492)	(61.0, 0.3927139527921715)	(62.0, 0.295269235058985)	(63.0, 0.2089778283916459)	(64.0, 0.1350137655339292)	(65.0, 0.09098753764243071)	(66.0, 0.06046268630432476)	(67.0, 0.04520026063527191)	(68.0, 0.028176785850559157)	(69.0, 0.01232734380961962)	(70.0, 0.011153311065846324)	(71.0, 0.008805245578299729)	(72.0, 0.0017610491156599465)	(73.0, 0.003522098231319892)	(74.0, 0.0023480654875465946)	(75.0, 0.0005870163718866486)	(76.0, 0.0011740327437732973)	(77.0, 0.0005870163718866486)	(78.0, 0.0)	(79.0, 0.0005870163718866486)	(80.0, 0.0)	(81.0, 0.0)	(82.0, 0.0)	(83.0, 0.0005870163718866486)	(84.0, 0.0)	(85.0, 0.0005870163718866486)	(86.0, 0.0)	(87.0, 0.0005870163718866486)	(88.0, 0.0005870163718866486)	(89.0, 0.0)	(90.0, 0.0011740327437732973)	(91.0, 0.0)	(92.0, 0.0005870163718866486)	(93.0, 0.0011740327437732973)	(94.0, 0.0)	(95.0, 0.0005870163718866486)	(96.0, 0.0)	(97.0, 0.0)	(98.0, 0.0)	(99.0, 0.0)	(100.0, 0.0)
SRR8438066	(0.0, 0.0)	(1.0, 0.0)	(2.0, 0.0)	(3.0, 0.0)	(4.0, 0.0)	(5.0, 0.0)	(6.0, 0.0)	(7.0, 0.0)	(8.0, 0.0)	(9.0, 0.0)	(10.0, 0.0)	(11.0, 0.0)	(12.0, 0.0)	(13.0, 0.0)	(14.0, 0.0)	(15.0, 0.0)	(16.0, 0.0)	(17.0, 0.0)	(18.0, 0.0)	(19.0, 0.0)	(20.0, 0.0)	(21.0, 0.0)	(22.0, 0.0)	(23.0, 0.0)	(24.0, 0.0)	(25.0, 0.0)	(26.0, 0.0)	(27.0, 0.0)	(28.0, 0.0)	(29.0, 0.0)	(30.0, 0.0)	(31.0, 0.0)	(32.0, 0.0)	(33.0, 0.0)	(34.0, 0.0)	(35.0, 0.0)	(36.0, 0.0)	(37.0, 0.0)	(38.0, 0.0)	(39.0, 0.0)	(40.0, 0.0)	(41.0, 0.0)	(42.0, 6.451612903225806)	(43.0, 6.451612903225806)	(44.0, 12.903225806451612)	(45.0, 12.903225806451612)	(46.0, 6.451612903225806)	(47.0, 9.67741935483871)	(48.0, 12.903225806451612)	(49.0, 6.451612903225806)	(50.0, 6.451612903225806)	(51.0, 6.451612903225806)	(52.0, 12.903225806451612)	(53.0, 0.0)	(54.0, 0.0)	(55.0, 0.0)	(56.0, 0.0)	(57.0, 0.0)	(58.0, 0.0)	(59.0, 0.0)	(60.0, 0.0)	(61.0, 0.0)	(62.0, 0.0)	(63.0, 0.0)	(64.0, 0.0)	(65.0, 0.0)	(66.0, 0.0)	(67.0, 0.0)	(68.0, 0.0)	(69.0, 0.0)	(70.0, 0.0)	(71.0, 0.0)	(72.0, 0.0)	(73.0, 0.0)	(74.0, 0.0)	(75.0, 0.0)	(76.0, 0.0)	(77.0, 0.0)	(78.0, 0.0)	(79.0, 0.0)	(80.0, 0.0)	(81.0, 0.0)	(82.0, 0.0)	(83.0, 0.0)	(84.0, 0.0)	(85.0, 0.0)	(86.0, 0.0)	(87.0, 0.0)	(88.0, 0.0)	(89.0, 0.0)	(90.0, 0.0)	(91.0, 0.0)	(92.0, 0.0)	(93.0, 0.0)	(94.0, 0.0)	(95.0, 0.0)	(96.0, 0.0)	(97.0, 0.0)	(98.0, 0.0)	(99.0, 0.0)	(100.0, 0.0)
SRR8438066_1	(0.0, 0.0)	(1.0, 0.0)	(2.0, 0.0)	(3.0, 0.0)	(4.0, 0.0)	(5.0, 0.0)	(6.0, 0.0)	(7.0, 0.0)	(8.0, 0.0)	(9.0, 0.0)	(10.0, 0.0)	(11.0, 0.0)	(12.0, 0.0)	(13.0, 0.0)	(14.0, 0.0)	(15.0, 0.0)	(16.0, 0.0)	(17.0, 0.0)	(18.0, 0.0)	(19.0, 0.0)	(20.0, 0.0)	(21.0, 0.0)	(22.0, 0.0)	(23.0, 0.0)	(24.0, 0.0)	(25.0, 0.0)	(26.0, 0.0)	(27.0, 0.0)	(28.0, 0.0)	(29.0, 0.0)	(30.0, 0.0)	(31.0, 0.0)	(32.0, 0.0)	(33.0, 0.0)	(34.0, 0.0004418873894179901)	(35.0, 0.0)	(36.0, 0.0004418873894179901)	(37.0, 0.0013256621682539705)	(38.0, 0.005302648673015882)	(39.0, 0.013698509071957696)	(40.0, 0.0384442028793651)	(41.0, 0.06053857235026472)	(42.0, 0.07777218053756645)	(43.0, 0.12063525731111104)	(44.0, 0.12903111771005274)	(45.0, 0.148474162844444)	(46.0, 0.13963641505608432)	(47.0, 0.14493906372910015)	(48.0, 0.1520092619597879)	(49.0, 0.13300810421481457)	(50.0, 0.14582283850793612)	(51.0, 0.8258875308222249)	(52.0, 1.1073697978815165)	(53.0, 0.8227943190962985)	(54.0, 39.48484768139568)	(55.0, 49.08706065347531)	(56.0, 5.241226325887683)	(57.0, 1.2607047220095766)	(58.0, 0.43835229030264444)	(59.0, 0.1785225053248673)	(60.0, 0.08970314005185216)	(61.0, 0.05346837411957682)	(62.0, 0.030490229869841304)	(63.0, 0.028722680312169346)	(64.0, 0.01590794601904765)	(65.0, 0.0088377477883598)	(66.0, 0.005302648673015882)	(67.0, 0.0017675495576719605)	(68.0, 0.0017675495576719605)	(69.0, 0.0004418873894179901)	(70.0, 0.0)	(71.0, 0.0)	(72.0, 0.0004418873894179901)	(73.0, 0.0)	(74.0, 0.0013256621682539705)	(75.0, 0.0013256621682539705)	(76.0, 0.0004418873894179901)	(77.0, 0.0004418873894179901)	(78.0, 0.0)	(79.0, 0.0)	(80.0, 0.0004418873894179901)	(81.0, 0.0004418873894179901)	(82.0, 0.0)	(83.0, 0.0)	(84.0, 0.0)	(85.0, 0.0)	(86.0, 0.0004418873894179901)	(87.0, 0.0)	(88.0, 0.0)	(89.0, 0.0)	(90.0, 0.0)	(91.0, 0.0)	(92.0, 0.0)	(93.0, 0.0)	(94.0, 0.0)	(95.0, 0.0)	(96.0, 0.0)	(97.0, 0.0)	(98.0, 0.0)	(99.0, 0.0)	(100.0, 0.0)
SRR8438066_2	(0.0, 0.0)	(1.0, 0.0)	(2.0, 0.0)	(3.0, 0.0)	(4.0, 0.0)	(5.0, 0.0)	(6.0, 0.0)	(7.0, 0.0)	(8.0, 0.0)	(9.0, 0.0)	(10.0, 0.0)	(11.0, 0.0)	(12.0, 0.0)	(13.0, 0.0)	(14.0, 0.0)	(15.0, 0.0)	(16.0, 0.0)	(17.0, 0.0)	(18.0, 0.0)	(19.0, 0.0)	(20.0, 0.0)	(21.0, 0.0)	(22.0, 0.0)	(23.0, 0.0)	(24.0, 0.0)	(25.0, 0.0)	(26.0, 0.0)	(27.0, 0.0)	(28.0, 0.0)	(29.0, 0.0)	(30.0, 0.0)	(31.0, 0.0)	(32.0, 0.0)	(33.0, 0.0)	(34.0, 0.0)	(35.0, 0.0)	(36.0, 0.0015693865006608943)	(37.0, 0.0031387730013217887)	(38.0, 0.00366190183487542)	(39.0, 0.01752481592404666)	(40.0, 0.034788067431316474)	(41.0, 0.05963668702511398)	(42.0, 0.08213122686792029)	(43.0, 0.10070230045907433)	(44.0, 0.12084276055088887)	(45.0, 0.13575193230716714)	(46.0, 0.13549036789039035)	(47.0, 0.15092266848022226)	(48.0, 0.19538861933228027)	(49.0, 0.20454337391946886)	(50.0, 0.21369812850665768)	(51.0, 0.21003622667178215)	(52.0, 0.779461961994894)	(53.0, 1.3360710408960168)	(54.0, 3.7027058838925333)	(55.0, 38.75809214912625)	(56.0, 29.86071694807845)	(57.0, 11.704484521925322)	(58.0, 5.259537292548848)	(59.0, 2.6407543517785697)	(60.0, 1.4396505499396477)	(61.0, 0.8506074833581918)	(62.0, 0.5283601218891651)	(63.0, 0.3939160116658888)	(64.0, 0.31073852713085903)	(65.0, 0.22599165609516833)	(66.0, 0.16897061323782225)	(67.0, 0.13392098138972944)	(68.0, 0.08160809803436665)	(69.0, 0.05126662568825582)	(70.0, 0.028772085845449737)	(71.0, 0.018309509174377105)	(72.0, 0.009416319003965364)	(73.0, 0.005754417169089947)	(74.0, 0.006277546002643577)	(75.0, 0.002092515334214526)	(76.0, 0.0026156441677681573)	(77.0, 0.0026156441677681573)	(78.0, 0.0031387730013217887)	(79.0, 0.002092515334214526)	(80.0, 0.001046257667107263)	(81.0, 0.0015693865006608943)	(82.0, 0.002092515334214526)	(83.0, 0.0005231288335536315)	(84.0, 0.001046257667107263)	(85.0, 0.002092515334214526)	(86.0, 0.0015693865006608943)	(87.0, 0.0005231288335536315)	(88.0, 0.0015693865006608943)	(89.0, 0.0)	(90.0, 0.0005231288335536315)	(91.0, 0.0015693865006608943)	(92.0, 0.001046257667107263)	(93.0, 0.0005231288335536315)	(94.0, 0.0)	(95.0, 0.001046257667107263)	(96.0, 0.0)	(97.0, 0.0005231288335536315)	(98.0, 0.0015693865006608943)	(99.0, 0.001046257667107263)	(100.0, 0.0023540797509913414)
SRR8438067	(0.0, 0.0)	(1.0, 0.0)	(2.0, 0.0)	(3.0, 0.0)	(4.0, 0.0)	(5.0, 0.0)	(6.0, 0.0)	(7.0, 0.0)	(8.0, 0.0)	(9.0, 0.0)	(10.0, 0.0)	(11.0, 0.0)	(12.0, 0.0)	(13.0, 0.0)	(14.0, 0.0)	(15.0, 0.0)	(16.0, 0.0)	(17.0, 0.0)	(18.0, 0.0)	(19.0, 0.0)	(20.0, 0.0)	(21.0, 0.0)	(22.0, 0.0)	(23.0, 0.0)	(24.0, 0.0)	(25.0, 0.0)	(26.0, 0.0)	(27.0, 0.0)	(28.0, 0.0)	(29.0, 0.0)	(30.0, 0.0)	(31.0, 0.0)	(32.0, 0.0)	(33.0, 0.0)	(34.0, 0.0)	(35.0, 0.0)	(36.0, 0.0)	(37.0, 0.0)	(38.0, 0.0)	(39.0, 0.0)	(40.0, 0.0)	(41.0, 0.0)	(42.0, 0.0)	(43.0, 0.0)	(44.0, 0.0)	(45.0, 11.11111111111111)	(46.0, 11.11111111111111)	(47.0, 11.11111111111111)	(48.0, 33.33333333333333)	(49.0, 33.33333333333333)	(50.0, 0.0)	(51.0, 0.0)	(52.0, 0.0)	(53.0, 0.0)	(54.0, 0.0)	(55.0, 0.0)	(56.0, 0.0)	(57.0, 0.0)	(58.0, 0.0)	(59.0, 0.0)	(60.0, 0.0)	(61.0, 0.0)	(62.0, 0.0)	(63.0, 0.0)	(64.0, 0.0)	(65.0, 0.0)	(66.0, 0.0)	(67.0, 0.0)	(68.0, 0.0)	(69.0, 0.0)	(70.0, 0.0)	(71.0, 0.0)	(72.0, 0.0)	(73.0, 0.0)	(74.0, 0.0)	(75.0, 0.0)	(76.0, 0.0)	(77.0, 0.0)	(78.0, 0.0)	(79.0, 0.0)	(80.0, 0.0)	(81.0, 0.0)	(82.0, 0.0)	(83.0, 0.0)	(84.0, 0.0)	(85.0, 0.0)	(86.0, 0.0)	(87.0, 0.0)	(88.0, 0.0)	(89.0, 0.0)	(90.0, 0.0)	(91.0, 0.0)	(92.0, 0.0)	(93.0, 0.0)	(94.0, 0.0)	(95.0, 0.0)	(96.0, 0.0)	(97.0, 0.0)	(98.0, 0.0)	(99.0, 0.0)	(100.0, 0.0)
SRR8438067_1	(0.0, 0.0)	(1.0, 0.0)	(2.0, 0.0)	(3.0, 0.0)	(4.0, 0.0)	(5.0, 0.0)	(6.0, 0.0)	(7.0, 0.0)	(8.0, 0.0)	(9.0, 0.0)	(10.0, 0.0)	(11.0, 0.0)	(12.0, 0.0)	(13.0, 0.0)	(14.0, 0.0)	(15.0, 0.0)	(16.0, 0.0)	(17.0, 0.0)	(18.0, 0.0)	(19.0, 0.0)	(20.0, 0.0)	(21.0, 0.0)	(22.0, 0.0)	(23.0, 0.0)	(24.0, 0.0)	(25.0, 0.0)	(26.0, 0.0)	(27.0, 0.0)	(28.0, 0.0)	(29.0, 0.0)	(30.0, 0.0)	(31.0, 0.004022040783493331)	(32.0, 0.004022040783493331)	(33.0, 0.0020110203917466656)	(34.0, 0.044242448618426626)	(35.0, 0.2212122430921331)	(36.0, 0.10055101958733333)	(37.0, 0.19707999839117296)	(38.0, 0.6334714234001972)	(39.0, 0.5268873426376254)	(40.0, 0.3660057112978941)	(41.0, 0.31774122189597376)	(42.0, 0.6173832602662241)	(43.0, 2.4313236536216856)	(44.0, 1.636970598881798)	(45.0, 1.0980171338936842)	(46.0, 1.0618187668422434)	(47.0, 1.0095322366568285)	(48.0, 2.6163375296623688)	(49.0, 2.813417528053531)	(50.0, 4.001930579575898)	(51.0, 24.258938985644317)	(52.0, 29.117564252100458)	(53.0, 7.084824840123577)	(54.0, 5.588625668664197)	(55.0, 4.7339420021717675)	(56.0, 6.02702811406502)	(57.0, 2.541929775167746)	(58.0, 0.5610746892973182)	(59.0, 0.15685959055623977)	(60.0, 0.08647387684510667)	(61.0, 0.044242448618426626)	(62.0, 0.03217632626794664)	(63.0, 0.016088163133973325)	(64.0, 0.012066122350479993)	(65.0, 0.008044081566986662)	(66.0, 0.0020110203917466656)	(67.0, 0.0020110203917466656)	(68.0, 0.004022040783493331)	(69.0, 0.004022040783493331)	(70.0, 0.004022040783493331)	(71.0, 0.004022040783493331)	(72.0, 0.0020110203917466656)	(73.0, 0.0)	(74.0, 0.0)	(75.0, 0.0)	(76.0, 0.0)	(77.0, 0.0)	(78.0, 0.0)	(79.0, 0.0)	(80.0, 0.0)	(81.0, 0.0)	(82.0, 0.0020110203917466656)	(83.0, 0.0020110203917466656)	(84.0, 0.0)	(85.0, 0.0)	(86.0, 0.0)	(87.0, 0.0)	(88.0, 0.0)	(89.0, 0.0)	(90.0, 0.0)	(91.0, 0.0)	(92.0, 0.0)	(93.0, 0.0)	(94.0, 0.0)	(95.0, 0.0)	(96.0, 0.0)	(97.0, 0.0)	(98.0, 0.0)	(99.0, 0.0)	(100.0, 0.0)
SRR8438067_2	(0.0, 0.0)	(1.0, 0.0)	(2.0, 0.0)	(3.0, 0.0)	(4.0, 0.0)	(5.0, 0.0)	(6.0, 0.0)	(7.0, 0.0)	(8.0, 0.0)	(9.0, 0.0)	(10.0, 0.0)	(11.0, 0.0)	(12.0, 0.0)	(13.0, 0.0)	(14.0, 0.0)	(15.0, 0.0)	(16.0, 0.0)	(17.0, 0.0)	(18.0, 0.0)	(19.0, 0.0)	(20.0, 0.0)	(21.0, 0.0)	(22.0, 0.0)	(23.0, 0.0)	(24.0, 0.0)	(25.0, 0.0)	(26.0, 0.0)	(27.0, 0.0)	(28.0, 0.0)	(29.0, 0.0)	(30.0, 0.0)	(31.0, 0.0)	(32.0, 0.0)	(33.0, 0.0020315293352835143)	(34.0, 0.006094588005850542)	(35.0, 0.018283764017551628)	(36.0, 0.018283764017551628)	(37.0, 0.07110352673492301)	(38.0, 0.15439622948154694)	(39.0, 0.43677880708595584)	(40.0, 0.5830489192263669)	(41.0, 0.26003575491629)	(42.0, 0.23768893222817114)	(43.0, 0.9009832601982376)	(44.0, 2.091459450674366)	(45.0, 1.592718998862291)	(46.0, 0.8674630261660585)	(47.0, 1.1579717211116094)	(48.0, 2.194051682106177)	(49.0, 3.0737038842838884)	(50.0, 4.260117016089588)	(51.0, 4.373882658865477)	(52.0, 19.90492442711011)	(53.0, 27.421582967659177)	(54.0, 9.405980822362233)	(55.0, 5.263692507719758)	(56.0, 4.097594669266888)	(57.0, 3.740045506256948)	(58.0, 3.061514708272188)	(59.0, 1.7105477003087282)	(60.0, 1.0563952543474306)	(61.0, 0.641963269949588)	(62.0, 0.44490492442708984)	(63.0, 0.2966032829513935)	(64.0, 0.17674305216966552)	(65.0, 0.11782870144644382)	(66.0, 0.07110352673492301)	(67.0, 0.08735576141719115)	(68.0, 0.05891435072322191)	(69.0, 0.052819762717371356)	(70.0, 0.028441410693969195)	(71.0, 0.018283764017551628)	(72.0, 0.02031529335283514)	(73.0, 0.0020315293352835143)	(74.0, 0.0)	(75.0, 0.0)	(76.0, 0.004063058670567029)	(77.0, 0.004063058670567029)	(78.0, 0.0020315293352835143)	(79.0, 0.0)	(80.0, 0.0)	(81.0, 0.0)	(82.0, 0.0)	(83.0, 0.0020315293352835143)	(84.0, 0.0020315293352835143)	(85.0, 0.0)	(86.0, 0.0)	(87.0, 0.0)	(88.0, 0.0)	(89.0, 0.0)	(90.0, 0.0)	(91.0, 0.0)	(92.0, 0.004063058670567029)	(93.0, 0.0020315293352835143)	(94.0, 0.0)	(95.0, 0.0)	(96.0, 0.0)	(97.0, 0.0)	(98.0, 0.0)	(99.0, 0.0)	(100.0, 0.0)
SRR8438068_1	(0.0, 0.0)	(1.0, 0.0)	(2.0, 0.0)	(3.0, 0.0)	(4.0, 0.0)	(5.0, 0.0)	(6.0, 0.0)	(7.0, 0.0)	(8.0, 0.0)	(9.0, 0.0)	(10.0, 0.0)	(11.0, 0.0)	(12.0, 0.0)	(13.0, 0.0)	(14.0, 0.0)	(15.0, 0.0)	(16.0, 0.0)	(17.0, 0.0)	(18.0, 0.0)	(19.0, 0.0)	(20.0, 0.0)	(21.0, 0.0)	(22.0, 0.0)	(23.0, 0.0)	(24.0, 0.0)	(25.0, 0.0)	(26.0, 0.0)	(27.0, 0.0)	(28.0, 0.0)	(29.0, 0.0)	(30.0, 0.00693144797948287)	(31.0, 0.0)	(32.0, 0.0)	(33.0, 0.06238303181534584)	(34.0, 0.7624592777431155)	(35.0, 0.554515838358629)	(36.0, 0.06238303181534584)	(37.0, 0.09704027171276018)	(38.0, 0.15942330352810596)	(39.0, 0.2633950232203492)	(40.0, 0.45747556664586925)	(41.0, 0.7624592777431155)	(42.0, 0.9981285090455347)	(43.0, 2.0586400499064057)	(44.0, 1.684341859014336)	(45.0, 2.786442087752102)	(46.0, 3.7984334927566303)	(47.0, 3.2924377902543664)	(48.0, 2.238857697372958)	(49.0, 3.0151798710750435)	(50.0, 4.1658002356692325)	(51.0, 12.608303874679322)	(52.0, 17.654398003743424)	(53.0, 14.230262701878498)	(54.0, 12.07458238025908)	(55.0, 7.077008387051971)	(56.0, 5.635267207319616)	(57.0, 1.2753864282248515)	(58.0, 0.8525681014763933)	(59.0, 0.8248423095584618)	(60.0, 0.22873778332293476)	(61.0, 0.0901088237332773)	(62.0, 0.1524918555486231)	(63.0, 0.04158868787689722)	(64.0, 0.01386289595896574)	(65.0, 0.00693144797948287)	(66.0, 0.00693144797948287)	(67.0, 0.0)	(68.0, 0.0)	(69.0, 0.0)	(70.0, 0.0)	(71.0, 0.0)	(72.0, 0.0)	(73.0, 0.0)	(74.0, 0.0)	(75.0, 0.0)	(76.0, 0.0)	(77.0, 0.0)	(78.0, 0.0)	(79.0, 0.0)	(80.0, 0.0)	(81.0, 0.0)	(82.0, 0.0)	(83.0, 0.0)	(84.0, 0.0)	(85.0, 0.0)	(86.0, 0.0)	(87.0, 0.0)	(88.0, 0.0)	(89.0, 0.0)	(90.0, 0.0)	(91.0, 0.0)	(92.0, 0.0)	(93.0, 0.0)	(94.0, 0.0)	(95.0, 0.0)	(96.0, 0.0)	(97.0, 0.0)	(98.0, 0.0)	(99.0, 0.0)	(100.0, 0.0)
SRR8438068_2	(0.0, 0.0)	(1.0, 0.0)	(2.0, 0.0)	(3.0, 0.0)	(4.0, 0.0)	(5.0, 0.0)	(6.0, 0.0)	(7.0, 0.0)	(8.0, 0.0)	(9.0, 0.0)	(10.0, 0.0)	(11.0, 0.0)	(12.0, 0.0)	(13.0, 0.0)	(14.0, 0.0)	(15.0, 0.0)	(16.0, 0.0)	(17.0, 0.0)	(18.0, 0.0)	(19.0, 0.0)	(20.0, 0.0)	(21.0, 0.0)	(22.0, 0.0)	(23.0, 0.0)	(24.0, 0.0)	(25.0, 0.0)	(26.0, 0.0)	(27.0, 0.0)	(28.0, 0.0)	(29.0, 0.0)	(30.0, 0.006869547296833125)	(31.0, 0.0)	(32.0, 0.0)	(33.0, 0.02060864189049938)	(34.0, 0.1442604932334956)	(35.0, 0.5701724256371489)	(36.0, 0.47399876348148545)	(37.0, 0.11678230404616312)	(38.0, 0.04121728378099875)	(39.0, 0.0274781891873325)	(40.0, 0.1442604932334956)	(41.0, 0.3366078175448234)	(42.0, 0.5907810675276481)	(43.0, 0.5976506148244812)	(44.0, 0.44652057429415304)	(45.0, 0.7419111080579772)	(46.0, 1.7586041079892776)	(47.0, 2.610427972796573)	(48.0, 2.7066016349522384)	(49.0, 4.053032905131569)	(50.0, 6.134505736071993)	(51.0, 5.117812736140735)	(52.0, 12.578141100501444)	(53.0, 17.050216390740317)	(54.0, 11.90492546541172)	(55.0, 8.456412722401458)	(56.0, 8.353369512948966)	(57.0, 5.976506148244839)	(58.0, 3.235556776808404)	(59.0, 1.7860822971766097)	(60.0, 1.5113004053032886)	(61.0, 0.8861716012914739)	(62.0, 0.5701724256371489)	(63.0, 0.43278147970048686)	(64.0, 0.19921687160816068)	(65.0, 0.13052139863982934)	(66.0, 0.06869547296833126)	(67.0, 0.07556502026516439)	(68.0, 0.0274781891873325)	(69.0, 0.0274781891873325)	(70.0, 0.0274781891873325)	(71.0, 0.01373909459366625)	(72.0, 0.0)	(73.0, 0.006869547296833125)	(74.0, 0.006869547296833125)	(75.0, 0.0)	(76.0, 0.0)	(77.0, 0.006869547296833125)	(78.0, 0.006869547296833125)	(79.0, 0.0)	(80.0, 0.0)	(81.0, 0.006869547296833125)	(82.0, 0.0)	(83.0, 0.0)	(84.0, 0.0)	(85.0, 0.006869547296833125)	(86.0, 0.0)	(87.0, 0.0)	(88.0, 0.0)	(89.0, 0.0)	(90.0, 0.0)	(91.0, 0.0)	(92.0, 0.0)	(93.0, 0.0)	(94.0, 0.0)	(95.0, 0.0)	(96.0, 0.0)	(97.0, 0.0)	(98.0, 0.006869547296833125)	(99.0, 0.0)	(100.0, 0.0)
SRR8438069	(0.0, 0.0)	(1.0, 0.0)	(2.0, 0.0)	(3.0, 0.0)	(4.0, 0.0)	(5.0, 0.0)	(6.0, 0.0)	(7.0, 0.0)	(8.0, 0.0)	(9.0, 0.0)	(10.0, 0.0)	(11.0, 0.0)	(12.0, 0.0)	(13.0, 0.0)	(14.0, 0.0)	(15.0, 0.0)	(16.0, 0.0)	(17.0, 0.0)	(18.0, 0.0)	(19.0, 0.0)	(20.0, 0.0)	(21.0, 0.0)	(22.0, 0.0)	(23.0, 0.0)	(24.0, 0.0)	(25.0, 0.0)	(26.0, 0.0)	(27.0, 0.0)	(28.0, 0.0)	(29.0, 0.0)	(30.0, 0.0)	(31.0, 0.0)	(32.0, 0.0)	(33.0, 0.0)	(34.0, 0.0)	(35.0, 0.0)	(36.0, 0.0)	(37.0, 0.0)	(38.0, 0.0)	(39.0, 0.0)	(40.0, 0.0)	(41.0, 0.0)	(42.0, 4.0)	(43.0, 8.0)	(44.0, 16.0)	(45.0, 8.0)	(46.0, 12.000000000000002)	(47.0, 12.000000000000002)	(48.0, 16.0)	(49.0, 4.0)	(50.0, 4.0)	(51.0, 8.0)	(52.0, 0.0)	(53.0, 0.0)	(54.0, 4.0)	(55.0, 4.0)	(56.0, 0.0)	(57.0, 0.0)	(58.0, 0.0)	(59.0, 0.0)	(60.0, 0.0)	(61.0, 0.0)	(62.0, 0.0)	(63.0, 0.0)	(64.0, 0.0)	(65.0, 0.0)	(66.0, 0.0)	(67.0, 0.0)	(68.0, 0.0)	(69.0, 0.0)	(70.0, 0.0)	(71.0, 0.0)	(72.0, 0.0)	(73.0, 0.0)	(74.0, 0.0)	(75.0, 0.0)	(76.0, 0.0)	(77.0, 0.0)	(78.0, 0.0)	(79.0, 0.0)	(80.0, 0.0)	(81.0, 0.0)	(82.0, 0.0)	(83.0, 0.0)	(84.0, 0.0)	(85.0, 0.0)	(86.0, 0.0)	(87.0, 0.0)	(88.0, 0.0)	(89.0, 0.0)	(90.0, 0.0)	(91.0, 0.0)	(92.0, 0.0)	(93.0, 0.0)	(94.0, 0.0)	(95.0, 0.0)	(96.0, 0.0)	(97.0, 0.0)	(98.0, 0.0)	(99.0, 0.0)	(100.0, 0.0)
SRR8438069_1	(0.0, 0.0)	(1.0, 0.0)	(2.0, 0.0)	(3.0, 0.0)	(4.0, 0.0)	(5.0, 0.0)	(6.0, 0.0)	(7.0, 0.0)	(8.0, 0.0)	(9.0, 0.0)	(10.0, 0.0)	(11.0, 0.0)	(12.0, 0.0)	(13.0, 0.0)	(14.0, 0.0)	(15.0, 0.0)	(16.0, 0.0)	(17.0, 0.0)	(18.0, 0.003007157033740952)	(19.0, 0.0)	(20.0, 0.0)	(21.0, 0.0)	(22.0, 0.0)	(23.0, 0.0)	(24.0, 0.0)	(25.0, 0.0)	(26.0, 0.0)	(27.0, 0.0)	(28.0, 0.006014314067481904)	(29.0, 0.021050099236186663)	(30.0, 0.009021471101222858)	(31.0, 0.006014314067481904)	(32.0, 0.006014314067481904)	(33.0, 0.021050099236186663)	(34.0, 0.01503578516870476)	(35.0, 0.006014314067481904)	(36.0, 0.003007157033740952)	(37.0, 0.027064413303668572)	(38.0, 0.07818608287726474)	(39.0, 1.7531725506709857)	(40.0, 2.444818668431413)	(41.0, 0.4691164972635894)	(42.0, 0.38190894328510117)	(43.0, 0.5382811090396319)	(44.0, 0.6675888614904918)	(45.0, 0.6705960185242327)	(46.0, 0.7728393576714235)	(47.0, 0.7187105310640871)	(48.0, 0.6766103325917144)	(49.0, 0.7517892584352373)	(50.0, 5.48505442954349)	(51.0, 67.6279545317791)	(52.0, 13.22848379142596)	(53.0, 1.3321705659472403)	(54.0, 0.8029109280088327)	(55.0, 0.5653455223433006)	(56.0, 0.46310218319610746)	(57.0, 0.1984723642269028)	(58.0, 0.13231490948460198)	(59.0, 0.06315029770855997)	(60.0, 0.027064413303668572)	(61.0, 0.012028628134963809)	(62.0, 0.003007157033740952)	(63.0, 0.003007157033740952)	(64.0, 0.006014314067481904)	(65.0, 0.0)	(66.0, 0.003007157033740952)	(67.0, 0.0)	(68.0, 0.0)	(69.0, 0.0)	(70.0, 0.0)	(71.0, 0.0)	(72.0, 0.0)	(73.0, 0.0)	(74.0, 0.0)	(75.0, 0.0)	(76.0, 0.0)	(77.0, 0.0)	(78.0, 0.0)	(79.0, 0.0)	(80.0, 0.0)	(81.0, 0.0)	(82.0, 0.0)	(83.0, 0.0)	(84.0, 0.0)	(85.0, 0.0)	(86.0, 0.0)	(87.0, 0.0)	(88.0, 0.0)	(89.0, 0.0)	(90.0, 0.0)	(91.0, 0.0)	(92.0, 0.0)	(93.0, 0.0)	(94.0, 0.0)	(95.0, 0.0)	(96.0, 0.0)	(97.0, 0.0)	(98.0, 0.0)	(99.0, 0.0)	(100.0, 0.0)
SRR8438069_2	(0.0, 0.0)	(1.0, 0.0)	(2.0, 0.0)	(3.0, 0.0)	(4.0, 0.0)	(5.0, 0.0)	(6.0, 0.0)	(7.0, 0.0)	(8.0, 0.0)	(9.0, 0.0)	(10.0, 0.0)	(11.0, 0.0)	(12.0, 0.0)	(13.0, 0.0)	(14.0, 0.0)	(15.0, 0.0)	(16.0, 0.0)	(17.0, 0.0)	(18.0, 0.0)	(19.0, 0.0)	(20.0, 0.0)	(21.0, 0.0)	(22.0, 0.0)	(23.0, 0.0)	(24.0, 0.0)	(25.0, 0.0)	(26.0, 0.0)	(27.0, 0.0025115531444648005)	(28.0, 0.0025115531444648005)	(29.0, 0.015069318866788804)	(30.0, 0.005023106288929601)	(31.0, 0.010046212577859202)	(32.0, 0.0025115531444648005)	(33.0, 0.007534659433394403)	(34.0, 0.010046212577859202)	(35.0, 0.010046212577859202)	(36.0, 0.007534659433394403)	(37.0, 0.02260397830018321)	(38.0, 0.057765722322690394)	(39.0, 0.09795057263412728)	(40.0, 0.40436005625883376)	(41.0, 2.082077556761333)	(42.0, 0.9619248543300133)	(43.0, 0.5525416917822564)	(44.0, 0.6128189672494109)	(45.0, 0.5638436809323479)	(46.0, 0.5751456700824393)	(47.0, 0.5437512557766299)	(48.0, 0.4646373317259893)	(49.0, 0.5663552340768128)	(50.0, 1.128943138436927)	(51.0, 24.716194494680924)	(52.0, 51.599859353016086)	(53.0, 9.742314647378851)	(54.0, 2.1046815350615153)	(55.0, 1.0950371709866513)	(56.0, 0.6379344986940585)	(57.0, 0.41942937512562267)	(58.0, 0.3114325899136354)	(59.0, 0.2687361864577335)	(60.0, 0.14567008237895845)	(61.0, 0.10046212577859209)	(62.0, 0.057765722322690394)	(63.0, 0.03013863773357761)	(64.0, 0.015069318866788804)	(65.0, 0.012557765722324003)	(66.0, 0.007534659433394403)	(67.0, 0.012557765722324003)	(68.0, 0.007534659433394403)	(69.0, 0.0)	(70.0, 0.0)	(71.0, 0.0025115531444648005)	(72.0, 0.0)	(73.0, 0.0)	(74.0, 0.0)	(75.0, 0.0)	(76.0, 0.0)	(77.0, 0.0)	(78.0, 0.0)	(79.0, 0.0)	(80.0, 0.0)	(81.0, 0.0025115531444648005)	(82.0, 0.0025115531444648005)	(83.0, 0.0)	(84.0, 0.0)	(85.0, 0.0)	(86.0, 0.0)	(87.0, 0.0)	(88.0, 0.0)	(89.0, 0.0)	(90.0, 0.0)	(91.0, 0.0)	(92.0, 0.0)	(93.0, 0.0)	(94.0, 0.0)	(95.0, 0.0)	(96.0, 0.0)	(97.0, 0.0)	(98.0, 0.0)	(99.0, 0.0)	(100.0, 0.0)
SRR8438070	(0.0, 0.0)	(1.0, 0.0)	(2.0, 0.0)	(3.0, 0.0)	(4.0, 0.0)	(5.0, 0.0)	(6.0, 0.0)	(7.0, 0.0)	(8.0, 0.0)	(9.0, 0.0)	(10.0, 0.0)	(11.0, 0.0)	(12.0, 0.0)	(13.0, 0.0)	(14.0, 0.0)	(15.0, 0.0)	(16.0, 0.0)	(17.0, 0.0)	(18.0, 0.0)	(19.0, 0.0)	(20.0, 0.0)	(21.0, 0.0)	(22.0, 0.0)	(23.0, 0.0)	(24.0, 0.0)	(25.0, 0.0)	(26.0, 0.0)	(27.0, 0.0)	(28.0, 0.0)	(29.0, 0.0)	(30.0, 0.0)	(31.0, 0.0)	(32.0, 0.0)	(33.0, 0.0)	(34.0, 0.0)	(35.0, 0.0)	(36.0, 0.0)	(37.0, 0.0)	(38.0, 0.0)	(39.0, 0.0)	(40.0, 0.0)	(41.0, 0.0)	(42.0, 0.0)	(43.0, 4.761904761904763)	(44.0, 9.523809523809526)	(45.0, 9.523809523809526)	(46.0, 19.04761904761905)	(47.0, 19.04761904761905)	(48.0, 19.04761904761905)	(49.0, 4.761904761904763)	(50.0, 9.523809523809526)	(51.0, 4.761904761904763)	(52.0, 0.0)	(53.0, 0.0)	(54.0, 0.0)	(55.0, 0.0)	(56.0, 0.0)	(57.0, 0.0)	(58.0, 0.0)	(59.0, 0.0)	(60.0, 0.0)	(61.0, 0.0)	(62.0, 0.0)	(63.0, 0.0)	(64.0, 0.0)	(65.0, 0.0)	(66.0, 0.0)	(67.0, 0.0)	(68.0, 0.0)	(69.0, 0.0)	(70.0, 0.0)	(71.0, 0.0)	(72.0, 0.0)	(73.0, 0.0)	(74.0, 0.0)	(75.0, 0.0)	(76.0, 0.0)	(77.0, 0.0)	(78.0, 0.0)	(79.0, 0.0)	(80.0, 0.0)	(81.0, 0.0)	(82.0, 0.0)	(83.0, 0.0)	(84.0, 0.0)	(85.0, 0.0)	(86.0, 0.0)	(87.0, 0.0)	(88.0, 0.0)	(89.0, 0.0)	(90.0, 0.0)	(91.0, 0.0)	(92.0, 0.0)	(93.0, 0.0)	(94.0, 0.0)	(95.0, 0.0)	(96.0, 0.0)	(97.0, 0.0)	(98.0, 0.0)	(99.0, 0.0)	(100.0, 0.0)
SRR8438070_1	(0.0, 0.0)	(1.0, 0.0)	(2.0, 0.0)	(3.0, 0.0)	(4.0, 0.0)	(5.0, 0.0)	(6.0, 0.0)	(7.0, 0.0)	(8.0, 0.0)	(9.0, 0.0)	(10.0, 0.0)	(11.0, 0.0)	(12.0, 0.0)	(13.0, 0.0)	(14.0, 0.0)	(15.0, 0.0)	(16.0, 0.0)	(17.0, 0.0)	(18.0, 0.0)	(19.0, 0.0)	(20.0, 0.0)	(21.0, 0.0)	(22.0, 0.0)	(23.0, 0.0)	(24.0, 0.0)	(25.0, 0.0)	(26.0, 0.0)	(27.0, 0.0)	(28.0, 0.0)	(29.0, 0.0)	(30.0, 0.0)	(31.0, 0.0)	(32.0, 0.0)	(33.0, 0.0)	(34.0, 0.0)	(35.0, 0.001461614353052683)	(36.0, 0.002923228706105366)	(37.0, 0.020462600942737563)	(38.0, 0.023385829648842935)	(39.0, 0.03361713012021173)	(40.0, 0.16370080754190056)	(41.0, 0.13519932765737352)	(42.0, 0.11546753389116218)	(43.0, 0.16077757883579524)	(44.0, 0.21485730989874371)	(45.0, 0.23385829648842837)	(46.0, 0.20681843095695407)	(47.0, 0.24555121131284965)	(48.0, 0.3076698213175889)	(49.0, 0.8009646654728632)	(50.0, 1.291336280922039)	(51.0, 35.52965250120657)	(52.0, 45.48178463110821)	(53.0, 8.33120181240163)	(54.0, 3.0518507691739205)	(55.0, 1.690356999305467)	(56.0, 0.9924361457227536)	(57.0, 0.5473745752182357)	(58.0, 0.19658713048558546)	(59.0, 0.10012058318410891)	(60.0, 0.05334892388642289)	(61.0, 0.035078744473264416)	(62.0, 0.018270179413158533)	(63.0, 0.007308071765263416)	(64.0, 0.002923228706105366)	(65.0, 0.001461614353052683)	(66.0, 0.0007308071765263415)	(67.0, 0.0)	(68.0, 0.0)	(69.0, 0.0007308071765263415)	(70.0, 0.0)	(71.0, 0.0)	(72.0, 0.0)	(73.0, 0.0)	(74.0, 0.0)	(75.0, 0.0)	(76.0, 0.0)	(77.0, 0.0)	(78.0, 0.0)	(79.0, 0.0)	(80.0, 0.0)	(81.0, 0.0007308071765263415)	(82.0, 0.0)	(83.0, 0.0)	(84.0, 0.0)	(85.0, 0.0)	(86.0, 0.0)	(87.0, 0.0)	(88.0, 0.0)	(89.0, 0.0)	(90.0, 0.0)	(91.0, 0.0)	(92.0, 0.0)	(93.0, 0.0)	(94.0, 0.0)	(95.0, 0.0)	(96.0, 0.0)	(97.0, 0.0)	(98.0, 0.0)	(99.0, 0.0)	(100.0, 0.0)
SRR8438070_2	(0.0, 0.0)	(1.0, 0.0)	(2.0, 0.0)	(3.0, 0.0)	(4.0, 0.0)	(5.0, 0.0)	(6.0, 0.0)	(7.0, 0.0)	(8.0, 0.0)	(9.0, 0.0)	(10.0, 0.0)	(11.0, 0.0)	(12.0, 0.0)	(13.0, 0.0)	(14.0, 0.0)	(15.0, 0.0)	(16.0, 0.0)	(17.0, 0.0)	(18.0, 0.0)	(19.0, 0.0)	(20.0, 0.0)	(21.0, 0.0)	(22.0, 0.0)	(23.0, 0.0)	(24.0, 0.0)	(25.0, 0.0)	(26.0, 0.0)	(27.0, 0.0)	(28.0, 0.0)	(29.0, 0.0)	(30.0, 0.0)	(31.0, 0.0)	(32.0, 0.0052410901467495235)	(33.0, 0.005989817310570885)	(34.0, 0.002246181491464082)	(35.0, 0.0007487271638213606)	(36.0, 0.0)	(37.0, 0.0052410901467495235)	(38.0, 0.011979634621141768)	(39.0, 0.08498053309372443)	(40.0, 0.1396376160526841)	(41.0, 0.08235998802034963)	(42.0, 0.11081162024556153)	(43.0, 0.1314016172506491)	(44.0, 0.14824797843662973)	(45.0, 0.16584306678643146)	(46.0, 0.15947888589394998)	(47.0, 0.18643306379151858)	(48.0, 0.29724468403707877)	(49.0, 0.47619047619038907)	(50.0, 0.6596286313266204)	(51.0, 1.1530398322848694)	(52.0, 27.843665768199237)	(53.0, 41.44429469901365)	(54.0, 12.36972147349149)	(55.0, 5.455974842766225)	(56.0, 3.0173704702000244)	(57.0, 1.7782270140757765)	(58.0, 1.1552860137763337)	(59.0, 0.7966457023059216)	(60.0, 0.583258460616846)	(61.0, 0.43051811919728483)	(62.0, 0.34815813117693273)	(63.0, 0.2717879604671525)	(64.0, 0.20889487870615905)	(65.0, 0.16546870320452078)	(66.0, 0.10257562144352651)	(67.0, 0.06663671758010101)	(68.0, 0.049415992812209784)	(69.0, 0.023959269242283542)	(70.0, 0.014974543276427207)	(71.0, 0.012728361784963128)	(72.0, 0.009733453129677688)	(73.0, 0.004492362982928163)	(74.0, 0.002246181491464082)	(75.0, 0.002246181491464082)	(76.0, 0.002246181491464082)	(77.0, 0.0007487271638213606)	(78.0, 0.0014974543276427212)	(79.0, 0.0007487271638213606)	(80.0, 0.0007487271638213606)	(81.0, 0.0007487271638213606)	(82.0, 0.0)	(83.0, 0.0007487271638213606)	(84.0, 0.0014974543276427212)	(85.0, 0.002246181491464082)	(86.0, 0.0)	(87.0, 0.0007487271638213606)	(88.0, 0.0)	(89.0, 0.0)	(90.0, 0.0)	(91.0, 0.0007487271638213606)	(92.0, 0.0007487271638213606)	(93.0, 0.0007487271638213606)	(94.0, 0.0)	(95.0, 0.0)	(96.0, 0.0)	(97.0, 0.0)	(98.0, 0.0)	(99.0, 0.0007487271638213606)	(100.0, 0.0)
SRR8438071	(0.0, 0.0)	(1.0, 0.0)	(2.0, 0.0)	(3.0, 0.0)	(4.0, 0.0)	(5.0, 0.0)	(6.0, 0.0)	(7.0, 0.0)	(8.0, 0.0)	(9.0, 0.0)	(10.0, 0.0)	(11.0, 0.0)	(12.0, 0.0)	(13.0, 0.0)	(14.0, 0.0)	(15.0, 0.0)	(16.0, 0.0)	(17.0, 0.0)	(18.0, 0.0)	(19.0, 0.0)	(20.0, 0.0)	(21.0, 0.0)	(22.0, 0.0)	(23.0, 0.0)	(24.0, 0.0)	(25.0, 0.0)	(26.0, 0.0)	(27.0, 0.0)	(28.0, 0.0)	(29.0, 0.0)	(30.0, 0.0)	(31.0, 0.0)	(32.0, 0.0)	(33.0, 0.0)	(34.0, 0.0)	(35.0, 0.0)	(36.0, 0.0)	(37.0, 0.0)	(38.0, 0.0)	(39.0, 0.0)	(40.0, 0.0)	(41.0, 3.9215686274509802)	(42.0, 7.8431372549019605)	(43.0, 5.88235294117647)	(44.0, 3.9215686274509802)	(45.0, 11.76470588235294)	(46.0, 17.647058823529413)	(47.0, 17.647058823529413)	(48.0, 17.647058823529413)	(49.0, 5.88235294117647)	(50.0, 3.9215686274509802)	(51.0, 0.0)	(52.0, 3.9215686274509802)	(53.0, 0.0)	(54.0, 0.0)	(55.0, 0.0)	(56.0, 0.0)	(57.0, 0.0)	(58.0, 0.0)	(59.0, 0.0)	(60.0, 0.0)	(61.0, 0.0)	(62.0, 0.0)	(63.0, 0.0)	(64.0, 0.0)	(65.0, 0.0)	(66.0, 0.0)	(67.0, 0.0)	(68.0, 0.0)	(69.0, 0.0)	(70.0, 0.0)	(71.0, 0.0)	(72.0, 0.0)	(73.0, 0.0)	(74.0, 0.0)	(75.0, 0.0)	(76.0, 0.0)	(77.0, 0.0)	(78.0, 0.0)	(79.0, 0.0)	(80.0, 0.0)	(81.0, 0.0)	(82.0, 0.0)	(83.0, 0.0)	(84.0, 0.0)	(85.0, 0.0)	(86.0, 0.0)	(87.0, 0.0)	(88.0, 0.0)	(89.0, 0.0)	(90.0, 0.0)	(91.0, 0.0)	(92.0, 0.0)	(93.0, 0.0)	(94.0, 0.0)	(95.0, 0.0)	(96.0, 0.0)	(97.0, 0.0)	(98.0, 0.0)	(99.0, 0.0)	(100.0, 0.0)
SRR8438071_1	(0.0, 0.0)	(1.0, 0.0)	(2.0, 0.0)	(3.0, 0.0)	(4.0, 0.0)	(5.0, 0.0)	(6.0, 0.0)	(7.0, 0.0)	(8.0, 0.0)	(9.0, 0.0)	(10.0, 0.0)	(11.0, 0.0)	(12.0, 0.0)	(13.0, 0.0)	(14.0, 0.0)	(15.0, 0.0)	(16.0, 0.0)	(17.0, 0.0)	(18.0, 0.0)	(19.0, 0.0)	(20.0, 0.0)	(21.0, 0.0)	(22.0, 0.0)	(23.0, 0.0)	(24.0, 0.0)	(25.0, 0.0)	(26.0, 0.0)	(27.0, 0.0)	(28.0, 0.0)	(29.0, 0.0)	(30.0, 0.0)	(31.0, 0.0)	(32.0, 0.0)	(33.0, 0.0)	(34.0, 0.0)	(35.0, 0.0)	(36.0, 0.001282898323893276)	(37.0, 0.0044901441336264655)	(38.0, 0.01154608491503948)	(39.0, 0.16805968043001884)	(40.0, 1.189888195411014)	(41.0, 1.4015664188534287)	(42.0, 1.103934007710155)	(43.0, 1.3258754177437169)	(44.0, 0.4207906502369981)	(45.0, 0.3778135563865721)	(46.0, 0.38422804800603866)	(47.0, 0.31944168264942635)	(48.0, 0.3335535642122528)	(49.0, 0.6311859753554895)	(50.0, 2.2899735081495143)	(51.0, 37.86987562300548)	(52.0, 36.81276740412127)	(53.0, 8.129726678512899)	(54.0, 4.9250466654263745)	(55.0, 1.4195269953879366)	(56.0, 0.47595527816441047)	(57.0, 0.216168367576016)	(58.0, 0.10199041674951563)	(59.0, 0.04810868714599781)	(60.0, 0.020526373182292418)	(61.0, 0.005131593295573104)	(62.0, 0.000641449161946638)	(63.0, 0.000641449161946638)	(64.0, 0.005773042457519742)	(65.0, 0.001924347485839914)	(66.0, 0.0)	(67.0, 0.000641449161946638)	(68.0, 0.000641449161946638)	(69.0, 0.000641449161946638)	(70.0, 0.0)	(71.0, 0.0)	(72.0, 0.0)	(73.0, 0.0)	(74.0, 0.0)	(75.0, 0.0)	(76.0, 0.0)	(77.0, 0.0)	(78.0, 0.0)	(79.0, 0.0)	(80.0, 0.0)	(81.0, 0.0)	(82.0, 0.0)	(83.0, 0.0)	(84.0, 0.0)	(85.0, 0.0)	(86.0, 0.0)	(87.0, 0.000641449161946638)	(88.0, 0.0)	(89.0, 0.0)	(90.0, 0.0)	(91.0, 0.0)	(92.0, 0.0)	(93.0, 0.0)	(94.0, 0.0)	(95.0, 0.0)	(96.0, 0.0)	(97.0, 0.0)	(98.0, 0.0)	(99.0, 0.0)	(100.0, 0.0)
SRR8438071_2	(0.0, 0.0)	(1.0, 0.0)	(2.0, 0.0)	(3.0, 0.0)	(4.0, 0.0)	(5.0, 0.0)	(6.0, 0.0)	(7.0, 0.0)	(8.0, 0.0)	(9.0, 0.0)	(10.0, 0.0)	(11.0, 0.0)	(12.0, 0.0)	(13.0, 0.0)	(14.0, 0.0)	(15.0, 0.0)	(16.0, 0.0)	(17.0, 0.0)	(18.0, 0.0)	(19.0, 0.0)	(20.0, 0.0)	(21.0, 0.0)	(22.0, 0.0)	(23.0, 0.0)	(24.0, 0.0)	(25.0, 0.0)	(26.0, 0.0)	(27.0, 0.0)	(28.0, 0.0013993548973918212)	(29.0, 0.0006996774486959106)	(30.0, 0.0006996774486959106)	(31.0, 0.0)	(32.0, 0.0)	(33.0, 0.0006996774486959106)	(34.0, 0.003498387243479553)	(35.0, 0.009095806833046838)	(36.0, 0.027287420499140524)	(37.0, 0.1053014560287347)	(38.0, 0.2057051699165971)	(39.0, 0.9896937511803459)	(40.0, 1.1796561785012927)	(41.0, 0.3837730806097087)	(42.0, 1.0078853648464388)	(43.0, 1.1061900463882137)	(44.0, 0.5670885721680399)	(45.0, 0.4159582432497215)	(46.0, 0.340742917514909)	(47.0, 0.27567291478618744)	(48.0, 0.28581823779227844)	(49.0, 0.43414985691581576)	(50.0, 1.1341771443360533)	(51.0, 6.1368709025122765)	(52.0, 34.62423822619)	(53.0, 26.438012076434237)	(54.0, 11.576163388672695)	(55.0, 6.029820252861754)	(56.0, 2.6972565647227085)	(57.0, 1.4567284481849048)	(58.0, 0.8969864892281431)	(59.0, 0.5478474423289036)	(60.0, 0.36313259587317875)	(61.0, 0.2462864619409593)	(62.0, 0.16932194258441025)	(63.0, 0.10565129475308267)	(64.0, 0.08046290660002971)	(65.0, 0.04617871161393008)	(66.0, 0.037782582229579184)	(67.0, 0.022389678358269143)	(68.0, 0.010495161730438659)	(69.0, 0.009095806833046838)	(70.0, 0.004198064692175463)	(71.0, 0.004897742140871374)	(72.0, 0.003498387243479553)	(73.0, 0.0027987097947836425)	(74.0, 0.0027987097947836425)	(75.0, 0.0006996774486959106)	(76.0, 0.0)	(77.0, 0.0)	(78.0, 0.0)	(79.0, 0.0)	(80.0, 0.0)	(81.0, 0.0006996774486959106)	(82.0, 0.002099032346087732)	(83.0, 0.0013993548973918212)	(84.0, 0.0)	(85.0, 0.0006996774486959106)	(86.0, 0.0006996774486959106)	(87.0, 0.0)	(88.0, 0.0)	(89.0, 0.0)	(90.0, 0.0006996774486959106)	(91.0, 0.0006996774486959106)	(92.0, 0.0006996774486959106)	(93.0, 0.0)	(94.0, 0.0)	(95.0, 0.0)	(96.0, 0.0006996774486959106)	(97.0, 0.0)	(98.0, 0.0006996774486959106)	(99.0, 0.002099032346087732)	(100.0, 0.0)
SRR8438072	(0.0, 0.0)	(1.0, 0.0)	(2.0, 0.0)	(3.0, 0.0)	(4.0, 0.0)	(5.0, 0.0)	(6.0, 0.0)	(7.0, 0.0)	(8.0, 0.0)	(9.0, 0.0)	(10.0, 0.0)	(11.0, 0.0)	(12.0, 0.0)	(13.0, 0.0)	(14.0, 0.0)	(15.0, 0.0)	(16.0, 0.0)	(17.0, 0.0)	(18.0, 0.0)	(19.0, 0.0)	(20.0, 0.0)	(21.0, 0.0)	(22.0, 0.0)	(23.0, 0.0)	(24.0, 0.0)	(25.0, 0.0)	(26.0, 0.0)	(27.0, 0.0)	(28.0, 0.0)	(29.0, 0.0)	(30.0, 0.0)	(31.0, 0.0)	(32.0, 0.0)	(33.0, 0.0)	(34.0, 0.0)	(35.0, 0.0)	(36.0, 0.0)	(37.0, 0.0)	(38.0, 0.0)	(39.0, 0.0)	(40.0, 0.0)	(41.0, 0.0)	(42.0, 0.0)	(43.0, 3.7037037037037033)	(44.0, 3.7037037037037033)	(45.0, 3.7037037037037033)	(46.0, 11.11111111111111)	(47.0, 11.11111111111111)	(48.0, 18.51851851851852)	(49.0, 18.51851851851852)	(50.0, 7.4074074074074066)	(51.0, 3.7037037037037033)	(52.0, 14.814814814814813)	(53.0, 3.7037037037037033)	(54.0, 0.0)	(55.0, 0.0)	(56.0, 0.0)	(57.0, 0.0)	(58.0, 0.0)	(59.0, 0.0)	(60.0, 0.0)	(61.0, 0.0)	(62.0, 0.0)	(63.0, 0.0)	(64.0, 0.0)	(65.0, 0.0)	(66.0, 0.0)	(67.0, 0.0)	(68.0, 0.0)	(69.0, 0.0)	(70.0, 0.0)	(71.0, 0.0)	(72.0, 0.0)	(73.0, 0.0)	(74.0, 0.0)	(75.0, 0.0)	(76.0, 0.0)	(77.0, 0.0)	(78.0, 0.0)	(79.0, 0.0)	(80.0, 0.0)	(81.0, 0.0)	(82.0, 0.0)	(83.0, 0.0)	(84.0, 0.0)	(85.0, 0.0)	(86.0, 0.0)	(87.0, 0.0)	(88.0, 0.0)	(89.0, 0.0)	(90.0, 0.0)	(91.0, 0.0)	(92.0, 0.0)	(93.0, 0.0)	(94.0, 0.0)	(95.0, 0.0)	(96.0, 0.0)	(97.0, 0.0)	(98.0, 0.0)	(99.0, 0.0)	(100.0, 0.0)
SRR8438072_1	(0.0, 0.0)	(1.0, 0.0)	(2.0, 0.0)	(3.0, 0.0)	(4.0, 0.0)	(5.0, 0.0)	(6.0, 0.0)	(7.0, 0.0)	(8.0, 0.0)	(9.0, 0.0)	(10.0, 0.0)	(11.0, 0.0)	(12.0, 0.0)	(13.0, 0.0)	(14.0, 0.0)	(15.0, 0.0)	(16.0, 0.0)	(17.0, 0.0)	(18.0, 0.0)	(19.0, 0.0)	(20.0, 0.0)	(21.0, 0.0)	(22.0, 0.0)	(23.0, 0.0)	(24.0, 0.0)	(25.0, 0.0)	(26.0, 0.0)	(27.0, 0.0)	(28.0, 0.0)	(29.0, 0.0)	(30.0, 0.0)	(31.0, 0.0)	(32.0, 0.0)	(33.0, 0.0)	(34.0, 0.0)	(35.0, 0.0)	(36.0, 0.0014175483029599634)	(37.0, 0.003780128807893235)	(38.0, 0.007560257615786469)	(39.0, 0.021735740645386116)	(40.0, 0.10206347781311743)	(41.0, 0.14080979809402255)	(42.0, 0.10962373542890379)	(43.0, 0.16443560314335492)	(44.0, 0.15829289383052852)	(45.0, 0.15451276502263533)	(46.0, 0.16538063534532824)	(47.0, 0.15498528112362198)	(48.0, 0.16018295823447512)	(49.0, 0.22586269627162103)	(50.0, 1.9099100801880189)	(51.0, 42.684741982575524)	(52.0, 42.85532029503109)	(53.0, 6.868966560043084)	(54.0, 2.735868224712503)	(55.0, 0.8302107894335472)	(56.0, 0.3014652724294879)	(57.0, 0.1393922497910626)	(58.0, 0.05906451262333183)	(59.0, 0.021735740645386116)	(60.0, 0.0113403864236797)	(61.0, 0.0047251610098665445)	(62.0, 0.0028350966059199263)	(63.0, 0.0018900644039466176)	(64.0, 0.0014175483029599634)	(65.0, 0.0004725161009866544)	(66.0, 0.0)	(67.0, 0.0)	(68.0, 0.0)	(69.0, 0.0)	(70.0, 0.0)	(71.0, 0.0)	(72.0, 0.0)	(73.0, 0.0)	(74.0, 0.0)	(75.0, 0.0)	(76.0, 0.0)	(77.0, 0.0)	(78.0, 0.0)	(79.0, 0.0)	(80.0, 0.0)	(81.0, 0.0)	(82.0, 0.0)	(83.0, 0.0)	(84.0, 0.0)	(85.0, 0.0)	(86.0, 0.0)	(87.0, 0.0)	(88.0, 0.0)	(89.0, 0.0)	(90.0, 0.0)	(91.0, 0.0)	(92.0, 0.0)	(93.0, 0.0)	(94.0, 0.0)	(95.0, 0.0)	(96.0, 0.0)	(97.0, 0.0)	(98.0, 0.0)	(99.0, 0.0)	(100.0, 0.0)
SRR8438072_2	(0.0, 0.0)	(1.0, 0.0)	(2.0, 0.0)	(3.0, 0.0)	(4.0, 0.0)	(5.0, 0.0)	(6.0, 0.0)	(7.0, 0.0)	(8.0, 0.0)	(9.0, 0.0)	(10.0, 0.0)	(11.0, 0.0)	(12.0, 0.0)	(13.0, 0.0)	(14.0, 0.0)	(15.0, 0.0)	(16.0, 0.0)	(17.0, 0.0)	(18.0, 0.0)	(19.0, 0.0)	(20.0, 0.0)	(21.0, 0.0)	(22.0, 0.0)	(23.0, 0.0)	(24.0, 0.0)	(25.0, 0.0)	(26.0, 0.0)	(27.0, 0.0005421200145290348)	(28.0, 0.0005421200145290348)	(29.0, 0.0)	(30.0, 0.0)	(31.0, 0.0005421200145290348)	(32.0, 0.0)	(33.0, 0.0)	(34.0, 0.0)	(35.0, 0.0005421200145290348)	(36.0, 0.0016263600435871043)	(37.0, 0.004879080130761313)	(38.0, 0.00813180021793552)	(39.0, 0.06830712183065842)	(40.0, 0.09541312255711035)	(41.0, 0.0710177219033036)	(42.0, 0.09920796265881361)	(43.0, 0.1469145239373681)	(44.0, 0.16426236440229694)	(45.0, 0.16372024438776794)	(46.0, 0.16426236440229694)	(47.0, 0.16914144453305818)	(48.0, 0.1875735250270451)	(49.0, 0.24449612655259453)	(50.0, 1.6453342440956937)	(51.0, 14.114636698274541)	(52.0, 45.41014089696119)	(53.0, 22.282758957198364)	(54.0, 7.3094041558955976)	(55.0, 3.508600734031691)	(56.0, 1.6236494435145299)	(57.0, 0.8771501835079641)	(58.0, 0.5356145743546843)	(59.0, 0.34749892931311405)	(60.0, 0.23311160624748445)	(61.0, 0.1713099245911743)	(62.0, 0.11438732306562646)	(63.0, 0.07806528209218111)	(64.0, 0.053669881438374374)	(65.0, 0.03198508085721305)	(66.0, 0.02060056055210333)	(67.0, 0.013553000363225863)	(68.0, 0.010842400290580692)	(69.0, 0.006505440174348417)	(70.0, 0.002168480058116139)	(71.0, 0.0010842400290580695)	(72.0, 0.0016263600435871043)	(73.0, 0.0005421200145290348)	(74.0, 0.0005421200145290348)	(75.0, 0.0005421200145290348)	(76.0, 0.0005421200145290348)	(77.0, 0.0016263600435871043)	(78.0, 0.0005421200145290348)	(79.0, 0.0)	(80.0, 0.0)	(81.0, 0.0005421200145290348)	(82.0, 0.0005421200145290348)	(83.0, 0.0005421200145290348)	(84.0, 0.0016263600435871043)	(85.0, 0.0010842400290580695)	(86.0, 0.0005421200145290348)	(87.0, 0.0016263600435871043)	(88.0, 0.0010842400290580695)	(89.0, 0.0)	(90.0, 0.0005421200145290348)	(91.0, 0.0005421200145290348)	(92.0, 0.0)	(93.0, 0.0)	(94.0, 0.0)	(95.0, 0.0)	(96.0, 0.0)	(97.0, 0.0010842400290580695)	(98.0, 0.0005421200145290348)	(99.0, 0.0005421200145290348)	(100.0, 0.0)
SRR8438073	(0.0, 0.0)	(1.0, 0.0)	(2.0, 0.0)	(3.0, 0.0)	(4.0, 0.0)	(5.0, 0.0)	(6.0, 0.0)	(7.0, 0.0)	(8.0, 0.0)	(9.0, 0.0)	(10.0, 0.0)	(11.0, 0.0)	(12.0, 0.0)	(13.0, 0.0)	(14.0, 0.0)	(15.0, 0.0)	(16.0, 0.0)	(17.0, 0.0)	(18.0, 0.0)	(19.0, 0.0)	(20.0, 0.0)	(21.0, 0.0)	(22.0, 0.0)	(23.0, 0.0)	(24.0, 0.0)	(25.0, 0.0)	(26.0, 0.0)	(27.0, 0.0)	(28.0, 0.0)	(29.0, 0.0)	(30.0, 0.0)	(31.0, 0.0)	(32.0, 0.0)	(33.0, 0.0)	(34.0, 0.0)	(35.0, 0.0)	(36.0, 0.0)	(37.0, 0.0)	(38.0, 0.0)	(39.0, 0.0)	(40.0, 0.0)	(41.0, 0.0)	(42.0, 0.0)	(43.0, 4.166666666666666)	(44.0, 12.5)	(45.0, 20.833333333333332)	(46.0, 20.833333333333332)	(47.0, 8.333333333333332)	(48.0, 12.5)	(49.0, 8.333333333333332)	(50.0, 0.0)	(51.0, 8.333333333333332)	(52.0, 4.166666666666666)	(53.0, 0.0)	(54.0, 0.0)	(55.0, 0.0)	(56.0, 0.0)	(57.0, 0.0)	(58.0, 0.0)	(59.0, 0.0)	(60.0, 0.0)	(61.0, 0.0)	(62.0, 0.0)	(63.0, 0.0)	(64.0, 0.0)	(65.0, 0.0)	(66.0, 0.0)	(67.0, 0.0)	(68.0, 0.0)	(69.0, 0.0)	(70.0, 0.0)	(71.0, 0.0)	(72.0, 0.0)	(73.0, 0.0)	(74.0, 0.0)	(75.0, 0.0)	(76.0, 0.0)	(77.0, 0.0)	(78.0, 0.0)	(79.0, 0.0)	(80.0, 0.0)	(81.0, 0.0)	(82.0, 0.0)	(83.0, 0.0)	(84.0, 0.0)	(85.0, 0.0)	(86.0, 0.0)	(87.0, 0.0)	(88.0, 0.0)	(89.0, 0.0)	(90.0, 0.0)	(91.0, 0.0)	(92.0, 0.0)	(93.0, 0.0)	(94.0, 0.0)	(95.0, 0.0)	(96.0, 0.0)	(97.0, 0.0)	(98.0, 0.0)	(99.0, 0.0)	(100.0, 0.0)
SRR8438073_1	(0.0, 0.0)	(1.0, 0.0)	(2.0, 0.0)	(3.0, 0.0)	(4.0, 0.0)	(5.0, 0.0)	(6.0, 0.0)	(7.0, 0.0)	(8.0, 0.0)	(9.0, 0.0)	(10.0, 0.0)	(11.0, 0.0)	(12.0, 0.0)	(13.0, 0.0)	(14.0, 0.0)	(15.0, 0.0)	(16.0, 0.0)	(17.0, 0.0)	(18.0, 0.0)	(19.0, 0.0)	(20.0, 0.0)	(21.0, 0.0)	(22.0, 0.0)	(23.0, 0.0)	(24.0, 0.0)	(25.0, 0.000713226064133243)	(26.0, 0.0)	(27.0, 0.0)	(28.0, 0.0)	(29.0, 0.0)	(30.0, 0.0)	(31.0, 0.0)	(32.0, 0.0)	(33.0, 0.0071322606413324295)	(34.0, 0.015690973410931338)	(35.0, 0.009271938833732157)	(36.0, 0.024249686180530267)	(37.0, 0.17117425539197817)	(38.0, 0.10270455323518712)	(39.0, 0.03708775533492865)	(40.0, 0.17046102932784496)	(41.0, 0.13765263037771625)	(42.0, 0.12552778728745104)	(43.0, 0.17901974209744376)	(44.0, 0.18686522880290932)	(45.0, 0.35518657993835573)	(46.0, 1.9285632774163584)	(47.0, 2.0669291338582236)	(48.0, 0.45147209859634624)	(49.0, 0.37943626611888664)	(50.0, 0.8437464338696158)	(51.0, 17.272908821172734)	(52.0, 18.951842976144743)	(53.0, 2.5697535090720875)	(54.0, 23.94727832934306)	(55.0, 26.887196165705635)	(56.0, 2.0754878466278233)	(57.0, 0.6169405454752575)	(58.0, 0.23750427935636884)	(59.0, 0.11910875271025183)	(60.0, 0.03209517288599595)	(61.0, 0.014264521282664854)	(62.0, 0.0199703297957308)	(63.0, 0.027815816501196484)	(64.0, 0.02852904256532973)	(65.0, 0.0035661303206662148)	(66.0, 0.002852904256532972)	(67.0, 0.0)	(68.0, 0.0)	(69.0, 0.0)	(70.0, 0.0)	(71.0, 0.0)	(72.0, 0.0)	(73.0, 0.0)	(74.0, 0.0)	(75.0, 0.0)	(76.0, 0.0)	(77.0, 0.0)	(78.0, 0.0)	(79.0, 0.0)	(80.0, 0.0)	(81.0, 0.0)	(82.0, 0.0)	(83.0, 0.0)	(84.0, 0.0)	(85.0, 0.0)	(86.0, 0.0)	(87.0, 0.0)	(88.0, 0.0)	(89.0, 0.0)	(90.0, 0.0)	(91.0, 0.0)	(92.0, 0.0)	(93.0, 0.0)	(94.0, 0.0)	(95.0, 0.0)	(96.0, 0.0)	(97.0, 0.0)	(98.0, 0.0)	(99.0, 0.0)	(100.0, 0.0)
SRR8438073_2	(0.0, 0.0)	(1.0, 0.0)	(2.0, 0.0)	(3.0, 0.0)	(4.0, 0.0)	(5.0, 0.0)	(6.0, 0.0)	(7.0, 0.0)	(8.0, 0.0)	(9.0, 0.0)	(10.0, 0.0)	(11.0, 0.0)	(12.0, 0.0)	(13.0, 0.0)	(14.0, 0.0)	(15.0, 0.0)	(16.0, 0.0)	(17.0, 0.0)	(18.0, 0.0)	(19.0, 0.0)	(20.0, 0.0)	(21.0, 0.0)	(22.0, 0.0)	(23.0, 0.0)	(24.0, 0.0)	(25.0, 0.0008322721862958198)	(26.0, 0.0008322721862958198)	(27.0, 0.0)	(28.0, 0.0)	(29.0, 0.0)	(30.0, 0.0)	(31.0, 0.0008322721862958198)	(32.0, 0.0008322721862958198)	(33.0, 0.00998726623554984)	(34.0, 0.0066581774903665585)	(35.0, 0.0)	(36.0, 0.014980899353324754)	(37.0, 0.02580043777517042)	(38.0, 0.04993633117774919)	(39.0, 0.07323995239403205)	(40.0, 0.13898945511140223)	(41.0, 0.16229307632768528)	(42.0, 0.1855966975439679)	(43.0, 0.21056486313284212)	(44.0, 0.3037793479979727)	(45.0, 0.37618702820571037)	(46.0, 0.3054438923705643)	(47.0, 1.2059623979426182)	(48.0, 1.9441878271870816)	(49.0, 1.2858605278270134)	(50.0, 1.1393806230389563)	(51.0, 1.4144465806097324)	(52.0, 11.28685925445166)	(53.0, 19.014090368108167)	(54.0, 9.946484898423076)	(55.0, 27.283546811154547)	(56.0, 15.306317778163663)	(57.0, 4.647407888275499)	(58.0, 1.7336229640542156)	(59.0, 0.7648581392058585)	(60.0, 0.4302847203149402)	(61.0, 0.2580043777517032)	(62.0, 0.1373249107388106)	(63.0, 0.09987266235549841)	(64.0, 0.07656904113921532)	(65.0, 0.06658177490366553)	(66.0, 0.042445881501086836)	(67.0, 0.017477715912212213)	(68.0, 0.00998726623554984)	(69.0, 0.00915499404925402)	(70.0, 0.0016645443725916396)	(71.0, 0.0016645443725916396)	(72.0, 0.0033290887451832792)	(73.0, 0.00249681655888746)	(74.0, 0.0)	(75.0, 0.0)	(76.0, 0.0)	(77.0, 0.0)	(78.0, 0.0)	(79.0, 0.0)	(80.0, 0.0)	(81.0, 0.0)	(82.0, 0.0)	(83.0, 0.0)	(84.0, 0.0)	(85.0, 0.0)	(86.0, 0.0)	(87.0, 0.0)	(88.0, 0.0)	(89.0, 0.0)	(90.0, 0.0)	(91.0, 0.0008322721862958198)	(92.0, 0.0)	(93.0, 0.0)	(94.0, 0.0)	(95.0, 0.0)	(96.0, 0.0)	(97.0, 0.0)	(98.0, 0.0)	(99.0, 0.0)	(100.0, 0.00249681655888746)
SRR8438074	(0.0, 0.0)	(1.0, 0.0)	(2.0, 0.0)	(3.0, 0.0)	(4.0, 0.0)	(5.0, 0.0)	(6.0, 0.0)	(7.0, 0.0)	(8.0, 0.0)	(9.0, 0.0)	(10.0, 0.0)	(11.0, 0.0)	(12.0, 0.0)	(13.0, 0.0)	(14.0, 0.0)	(15.0, 0.0)	(16.0, 0.0)	(17.0, 0.0)	(18.0, 0.0)	(19.0, 0.0)	(20.0, 0.0)	(21.0, 0.0)	(22.0, 0.0)	(23.0, 0.0)	(24.0, 0.0)	(25.0, 0.0)	(26.0, 0.0)	(27.0, 0.0)	(28.0, 0.0)	(29.0, 0.0)	(30.0, 0.0)	(31.0, 0.0)	(32.0, 0.0)	(33.0, 0.0)	(34.0, 0.0)	(35.0, 0.0)	(36.0, 0.0)	(37.0, 0.0)	(38.0, 0.0)	(39.0, 0.0)	(40.0, 0.0)	(41.0, 9.090909090909092)	(42.0, 0.0)	(43.0, 9.090909090909092)	(44.0, 0.0)	(45.0, 0.0)	(46.0, 18.181818181818183)	(47.0, 27.272727272727277)	(48.0, 9.090909090909092)	(49.0, 0.0)	(50.0, 9.090909090909092)	(51.0, 18.181818181818183)	(52.0, 0.0)	(53.0, 0.0)	(54.0, 0.0)	(55.0, 0.0)	(56.0, 0.0)	(57.0, 0.0)	(58.0, 0.0)	(59.0, 0.0)	(60.0, 0.0)	(61.0, 0.0)	(62.0, 0.0)	(63.0, 0.0)	(64.0, 0.0)	(65.0, 0.0)	(66.0, 0.0)	(67.0, 0.0)	(68.0, 0.0)	(69.0, 0.0)	(70.0, 0.0)	(71.0, 0.0)	(72.0, 0.0)	(73.0, 0.0)	(74.0, 0.0)	(75.0, 0.0)	(76.0, 0.0)	(77.0, 0.0)	(78.0, 0.0)	(79.0, 0.0)	(80.0, 0.0)	(81.0, 0.0)	(82.0, 0.0)	(83.0, 0.0)	(84.0, 0.0)	(85.0, 0.0)	(86.0, 0.0)	(87.0, 0.0)	(88.0, 0.0)	(89.0, 0.0)	(90.0, 0.0)	(91.0, 0.0)	(92.0, 0.0)	(93.0, 0.0)	(94.0, 0.0)	(95.0, 0.0)	(96.0, 0.0)	(97.0, 0.0)	(98.0, 0.0)	(99.0, 0.0)	(100.0, 0.0)
SRR8438074_1	(0.0, 0.0)	(1.0, 0.0)	(2.0, 0.0)	(3.0, 0.0)	(4.0, 0.0)	(5.0, 0.0)	(6.0, 0.0)	(7.0, 0.0)	(8.0, 0.0)	(9.0, 0.0)	(10.0, 0.0)	(11.0, 0.0)	(12.0, 0.0)	(13.0, 0.0)	(14.0, 0.0)	(15.0, 0.0)	(16.0, 0.0)	(17.0, 0.0)	(18.0, 0.0)	(19.0, 0.0)	(20.0, 0.0)	(21.0, 0.0)	(22.0, 0.0)	(23.0, 0.0)	(24.0, 0.0)	(25.0, 0.0)	(26.0, 0.0)	(27.0, 0.0)	(28.0, 0.0)	(29.0, 0.0)	(30.0, 0.0)	(31.0, 0.0)	(32.0, 0.0)	(33.0, 0.0)	(34.0, 0.0)	(35.0, 0.0)	(36.0, 0.0)	(37.0, 0.002769757023066444)	(38.0, 0.004847074790366277)	(39.0, 0.016618542138398657)	(40.0, 0.024927813207598005)	(41.0, 0.033237084276797356)	(42.0, 0.049855626415195954)	(43.0, 0.08655490697082643)	(44.0, 0.11009784166689136)	(45.0, 0.11632979496879092)	(46.0, 0.1433349259436887)	(47.0, 0.17934176724355197)	(48.0, 3.0446554076056764)	(49.0, 57.496693602519954)	(50.0, 27.83398076406395)	(51.0, 6.141243759394544)	(52.0, 2.240733431660824)	(53.0, 1.0372740051383607)	(54.0, 0.5560287223805933)	(55.0, 0.357991095231339)	(56.0, 0.2596647209124777)	(57.0, 0.1433349259436887)	(58.0, 0.057472458228628655)	(59.0, 0.029082448742197682)	(60.0, 0.016618542138398657)	(61.0, 0.009001710324965943)	(62.0, 0.0034621962788330555)	(63.0, 0.0020773177672998334)	(64.0, 0.000692439255766611)	(65.0, 0.0)	(66.0, 0.000692439255766611)	(67.0, 0.0)	(68.0, 0.0)	(69.0, 0.0)	(70.0, 0.000692439255766611)	(71.0, 0.000692439255766611)	(72.0, 0.0)	(73.0, 0.0)	(74.0, 0.0)	(75.0, 0.0)	(76.0, 0.0)	(77.0, 0.0)	(78.0, 0.0)	(79.0, 0.0)	(80.0, 0.0)	(81.0, 0.0)	(82.0, 0.0)	(83.0, 0.0)	(84.0, 0.0)	(85.0, 0.0)	(86.0, 0.0)	(87.0, 0.0)	(88.0, 0.0)	(89.0, 0.0)	(90.0, 0.0)	(91.0, 0.0)	(92.0, 0.0)	(93.0, 0.0)	(94.0, 0.0)	(95.0, 0.0)	(96.0, 0.0)	(97.0, 0.0)	(98.0, 0.0)	(99.0, 0.0)	(100.0, 0.0)
SRR8438074_2	(0.0, 0.0)	(1.0, 0.0)	(2.0, 0.0)	(3.0, 0.0)	(4.0, 0.0)	(5.0, 0.0)	(6.0, 0.0)	(7.0, 0.0)	(8.0, 0.0)	(9.0, 0.0)	(10.0, 0.0)	(11.0, 0.0)	(12.0, 0.0)	(13.0, 0.0)	(14.0, 0.0)	(15.0, 0.0)	(16.0, 0.0)	(17.0, 0.0)	(18.0, 0.0)	(19.0, 0.0)	(20.0, 0.0)	(21.0, 0.0)	(22.0, 0.0)	(23.0, 0.0)	(24.0, 0.0)	(25.0, 0.0)	(26.0, 0.0)	(27.0, 0.0)	(28.0, 0.0)	(29.0, 0.0)	(30.0, 0.0)	(31.0, 0.0)	(32.0, 0.0)	(33.0, 0.0)	(34.0, 0.0)	(35.0, 0.0)	(36.0, 0.0)	(37.0, 0.0011753747241545133)	(38.0, 0.0023507494483090267)	(39.0, 0.005876873620772567)	(40.0, 0.016455246138163186)	(41.0, 0.029972055465940103)	(42.0, 0.03761199117294441)	(43.0, 0.047308832647219114)	(44.0, 0.0672902029578459)	(45.0, 0.07404860762173437)	(46.0, 0.06875942136303903)	(47.0, 0.09873147682897933)	(48.0, 0.2944313684007062)	(49.0, 24.531245867841946)	(50.0, 43.639312758376114)	(51.0, 15.084171522432857)	(52.0, 6.483366978437273)	(53.0, 3.4197527599272712)	(54.0, 1.9587619778035434)	(55.0, 1.2312050235518694)	(56.0, 0.8791802936675568)	(57.0, 0.6347023510434319)	(58.0, 0.4307748364026337)	(59.0, 0.3097112398147154)	(60.0, 0.23683800691713347)	(61.0, 0.1569125256746272)	(62.0, 0.09520535265651577)	(63.0, 0.05641798675941656)	(64.0, 0.03878736589709892)	(65.0, 0.02115674503478125)	(66.0, 0.012929121965699642)	(67.0, 0.009990685155313362)	(68.0, 0.00528918625869531)	(69.0, 0.00352612417246354)	(70.0, 0.0029384368103862833)	(71.0, 0.0017630620862317703)	(72.0, 0.0011753747241545133)	(73.0, 0.0005876873620772567)	(74.0, 0.0)	(75.0, 0.0)	(76.0, 0.0)	(77.0, 0.0005876873620772567)	(78.0, 0.0011753747241545133)	(79.0, 0.0)	(80.0, 0.0005876873620772567)	(81.0, 0.0)	(82.0, 0.0005876873620772567)	(83.0, 0.0011753747241545133)	(84.0, 0.0)	(85.0, 0.0)	(86.0, 0.0)	(87.0, 0.0005876873620772567)	(88.0, 0.0005876873620772567)	(89.0, 0.0)	(90.0, 0.0)	(91.0, 0.0)	(92.0, 0.0)	(93.0, 0.0)	(94.0, 0.0005876873620772567)	(95.0, 0.0005876873620772567)	(96.0, 0.0)	(97.0, 0.0)	(98.0, 0.0011753747241545133)	(99.0, 0.0)	(100.0, 0.002644593129347655)
SRR8438075	(0.0, 0.0)	(1.0, 0.0)	(2.0, 0.0)	(3.0, 0.0)	(4.0, 0.0)	(5.0, 0.0)	(6.0, 0.0)	(7.0, 0.0)	(8.0, 0.0)	(9.0, 0.0)	(10.0, 0.0)	(11.0, 0.0)	(12.0, 0.0)	(13.0, 0.0)	(14.0, 0.0)	(15.0, 0.0)	(16.0, 0.0)	(17.0, 0.0)	(18.0, 0.0)	(19.0, 0.0)	(20.0, 0.0)	(21.0, 0.0)	(22.0, 0.0)	(23.0, 0.0)	(24.0, 0.0)	(25.0, 0.0)	(26.0, 0.0)	(27.0, 0.0)	(28.0, 0.0)	(29.0, 0.0)	(30.0, 0.0)	(31.0, 0.0)	(32.0, 0.0)	(33.0, 0.0)	(34.0, 0.0)	(35.0, 0.0)	(36.0, 0.0)	(37.0, 0.0)	(38.0, 0.0)	(39.0, 0.0)	(40.0, 0.0)	(41.0, 0.0)	(42.0, 0.0)	(43.0, 20.0)	(44.0, 20.0)	(45.0, 20.0)	(46.0, 20.0)	(47.0, 20.0)	(48.0, 0.0)	(49.0, 0.0)	(50.0, 0.0)	(51.0, 0.0)	(52.0, 0.0)	(53.0, 0.0)	(54.0, 0.0)	(55.0, 0.0)	(56.0, 0.0)	(57.0, 0.0)	(58.0, 0.0)	(59.0, 0.0)	(60.0, 0.0)	(61.0, 0.0)	(62.0, 0.0)	(63.0, 0.0)	(64.0, 0.0)	(65.0, 0.0)	(66.0, 0.0)	(67.0, 0.0)	(68.0, 0.0)	(69.0, 0.0)	(70.0, 0.0)	(71.0, 0.0)	(72.0, 0.0)	(73.0, 0.0)	(74.0, 0.0)	(75.0, 0.0)	(76.0, 0.0)	(77.0, 0.0)	(78.0, 0.0)	(79.0, 0.0)	(80.0, 0.0)	(81.0, 0.0)	(82.0, 0.0)	(83.0, 0.0)	(84.0, 0.0)	(85.0, 0.0)	(86.0, 0.0)	(87.0, 0.0)	(88.0, 0.0)	(89.0, 0.0)	(90.0, 0.0)	(91.0, 0.0)	(92.0, 0.0)	(93.0, 0.0)	(94.0, 0.0)	(95.0, 0.0)	(96.0, 0.0)	(97.0, 0.0)	(98.0, 0.0)	(99.0, 0.0)	(100.0, 0.0)
SRR8438075_1	(0.0, 0.0)	(1.0, 0.0)	(2.0, 0.0)	(3.0, 0.0)	(4.0, 0.0)	(5.0, 0.0)	(6.0, 0.0)	(7.0, 0.0)	(8.0, 0.0)	(9.0, 0.0)	(10.0, 0.0)	(11.0, 0.0)	(12.0, 0.0)	(13.0, 0.0)	(14.0, 0.0)	(15.0, 0.0)	(16.0, 0.0)	(17.0, 0.0)	(18.0, 0.0)	(19.0, 0.0)	(20.0, 0.0)	(21.0, 0.0)	(22.0, 0.0)	(23.0, 0.0)	(24.0, 0.0)	(25.0, 0.0)	(26.0, 0.0)	(27.0, 0.0)	(28.0, 0.005430650591940952)	(29.0, 0.0)	(30.0, 0.005430650591940952)	(31.0, 0.010861301183881905)	(32.0, 0.0)	(33.0, 0.010861301183881905)	(34.0, 0.03801455414358666)	(35.0, 0.05430650591940954)	(36.0, 0.08689040947105524)	(37.0, 0.17921146953405148)	(38.0, 0.4344520473552758)	(39.0, 1.341370696209414)	(40.0, 1.3468013468013549)	(41.0, 1.9224503095470877)	(42.0, 2.7587705007060115)	(43.0, 3.687411751927941)	(44.0, 5.560986206147504)	(45.0, 5.78364288041707)	(46.0, 7.879874008906159)	(47.0, 8.721624850657022)	(48.0, 7.863582057130338)	(49.0, 6.147496470077094)	(50.0, 4.502009340719079)	(51.0, 4.778972520908051)	(52.0, 4.985337243401796)	(53.0, 4.719235364396704)	(54.0, 6.152927120669034)	(55.0, 6.185511024220678)	(56.0, 6.299554686651431)	(57.0, 3.969805582708878)	(58.0, 2.5578364288041904)	(59.0, 1.5314434669273447)	(60.0, 0.24437927663734302)	(61.0, 0.05973715651135049)	(62.0, 0.05973715651135049)	(63.0, 0.03258390355164571)	(64.0, 0.02172260236776381)	(65.0, 0.01629195177582286)	(66.0, 0.010861301183881905)	(67.0, 0.0)	(68.0, 0.0)	(69.0, 0.0)	(70.0, 0.005430650591940952)	(71.0, 0.005430650591940952)	(72.0, 0.0)	(73.0, 0.0)	(74.0, 0.0)	(75.0, 0.0)	(76.0, 0.0)	(77.0, 0.005430650591940952)	(78.0, 0.010861301183881905)	(79.0, 0.005430650591940952)	(80.0, 0.0)	(81.0, 0.0)	(82.0, 0.0)	(83.0, 0.0)	(84.0, 0.0)	(85.0, 0.0)	(86.0, 0.0)	(87.0, 0.0)	(88.0, 0.0)	(89.0, 0.0)	(90.0, 0.0)	(91.0, 0.0)	(92.0, 0.0)	(93.0, 0.0)	(94.0, 0.0)	(95.0, 0.0)	(96.0, 0.0)	(97.0, 0.0)	(98.0, 0.0)	(99.0, 0.0)	(100.0, 0.0)
SRR8438075_2	(0.0, 0.0)	(1.0, 0.0)	(2.0, 0.0)	(3.0, 0.0)	(4.0, 0.0)	(5.0, 0.0)	(6.0, 0.0)	(7.0, 0.0)	(8.0, 0.0)	(9.0, 0.0)	(10.0, 0.0)	(11.0, 0.0)	(12.0, 0.0)	(13.0, 0.0)	(14.0, 0.0)	(15.0, 0.0)	(16.0, 0.0)	(17.0, 0.0)	(18.0, 0.0)	(19.0, 0.0)	(20.0, 0.0)	(21.0, 0.0)	(22.0, 0.0)	(23.0, 0.0)	(24.0, 0.0)	(25.0, 0.0)	(26.0, 0.0)	(27.0, 0.0)	(28.0, 0.0)	(29.0, 0.0)	(30.0, 0.0)	(31.0, 0.0)	(32.0, 0.005277880403230119)	(33.0, 0.0)	(34.0, 0.005277880403230119)	(35.0, 0.0)	(36.0, 0.015833641209690358)	(37.0, 0.021111521612920476)	(38.0, 0.010555760806460238)	(39.0, 0.10027972766137223)	(40.0, 0.5119543991133209)	(41.0, 0.4486198342745596)	(42.0, 0.5172322795165509)	(43.0, 1.0819654826621763)	(44.0, 1.2508576555655377)	(45.0, 1.1505779279041668)	(46.0, 1.6255871641948707)	(47.0, 3.9346598406080964)	(48.0, 5.301630865044631)	(49.0, 6.956246371457178)	(50.0, 8.048767614925751)	(51.0, 6.570961102021402)	(52.0, 7.067081859925005)	(53.0, 8.78767087137804)	(54.0, 7.679315986699664)	(55.0, 6.9773578930700975)	(56.0, 7.20430675040898)	(57.0, 5.45205045653668)	(58.0, 4.54953290758438)	(59.0, 5.325381326859164)	(60.0, 3.789518129519264)	(61.0, 2.1111521612920385)	(62.0, 1.2455797751623077)	(63.0, 0.6069562463714637)	(64.0, 0.4327861930648693)	(65.0, 0.31667282419380716)	(66.0, 0.20583733572597473)	(67.0, 0.20055945532274463)	(68.0, 0.13194701008075294)	(69.0, 0.08972396685491202)	(70.0, 0.09500184725814212)	(71.0, 0.058056684435531324)	(72.0, 0.021111521612920476)	(73.0, 0.010555760806460238)	(74.0, 0.005277880403230119)	(75.0, 0.005277880403230119)	(76.0, 0.0)	(77.0, 0.005277880403230119)	(78.0, 0.005277880403230119)	(79.0, 0.0)	(80.0, 0.0)	(81.0, 0.0)	(82.0, 0.0)	(83.0, 0.005277880403230119)	(84.0, 0.010555760806460238)	(85.0, 0.005277880403230119)	(86.0, 0.005277880403230119)	(87.0, 0.0)	(88.0, 0.005277880403230119)	(89.0, 0.005277880403230119)	(90.0, 0.005277880403230119)	(91.0, 0.005277880403230119)	(92.0, 0.010555760806460238)	(93.0, 0.0)	(94.0, 0.0)	(95.0, 0.0)	(96.0, 0.0)	(97.0, 0.0)	(98.0, 0.0)	(99.0, 0.005277880403230119)	(100.0, 0.0)
SRR8438076	(0.0, 0.0)	(1.0, 0.0)	(2.0, 0.0)	(3.0, 0.0)	(4.0, 0.0)	(5.0, 0.0)	(6.0, 0.0)	(7.0, 0.0)	(8.0, 0.0)	(9.0, 0.0)	(10.0, 0.0)	(11.0, 0.0)	(12.0, 0.0)	(13.0, 0.0)	(14.0, 0.0)	(15.0, 0.0)	(16.0, 0.0)	(17.0, 0.0)	(18.0, 0.0)	(19.0, 0.0)	(20.0, 0.0)	(21.0, 0.0)	(22.0, 0.0)	(23.0, 0.0)	(24.0, 0.0)	(25.0, 0.0)	(26.0, 0.0)	(27.0, 0.0)	(28.0, 0.0)	(29.0, 0.0)	(30.0, 0.0)	(31.0, 0.0)	(32.0, 0.0)	(33.0, 0.0)	(34.0, 0.0)	(35.0, 0.0)	(36.0, 0.0)	(37.0, 0.0)	(38.0, 0.0)	(39.0, 0.0)	(40.0, 0.0)	(41.0, 0.0)	(42.0, 0.0)	(43.0, 0.0)	(44.0, 12.5)	(45.0, 12.5)	(46.0, 0.0)	(47.0, 25.0)	(48.0, 12.5)	(49.0, 12.5)	(50.0, 0.0)	(51.0, 12.5)	(52.0, 0.0)	(53.0, 0.0)	(54.0, 12.5)	(55.0, 0.0)	(56.0, 0.0)	(57.0, 0.0)	(58.0, 0.0)	(59.0, 0.0)	(60.0, 0.0)	(61.0, 0.0)	(62.0, 0.0)	(63.0, 0.0)	(64.0, 0.0)	(65.0, 0.0)	(66.0, 0.0)	(67.0, 0.0)	(68.0, 0.0)	(69.0, 0.0)	(70.0, 0.0)	(71.0, 0.0)	(72.0, 0.0)	(73.0, 0.0)	(74.0, 0.0)	(75.0, 0.0)	(76.0, 0.0)	(77.0, 0.0)	(78.0, 0.0)	(79.0, 0.0)	(80.0, 0.0)	(81.0, 0.0)	(82.0, 0.0)	(83.0, 0.0)	(84.0, 0.0)	(85.0, 0.0)	(86.0, 0.0)	(87.0, 0.0)	(88.0, 0.0)	(89.0, 0.0)	(90.0, 0.0)	(91.0, 0.0)	(92.0, 0.0)	(93.0, 0.0)	(94.0, 0.0)	(95.0, 0.0)	(96.0, 0.0)	(97.0, 0.0)	(98.0, 0.0)	(99.0, 0.0)	(100.0, 0.0)
SRR8438076_1	(0.0, 0.0)	(1.0, 0.0)	(2.0, 0.0)	(3.0, 0.0)	(4.0, 0.0)	(5.0, 0.0)	(6.0, 0.0)	(7.0, 0.0)	(8.0, 0.0)	(9.0, 0.0)	(10.0, 0.0)	(11.0, 0.0)	(12.0, 0.0)	(13.0, 0.0)	(14.0, 0.0)	(15.0, 0.0)	(16.0, 0.0)	(17.0, 0.0)	(18.0, 0.0)	(19.0, 0.0)	(20.0, 0.0)	(21.0, 0.0)	(22.0, 0.0)	(23.0, 0.0)	(24.0, 0.0)	(25.0, 0.0)	(26.0, 0.0009204882269553651)	(27.0, 0.0009204882269553651)	(28.0, 0.0009204882269553651)	(29.0, 0.0036819529078214604)	(30.0, 0.0027614646808660956)	(31.0, 0.0009204882269553651)	(32.0, 0.0009204882269553651)	(33.0, 0.0009204882269553651)	(34.0, 0.006443417588687555)	(35.0, 0.01288683517737511)	(36.0, 0.029455623262571687)	(37.0, 0.04602441134776828)	(38.0, 0.08652589333380421)	(39.0, 0.16476739262501078)	(40.0, 1.176383954048938)	(41.0, 0.7796535282311982)	(42.0, 0.6839227526278436)	(43.0, 0.75572083433036)	(44.0, 0.8284394042598296)	(45.0, 1.485667998305935)	(46.0, 2.0186306817131525)	(47.0, 1.3402308584469838)	(48.0, 0.8689408862458635)	(49.0, 3.248402952925516)	(50.0, 2.722804175334087)	(51.0, 29.63327749037859)	(52.0, 37.32487711483161)	(53.0, 6.570444964007298)	(54.0, 3.9396896113688378)	(55.0, 2.1115999926356546)	(56.0, 1.8253281540525035)	(57.0, 1.2260903183045249)	(58.0, 0.48049485447070217)	(59.0, 0.24669084482403736)	(60.0, 0.16936983375978762)	(61.0, 0.05338831716341117)	(62.0, 0.023012205673884123)	(63.0, 0.007363905815642921)	(64.0, 0.0036819529078214604)	(65.0, 0.0009204882269553651)	(66.0, 0.0009204882269553651)	(67.0, 0.0009204882269553651)	(68.0, 0.009204882269553651)	(69.0, 0.06535466411383088)	(70.0, 0.030376111489527055)	(71.0, 0.008284394042598286)	(72.0, 0.0018409764539107302)	(73.0, 0.0)	(74.0, 0.0)	(75.0, 0.0)	(76.0, 0.0)	(77.0, 0.0)	(78.0, 0.0)	(79.0, 0.0)	(80.0, 0.0)	(81.0, 0.0)	(82.0, 0.0)	(83.0, 0.0)	(84.0, 0.0)	(85.0, 0.0)	(86.0, 0.0)	(87.0, 0.0)	(88.0, 0.0)	(89.0, 0.0)	(90.0, 0.0)	(91.0, 0.0)	(92.0, 0.0)	(93.0, 0.0)	(94.0, 0.0)	(95.0, 0.0)	(96.0, 0.0)	(97.0, 0.0)	(98.0, 0.0)	(99.0, 0.0)	(100.0, 0.0)
SRR8438076_2	(0.0, 0.0)	(1.0, 0.0)	(2.0, 0.0)	(3.0, 0.0)	(4.0, 0.0)	(5.0, 0.0)	(6.0, 0.0)	(7.0, 0.0)	(8.0, 0.0)	(9.0, 0.0)	(10.0, 0.0)	(11.0, 0.0)	(12.0, 0.0)	(13.0, 0.0)	(14.0, 0.0)	(15.0, 0.0)	(16.0, 0.0)	(17.0, 0.0)	(18.0, 0.0)	(19.0, 0.0)	(20.0, 0.0)	(21.0, 0.0)	(22.0, 0.0)	(23.0, 0.0)	(24.0, 0.0)	(25.0, 0.0)	(26.0, 0.0)	(27.0, 0.0)	(28.0, 0.0009406762521575652)	(29.0, 0.002822028756472696)	(30.0, 0.0)	(31.0, 0.0009406762521575652)	(32.0, 0.0009406762521575652)	(33.0, 0.0009406762521575652)	(34.0, 0.0)	(35.0, 0.0)	(36.0, 0.0018813525043151304)	(37.0, 0.0009406762521575652)	(38.0, 0.017872848790993736)	(39.0, 0.4825669173568323)	(40.0, 0.776998584282154)	(41.0, 0.2718554368735355)	(42.0, 0.15050820034521073)	(43.0, 0.22670297676997303)	(44.0, 0.39602470215833385)	(45.0, 0.5512362837643366)	(46.0, 0.6401301895932291)	(47.0, 1.1038835819068893)	(48.0, 1.1833707252141992)	(49.0, 1.714852807683239)	(50.0, 2.937731935488196)	(51.0, 2.808859288942612)	(52.0, 24.970251113517527)	(53.0, 36.13372653601774)	(54.0, 10.309341385522371)	(55.0, 4.566983204224729)	(56.0, 3.1794857322926355)	(57.0, 2.1616740274581336)	(58.0, 1.6273699162325757)	(59.0, 1.2633282066475875)	(60.0, 0.8437865981853374)	(61.0, 0.5484142550078638)	(62.0, 0.32641465949867354)	(63.0, 0.21165215673545223)	(64.0, 0.14580481908442286)	(65.0, 0.09312694896359884)	(66.0, 0.05926260388592659)	(67.0, 0.044211783851405596)	(68.0, 0.030101640069042094)	(69.0, 0.021635553799623994)	(70.0, 0.0188135250431513)	(71.0, 0.017872848790993736)	(72.0, 0.052677870120823665)	(73.0, 0.041389755094932895)	(74.0, 0.021635553799623994)	(75.0, 0.013169467530205913)	(76.0, 0.006584733765102956)	(77.0, 0.005644057512945391)	(78.0, 0.003762705008630261)	(79.0, 0.0009406762521575652)	(80.0, 0.003762705008630261)	(81.0, 0.0009406762521575652)	(82.0, 0.0)	(83.0, 0.0018813525043151304)	(84.0, 0.0009406762521575652)	(85.0, 0.0)	(86.0, 0.0)	(87.0, 0.0)	(88.0, 0.0)	(89.0, 0.0)	(90.0, 0.0)	(91.0, 0.0)	(92.0, 0.0)	(93.0, 0.0)	(94.0, 0.0)	(95.0, 0.0)	(96.0, 0.0)	(97.0, 0.0)	(98.0, 0.0)	(99.0, 0.0)	(100.0, 0.001411014378236348)
SRR8438077	(0.0, 0.0)	(1.0, 0.0)	(2.0, 0.0)	(3.0, 0.0)	(4.0, 0.0)	(5.0, 0.0)	(6.0, 0.0)	(7.0, 0.0)	(8.0, 0.0)	(9.0, 0.0)	(10.0, 0.0)	(11.0, 0.0)	(12.0, 0.0)	(13.0, 0.0)	(14.0, 0.0)	(15.0, 0.0)	(16.0, 0.0)	(17.0, 0.0)	(18.0, 0.0)	(19.0, 0.0)	(20.0, 0.0)	(21.0, 0.0)	(22.0, 0.0)	(23.0, 0.0)	(24.0, 0.0)	(25.0, 0.0)	(26.0, 0.0)	(27.0, 0.0)	(28.0, 0.0)	(29.0, 0.0)	(30.0, 0.0)	(31.0, 0.0)	(32.0, 0.0)	(33.0, 0.0)	(34.0, 0.0)	(35.0, 0.0)	(36.0, 0.0)	(37.0, 0.0)	(38.0, 0.0)	(39.0, 0.0)	(40.0, 0.0)	(41.0, 0.0)	(42.0, 7.692307692307694)	(43.0, 5.1282051282051295)	(44.0, 0.0)	(45.0, 5.1282051282051295)	(46.0, 10.256410256410259)	(47.0, 20.512820512820518)	(48.0, 20.512820512820518)	(49.0, 12.820512820512823)	(50.0, 7.692307692307694)	(51.0, 5.1282051282051295)	(52.0, 5.1282051282051295)	(53.0, 0.0)	(54.0, 0.0)	(55.0, 0.0)	(56.0, 0.0)	(57.0, 0.0)	(58.0, 0.0)	(59.0, 0.0)	(60.0, 0.0)	(61.0, 0.0)	(62.0, 0.0)	(63.0, 0.0)	(64.0, 0.0)	(65.0, 0.0)	(66.0, 0.0)	(67.0, 0.0)	(68.0, 0.0)	(69.0, 0.0)	(70.0, 0.0)	(71.0, 0.0)	(72.0, 0.0)	(73.0, 0.0)	(74.0, 0.0)	(75.0, 0.0)	(76.0, 0.0)	(77.0, 0.0)	(78.0, 0.0)	(79.0, 0.0)	(80.0, 0.0)	(81.0, 0.0)	(82.0, 0.0)	(83.0, 0.0)	(84.0, 0.0)	(85.0, 0.0)	(86.0, 0.0)	(87.0, 0.0)	(88.0, 0.0)	(89.0, 0.0)	(90.0, 0.0)	(91.0, 0.0)	(92.0, 0.0)	(93.0, 0.0)	(94.0, 0.0)	(95.0, 0.0)	(96.0, 0.0)	(97.0, 0.0)	(98.0, 0.0)	(99.0, 0.0)	(100.0, 0.0)
SRR8438077_1	(0.0, 0.0)	(1.0, 0.0)	(2.0, 0.0)	(3.0, 0.0)	(4.0, 0.0)	(5.0, 0.0)	(6.0, 0.0)	(7.0, 0.0)	(8.0, 0.0)	(9.0, 0.0)	(10.0, 0.0)	(11.0, 0.0)	(12.0, 0.0)	(13.0, 0.0)	(14.0, 0.0)	(15.0, 0.0)	(16.0, 0.0)	(17.0, 0.0)	(18.0, 0.0)	(19.0, 0.0)	(20.0, 0.0)	(21.0, 0.0)	(22.0, 0.0)	(23.0, 0.0)	(24.0, 0.0007763191603332706)	(25.0, 0.0007763191603332706)	(26.0, 0.0007763191603332706)	(27.0, 0.0007763191603332706)	(28.0, 0.008539510763665976)	(29.0, 0.016302702366998677)	(30.0, 0.008539510763665976)	(31.0, 0.0031052766413330823)	(32.0, 0.004657914961999622)	(33.0, 0.0031052766413330823)	(34.0, 0.07918455435399352)	(35.0, 0.11722419321032404)	(36.0, 0.04657914961999623)	(37.0, 0.06288185198699485)	(38.0, 0.11722419321032404)	(39.0, 0.2515274079479786)	(40.0, 0.49529162429263046)	(41.0, 0.6653055204056157)	(42.0, 0.9874779719439046)	(43.0, 1.4501641915025514)	(44.0, 1.6644282797545584)	(45.0, 1.7428365149482279)	(46.0, 1.8134815585385635)	(47.0, 1.8802450063272322)	(48.0, 3.486449349056576)	(49.0, 3.2690799841633096)	(50.0, 2.9212890003340832)	(51.0, 17.271548679089303)	(52.0, 22.774875206696937)	(53.0, 5.760288169672884)	(54.0, 13.686506796673523)	(55.0, 13.594124816593947)	(56.0, 2.8871309572794273)	(57.0, 1.4424009998992178)	(58.0, 0.7320689681942731)	(59.0, 0.4533703896346327)	(60.0, 0.14594800214265527)	(61.0, 0.07918455435399352)	(62.0, 0.029500128092664293)	(63.0, 0.02018429816866503)	(64.0, 0.010868468244665787)	(65.0, 0.0062105532826661645)	(66.0, 0.0031052766413330823)	(67.0, 0.0)	(68.0, 0.0007763191603332706)	(69.0, 0.0007763191603332706)	(70.0, 0.0007763191603332706)	(71.0, 0.0)	(72.0, 0.0007763191603332706)	(73.0, 0.0007763191603332706)	(74.0, 0.0)	(75.0, 0.0007763191603332706)	(76.0, 0.0)	(77.0, 0.0)	(78.0, 0.0)	(79.0, 0.0)	(80.0, 0.0)	(81.0, 0.0)	(82.0, 0.0)	(83.0, 0.0)	(84.0, 0.0)	(85.0, 0.0)	(86.0, 0.0)	(87.0, 0.0)	(88.0, 0.0)	(89.0, 0.0)	(90.0, 0.0)	(91.0, 0.0)	(92.0, 0.0)	(93.0, 0.0)	(94.0, 0.0)	(95.0, 0.0)	(96.0, 0.0)	(97.0, 0.0)	(98.0, 0.0)	(99.0, 0.0)	(100.0, 0.0)
SRR8438077_2	(0.0, 0.0)	(1.0, 0.0)	(2.0, 0.0)	(3.0, 0.0)	(4.0, 0.0)	(5.0, 0.0)	(6.0, 0.0)	(7.0, 0.0)	(8.0, 0.0)	(9.0, 0.0)	(10.0, 0.0)	(11.0, 0.0)	(12.0, 0.0)	(13.0, 0.0)	(14.0, 0.0)	(15.0, 0.0)	(16.0, 0.0)	(17.0, 0.0)	(18.0, 0.0)	(19.0, 0.0)	(20.0, 0.0)	(21.0, 0.0)	(22.0, 0.0008069168915947742)	(23.0, 0.0008069168915947742)	(24.0, 0.0)	(25.0, 0.0)	(26.0, 0.0)	(27.0, 0.0016138337831895484)	(28.0, 0.008876085807542516)	(29.0, 0.01210375337392161)	(30.0, 0.003227667566379097)	(31.0, 0.0008069168915947742)	(32.0, 0.0040345844579738705)	(33.0, 0.006455335132758194)	(34.0, 0.007262252024352968)	(35.0, 0.045994262820902125)	(36.0, 0.06536026821917663)	(37.0, 0.02703171586842494)	(38.0, 0.02703171586842494)	(39.0, 0.12829978576356935)	(40.0, 0.18760817729578497)	(41.0, 0.17066292257229496)	(42.0, 0.2412681505868367)	(43.0, 0.5099714754879012)	(44.0, 0.512795684608483)	(45.0, 0.5934873737679628)	(46.0, 0.6891070254219402)	(47.0, 0.8952742912243933)	(48.0, 1.8195975905462538)	(49.0, 3.59602512739197)	(50.0, 3.9183884255840087)	(51.0, 3.519771481136281)	(52.0, 15.56946142331783)	(53.0, 22.866410874011017)	(54.0, 9.333607685078292)	(55.0, 11.820525544971918)	(56.0, 8.335451490175103)	(57.0, 4.4065731449987355)	(58.0, 2.8895693888009055)	(59.0, 2.165764937040451)	(60.0, 1.7203468128800847)	(61.0, 1.1926231657770507)	(62.0, 0.8335451490173966)	(63.0, 0.574524826815485)	(64.0, 0.40265152890579314)	(65.0, 0.2751586600338167)	(66.0, 0.1863978019583928)	(67.0, 0.12023061684762154)	(68.0, 0.07585018780990867)	(69.0, 0.05567726552003939)	(70.0, 0.0411527614713335)	(71.0, 0.025821340531032775)	(72.0, 0.0217867560730589)	(73.0, 0.020979839181464125)	(74.0, 0.017752171615085025)	(75.0, 0.01210375337392161)	(76.0, 0.008069168915947743)	(77.0, 0.007262252024352968)	(78.0, 0.0040345844579738705)	(79.0, 0.0016138337831895484)	(80.0, 0.0024207506747843223)	(81.0, 0.003227667566379097)	(82.0, 0.0008069168915947742)	(83.0, 0.0024207506747843223)	(84.0, 0.0008069168915947742)	(85.0, 0.0008069168915947742)	(86.0, 0.0016138337831895484)	(87.0, 0.0)	(88.0, 0.0008069168915947742)	(89.0, 0.0008069168915947742)	(90.0, 0.0008069168915947742)	(91.0, 0.0008069168915947742)	(92.0, 0.0016138337831895484)	(93.0, 0.0008069168915947742)	(94.0, 0.0008069168915947742)	(95.0, 0.0016138337831895484)	(96.0, 0.0)	(97.0, 0.0)	(98.0, 0.0)	(99.0, 0.0)	(100.0, 0.0012103753373921612)
SRR8438078	(0.0, 0.0)	(1.0, 0.0)	(2.0, 0.0)	(3.0, 0.0)	(4.0, 0.0)	(5.0, 0.0)	(6.0, 0.0)	(7.0, 0.0)	(8.0, 0.0)	(9.0, 0.0)	(10.0, 0.0)	(11.0, 0.0)	(12.0, 0.0)	(13.0, 0.0)	(14.0, 0.0)	(15.0, 0.0)	(16.0, 0.0)	(17.0, 0.0)	(18.0, 0.0)	(19.0, 0.0)	(20.0, 0.0)	(21.0, 0.0)	(22.0, 0.0)	(23.0, 0.0)	(24.0, 0.0)	(25.0, 0.0)	(26.0, 0.0)	(27.0, 0.0)	(28.0, 0.0)	(29.0, 0.0)	(30.0, 0.0)	(31.0, 0.0)	(32.0, 0.0)	(33.0, 0.0)	(34.0, 0.0)	(35.0, 0.0)	(36.0, 0.0)	(37.0, 0.0)	(38.0, 0.0)	(39.0, 0.0)	(40.0, 0.0)	(41.0, 0.0)	(42.0, 0.0)	(43.0, 0.0)	(44.0, 9.523809523809526)	(45.0, 4.761904761904763)	(46.0, 4.761904761904763)	(47.0, 14.285714285714288)	(48.0, 19.04761904761905)	(49.0, 23.80952380952381)	(50.0, 14.285714285714288)	(51.0, 9.523809523809526)	(52.0, 0.0)	(53.0, 0.0)	(54.0, 0.0)	(55.0, 0.0)	(56.0, 0.0)	(57.0, 0.0)	(58.0, 0.0)	(59.0, 0.0)	(60.0, 0.0)	(61.0, 0.0)	(62.0, 0.0)	(63.0, 0.0)	(64.0, 0.0)	(65.0, 0.0)	(66.0, 0.0)	(67.0, 0.0)	(68.0, 0.0)	(69.0, 0.0)	(70.0, 0.0)	(71.0, 0.0)	(72.0, 0.0)	(73.0, 0.0)	(74.0, 0.0)	(75.0, 0.0)	(76.0, 0.0)	(77.0, 0.0)	(78.0, 0.0)	(79.0, 0.0)	(80.0, 0.0)	(81.0, 0.0)	(82.0, 0.0)	(83.0, 0.0)	(84.0, 0.0)	(85.0, 0.0)	(86.0, 0.0)	(87.0, 0.0)	(88.0, 0.0)	(89.0, 0.0)	(90.0, 0.0)	(91.0, 0.0)	(92.0, 0.0)	(93.0, 0.0)	(94.0, 0.0)	(95.0, 0.0)	(96.0, 0.0)	(97.0, 0.0)	(98.0, 0.0)	(99.0, 0.0)	(100.0, 0.0)
SRR8438078_1	(0.0, 0.0)	(1.0, 0.0)	(2.0, 0.0)	(3.0, 0.0)	(4.0, 0.0)	(5.0, 0.0)	(6.0, 0.0)	(7.0, 0.0)	(8.0, 0.0)	(9.0, 0.0)	(10.0, 0.0)	(11.0, 0.0)	(12.0, 0.0)	(13.0, 0.0)	(14.0, 0.0)	(15.0, 0.0)	(16.0, 0.0)	(17.0, 0.0)	(18.0, 0.0)	(19.0, 0.0)	(20.0, 0.0)	(21.0, 0.0)	(22.0, 0.0)	(23.0, 0.0)	(24.0, 0.0)	(25.0, 0.0007729946586069565)	(26.0, 0.0007729946586069565)	(27.0, 0.0007729946586069565)	(28.0, 0.0007729946586069565)	(29.0, 0.0007729946586069565)	(30.0, 0.0007729946586069565)	(31.0, 0.001545989317213913)	(32.0, 0.001545989317213913)	(33.0, 0.0007729946586069565)	(34.0, 0.003091978634427826)	(35.0, 0.008502941244676522)	(36.0, 0.015459893172139125)	(37.0, 0.0340117649787061)	(38.0, 0.09198636437422783)	(39.0, 0.11517620413243669)	(40.0, 0.30842486878417424)	(41.0, 0.5874759405412935)	(42.0, 0.6377205933507433)	(43.0, 0.6183957268855704)	(44.0, 0.738209898969642)	(45.0, 1.1656759451792646)	(46.0, 1.3566056258552006)	(47.0, 1.0713705968292213)	(48.0, 2.2633283604012635)	(49.0, 14.526888619197686)	(50.0, 8.9899278796004)	(51.0, 17.82371083815336)	(52.0, 22.741502856216556)	(53.0, 9.439810770909853)	(54.0, 5.732528388229204)	(55.0, 4.689758593767986)	(56.0, 3.684092542920564)	(57.0, 1.412261241274908)	(58.0, 0.6493155132298469)	(59.0, 0.39731925452397676)	(60.0, 0.24735829075422508)	(61.0, 0.1275441186701481)	(62.0, 0.06879652461601904)	(63.0, 0.04792566883363129)	(64.0, 0.0711155085918399)	(65.0, 0.09971631096029744)	(66.0, 0.08734839642258606)	(67.0, 0.07498048188487468)	(68.0, 0.04251470622338261)	(69.0, 0.013913903854925212)	(70.0, 0.004637967951641738)	(71.0, 0.0023189839758208696)	(72.0, 0.0007729946586069565)	(73.0, 0.0)	(74.0, 0.0)	(75.0, 0.0)	(76.0, 0.0)	(77.0, 0.0)	(78.0, 0.0)	(79.0, 0.0)	(80.0, 0.0)	(81.0, 0.0)	(82.0, 0.0)	(83.0, 0.0)	(84.0, 0.0)	(85.0, 0.0)	(86.0, 0.0)	(87.0, 0.0)	(88.0, 0.0)	(89.0, 0.0)	(90.0, 0.0)	(91.0, 0.0)	(92.0, 0.0)	(93.0, 0.0)	(94.0, 0.0)	(95.0, 0.0)	(96.0, 0.0)	(97.0, 0.0)	(98.0, 0.0)	(99.0, 0.0)	(100.0, 0.0)
SRR8438078_2	(0.0, 0.0)	(1.0, 0.0)	(2.0, 0.0)	(3.0, 0.0)	(4.0, 0.0)	(5.0, 0.0)	(6.0, 0.0)	(7.0, 0.0)	(8.0, 0.0)	(9.0, 0.0)	(10.0, 0.0)	(11.0, 0.0)	(12.0, 0.0)	(13.0, 0.0)	(14.0, 0.0)	(15.0, 0.0)	(16.0, 0.0)	(17.0, 0.0)	(18.0, 0.0)	(19.0, 0.0)	(20.0, 0.0)	(21.0, 0.0)	(22.0, 0.0)	(23.0, 0.0)	(24.0, 0.0)	(25.0, 0.0)	(26.0, 0.0)	(27.0, 0.0)	(28.0, 0.0)	(29.0, 0.0)	(30.0, 0.0007553839994561828)	(31.0, 0.0)	(32.0, 0.0)	(33.0, 0.0)	(34.0, 0.0007553839994561828)	(35.0, 0.0)	(36.0, 0.0011330759991842743)	(37.0, 0.006420763995377555)	(38.0, 0.0067984559951056464)	(39.0, 0.07176147994833727)	(40.0, 0.12312759191135805)	(41.0, 0.2065975238512655)	(42.0, 0.34181125975392257)	(43.0, 0.20999675184881827)	(44.0, 0.25456440781673245)	(45.0, 0.3863789157218386)	(46.0, 0.5019526676386378)	(47.0, 0.8203470234094075)	(48.0, 0.9181692513389776)	(49.0, 7.686409886467349)	(50.0, 14.032013173895422)	(51.0, 7.177658762833381)	(52.0, 14.716391077402099)	(53.0, 19.683796257824493)	(54.0, 9.912148840865147)	(55.0, 6.1888611075447875)	(56.0, 4.956074420431737)	(57.0, 3.548038645445517)	(58.0, 2.577370206144543)	(59.0, 1.6195432948340818)	(60.0, 1.099083719208723)	(61.0, 0.7750239834420392)	(62.0, 0.5997748955682146)	(63.0, 0.49628728764271635)	(64.0, 0.31046282377649004)	(65.0, 0.19262291986132635)	(66.0, 0.13672450390156943)	(67.0, 0.09593376793093528)	(68.0, 0.07704916794453057)	(69.0, 0.08233685594072389)	(70.0, 0.060430719956494565)	(71.0, 0.04079073597063388)	(72.0, 0.02341690398314167)	(73.0, 0.015863063988579833)	(74.0, 0.011330759991842741)	(75.0, 0.003776919997280914)	(76.0, 0.00528768799619328)	(77.0, 0.00528768799619328)	(78.0, 0.0022661519983685485)	(79.0, 0.0015107679989123657)	(80.0, 0.0022661519983685485)	(81.0, 0.0022661519983685485)	(82.0, 0.0007553839994561828)	(83.0, 0.0015107679989123657)	(84.0, 0.0022661519983685485)	(85.0, 0.0007553839994561828)	(86.0, 0.0007553839994561828)	(87.0, 0.0)	(88.0, 0.0)	(89.0, 0.0007553839994561828)	(90.0, 0.0007553839994561828)	(91.0, 0.0)	(92.0, 0.0)	(93.0, 0.0015107679989123657)	(94.0, 0.0007553839994561828)	(95.0, 0.0007553839994561828)	(96.0, 0.0)	(97.0, 0.0)	(98.0, 0.0)	(99.0, 0.0007553839994561828)	(100.0, 0.0)
SRR8438079	(0.0, 0.0)	(1.0, 0.0)	(2.0, 0.0)	(3.0, 0.0)	(4.0, 0.0)	(5.0, 0.0)	(6.0, 0.0)	(7.0, 0.0)	(8.0, 0.0)	(9.0, 0.0)	(10.0, 0.0)	(11.0, 0.0)	(12.0, 0.0)	(13.0, 0.0)	(14.0, 0.0)	(15.0, 0.0)	(16.0, 0.0)	(17.0, 0.0)	(18.0, 0.0)	(19.0, 0.0)	(20.0, 0.0)	(21.0, 0.0)	(22.0, 0.0)	(23.0, 0.0)	(24.0, 0.0)	(25.0, 0.0)	(26.0, 0.0)	(27.0, 0.0)	(28.0, 0.0)	(29.0, 0.0)	(30.0, 0.0)	(31.0, 0.0)	(32.0, 0.0)	(33.0, 0.0)	(34.0, 0.0)	(35.0, 0.0)	(36.0, 0.0)	(37.0, 0.0)	(38.0, 0.0)	(39.0, 6.666666666666667)	(40.0, 0.0)	(41.0, 0.0)	(42.0, 0.0)	(43.0, 6.666666666666667)	(44.0, 13.333333333333334)	(45.0, 20.0)	(46.0, 6.666666666666667)	(47.0, 13.333333333333334)	(48.0, 13.333333333333334)	(49.0, 6.666666666666667)	(50.0, 13.333333333333334)	(51.0, 0.0)	(52.0, 0.0)	(53.0, 0.0)	(54.0, 0.0)	(55.0, 0.0)	(56.0, 0.0)	(57.0, 0.0)	(58.0, 0.0)	(59.0, 0.0)	(60.0, 0.0)	(61.0, 0.0)	(62.0, 0.0)	(63.0, 0.0)	(64.0, 0.0)	(65.0, 0.0)	(66.0, 0.0)	(67.0, 0.0)	(68.0, 0.0)	(69.0, 0.0)	(70.0, 0.0)	(71.0, 0.0)	(72.0, 0.0)	(73.0, 0.0)	(74.0, 0.0)	(75.0, 0.0)	(76.0, 0.0)	(77.0, 0.0)	(78.0, 0.0)	(79.0, 0.0)	(80.0, 0.0)	(81.0, 0.0)	(82.0, 0.0)	(83.0, 0.0)	(84.0, 0.0)	(85.0, 0.0)	(86.0, 0.0)	(87.0, 0.0)	(88.0, 0.0)	(89.0, 0.0)	(90.0, 0.0)	(91.0, 0.0)	(92.0, 0.0)	(93.0, 0.0)	(94.0, 0.0)	(95.0, 0.0)	(96.0, 0.0)	(97.0, 0.0)	(98.0, 0.0)	(99.0, 0.0)	(100.0, 0.0)
SRR8438079_1	(0.0, 0.0)	(1.0, 0.0)	(2.0, 0.0)	(3.0, 0.0)	(4.0, 0.0)	(5.0, 0.0)	(6.0, 0.0)	(7.0, 0.0)	(8.0, 0.0)	(9.0, 0.0)	(10.0, 0.0)	(11.0, 0.0)	(12.0, 0.0)	(13.0, 0.0)	(14.0, 0.0)	(15.0, 0.0)	(16.0, 0.0)	(17.0, 0.0)	(18.0, 0.0)	(19.0, 0.0)	(20.0, 0.0)	(21.0, 0.0)	(22.0, 0.0)	(23.0, 0.0)	(24.0, 0.0)	(25.0, 0.000650313451083689)	(26.0, 0.000650313451083689)	(27.0, 0.0)	(28.0, 0.0)	(29.0, 0.0)	(30.0, 0.0)	(31.0, 0.0)	(32.0, 0.0)	(33.0, 0.0)	(34.0, 0.0)	(35.0, 0.000650313451083689)	(36.0, 0.001300626902167378)	(37.0, 0.0032515672554184454)	(38.0, 0.0039018807065021336)	(39.0, 0.022760970787929123)	(40.0, 0.11510548084181324)	(41.0, 0.0884426293473818)	(42.0, 0.09104388315171658)	(43.0, 0.10014827146688829)	(44.0, 0.11705642119506432)	(45.0, 0.12290924225481757)	(46.0, 0.16062742241767103)	(47.0, 0.21590406575978383)	(48.0, 0.2282600213303737)	(49.0, 0.3999427724164716)	(50.0, 1.3253388133085726)	(51.0, 40.8481388029107)	(52.0, 47.264781624730105)	(53.0, 5.648622636113311)	(54.0, 1.7447909892575997)	(55.0, 0.8005358582840097)	(56.0, 0.37588117472637445)	(57.0, 0.14306895923841165)	(58.0, 0.08454074864087963)	(59.0, 0.033165986005268155)	(60.0, 0.01495720937492484)	(61.0, 0.013656582472757466)	(62.0, 0.006503134510836891)	(63.0, 0.001300626902167378)	(64.0, 0.013656582472757466)	(65.0, 0.005202507608669512)	(66.0, 0.001300626902167378)	(67.0, 0.000650313451083689)	(68.0, 0.001300626902167378)	(69.0, 0.0)	(70.0, 0.0)	(71.0, 0.0)	(72.0, 0.0)	(73.0, 0.0)	(74.0, 0.0)	(75.0, 0.0)	(76.0, 0.0)	(77.0, 0.0)	(78.0, 0.0)	(79.0, 0.0)	(80.0, 0.0)	(81.0, 0.0)	(82.0, 0.0)	(83.0, 0.0)	(84.0, 0.0)	(85.0, 0.0)	(86.0, 0.0)	(87.0, 0.0)	(88.0, 0.0)	(89.0, 0.0)	(90.0, 0.0)	(91.0, 0.0)	(92.0, 0.0)	(93.0, 0.0)	(94.0, 0.0)	(95.0, 0.0)	(96.0, 0.0)	(97.0, 0.0)	(98.0, 0.0)	(99.0, 0.0)	(100.0, 0.0)
SRR8438079_2	(0.0, 0.0)	(1.0, 0.0)	(2.0, 0.0)	(3.0, 0.0)	(4.0, 0.0)	(5.0, 0.0)	(6.0, 0.0)	(7.0, 0.0)	(8.0, 0.0)	(9.0, 0.0)	(10.0, 0.0)	(11.0, 0.0)	(12.0, 0.0)	(13.0, 0.0)	(14.0, 0.0)	(15.0, 0.0)	(16.0, 0.0)	(17.0, 0.0)	(18.0, 0.0)	(19.0, 0.0)	(20.0, 0.0)	(21.0, 0.0)	(22.0, 0.0)	(23.0, 0.0)	(24.0, 0.0)	(25.0, 0.0)	(26.0, 0.0)	(27.0, 0.0)	(28.0, 0.0)	(29.0, 0.0)	(30.0, 0.0)	(31.0, 0.0)	(32.0, 0.0)	(33.0, 0.0)	(34.0, 0.0)	(35.0, 0.0)	(36.0, 0.0)	(37.0, 0.002045129183993299)	(38.0, 0.013975049423954207)	(39.0, 0.052150794191829095)	(40.0, 0.08112345763173422)	(41.0, 0.051128229599832445)	(42.0, 0.06203558524779666)	(43.0, 0.07021610198376987)	(44.0, 0.08112345763173422)	(45.0, 0.11043697593563838)	(46.0, 0.15542981798349073)	(47.0, 0.17554025495942457)	(48.0, 0.1499761401595087)	(49.0, 0.25939055150314866)	(50.0, 0.5958143022700497)	(51.0, 1.4397709455313035)	(52.0, 32.41666098577218)	(53.0, 43.884382030114836)	(54.0, 11.263208125977995)	(55.0, 4.089576658258242)	(56.0, 1.9646874360896431)	(57.0, 1.1302747290202821)	(58.0, 0.674892630717786)	(59.0, 0.3988001908786958)	(60.0, 0.255641147999161)	(61.0, 0.1874701751993853)	(62.0, 0.14861272070351317)	(63.0, 0.09203081327969856)	(64.0, 0.051128229599832445)	(65.0, 0.04022087395186821)	(66.0, 0.03272206694389281)	(67.0, 0.027268389119910665)	(68.0, 0.017042743199944154)	(69.0, 0.006817097279977664)	(70.0, 0.0054536778239821304)	(71.0, 0.004771968095984364)	(72.0, 0.002045129183993299)	(73.0, 0.0013634194559955326)	(74.0, 0.0013634194559955326)	(75.0, 0.0013634194559955326)	(76.0, 0.0006817097279977663)	(77.0, 0.0)	(78.0, 0.0)	(79.0, 0.0)	(80.0, 0.0)	(81.0, 0.0)	(82.0, 0.0)	(83.0, 0.0)	(84.0, 0.0)	(85.0, 0.0)	(86.0, 0.0)	(87.0, 0.0006817097279977663)	(88.0, 0.0006817097279977663)	(89.0, 0.0)	(90.0, 0.0)	(91.0, 0.0)	(92.0, 0.0)	(93.0, 0.0)	(94.0, 0.0)	(95.0, 0.0)	(96.0, 0.0)	(97.0, 0.0)	(98.0, 0.0)	(99.0, 0.0)	(100.0, 0.0)
SRR8438080	(0.0, 0.0)	(1.0, 0.0)	(2.0, 0.0)	(3.0, 0.0)	(4.0, 0.0)	(5.0, 0.0)	(6.0, 0.0)	(7.0, 0.0)	(8.0, 0.0)	(9.0, 0.0)	(10.0, 0.0)	(11.0, 0.0)	(12.0, 0.0)	(13.0, 0.0)	(14.0, 0.0)	(15.0, 0.0)	(16.0, 0.0)	(17.0, 0.0)	(18.0, 0.0)	(19.0, 0.0)	(20.0, 0.0)	(21.0, 0.0)	(22.0, 0.0)	(23.0, 0.0)	(24.0, 0.0)	(25.0, 0.0)	(26.0, 0.0)	(27.0, 0.0)	(28.0, 0.0)	(29.0, 0.0)	(30.0, 0.0)	(31.0, 0.0)	(32.0, 0.0)	(33.0, 0.0)	(34.0, 0.0)	(35.0, 0.0)	(36.0, 0.0)	(37.0, 0.0)	(38.0, 0.0)	(39.0, 0.0)	(40.0, 0.0)	(41.0, 0.0)	(42.0, 4.166666666666667)	(43.0, 4.166666666666667)	(44.0, 4.166666666666667)	(45.0, 4.166666666666667)	(46.0, 25.0)	(47.0, 25.0)	(48.0, 12.500000000000004)	(49.0, 4.166666666666667)	(50.0, 4.166666666666667)	(51.0, 8.333333333333334)	(52.0, 4.166666666666667)	(53.0, 0.0)	(54.0, 0.0)	(55.0, 0.0)	(56.0, 0.0)	(57.0, 0.0)	(58.0, 0.0)	(59.0, 0.0)	(60.0, 0.0)	(61.0, 0.0)	(62.0, 0.0)	(63.0, 0.0)	(64.0, 0.0)	(65.0, 0.0)	(66.0, 0.0)	(67.0, 0.0)	(68.0, 0.0)	(69.0, 0.0)	(70.0, 0.0)	(71.0, 0.0)	(72.0, 0.0)	(73.0, 0.0)	(74.0, 0.0)	(75.0, 0.0)	(76.0, 0.0)	(77.0, 0.0)	(78.0, 0.0)	(79.0, 0.0)	(80.0, 0.0)	(81.0, 0.0)	(82.0, 0.0)	(83.0, 0.0)	(84.0, 0.0)	(85.0, 0.0)	(86.0, 0.0)	(87.0, 0.0)	(88.0, 0.0)	(89.0, 0.0)	(90.0, 0.0)	(91.0, 0.0)	(92.0, 0.0)	(93.0, 0.0)	(94.0, 0.0)	(95.0, 0.0)	(96.0, 0.0)	(97.0, 0.0)	(98.0, 0.0)	(99.0, 0.0)	(100.0, 0.0)
SRR8438080_1	(0.0, 0.0)	(1.0, 0.0)	(2.0, 0.0)	(3.0, 0.0)	(4.0, 0.0)	(5.0, 0.0)	(6.0, 0.0)	(7.0, 0.0)	(8.0, 0.0)	(9.0, 0.0)	(10.0, 0.0)	(11.0, 0.0)	(12.0, 0.0)	(13.0, 0.0)	(14.0, 0.0)	(15.0, 0.0)	(16.0, 0.0)	(17.0, 0.0)	(18.0, 0.0)	(19.0, 0.0)	(20.0, 0.0)	(21.0, 0.0)	(22.0, 0.0)	(23.0, 0.0)	(24.0, 0.0)	(25.0, 0.0)	(26.0, 0.0)	(27.0, 0.0)	(28.0, 0.0)	(29.0, 0.0)	(30.0, 0.0005980288967566316)	(31.0, 0.001794086690269895)	(32.0, 0.020332982489725482)	(33.0, 0.008970433451349473)	(34.0, 0.0029901444837831578)	(35.0, 0.0005980288967566316)	(36.0, 0.0023921155870265266)	(37.0, 0.0035881733805397894)	(38.0, 0.008372404554592842)	(39.0, 0.07116543871403917)	(40.0, 1.0465505693240988)	(41.0, 0.36479762702154783)	(42.0, 0.1644579466080733)	(43.0, 0.15070328198267097)	(44.0, 0.16565400440158656)	(45.0, 0.177614582336719)	(46.0, 0.17582049564644914)	(47.0, 0.23502535642535508)	(48.0, 0.17163429336915279)	(49.0, 0.4706487417474737)	(50.0, 1.4759353171954093)	(51.0, 40.19651229547908)	(52.0, 46.15407616494697)	(53.0, 5.4773466653944745)	(54.0, 1.7564108697743015)	(55.0, 0.8348483398722416)	(56.0, 0.45809013491558503)	(57.0, 0.19136924696212135)	(58.0, 0.09030236341025152)	(59.0, 0.041862022772964184)	(60.0, 0.045450196153503965)	(61.0, 0.010764520141619367)	(62.0, 0.0035881733805397894)	(63.0, 0.0065783178643229485)	(64.0, 0.00717634676107958)	(65.0, 0.0035881733805397894)	(66.0, 0.001794086690269895)	(67.0, 0.0005980288967566316)	(68.0, 0.0)	(69.0, 0.0)	(70.0, 0.0)	(71.0, 0.0)	(72.0, 0.0)	(73.0, 0.0)	(74.0, 0.0)	(75.0, 0.0)	(76.0, 0.0)	(77.0, 0.0)	(78.0, 0.0)	(79.0, 0.0)	(80.0, 0.0)	(81.0, 0.0)	(82.0, 0.0)	(83.0, 0.0)	(84.0, 0.0)	(85.0, 0.0)	(86.0, 0.0)	(87.0, 0.0)	(88.0, 0.0)	(89.0, 0.0)	(90.0, 0.0)	(91.0, 0.0)	(92.0, 0.0)	(93.0, 0.0)	(94.0, 0.0)	(95.0, 0.0)	(96.0, 0.0)	(97.0, 0.0)	(98.0, 0.0)	(99.0, 0.0)	(100.0, 0.0)
SRR8438080_2	(0.0, 0.0)	(1.0, 0.0)	(2.0, 0.0)	(3.0, 0.0)	(4.0, 0.0)	(5.0, 0.0)	(6.0, 0.0)	(7.0, 0.0)	(8.0, 0.0)	(9.0, 0.0)	(10.0, 0.0)	(11.0, 0.0)	(12.0, 0.0)	(13.0, 0.0)	(14.0, 0.0)	(15.0, 0.0)	(16.0, 0.0)	(17.0, 0.0)	(18.0, 0.0)	(19.0, 0.0)	(20.0, 0.0)	(21.0, 0.0)	(22.0, 0.0)	(23.0, 0.0)	(24.0, 0.0)	(25.0, 0.0024939366166010116)	(26.0, 0.008105294003953288)	(27.0, 0.01621058800790657)	(28.0, 0.00436438907905177)	(29.0, 0.0024939366166010116)	(30.0, 0.0018704524624507586)	(31.0, 0.0)	(32.0, 0.0)	(33.0, 0.0006234841541502529)	(34.0, 0.0006234841541502529)	(35.0, 0.0006234841541502529)	(36.0, 0.0)	(37.0, 0.007481809849803034)	(38.0, 0.04676131156126893)	(39.0, 0.6696219815573663)	(40.0, 0.8784891731976892)	(41.0, 0.22040164849211333)	(42.0, 0.15867671723123913)	(43.0, 0.15774149100001375)	(44.0, 0.158364975154164)	(45.0, 0.1540005860751123)	(46.0, 0.1851747937826245)	(47.0, 0.2032558342529816)	(48.0, 0.18704524624507524)	(49.0, 0.22788345834191623)	(50.0, 0.4604430478399667)	(51.0, 1.6129535067867569)	(52.0, 31.707286659329544)	(53.0, 42.73048650466591)	(54.0, 10.891644688849224)	(55.0, 3.992169039023794)	(56.0, 1.978938705272975)	(57.0, 1.1945956393518895)	(58.0, 0.7294764603557871)	(59.0, 0.44766162267988613)	(60.0, 0.2830618059842147)	(61.0, 0.21946642226088792)	(62.0, 0.1415309029921074)	(63.0, 0.11160366359289554)	(64.0, 0.07170067772727907)	(65.0, 0.03990298586561617)	(66.0, 0.033668144324113664)	(67.0, 0.018081040470357333)	(68.0, 0.0118461989288548)	(69.0, 0.00436438907905177)	(70.0, 0.005611357387352276)	(71.0, 0.00436438907905177)	(72.0, 0.0018704524624507586)	(73.0, 0.0024939366166010116)	(74.0, 0.0006234841541502529)	(75.0, 0.0012469683083005058)	(76.0, 0.0012469683083005058)	(77.0, 0.0006234841541502529)	(78.0, 0.0)	(79.0, 0.0)	(80.0, 0.0006234841541502529)	(81.0, 0.0006234841541502529)	(82.0, 0.0006234841541502529)	(83.0, 0.0006234841541502529)	(84.0, 0.0006234841541502529)	(85.0, 0.0012469683083005058)	(86.0, 0.0006234841541502529)	(87.0, 0.0006234841541502529)	(88.0, 0.0006234841541502529)	(89.0, 0.0)	(90.0, 0.0006234841541502529)	(91.0, 0.0006234841541502529)	(92.0, 0.0)	(93.0, 0.0)	(94.0, 0.0006234841541502529)	(95.0, 0.0006234841541502529)	(96.0, 0.0)	(97.0, 0.0)	(98.0, 0.0)	(99.0, 0.0)	(100.0, 0.0)
SRR8438081	(0.0, 0.0)	(1.0, 0.0)	(2.0, 0.0)	(3.0, 0.0)	(4.0, 0.0)	(5.0, 0.0)	(6.0, 0.0)	(7.0, 0.0)	(8.0, 0.0)	(9.0, 0.0)	(10.0, 0.0)	(11.0, 0.0)	(12.0, 0.0)	(13.0, 0.0)	(14.0, 0.0)	(15.0, 0.0)	(16.0, 0.0)	(17.0, 0.0)	(18.0, 0.0)	(19.0, 0.0)	(20.0, 0.0)	(21.0, 0.0)	(22.0, 0.0)	(23.0, 0.0)	(24.0, 0.0)	(25.0, 0.0)	(26.0, 0.0)	(27.0, 0.0)	(28.0, 0.0)	(29.0, 0.0)	(30.0, 0.0)	(31.0, 0.0)	(32.0, 0.0)	(33.0, 0.0)	(34.0, 0.0)	(35.0, 0.0)	(36.0, 0.0)	(37.0, 0.0)	(38.0, 0.0)	(39.0, 1.694915254237288)	(40.0, 1.694915254237288)	(41.0, 0.0)	(42.0, 1.694915254237288)	(43.0, 10.16949152542373)	(44.0, 10.16949152542373)	(45.0, 10.16949152542373)	(46.0, 13.559322033898304)	(47.0, 15.254237288135593)	(48.0, 11.864406779661017)	(49.0, 10.16949152542373)	(50.0, 8.47457627118644)	(51.0, 1.694915254237288)	(52.0, 1.694915254237288)	(53.0, 1.694915254237288)	(54.0, 0.0)	(55.0, 0.0)	(56.0, 0.0)	(57.0, 0.0)	(58.0, 0.0)	(59.0, 0.0)	(60.0, 0.0)	(61.0, 0.0)	(62.0, 0.0)	(63.0, 0.0)	(64.0, 0.0)	(65.0, 0.0)	(66.0, 0.0)	(67.0, 0.0)	(68.0, 0.0)	(69.0, 0.0)	(70.0, 0.0)	(71.0, 0.0)	(72.0, 0.0)	(73.0, 0.0)	(74.0, 0.0)	(75.0, 0.0)	(76.0, 0.0)	(77.0, 0.0)	(78.0, 0.0)	(79.0, 0.0)	(80.0, 0.0)	(81.0, 0.0)	(82.0, 0.0)	(83.0, 0.0)	(84.0, 0.0)	(85.0, 0.0)	(86.0, 0.0)	(87.0, 0.0)	(88.0, 0.0)	(89.0, 0.0)	(90.0, 0.0)	(91.0, 0.0)	(92.0, 0.0)	(93.0, 0.0)	(94.0, 0.0)	(95.0, 0.0)	(96.0, 0.0)	(97.0, 0.0)	(98.0, 0.0)	(99.0, 0.0)	(100.0, 0.0)
SRR8438081_1	(0.0, 0.0)	(1.0, 0.0)	(2.0, 0.0)	(3.0, 0.0)	(4.0, 0.0)	(5.0, 0.0)	(6.0, 0.0)	(7.0, 0.0)	(8.0, 0.0)	(9.0, 0.0)	(10.0, 0.0)	(11.0, 0.0)	(12.0, 0.0)	(13.0, 0.0)	(14.0, 0.0)	(15.0, 0.0)	(16.0, 0.0)	(17.0, 0.0)	(18.0, 0.0)	(19.0, 0.0)	(20.0, 0.0)	(21.0, 0.0)	(22.0, 0.0)	(23.0, 0.0)	(24.0, 0.0)	(25.0, 0.0)	(26.0, 0.0)	(27.0, 0.0)	(28.0, 0.0)	(29.0, 0.0)	(30.0, 0.0)	(31.0, 0.0)	(32.0, 0.0)	(33.0, 0.0006431116313171593)	(34.0, 0.0006431116313171593)	(35.0, 0.0006431116313171593)	(36.0, 0.003858669787902955)	(37.0, 0.007074227944488753)	(38.0, 0.010289786101074545)	(39.0, 0.03858669787902955)	(40.0, 0.1440570054150437)	(41.0, 0.1723539171929983)	(42.0, 0.2591739874208141)	(43.0, 0.730574813176285)	(44.0, 0.4810475002252404)	(45.0, 0.400015434679276)	(46.0, 0.4250967883006459)	(47.0, 0.6193165009584228)	(48.0, 4.078613965813123)	(49.0, 44.03899828931421)	(50.0, 16.208985555712665)	(51.0, 11.057661388865805)	(52.0, 10.722600228949869)	(53.0, 2.9544548342708965)	(54.0, 2.6759874979106297)	(55.0, 2.8393378522651513)	(56.0, 1.311947727887019)	(57.0, 0.4411745790835754)	(58.0, 0.16978147066772972)	(59.0, 0.07009916781357031)	(60.0, 0.03537113972244376)	(61.0, 0.047590260717469746)	(62.0, 0.018650237308197617)	(63.0, 0.010289786101074545)	(64.0, 0.00836045120712307)	(65.0, 0.005788004681854433)	(66.0, 0.005144893050537274)	(67.0, 0.0019293348939514777)	(68.0, 0.0019293348939514777)	(69.0, 0.0006431116313171593)	(70.0, 0.0)	(71.0, 0.0)	(72.0, 0.0)	(73.0, 0.0)	(74.0, 0.0)	(75.0, 0.0006431116313171593)	(76.0, 0.0006431116313171593)	(77.0, 0.0)	(78.0, 0.0)	(79.0, 0.0)	(80.0, 0.0)	(81.0, 0.0)	(82.0, 0.0)	(83.0, 0.0)	(84.0, 0.0)	(85.0, 0.0)	(86.0, 0.0)	(87.0, 0.0)	(88.0, 0.0)	(89.0, 0.0)	(90.0, 0.0)	(91.0, 0.0)	(92.0, 0.0)	(93.0, 0.0)	(94.0, 0.0)	(95.0, 0.0)	(96.0, 0.0)	(97.0, 0.0)	(98.0, 0.0)	(99.0, 0.0)	(100.0, 0.0)
SRR8438081_2	(0.0, 0.0)	(1.0, 0.0)	(2.0, 0.0)	(3.0, 0.0)	(4.0, 0.0)	(5.0, 0.0)	(6.0, 0.0)	(7.0, 0.0)	(8.0, 0.0)	(9.0, 0.0)	(10.0, 0.0)	(11.0, 0.0)	(12.0, 0.0)	(13.0, 0.0)	(14.0, 0.0)	(15.0, 0.0)	(16.0, 0.0)	(17.0, 0.0)	(18.0, 0.0)	(19.0, 0.0)	(20.0, 0.0)	(21.0, 0.0)	(22.0, 0.0)	(23.0, 0.0)	(24.0, 0.0)	(25.0, 0.0)	(26.0, 0.0)	(27.0, 0.0)	(28.0, 0.0)	(29.0, 0.0)	(30.0, 0.0)	(31.0, 0.0)	(32.0, 0.0)	(33.0, 0.0)	(34.0, 0.0)	(35.0, 0.0)	(36.0, 0.0011176774662250996)	(37.0, 0.005029548598012948)	(38.0, 0.01341212959470119)	(39.0, 0.05420735711191726)	(40.0, 0.10506168182515965)	(41.0, 0.12294452128476102)	(42.0, 0.1791078139625715)	(43.0, 0.2528745267334287)	(44.0, 0.547661958450297)	(45.0, 0.41130530757084105)	(46.0, 0.3478771113625648)	(47.0, 0.43785014739368716)	(48.0, 1.064308367212855)	(49.0, 23.94512203642011)	(50.0, 34.11794291461663)	(51.0, 8.746664431310611)	(52.0, 8.649426491749116)	(53.0, 9.105159478601987)	(54.0, 3.392151109992874)	(55.0, 2.1247048632938994)	(56.0, 2.001201503276054)	(57.0, 1.7117230395238177)	(58.0, 1.1076183690290824)	(59.0, 0.5979574444304236)	(60.0, 0.3548625955264719)	(61.0, 0.2090056861840925)	(62.0, 0.12517987621721122)	(63.0, 0.08662000363244537)	(64.0, 0.0609134219092679)	(65.0, 0.03632451765231572)	(66.0, 0.02626542045628986)	(67.0, 0.01229445212847609)	(68.0, 0.01229445212847609)	(69.0, 0.006706064797350598)	(70.0, 0.006706064797350598)	(71.0, 0.0022353549324501992)	(72.0, 0.0033530323986752987)	(73.0, 0.0022353549324501992)	(74.0, 0.0011176774662250996)	(75.0, 0.0)	(76.0, 0.0005588387331125498)	(77.0, 0.0011176774662250996)	(78.0, 0.0022353549324501992)	(79.0, 0.0011176774662250996)	(80.0, 0.0005588387331125498)	(81.0, 0.0005588387331125498)	(82.0, 0.0011176774662250996)	(83.0, 0.0005588387331125498)	(84.0, 0.0)	(85.0, 0.0011176774662250996)	(86.0, 0.0005588387331125498)	(87.0, 0.0)	(88.0, 0.0)	(89.0, 0.0)	(90.0, 0.0)	(91.0, 0.0)	(92.0, 0.0)	(93.0, 0.0)	(94.0, 0.0005588387331125498)	(95.0, 0.0)	(96.0, 0.0)	(97.0, 0.0005588387331125498)	(98.0, 0.0)	(99.0, 0.0)	(100.0, 0.0008382580996688248)
SRR8438082	(0.0, 0.0)	(1.0, 0.0)	(2.0, 0.0)	(3.0, 0.0)	(4.0, 0.0)	(5.0, 0.0)	(6.0, 0.0)	(7.0, 0.0)	(8.0, 0.0)	(9.0, 0.0)	(10.0, 0.0)	(11.0, 0.0)	(12.0, 0.0)	(13.0, 0.0)	(14.0, 0.0)	(15.0, 0.0)	(16.0, 0.0)	(17.0, 0.0)	(18.0, 0.0)	(19.0, 0.0)	(20.0, 0.0)	(21.0, 0.0)	(22.0, 0.0)	(23.0, 0.0)	(24.0, 0.0)	(25.0, 0.0)	(26.0, 0.0)	(27.0, 0.0)	(28.0, 0.0)	(29.0, 0.0)	(30.0, 0.0)	(31.0, 0.0)	(32.0, 0.0)	(33.0, 0.0)	(34.0, 0.0)	(35.0, 0.0)	(36.0, 0.0)	(37.0, 0.0)	(38.0, 0.0)	(39.0, 0.0)	(40.0, 0.0)	(41.0, 3.225806451612903)	(42.0, 3.225806451612903)	(43.0, 0.0)	(44.0, 3.225806451612903)	(45.0, 3.225806451612903)	(46.0, 9.67741935483871)	(47.0, 16.129032258064516)	(48.0, 22.58064516129032)	(49.0, 12.903225806451612)	(50.0, 16.129032258064516)	(51.0, 9.67741935483871)	(52.0, 0.0)	(53.0, 0.0)	(54.0, 0.0)	(55.0, 0.0)	(56.0, 0.0)	(57.0, 0.0)	(58.0, 0.0)	(59.0, 0.0)	(60.0, 0.0)	(61.0, 0.0)	(62.0, 0.0)	(63.0, 0.0)	(64.0, 0.0)	(65.0, 0.0)	(66.0, 0.0)	(67.0, 0.0)	(68.0, 0.0)	(69.0, 0.0)	(70.0, 0.0)	(71.0, 0.0)	(72.0, 0.0)	(73.0, 0.0)	(74.0, 0.0)	(75.0, 0.0)	(76.0, 0.0)	(77.0, 0.0)	(78.0, 0.0)	(79.0, 0.0)	(80.0, 0.0)	(81.0, 0.0)	(82.0, 0.0)	(83.0, 0.0)	(84.0, 0.0)	(85.0, 0.0)	(86.0, 0.0)	(87.0, 0.0)	(88.0, 0.0)	(89.0, 0.0)	(90.0, 0.0)	(91.0, 0.0)	(92.0, 0.0)	(93.0, 0.0)	(94.0, 0.0)	(95.0, 0.0)	(96.0, 0.0)	(97.0, 0.0)	(98.0, 0.0)	(99.0, 0.0)	(100.0, 0.0)
SRR8438082_1	(0.0, 0.0)	(1.0, 0.0)	(2.0, 0.0)	(3.0, 0.0)	(4.0, 0.0)	(5.0, 0.0)	(6.0, 0.0)	(7.0, 0.0)	(8.0, 0.0)	(9.0, 0.0)	(10.0, 0.0)	(11.0, 0.0)	(12.0, 0.0)	(13.0, 0.0)	(14.0, 0.0)	(15.0, 0.0)	(16.0, 0.0)	(17.0, 0.0)	(18.0, 0.0)	(19.0, 0.0)	(20.0, 0.0)	(21.0, 0.0)	(22.0, 0.0)	(23.0, 0.0)	(24.0, 0.0)	(25.0, 0.0)	(26.0, 0.0)	(27.0, 0.0)	(28.0, 0.0)	(29.0, 0.0)	(30.0, 0.0)	(31.0, 0.0)	(32.0, 0.0)	(33.0, 0.0)	(34.0, 0.0)	(35.0, 0.0)	(36.0, 0.0015302531038638742)	(37.0, 0.004080674943636998)	(38.0, 0.008671434255228618)	(39.0, 0.328494332962781)	(40.0, 0.6478071473023633)	(41.0, 0.2142354345409418)	(42.0, 0.15863623843388772)	(43.0, 0.15812615406593308)	(44.0, 0.23412872489117273)	(45.0, 0.33257500790641814)	(46.0, 0.5049835242750765)	(47.0, 1.1395284780106545)	(48.0, 1.4996480417866604)	(49.0, 1.4338471583205064)	(50.0, 2.3071115962586703)	(51.0, 32.064923538356425)	(52.0, 37.433051426691364)	(53.0, 6.9039919202664075)	(54.0, 5.4528018934357085)	(55.0, 4.677983738512281)	(56.0, 2.7886312396077266)	(57.0, 0.9130510186387752)	(58.0, 0.4453036532243888)	(59.0, 0.16526733521729772)	(60.0, 0.059169786682736474)	(61.0, 0.023973965293867378)	(62.0, 0.0183630372463665)	(63.0, 0.008161349887273994)	(64.0, 0.05253868989932631)	(65.0, 0.014792446670684118)	(66.0, 0.002040337471818499)	(67.0, 0.0)	(68.0, 0.0005100843679546247)	(69.0, 0.0)	(70.0, 0.0010201687359092495)	(71.0, 0.0010201687359092495)	(72.0, 0.0)	(73.0, 0.0)	(74.0, 0.0)	(75.0, 0.0)	(76.0, 0.0)	(77.0, 0.0)	(78.0, 0.0)	(79.0, 0.0)	(80.0, 0.0)	(81.0, 0.0)	(82.0, 0.0)	(83.0, 0.0)	(84.0, 0.0)	(85.0, 0.0)	(86.0, 0.0)	(87.0, 0.0)	(88.0, 0.0)	(89.0, 0.0)	(90.0, 0.0)	(91.0, 0.0)	(92.0, 0.0)	(93.0, 0.0)	(94.0, 0.0)	(95.0, 0.0)	(96.0, 0.0)	(97.0, 0.0)	(98.0, 0.0)	(99.0, 0.0)	(100.0, 0.0)
SRR8438082_2	(0.0, 0.0)	(1.0, 0.0)	(2.0, 0.0)	(3.0, 0.0)	(4.0, 0.0)	(5.0, 0.0)	(6.0, 0.0)	(7.0, 0.0)	(8.0, 0.0)	(9.0, 0.0)	(10.0, 0.0)	(11.0, 0.0)	(12.0, 0.0)	(13.0, 0.0)	(14.0, 0.0)	(15.0, 0.0)	(16.0, 0.0)	(17.0, 0.0)	(18.0, 0.0)	(19.0, 0.0)	(20.0, 0.0)	(21.0, 0.0)	(22.0, 0.0)	(23.0, 0.0)	(24.0, 0.0)	(25.0, 0.0)	(26.0, 0.0)	(27.0, 0.0005316985375631943)	(28.0, 0.0)	(29.0, 0.0)	(30.0, 0.0)	(31.0, 0.0)	(32.0, 0.0)	(33.0, 0.0)	(34.0, 0.0005316985375631943)	(35.0, 0.0)	(36.0, 0.0)	(37.0, 0.006912080988321526)	(38.0, 0.05955023620707775)	(39.0, 0.4559314959604411)	(40.0, 0.40435673781681386)	(41.0, 0.18476524180320916)	(42.0, 0.17678976373976135)	(43.0, 0.1329246343907984)	(44.0, 0.19991865012375995)	(45.0, 0.38601313827088307)	(46.0, 0.35783311578003296)	(47.0, 0.46497037109901485)	(48.0, 1.0291025194535683)	(49.0, 2.4995148250844537)	(50.0, 3.014199009445509)	(51.0, 2.669126658567074)	(52.0, 27.528160083810764)	(53.0, 35.94016264656746)	(54.0, 9.403620335341232)	(55.0, 5.408969222631053)	(56.0, 3.649047063296079)	(57.0, 2.4144430590743617)	(58.0, 1.5206578174307972)	(59.0, 0.7879772326686371)	(60.0, 0.4551339481540963)	(61.0, 0.26638096731916094)	(62.0, 0.15047068613038359)	(63.0, 0.1010227221370072)	(64.0, 0.08666686162280085)	(65.0, 0.0728426996461577)	(66.0, 0.07177930257103131)	(67.0, 0.03721889762942358)	(68.0, 0.020204544427401393)	(69.0, 0.01488755905176944)	(70.0, 0.009570573676137496)	(71.0, 0.00372188976294236)	(72.0, 0.0015950956126895832)	(73.0, 0.0026584926878159714)	(74.0, 0.0015950956126895832)	(75.0, 0.0005316985375631943)	(76.0, 0.0010633970751263886)	(77.0, 0.0)	(78.0, 0.0005316985375631943)	(79.0, 0.0005316985375631943)	(80.0, 0.0)	(81.0, 0.0)	(82.0, 0.0005316985375631943)	(83.0, 0.0010633970751263886)	(84.0, 0.0005316985375631943)	(85.0, 0.0)	(86.0, 0.0)	(87.0, 0.0005316985375631943)	(88.0, 0.0005316985375631943)	(89.0, 0.0)	(90.0, 0.0005316985375631943)	(91.0, 0.0)	(92.0, 0.0)	(93.0, 0.0)	(94.0, 0.0)	(95.0, 0.0005316985375631943)	(96.0, 0.0005316985375631943)	(97.0, 0.0)	(98.0, 0.0)	(99.0, 0.0)	(100.0, 0.0007975478063447916)
SRR8438083	(0.0, 0.0)	(1.0, 0.0)	(2.0, 0.0)	(3.0, 0.0)	(4.0, 0.0)	(5.0, 0.0)	(6.0, 0.0)	(7.0, 0.0)	(8.0, 0.0)	(9.0, 0.0)	(10.0, 0.0)	(11.0, 0.0)	(12.0, 0.0)	(13.0, 0.0)	(14.0, 0.0)	(15.0, 0.0)	(16.0, 0.0)	(17.0, 0.0)	(18.0, 0.0)	(19.0, 0.0)	(20.0, 0.0)	(21.0, 0.0)	(22.0, 0.0)	(23.0, 0.0)	(24.0, 0.0)	(25.0, 0.0)	(26.0, 0.0)	(27.0, 0.0)	(28.0, 0.0)	(29.0, 0.0)	(30.0, 0.0)	(31.0, 0.0)	(32.0, 0.0)	(33.0, 0.0)	(34.0, 0.0)	(35.0, 0.0)	(36.0, 0.0)	(37.0, 0.0)	(38.0, 0.0)	(39.0, 0.0)	(40.0, 0.0)	(41.0, 0.0)	(42.0, 2.564102564102564)	(43.0, 5.128205128205128)	(44.0, 10.256410256410255)	(45.0, 10.256410256410255)	(46.0, 5.128205128205128)	(47.0, 10.256410256410255)	(48.0, 23.076923076923077)	(49.0, 17.948717948717945)	(50.0, 7.6923076923076925)	(51.0, 7.6923076923076925)	(52.0, 0.0)	(53.0, 0.0)	(54.0, 0.0)	(55.0, 0.0)	(56.0, 0.0)	(57.0, 0.0)	(58.0, 0.0)	(59.0, 0.0)	(60.0, 0.0)	(61.0, 0.0)	(62.0, 0.0)	(63.0, 0.0)	(64.0, 0.0)	(65.0, 0.0)	(66.0, 0.0)	(67.0, 0.0)	(68.0, 0.0)	(69.0, 0.0)	(70.0, 0.0)	(71.0, 0.0)	(72.0, 0.0)	(73.0, 0.0)	(74.0, 0.0)	(75.0, 0.0)	(76.0, 0.0)	(77.0, 0.0)	(78.0, 0.0)	(79.0, 0.0)	(80.0, 0.0)	(81.0, 0.0)	(82.0, 0.0)	(83.0, 0.0)	(84.0, 0.0)	(85.0, 0.0)	(86.0, 0.0)	(87.0, 0.0)	(88.0, 0.0)	(89.0, 0.0)	(90.0, 0.0)	(91.0, 0.0)	(92.0, 0.0)	(93.0, 0.0)	(94.0, 0.0)	(95.0, 0.0)	(96.0, 0.0)	(97.0, 0.0)	(98.0, 0.0)	(99.0, 0.0)	(100.0, 0.0)
SRR8438083_1	(0.0, 0.0)	(1.0, 0.0)	(2.0, 0.0)	(3.0, 0.0)	(4.0, 0.0)	(5.0, 0.0)	(6.0, 0.0)	(7.0, 0.0)	(8.0, 0.0)	(9.0, 0.0)	(10.0, 0.0)	(11.0, 0.0)	(12.0, 0.00047519708799274786)	(13.0, 0.0)	(14.0, 0.0)	(15.0, 0.0)	(16.0, 0.0)	(17.0, 0.0)	(18.0, 0.0)	(19.0, 0.0)	(20.0, 0.0)	(21.0, 0.0)	(22.0, 0.0)	(23.0, 0.0)	(24.0, 0.0)	(25.0, 0.0)	(26.0, 0.0)	(27.0, 0.0)	(28.0, 0.0)	(29.0, 0.0)	(30.0, 0.0)	(31.0, 0.0)	(32.0, 0.0)	(33.0, 0.0)	(34.0, 0.00047519708799274786)	(35.0, 0.0033263796159492347)	(36.0, 0.0033263796159492347)	(37.0, 0.0033263796159492347)	(38.0, 0.004751970879927479)	(39.0, 0.019483080607702673)	(40.0, 0.05179648259120949)	(41.0, 0.06130042435106452)	(42.0, 0.07888271660679631)	(43.0, 0.09836579721449895)	(44.0, 0.12592722831807793)	(45.0, 0.15729023612559886)	(46.0, 0.16299260118151176)	(47.0, 0.1511126739816932)	(48.0, 0.1487366885417295)	(49.0, 0.175347725469323)	(50.0, 0.20528514201286668)	(51.0, 0.8700858681147206)	(52.0, 1.0459087906720572)	(53.0, 1.0734702217756398)	(54.0, 42.68980559686316)	(55.0, 48.861665375713955)	(56.0, 3.099235407888518)	(57.0, 0.576889264823188)	(58.0, 0.17962449926125768)	(59.0, 0.06937877484694129)	(60.0, 0.033263796159492334)	(61.0, 0.017582292255731678)	(62.0, 0.012355124287811442)	(63.0, 0.006177562143905722)	(64.0, 0.009503941759854953)	(65.0, 0.0019007883519709915)	(66.0, 0.00047519708799274786)	(67.0, 0.00047519708799274786)	(68.0, 0.0)	(69.0, 0.0)	(70.0, 0.0)	(71.0, 0.0)	(72.0, 0.0)	(73.0, 0.0)	(74.0, 0.0)	(75.0, 0.0)	(76.0, 0.0)	(77.0, 0.0)	(78.0, 0.0)	(79.0, 0.0)	(80.0, 0.0)	(81.0, 0.0)	(82.0, 0.0)	(83.0, 0.0)	(84.0, 0.0)	(85.0, 0.0)	(86.0, 0.0)	(87.0, 0.0)	(88.0, 0.0)	(89.0, 0.0)	(90.0, 0.0)	(91.0, 0.0)	(92.0, 0.0)	(93.0, 0.0)	(94.0, 0.0)	(95.0, 0.0)	(96.0, 0.0)	(97.0, 0.0)	(98.0, 0.0)	(99.0, 0.0)	(100.0, 0.0)
SRR8438083_2	(0.0, 0.0)	(1.0, 0.0)	(2.0, 0.0)	(3.0, 0.0)	(4.0, 0.0)	(5.0, 0.0)	(6.0, 0.0)	(7.0, 0.0)	(8.0, 0.0)	(9.0, 0.0)	(10.0, 0.0)	(11.0, 0.0)	(12.0, 0.0)	(13.0, 0.0)	(14.0, 0.0)	(15.0, 0.0)	(16.0, 0.0)	(17.0, 0.0)	(18.0, 0.0)	(19.0, 0.0)	(20.0, 0.0)	(21.0, 0.0)	(22.0, 0.0)	(23.0, 0.0)	(24.0, 0.0)	(25.0, 0.0)	(26.0, 0.0)	(27.0, 0.0)	(28.0, 0.0)	(29.0, 0.0)	(30.0, 0.0)	(31.0, 0.0)	(32.0, 0.0)	(33.0, 0.0)	(34.0, 0.00233509827844943)	(35.0, 0.00467019655689886)	(36.0, 0.0017513237088370725)	(37.0, 0.001167549139224715)	(38.0, 0.00496208384170504)	(39.0, 0.01692946251875837)	(40.0, 0.036777797885578514)	(41.0, 0.06217199166371602)	(42.0, 0.07530691947999418)	(43.0, 0.10274432425177518)	(44.0, 0.1298898417387496)	(45.0, 0.1450679805486707)	(46.0, 0.15820290836494855)	(47.0, 0.15178138809921268)	(48.0, 0.13981400942215955)	(49.0, 0.1821376657190549)	(50.0, 0.3143626057362558)	(51.0, 0.295973706793466)	(52.0, 0.9299528893924689)	(53.0, 1.430247695550316)	(54.0, 6.004705223033483)	(55.0, 47.33536097697106)	(56.0, 27.43623722266017)	(57.0, 8.081775141713957)	(58.0, 3.085248600401097)	(59.0, 1.4022265162089198)	(60.0, 0.8353814091152668)	(61.0, 0.5271484363599594)	(62.0, 0.3479296434889673)	(63.0, 0.2446015446675771)	(64.0, 0.15528403551688677)	(65.0, 0.11266849193518529)	(66.0, 0.09223638199875266)	(67.0, 0.059545006100460415)	(68.0, 0.03502647417674144)	(69.0, 0.017513237088370725)	(70.0, 0.01109171682263479)	(71.0, 0.00875661854418536)	(72.0, 0.004086421987286502)	(73.0, 0.004086421987286502)	(74.0, 0.0029188728480617878)	(75.0, 0.00233509827844943)	(76.0, 0.0)	(77.0, 0.0005837745696123575)	(78.0, 0.001167549139224715)	(79.0, 0.0005837745696123575)	(80.0, 0.001167549139224715)	(81.0, 0.001167549139224715)	(82.0, 0.0)	(83.0, 0.0)	(84.0, 0.0005837745696123575)	(85.0, 0.0005837745696123575)	(86.0, 0.0005837745696123575)	(87.0, 0.0)	(88.0, 0.0)	(89.0, 0.0)	(90.0, 0.0)	(91.0, 0.0)	(92.0, 0.0005837745696123575)	(93.0, 0.0005837745696123575)	(94.0, 0.0)	(95.0, 0.0)	(96.0, 0.0)	(97.0, 0.0)	(98.0, 0.0)	(99.0, 0.0)	(100.0, 0.0)
SRR8438084_1	(0.0, 0.0)	(1.0, 0.0)	(2.0, 0.0)	(3.0, 0.0)	(4.0, 0.0)	(5.0, 0.0)	(6.0, 0.0)	(7.0, 0.0)	(8.0, 0.0)	(9.0, 0.0)	(10.0, 0.0)	(11.0, 0.0)	(12.0, 0.0)	(13.0, 0.0)	(14.0, 0.0)	(15.0, 0.0)	(16.0, 0.0)	(17.0, 0.0)	(18.0, 0.0)	(19.0, 0.0)	(20.0, 0.0)	(21.0, 0.0)	(22.0, 0.0)	(23.0, 0.0)	(24.0, 0.0)	(25.0, 0.0)	(26.0, 0.0)	(27.0, 0.0)	(28.0, 0.0041738840077634705)	(29.0, 0.0020869420038817353)	(30.0, 0.0020869420038817353)	(31.0, 0.0041738840077634705)	(32.0, 0.0041738840077634705)	(33.0, 0.008347768015526941)	(34.0, 0.029217188054344295)	(35.0, 0.03756495606987122)	(36.0, 0.09599933217855988)	(37.0, 0.15860759229501176)	(38.0, 0.4194753427802296)	(39.0, 0.8702548156186809)	(40.0, 1.1165139720767328)	(41.0, 1.3773817225619571)	(42.0, 1.8824216875013275)	(43.0, 2.5168520566813393)	(44.0, 2.5168520566813393)	(45.0, 2.854936661310161)	(46.0, 2.950935993488715)	(47.0, 2.8799799653567404)	(48.0, 2.7171984890539744)	(49.0, 3.560323058622208)	(50.0, 2.5043304046580492)	(51.0, 4.217709789845029)	(52.0, 18.077091637624815)	(53.0, 13.725817559529416)	(54.0, 5.058747417409464)	(55.0, 9.62080263789436)	(56.0, 12.659390195545475)	(57.0, 4.693532566730118)	(58.0, 1.2500782603251677)	(59.0, 1.458772460713347)	(60.0, 0.32973683661331477)	(61.0, 0.08973850616691467)	(62.0, 0.03965189807375296)	(63.0, 0.035478014065989494)	(64.0, 0.08765156416303294)	(65.0, 0.07721685414362424)	(66.0, 0.02713024605046256)	(67.0, 0.010434710019408676)	(68.0, 0.014608594027172147)	(69.0, 0.008347768015526941)	(70.0, 0.0020869420038817353)	(71.0, 0.0020869420038817353)	(72.0, 0.0)	(73.0, 0.0)	(74.0, 0.0)	(75.0, 0.0)	(76.0, 0.0)	(77.0, 0.0)	(78.0, 0.0)	(79.0, 0.0)	(80.0, 0.0)	(81.0, 0.0)	(82.0, 0.0)	(83.0, 0.0)	(84.0, 0.0)	(85.0, 0.0)	(86.0, 0.0)	(87.0, 0.0)	(88.0, 0.0)	(89.0, 0.0)	(90.0, 0.0)	(91.0, 0.0)	(92.0, 0.0)	(93.0, 0.0)	(94.0, 0.0)	(95.0, 0.0)	(96.0, 0.0)	(97.0, 0.0)	(98.0, 0.0)	(99.0, 0.0)	(100.0, 0.0)
SRR8438084_2	(0.0, 0.0)	(1.0, 0.0)	(2.0, 0.0)	(3.0, 0.0)	(4.0, 0.0)	(5.0, 0.0)	(6.0, 0.0)	(7.0, 0.0)	(8.0, 0.0)	(9.0, 0.0)	(10.0, 0.0)	(11.0, 0.0)	(12.0, 0.0)	(13.0, 0.0)	(14.0, 0.0)	(15.0, 0.0)	(16.0, 0.0)	(17.0, 0.0)	(18.0, 0.0)	(19.0, 0.0)	(20.0, 0.0)	(21.0, 0.0)	(22.0, 0.0)	(23.0, 0.0)	(24.0, 0.0)	(25.0, 0.0)	(26.0, 0.0)	(27.0, 0.0)	(28.0, 0.0)	(29.0, 0.0)	(30.0, 0.0)	(31.0, 0.0)	(32.0, 0.0)	(33.0, 0.00415385893495065)	(34.0, 0.01246157680485195)	(35.0, 0.014538506272327275)	(36.0, 0.010384647337376625)	(37.0, 0.07061560189416108)	(38.0, 0.13084655645094542)	(39.0, 0.06438481349173508)	(40.0, 0.224308382487335)	(41.0, 0.4423859765722447)	(42.0, 0.343731826867167)	(43.0, 0.7321176372850485)	(44.0, 0.8494641521974048)	(45.0, 1.131926559774057)	(46.0, 1.4704660629725446)	(47.0, 1.4580044861676924)	(48.0, 1.7986209188336382)	(49.0, 3.418625903464338)	(50.0, 4.9493229209938265)	(51.0, 5.8382487330733674)	(52.0, 15.265431585943617)	(53.0, 11.819805599401127)	(54.0, 7.595331062557277)	(55.0, 10.359724183766305)	(56.0, 13.462656808174215)	(57.0, 6.9784830107172455)	(58.0, 3.819473290687122)	(59.0, 2.988701503696932)	(60.0, 1.7757746946914108)	(61.0, 0.9533106255711741)	(62.0, 0.5441555204785342)	(63.0, 0.40915510509263997)	(64.0, 0.2596161834344158)	(65.0, 0.1723851458004518)	(66.0, 0.1391542743208467)	(67.0, 0.13084655645094542)	(68.0, 0.11215419124366759)	(69.0, 0.10176954390629098)	(70.0, 0.06230788402425975)	(71.0, 0.045692448284457135)	(72.0, 0.01246157680485195)	(73.0, 0.0083077178699013)	(74.0, 0.00415385893495065)	(75.0, 0.002076929467475325)	(76.0, 0.002076929467475325)	(77.0, 0.002076929467475325)	(78.0, 0.0)	(79.0, 0.002076929467475325)	(80.0, 0.0)	(81.0, 0.0)	(82.0, 0.0)	(83.0, 0.0)	(84.0, 0.0)	(85.0, 0.0)	(86.0, 0.0)	(87.0, 0.0)	(88.0, 0.00415385893495065)	(89.0, 0.002076929467475325)	(90.0, 0.0)	(91.0, 0.0)	(92.0, 0.0)	(93.0, 0.0)	(94.0, 0.0)	(95.0, 0.0)	(96.0, 0.0)	(97.0, 0.0)	(98.0, 0.0)	(99.0, 0.0)	(100.0, 0.0)
SRR8438085	(0.0, 0.0)	(1.0, 0.0)	(2.0, 0.0)	(3.0, 0.0)	(4.0, 0.0)	(5.0, 0.0)	(6.0, 0.0)	(7.0, 0.0)	(8.0, 0.0)	(9.0, 0.0)	(10.0, 0.0)	(11.0, 0.0)	(12.0, 0.0)	(13.0, 0.0)	(14.0, 0.0)	(15.0, 0.0)	(16.0, 0.0)	(17.0, 0.0)	(18.0, 0.0)	(19.0, 0.0)	(20.0, 0.0)	(21.0, 0.0)	(22.0, 0.0)	(23.0, 0.0)	(24.0, 0.0)	(25.0, 0.0)	(26.0, 0.0)	(27.0, 0.0)	(28.0, 0.0)	(29.0, 0.0)	(30.0, 0.0)	(31.0, 0.0)	(32.0, 0.0)	(33.0, 0.0)	(34.0, 0.0)	(35.0, 0.0)	(36.0, 0.0)	(37.0, 0.0)	(38.0, 0.0)	(39.0, 0.0)	(40.0, 0.0)	(41.0, 0.0)	(42.0, 0.0)	(43.0, 33.33333333333333)	(44.0, 33.33333333333333)	(45.0, 33.33333333333333)	(46.0, 0.0)	(47.0, 0.0)	(48.0, 0.0)	(49.0, 0.0)	(50.0, 0.0)	(51.0, 0.0)	(52.0, 0.0)	(53.0, 0.0)	(54.0, 0.0)	(55.0, 0.0)	(56.0, 0.0)	(57.0, 0.0)	(58.0, 0.0)	(59.0, 0.0)	(60.0, 0.0)	(61.0, 0.0)	(62.0, 0.0)	(63.0, 0.0)	(64.0, 0.0)	(65.0, 0.0)	(66.0, 0.0)	(67.0, 0.0)	(68.0, 0.0)	(69.0, 0.0)	(70.0, 0.0)	(71.0, 0.0)	(72.0, 0.0)	(73.0, 0.0)	(74.0, 0.0)	(75.0, 0.0)	(76.0, 0.0)	(77.0, 0.0)	(78.0, 0.0)	(79.0, 0.0)	(80.0, 0.0)	(81.0, 0.0)	(82.0, 0.0)	(83.0, 0.0)	(84.0, 0.0)	(85.0, 0.0)	(86.0, 0.0)	(87.0, 0.0)	(88.0, 0.0)	(89.0, 0.0)	(90.0, 0.0)	(91.0, 0.0)	(92.0, 0.0)	(93.0, 0.0)	(94.0, 0.0)	(95.0, 0.0)	(96.0, 0.0)	(97.0, 0.0)	(98.0, 0.0)	(99.0, 0.0)	(100.0, 0.0)
SRR8438085_1	(0.0, 0.0)	(1.0, 0.0)	(2.0, 0.0)	(3.0, 0.0)	(4.0, 0.0)	(5.0, 0.0)	(6.0, 0.0)	(7.0, 0.0)	(8.0, 0.0)	(9.0, 0.0)	(10.0, 0.0)	(11.0, 0.0)	(12.0, 0.0)	(13.0, 0.0)	(14.0, 0.0)	(15.0, 0.0)	(16.0, 0.0)	(17.0, 0.0)	(18.0, 0.0)	(19.0, 0.0)	(20.0, 0.0)	(21.0, 0.0)	(22.0, 0.0)	(23.0, 0.0)	(24.0, 0.004591789879695169)	(25.0, 0.006122386506260224)	(26.0, 0.006122386506260224)	(27.0, 0.0)	(28.0, 0.001530596626565056)	(29.0, 0.004591789879695169)	(30.0, 0.10867236048611893)	(31.0, 0.16989622554872116)	(32.0, 0.033673125784431227)	(33.0, 0.0872440077142082)	(34.0, 0.15459025928307052)	(35.0, 0.10408057060642376)	(36.0, 0.26938500627545053)	(37.0, 0.4300976520647796)	(38.0, 0.5755043315884579)	(39.0, 0.8341751614779593)	(40.0, 1.3591698043897729)	(41.0, 1.7663085070560545)	(42.0, 2.4106896868399166)	(43.0, 2.986194018428443)	(44.0, 3.405577494107316)	(45.0, 3.3336394526587507)	(46.0, 3.7453699452047977)	(47.0, 7.417271252333858)	(48.0, 10.238160835093185)	(49.0, 4.513729451740543)	(50.0, 4.4341384271591515)	(51.0, 8.005020356934706)	(52.0, 12.694768420731217)	(53.0, 6.746869929898517)	(54.0, 8.874399240823461)	(55.0, 6.56625952796388)	(56.0, 3.1790491933756626)	(57.0, 1.7387577677778852)	(58.0, 1.8413077417577381)	(59.0, 1.0377445128111176)	(60.0, 0.3749961735084384)	(61.0, 0.14693727615024518)	(62.0, 0.23265068723788895)	(63.0, 0.07193804144855769)	(64.0, 0.05204028530321192)	(65.0, 0.012244773012520449)	(66.0, 0.012244773012520449)	(67.0, 0.003061193253130112)	(68.0, 0.003061193253130112)	(69.0, 0.001530596626565056)	(70.0, 0.001530596626565056)	(71.0, 0.0)	(72.0, 0.0)	(73.0, 0.0)	(74.0, 0.0)	(75.0, 0.001530596626565056)	(76.0, 0.001530596626565056)	(77.0, 0.0)	(78.0, 0.0)	(79.0, 0.0)	(80.0, 0.0)	(81.0, 0.0)	(82.0, 0.0)	(83.0, 0.0)	(84.0, 0.0)	(85.0, 0.0)	(86.0, 0.0)	(87.0, 0.0)	(88.0, 0.0)	(89.0, 0.0)	(90.0, 0.0)	(91.0, 0.0)	(92.0, 0.0)	(93.0, 0.0)	(94.0, 0.0)	(95.0, 0.0)	(96.0, 0.0)	(97.0, 0.0)	(98.0, 0.0)	(99.0, 0.0)	(100.0, 0.0)
SRR8438085_2	(0.0, 0.0)	(1.0, 0.0)	(2.0, 0.0)	(3.0, 0.0)	(4.0, 0.0)	(5.0, 0.0)	(6.0, 0.0)	(7.0, 0.0)	(8.0, 0.0)	(9.0, 0.0)	(10.0, 0.0)	(11.0, 0.0)	(12.0, 0.0)	(13.0, 0.0)	(14.0, 0.0)	(15.0, 0.0)	(16.0, 0.0)	(17.0, 0.0)	(18.0, 0.0)	(19.0, 0.0)	(20.0, 0.0)	(21.0, 0.0)	(22.0, 0.0)	(23.0, 0.0)	(24.0, 0.0)	(25.0, 0.0)	(26.0, 0.0)	(27.0, 0.0)	(28.0, 0.007674125917058182)	(29.0, 0.11818153912269591)	(30.0, 0.1273904902231657)	(31.0, 0.03530097921846763)	(32.0, 0.01841790220093964)	(33.0, 0.036835804401879266)	(34.0, 0.05985818215305385)	(35.0, 0.08134573472081677)	(36.0, 0.036835804401879266)	(37.0, 0.03530097921846763)	(38.0, 0.12278601467293081)	(39.0, 0.12892531540657734)	(40.0, 0.1504128679743402)	(41.0, 0.1765048960923382)	(42.0, 0.2609202811799788)	(43.0, 0.4665868557571359)	(44.0, 0.7704822420726434)	(45.0, 1.0175890966019239)	(46.0, 1.6207753936826763)	(47.0, 2.56929735703105)	(48.0, 5.440955275194301)	(49.0, 9.967154741074555)	(50.0, 9.032446204376713)	(51.0, 7.126193326579894)	(52.0, 10.38462719096271)	(53.0, 13.697547349358235)	(54.0, 9.275715995947403)	(55.0, 6.369524511158129)	(56.0, 4.823955551462963)	(57.0, 3.6636277128036716)	(58.0, 3.029744912054593)	(59.0, 2.8471007152285877)	(60.0, 1.9615065844000406)	(61.0, 1.3368327347515399)	(62.0, 0.8932682567455777)	(63.0, 0.6584400036835907)	(64.0, 0.41133314915431773)	(65.0, 0.33919636553397187)	(66.0, 0.2685944070970371)	(67.0, 0.1458083924241053)	(68.0, 0.09055468582128655)	(69.0, 0.09822881173834472)	(70.0, 0.06139300733646549)	(71.0, 0.039905454768702546)	(72.0, 0.03376615403505599)	(73.0, 0.042975105135525826)	(74.0, 0.03376615403505599)	(75.0, 0.027626853301409453)	(76.0, 0.01381342665070473)	(77.0, 0.007674125917058182)	(78.0, 0.01381342665070473)	(79.0, 0.007674125917058182)	(80.0, 0.0015348251834116364)	(81.0, 0.003069650366823273)	(82.0, 0.0015348251834116364)	(83.0, 0.0015348251834116364)	(84.0, 0.0)	(85.0, 0.0)	(86.0, 0.0015348251834116364)	(87.0, 0.0)	(88.0, 0.0015348251834116364)	(89.0, 0.003069650366823273)	(90.0, 0.0)	(91.0, 0.0)	(92.0, 0.0)	(93.0, 0.0)	(94.0, 0.0)	(95.0, 0.0)	(96.0, 0.0)	(97.0, 0.0)	(98.0, 0.0)	(99.0, 0.0)	(100.0, 0.0)
SRR8438086	(0.0, 0.0)	(1.0, 0.0)	(2.0, 0.0)	(3.0, 0.0)	(4.0, 0.0)	(5.0, 0.0)	(6.0, 0.0)	(7.0, 0.0)	(8.0, 0.0)	(9.0, 0.0)	(10.0, 0.0)	(11.0, 0.0)	(12.0, 0.0)	(13.0, 0.0)	(14.0, 0.0)	(15.0, 0.0)	(16.0, 0.0)	(17.0, 0.0)	(18.0, 0.0)	(19.0, 0.0)	(20.0, 0.0)	(21.0, 0.0)	(22.0, 0.0)	(23.0, 0.0)	(24.0, 0.0)	(25.0, 0.0)	(26.0, 0.0)	(27.0, 0.0)	(28.0, 0.0)	(29.0, 0.0)	(30.0, 0.0)	(31.0, 0.0)	(32.0, 0.0)	(33.0, 0.0)	(34.0, 0.0)	(35.0, 0.0)	(36.0, 0.0)	(37.0, 0.0)	(38.0, 0.0)	(39.0, 0.0)	(40.0, 0.0)	(41.0, 0.0)	(42.0, 0.0)	(43.0, 0.0)	(44.0, 50.0)	(45.0, 50.0)	(46.0, 0.0)	(47.0, 0.0)	(48.0, 0.0)	(49.0, 0.0)	(50.0, 0.0)	(51.0, 0.0)	(52.0, 0.0)	(53.0, 0.0)	(54.0, 0.0)	(55.0, 0.0)	(56.0, 0.0)	(57.0, 0.0)	(58.0, 0.0)	(59.0, 0.0)	(60.0, 0.0)	(61.0, 0.0)	(62.0, 0.0)	(63.0, 0.0)	(64.0, 0.0)	(65.0, 0.0)	(66.0, 0.0)	(67.0, 0.0)	(68.0, 0.0)	(69.0, 0.0)	(70.0, 0.0)	(71.0, 0.0)	(72.0, 0.0)	(73.0, 0.0)	(74.0, 0.0)	(75.0, 0.0)	(76.0, 0.0)	(77.0, 0.0)	(78.0, 0.0)	(79.0, 0.0)	(80.0, 0.0)	(81.0, 0.0)	(82.0, 0.0)	(83.0, 0.0)	(84.0, 0.0)	(85.0, 0.0)	(86.0, 0.0)	(87.0, 0.0)	(88.0, 0.0)	(89.0, 0.0)	(90.0, 0.0)	(91.0, 0.0)	(92.0, 0.0)	(93.0, 0.0)	(94.0, 0.0)	(95.0, 0.0)	(96.0, 0.0)	(97.0, 0.0)	(98.0, 0.0)	(99.0, 0.0)	(100.0, 0.0)
SRR8438086_1	(0.0, 0.0)	(1.0, 0.0)	(2.0, 0.0)	(3.0, 0.0)	(4.0, 0.0)	(5.0, 0.0)	(6.0, 0.0)	(7.0, 0.0)	(8.0, 0.0)	(9.0, 0.0)	(10.0, 0.0)	(11.0, 0.0)	(12.0, 0.0)	(13.0, 0.0)	(14.0, 0.0)	(15.0, 0.0)	(16.0, 0.0)	(17.0, 0.0)	(18.0, 0.0)	(19.0, 0.0)	(20.0, 0.0)	(21.0, 0.0)	(22.0, 0.0)	(23.0, 0.0)	(24.0, 0.0)	(25.0, 0.0)	(26.0, 0.0)	(27.0, 0.0)	(28.0, 0.0)	(29.0, 0.0)	(30.0, 0.001999600079983956)	(31.0, 0.0)	(32.0, 0.0)	(33.0, 0.001999600079983956)	(34.0, 0.007998400319935824)	(35.0, 0.00999800039991978)	(36.0, 0.03799240151969515)	(37.0, 0.03799240151969515)	(38.0, 0.14197160567886077)	(39.0, 0.26194761047789844)	(40.0, 0.2859428114377061)	(41.0, 0.6258748250349758)	(42.0, 0.621875624875008)	(43.0, 1.1477704459107971)	(44.0, 1.7656468706258377)	(45.0, 1.9836032793440765)	(46.0, 2.181563687262477)	(47.0, 1.5596880623875018)	(48.0, 1.9576084783042864)	(49.0, 1.8096380723854821)	(50.0, 1.289742051589662)	(51.0, 4.611077784443108)	(52.0, 21.161767646473127)	(53.0, 14.151169766046188)	(54.0, 6.526694661067824)	(55.0, 9.492101579683355)	(56.0, 15.4309138172365)	(57.0, 9.030193961207168)	(58.0, 2.1595680863826545)	(59.0, 0.8798240351929394)	(60.0, 0.27994401119775414)	(61.0, 0.15796840631873238)	(62.0, 0.1759648070385879)	(63.0, 0.15796840631873238)	(64.0, 0.019996000799839563)	(65.0, 0.005998800239951869)	(66.0, 0.00999800039991978)	(67.0, 0.00999800039991978)	(68.0, 0.001999600079983956)	(69.0, 0.001999600079983956)	(70.0, 0.001999600079983956)	(71.0, 0.0)	(72.0, 0.0)	(73.0, 0.0)	(74.0, 0.001999600079983956)	(75.0, 0.0)	(76.0, 0.0)	(77.0, 0.0)	(78.0, 0.0)	(79.0, 0.0)	(80.0, 0.0)	(81.0, 0.0)	(82.0, 0.0)	(83.0, 0.0)	(84.0, 0.0)	(85.0, 0.0)	(86.0, 0.0)	(87.0, 0.0)	(88.0, 0.0)	(89.0, 0.0)	(90.0, 0.0)	(91.0, 0.0)	(92.0, 0.0)	(93.0, 0.0)	(94.0, 0.0)	(95.0, 0.0)	(96.0, 0.0)	(97.0, 0.0)	(98.0, 0.0)	(99.0, 0.0)	(100.0, 0.0)
SRR8438086_2	(0.0, 0.0)	(1.0, 0.0)	(2.0, 0.0)	(3.0, 0.0)	(4.0, 0.0)	(5.0, 0.0)	(6.0, 0.0)	(7.0, 0.0)	(8.0, 0.0)	(9.0, 0.0)	(10.0, 0.0)	(11.0, 0.0)	(12.0, 0.0)	(13.0, 0.0)	(14.0, 0.0)	(15.0, 0.0)	(16.0, 0.0)	(17.0, 0.0)	(18.0, 0.0)	(19.0, 0.0)	(20.0, 0.0)	(21.0, 0.0)	(22.0, 0.0)	(23.0, 0.0)	(24.0, 0.0)	(25.0, 0.0)	(26.0, 0.0)	(27.0, 0.0)	(28.0, 0.0)	(29.0, 0.0)	(30.0, 0.0)	(31.0, 0.0)	(32.0, 0.0)	(33.0, 0.0)	(34.0, 0.0040677690320744435)	(35.0, 0.0020338845160372218)	(36.0, 0.018304960644334994)	(37.0, 0.06101653548111665)	(38.0, 0.044745459352818866)	(39.0, 0.03254215225659554)	(40.0, 0.09152480322167503)	(41.0, 0.5430471657819371)	(42.0, 0.7871133077064005)	(43.0, 0.6142331238432388)	(44.0, 0.8176215754469597)	(45.0, 0.7179612341611358)	(46.0, 0.8603331502837427)	(47.0, 1.5864299225090492)	(48.0, 1.5213456179958584)	(49.0, 1.9850712876523222)	(50.0, 2.172188663127736)	(51.0, 3.471840868875506)	(52.0, 15.197185103830213)	(53.0, 11.979579799458216)	(54.0, 7.155205727419023)	(55.0, 9.921288669229016)	(56.0, 13.909736205178067)	(57.0, 8.646043077673967)	(58.0, 5.485386539752584)	(59.0, 3.4860780604877677)	(60.0, 2.4304919966644483)	(61.0, 1.7837167205646487)	(62.0, 1.3118555128440186)	(63.0, 0.9477901844733455)	(64.0, 0.7627066935139539)	(65.0, 0.520674436105528)	(66.0, 0.3457603677263285)	(67.0, 0.2766082941810624)	(68.0, 0.17491406837920087)	(69.0, 0.08338926515752614)	(70.0, 0.06101653548111665)	(71.0, 0.056948766449042204)	(72.0, 0.03864380580470721)	(73.0, 0.018304960644334994)	(74.0, 0.014237191612260551)	(75.0, 0.010169422580186108)	(76.0, 0.0020338845160372218)	(77.0, 0.0040677690320744435)	(78.0, 0.006101653548111666)	(79.0, 0.0040677690320744435)	(80.0, 0.0020338845160372218)	(81.0, 0.0040677690320744435)	(82.0, 0.006101653548111666)	(83.0, 0.0020338845160372218)	(84.0, 0.0020338845160372218)	(85.0, 0.0020338845160372218)	(86.0, 0.0040677690320744435)	(87.0, 0.0040677690320744435)	(88.0, 0.0)	(89.0, 0.0)	(90.0, 0.0)	(91.0, 0.0)	(92.0, 0.0020338845160372218)	(93.0, 0.0020338845160372218)	(94.0, 0.0)	(95.0, 0.0)	(96.0, 0.0020338845160372218)	(97.0, 0.0020338845160372218)	(98.0, 0.0)	(99.0, 0.0)	(100.0, 0.0)
SRR8438087	(0.0, 0.0)	(1.0, 0.0)	(2.0, 0.0)	(3.0, 0.0)	(4.0, 0.0)	(5.0, 0.0)	(6.0, 0.0)	(7.0, 0.0)	(8.0, 0.0)	(9.0, 0.0)	(10.0, 0.0)	(11.0, 0.0)	(12.0, 0.0)	(13.0, 0.0)	(14.0, 0.0)	(15.0, 0.0)	(16.0, 0.0)	(17.0, 0.0)	(18.0, 0.0)	(19.0, 0.0)	(20.0, 0.0)	(21.0, 0.0)	(22.0, 0.0)	(23.0, 0.0)	(24.0, 0.0)	(25.0, 0.0)	(26.0, 0.0)	(27.0, 0.0)	(28.0, 0.0)	(29.0, 0.0)	(30.0, 0.0)	(31.0, 0.0)	(32.0, 0.0)	(33.0, 0.0)	(34.0, 0.0)	(35.0, 0.0)	(36.0, 0.0)	(37.0, 0.0)	(38.0, 0.0)	(39.0, 0.0)	(40.0, 0.0)	(41.0, 0.0)	(42.0, 6.249999999999999)	(43.0, 12.499999999999998)	(44.0, 0.0)	(45.0, 12.499999999999998)	(46.0, 6.249999999999999)	(47.0, 12.499999999999998)	(48.0, 6.249999999999999)	(49.0, 6.249999999999999)	(50.0, 18.749999999999996)	(51.0, 12.499999999999998)	(52.0, 6.249999999999999)	(53.0, 0.0)	(54.0, 0.0)	(55.0, 0.0)	(56.0, 0.0)	(57.0, 0.0)	(58.0, 0.0)	(59.0, 0.0)	(60.0, 0.0)	(61.0, 0.0)	(62.0, 0.0)	(63.0, 0.0)	(64.0, 0.0)	(65.0, 0.0)	(66.0, 0.0)	(67.0, 0.0)	(68.0, 0.0)	(69.0, 0.0)	(70.0, 0.0)	(71.0, 0.0)	(72.0, 0.0)	(73.0, 0.0)	(74.0, 0.0)	(75.0, 0.0)	(76.0, 0.0)	(77.0, 0.0)	(78.0, 0.0)	(79.0, 0.0)	(80.0, 0.0)	(81.0, 0.0)	(82.0, 0.0)	(83.0, 0.0)	(84.0, 0.0)	(85.0, 0.0)	(86.0, 0.0)	(87.0, 0.0)	(88.0, 0.0)	(89.0, 0.0)	(90.0, 0.0)	(91.0, 0.0)	(92.0, 0.0)	(93.0, 0.0)	(94.0, 0.0)	(95.0, 0.0)	(96.0, 0.0)	(97.0, 0.0)	(98.0, 0.0)	(99.0, 0.0)	(100.0, 0.0)
SRR8438087_1	(0.0, 0.0)	(1.0, 0.0)	(2.0, 0.0)	(3.0, 0.0)	(4.0, 0.0)	(5.0, 0.0)	(6.0, 0.0)	(7.0, 0.0)	(8.0, 0.0)	(9.0, 0.0)	(10.0, 0.0)	(11.0, 0.0)	(12.0, 0.0)	(13.0, 0.0)	(14.0, 0.0)	(15.0, 0.0)	(16.0, 0.0)	(17.0, 0.0)	(18.0, 0.0)	(19.0, 0.0)	(20.0, 0.0)	(21.0, 0.0)	(22.0, 0.0)	(23.0, 0.0)	(24.0, 0.0)	(25.0, 0.0)	(26.0, 0.0)	(27.0, 0.0)	(28.0, 0.0006391900184086344)	(29.0, 0.0006391900184086344)	(30.0, 0.0006391900184086344)	(31.0, 0.0)	(32.0, 0.0006391900184086344)	(33.0, 0.0)	(34.0, 0.0025567600736345376)	(35.0, 0.009587850276129515)	(36.0, 0.016618940478624493)	(37.0, 0.030681120883614476)	(38.0, 0.051135201472690704)	(39.0, 0.0971568827981126)	(40.0, 0.4103599918183466)	(41.0, 0.31703824913068335)	(42.0, 0.35666803027201976)	(43.0, 0.5209398650030409)	(44.0, 0.6065913274697932)	(45.0, 0.6321589282061371)	(46.0, 0.7497698915933191)	(47.0, 1.0367662098587889)	(48.0, 0.9191552464715976)	(49.0, 1.0904581714051202)	(50.0, 1.741792800163593)	(51.0, 31.150925547167173)	(52.0, 41.81261505418586)	(53.0, 10.802950501123078)	(54.0, 4.056939046839305)	(55.0, 1.7654428308447152)	(56.0, 0.7555226017589965)	(57.0, 0.3943802413581303)	(58.0, 0.25887195745549596)	(59.0, 0.23586111679278482)	(60.0, 0.11633258335037179)	(61.0, 0.03259869093884037)	(62.0, 0.01342299038658132)	(63.0, 0.007670280220903614)	(64.0, 0.0025567600736345376)	(65.0, 0.0012783800368172688)	(66.0, 0.0)	(67.0, 0.0006391900184086344)	(68.0, 0.0)	(69.0, 0.0)	(70.0, 0.0)	(71.0, 0.0)	(72.0, 0.0)	(73.0, 0.0)	(74.0, 0.0)	(75.0, 0.0)	(76.0, 0.0)	(77.0, 0.0)	(78.0, 0.0)	(79.0, 0.0)	(80.0, 0.0)	(81.0, 0.0)	(82.0, 0.0)	(83.0, 0.0)	(84.0, 0.0)	(85.0, 0.0)	(86.0, 0.0)	(87.0, 0.0)	(88.0, 0.0)	(89.0, 0.0)	(90.0, 0.0)	(91.0, 0.0)	(92.0, 0.0)	(93.0, 0.0)	(94.0, 0.0)	(95.0, 0.0)	(96.0, 0.0)	(97.0, 0.0)	(98.0, 0.0)	(99.0, 0.0)	(100.0, 0.0)
SRR8438087_2	(0.0, 0.0)	(1.0, 0.0)	(2.0, 0.0)	(3.0, 0.0)	(4.0, 0.0)	(5.0, 0.0)	(6.0, 0.0)	(7.0, 0.0)	(8.0, 0.0)	(9.0, 0.0)	(10.0, 0.0)	(11.0, 0.0)	(12.0, 0.0)	(13.0, 0.0)	(14.0, 0.0)	(15.0, 0.0)	(16.0, 0.0)	(17.0, 0.0)	(18.0, 0.0)	(19.0, 0.0)	(20.0, 0.0)	(21.0, 0.0)	(22.0, 0.0)	(23.0, 0.0)	(24.0, 0.0)	(25.0, 0.0)	(26.0, 0.0)	(27.0, 0.0006516993059401872)	(28.0, 0.0)	(29.0, 0.0)	(30.0, 0.0006516993059401872)	(31.0, 0.0006516993059401872)	(32.0, 0.0)	(33.0, 0.0)	(34.0, 0.0)	(35.0, 0.0)	(36.0, 0.0)	(37.0, 0.0006516993059401872)	(38.0, 0.005865293753461684)	(39.0, 0.14011535077714035)	(40.0, 0.24047704389192773)	(41.0, 0.10362018964448995)	(42.0, 0.13685685424743949)	(43.0, 0.2007233862295769)	(44.0, 0.25025253348103044)	(45.0, 0.29391638697902417)	(46.0, 0.2587246244582531)	(47.0, 0.43109909087943754)	(48.0, 0.7566228941965483)	(49.0, 1.226823943432405)	(50.0, 1.369220241780352)	(51.0, 1.5516960474436252)	(52.0, 24.930756948752244)	(53.0, 38.3642347420872)	(54.0, 13.33572289745066)	(55.0, 6.484408094105626)	(56.0, 3.2813060054086423)	(57.0, 2.0854377790086707)	(58.0, 1.3698719410862923)	(59.0, 0.9905829450290622)	(60.0, 0.7201277330639)	(61.0, 0.46335820652347764)	(62.0, 0.315422464075051)	(63.0, 0.21897096679590186)	(64.0, 0.13359835771773856)	(65.0, 0.10101339242072917)	(66.0, 0.08081071393658325)	(67.0, 0.04757404933363362)	(68.0, 0.03975365766235141)	(69.0, 0.017595881260385048)	(70.0, 0.008472090977222433)	(71.0, 0.008472090977222433)	(72.0, 0.0032584965297009355)	(73.0, 0.005865293753461684)	(74.0, 0.0052135944475214975)	(75.0, 0.0013033986118803744)	(76.0, 0.0032584965297009355)	(77.0, 0.0013033986118803744)	(78.0, 0.0019550979178205616)	(79.0, 0.0019550979178205616)	(80.0, 0.0006516993059401872)	(81.0, 0.0)	(82.0, 0.0013033986118803744)	(83.0, 0.0013033986118803744)	(84.0, 0.0006516993059401872)	(85.0, 0.0006516993059401872)	(86.0, 0.0006516993059401872)	(87.0, 0.0)	(88.0, 0.0006516993059401872)	(89.0, 0.0)	(90.0, 0.0)	(91.0, 0.0)	(92.0, 0.0006516993059401872)	(93.0, 0.0006516993059401872)	(94.0, 0.0006516993059401872)	(95.0, 0.0013033986118803744)	(96.0, 0.0006516993059401872)	(97.0, 0.0)	(98.0, 0.0)	(99.0, 0.0)	(100.0, 0.0)
SRR8438088	(0.0, 0.0)	(1.0, 0.0)	(2.0, 0.0)	(3.0, 0.0)	(4.0, 0.0)	(5.0, 0.0)	(6.0, 0.0)	(7.0, 0.0)	(8.0, 0.0)	(9.0, 0.0)	(10.0, 0.0)	(11.0, 0.0)	(12.0, 0.0)	(13.0, 0.0)	(14.0, 0.0)	(15.0, 0.0)	(16.0, 0.0)	(17.0, 0.0)	(18.0, 0.0)	(19.0, 0.0)	(20.0, 0.0)	(21.0, 0.0)	(22.0, 0.0)	(23.0, 0.0)	(24.0, 0.0)	(25.0, 0.0)	(26.0, 0.0)	(27.0, 0.0)	(28.0, 0.0)	(29.0, 0.0)	(30.0, 0.0)	(31.0, 0.0)	(32.0, 0.0)	(33.0, 0.0)	(34.0, 0.0)	(35.0, 0.0)	(36.0, 0.0)	(37.0, 0.0)	(38.0, 0.0)	(39.0, 0.0)	(40.0, 0.0)	(41.0, 0.0)	(42.0, 0.0)	(43.0, 9.30232558139535)	(44.0, 9.30232558139535)	(45.0, 9.30232558139535)	(46.0, 13.953488372093023)	(47.0, 9.30232558139535)	(48.0, 16.279069767441857)	(49.0, 16.279069767441857)	(50.0, 6.976744186046512)	(51.0, 0.0)	(52.0, 4.651162790697675)	(53.0, 4.651162790697675)	(54.0, 0.0)	(55.0, 0.0)	(56.0, 0.0)	(57.0, 0.0)	(58.0, 0.0)	(59.0, 0.0)	(60.0, 0.0)	(61.0, 0.0)	(62.0, 0.0)	(63.0, 0.0)	(64.0, 0.0)	(65.0, 0.0)	(66.0, 0.0)	(67.0, 0.0)	(68.0, 0.0)	(69.0, 0.0)	(70.0, 0.0)	(71.0, 0.0)	(72.0, 0.0)	(73.0, 0.0)	(74.0, 0.0)	(75.0, 0.0)	(76.0, 0.0)	(77.0, 0.0)	(78.0, 0.0)	(79.0, 0.0)	(80.0, 0.0)	(81.0, 0.0)	(82.0, 0.0)	(83.0, 0.0)	(84.0, 0.0)	(85.0, 0.0)	(86.0, 0.0)	(87.0, 0.0)	(88.0, 0.0)	(89.0, 0.0)	(90.0, 0.0)	(91.0, 0.0)	(92.0, 0.0)	(93.0, 0.0)	(94.0, 0.0)	(95.0, 0.0)	(96.0, 0.0)	(97.0, 0.0)	(98.0, 0.0)	(99.0, 0.0)	(100.0, 0.0)
SRR8438088_1	(0.0, 0.0)	(1.0, 0.0)	(2.0, 0.0)	(3.0, 0.0)	(4.0, 0.0)	(5.0, 0.0)	(6.0, 0.0)	(7.0, 0.0)	(8.0, 0.0)	(9.0, 0.0)	(10.0, 0.0)	(11.0, 0.0)	(12.0, 0.0)	(13.0, 0.0)	(14.0, 0.0)	(15.0, 0.0)	(16.0, 0.0)	(17.0, 0.0)	(18.0, 0.0)	(19.0, 0.0)	(20.0, 0.0)	(21.0, 0.0)	(22.0, 0.0)	(23.0, 0.0)	(24.0, 0.0)	(25.0, 0.0)	(26.0, 0.0)	(27.0, 0.0)	(28.0, 0.0)	(29.0, 0.0)	(30.0, 0.0)	(31.0, 0.0)	(32.0, 0.0)	(33.0, 0.0)	(34.0, 0.0)	(35.0, 0.0)	(36.0, 0.0)	(37.0, 0.0024166409898577603)	(38.0, 0.007249922969573281)	(39.0, 0.028395531630828703)	(40.0, 0.13170693394724803)	(41.0, 0.10693636380120616)	(42.0, 0.361891988231202)	(43.0, 0.44828690361861934)	(44.0, 0.20118536240565765)	(45.0, 0.18306055498172472)	(46.0, 0.16856070904257836)	(47.0, 0.1733939910222938)	(48.0, 0.1522483823610387)	(49.0, 0.3709543919431688)	(50.0, 1.2639032376956258)	(51.0, 41.72270252962462)	(52.0, 47.89117865621411)	(53.0, 4.5843679577602305)	(54.0, 1.2838405258619545)	(55.0, 0.4917864414360579)	(56.0, 0.23683081700605932)	(57.0, 0.10512388305881282)	(58.0, 0.039270416085188595)	(59.0, 0.025374730393506496)	(60.0, 0.00966656395943104)	(61.0, 0.0048332819797155206)	(62.0, 0.0036249614847866404)	(63.0, 0.0012083204949288801)	(64.0, 0.0)	(65.0, 0.0)	(66.0, 0.0)	(67.0, 0.0)	(68.0, 0.0)	(69.0, 0.0)	(70.0, 0.0)	(71.0, 0.0)	(72.0, 0.0)	(73.0, 0.0)	(74.0, 0.0)	(75.0, 0.0)	(76.0, 0.0)	(77.0, 0.0)	(78.0, 0.0)	(79.0, 0.0)	(80.0, 0.0)	(81.0, 0.0)	(82.0, 0.0)	(83.0, 0.0)	(84.0, 0.0)	(85.0, 0.0)	(86.0, 0.0)	(87.0, 0.0)	(88.0, 0.0)	(89.0, 0.0)	(90.0, 0.0)	(91.0, 0.0)	(92.0, 0.0)	(93.0, 0.0)	(94.0, 0.0)	(95.0, 0.0)	(96.0, 0.0)	(97.0, 0.0)	(98.0, 0.0)	(99.0, 0.0)	(100.0, 0.0)
SRR8438088_2	(0.0, 0.0)	(1.0, 0.0)	(2.0, 0.0)	(3.0, 0.0)	(4.0, 0.0)	(5.0, 0.0)	(6.0, 0.0)	(7.0, 0.0)	(8.0, 0.0)	(9.0, 0.0)	(10.0, 0.0)	(11.0, 0.0)	(12.0, 0.0)	(13.0, 0.0)	(14.0, 0.0)	(15.0, 0.0)	(16.0, 0.0)	(17.0, 0.0)	(18.0, 0.0)	(19.0, 0.0)	(20.0, 0.0)	(21.0, 0.0)	(22.0, 0.0)	(23.0, 0.0)	(24.0, 0.0)	(25.0, 0.0)	(26.0, 0.0)	(27.0, 0.0)	(28.0, 0.0)	(29.0, 0.0)	(30.0, 0.0)	(31.0, 0.0)	(32.0, 0.0)	(33.0, 0.0)	(34.0, 0.0)	(35.0, 0.0006516483444874239)	(36.0, 0.0013032966889748479)	(37.0, 0.0032582417224371195)	(38.0, 0.014336263578723323)	(39.0, 0.0690747245156669)	(40.0, 0.1081736251849126)	(41.0, 0.08764670233355862)	(42.0, 0.29715164508626524)	(43.0, 0.3935956000704067)	(44.0, 0.1847423056621842)	(45.0, 0.17268681128916702)	(46.0, 0.18083241559525973)	(47.0, 0.16454120698307434)	(48.0, 0.15574395433249424)	(49.0, 0.22644779970937873)	(50.0, 0.5164313130062883)	(51.0, 1.4062571274038842)	(52.0, 30.44501065447287)	(53.0, 45.09536873519448)	(54.0, 12.426933929372613)	(55.0, 4.0486911643000205)	(56.0, 1.7320812996476334)	(57.0, 0.8908032869142921)	(58.0, 0.4874329616765985)	(59.0, 0.28998351329690336)	(60.0, 0.20526922851353777)	(61.0, 0.13423955896440953)	(62.0, 0.09383736160618918)	(63.0, 0.06255824107079262)	(64.0, 0.03975054901373286)	(65.0, 0.024110988746034696)	(66.0, 0.013032966889748476)	(67.0, 0.010426373511798781)	(68.0, 0.007819780133849088)	(69.0, 0.001954945033462272)	(70.0, 0.0013032966889748479)	(71.0, 0.0006516483444874239)	(72.0, 0.0006516483444874239)	(73.0, 0.0)	(74.0, 0.0006516483444874239)	(75.0, 0.0)	(76.0, 0.0013032966889748479)	(77.0, 0.0013032966889748479)	(78.0, 0.0)	(79.0, 0.0)	(80.0, 0.0)	(81.0, 0.0)	(82.0, 0.0)	(83.0, 0.0006516483444874239)	(84.0, 0.0006516483444874239)	(85.0, 0.0)	(86.0, 0.0)	(87.0, 0.0)	(88.0, 0.0)	(89.0, 0.0)	(90.0, 0.0)	(91.0, 0.0006516483444874239)	(92.0, 0.0)	(93.0, 0.0)	(94.0, 0.0)	(95.0, 0.0)	(96.0, 0.0)	(97.0, 0.0)	(98.0, 0.0)	(99.0, 0.0)	(100.0, 0.0)
SRR8438089	(0.0, 0.0)	(1.0, 0.0)	(2.0, 0.0)	(3.0, 0.0)	(4.0, 0.0)	(5.0, 0.0)	(6.0, 0.0)	(7.0, 0.0)	(8.0, 0.0)	(9.0, 0.0)	(10.0, 0.0)	(11.0, 0.0)	(12.0, 0.0)	(13.0, 0.0)	(14.0, 0.0)	(15.0, 0.0)	(16.0, 0.0)	(17.0, 0.0)	(18.0, 0.0)	(19.0, 0.0)	(20.0, 0.0)	(21.0, 0.0)	(22.0, 0.0)	(23.0, 0.0)	(24.0, 0.0)	(25.0, 0.0)	(26.0, 0.0)	(27.0, 0.0)	(28.0, 0.0)	(29.0, 0.0)	(30.0, 0.0)	(31.0, 0.0)	(32.0, 0.0)	(33.0, 0.0)	(34.0, 0.0)	(35.0, 0.0)	(36.0, 0.0)	(37.0, 0.0)	(38.0, 0.0)	(39.0, 0.0)	(40.0, 0.0)	(41.0, 0.0)	(42.0, 0.0)	(43.0, 0.0)	(44.0, 30.76923076923077)	(45.0, 7.6923076923076925)	(46.0, 7.6923076923076925)	(47.0, 7.6923076923076925)	(48.0, 15.384615384615385)	(49.0, 15.384615384615385)	(50.0, 7.6923076923076925)	(51.0, 7.6923076923076925)	(52.0, 0.0)	(53.0, 0.0)	(54.0, 0.0)	(55.0, 0.0)	(56.0, 0.0)	(57.0, 0.0)	(58.0, 0.0)	(59.0, 0.0)	(60.0, 0.0)	(61.0, 0.0)	(62.0, 0.0)	(63.0, 0.0)	(64.0, 0.0)	(65.0, 0.0)	(66.0, 0.0)	(67.0, 0.0)	(68.0, 0.0)	(69.0, 0.0)	(70.0, 0.0)	(71.0, 0.0)	(72.0, 0.0)	(73.0, 0.0)	(74.0, 0.0)	(75.0, 0.0)	(76.0, 0.0)	(77.0, 0.0)	(78.0, 0.0)	(79.0, 0.0)	(80.0, 0.0)	(81.0, 0.0)	(82.0, 0.0)	(83.0, 0.0)	(84.0, 0.0)	(85.0, 0.0)	(86.0, 0.0)	(87.0, 0.0)	(88.0, 0.0)	(89.0, 0.0)	(90.0, 0.0)	(91.0, 0.0)	(92.0, 0.0)	(93.0, 0.0)	(94.0, 0.0)	(95.0, 0.0)	(96.0, 0.0)	(97.0, 0.0)	(98.0, 0.0)	(99.0, 0.0)	(100.0, 0.0)
SRR8438089_1	(0.0, 0.0)	(1.0, 0.0)	(2.0, 0.0)	(3.0, 0.0)	(4.0, 0.0)	(5.0, 0.0)	(6.0, 0.0)	(7.0, 0.0)	(8.0, 0.0)	(9.0, 0.0)	(10.0, 0.0)	(11.0, 0.0)	(12.0, 0.0)	(13.0, 0.0)	(14.0, 0.0)	(15.0, 0.0)	(16.0, 0.0)	(17.0, 0.0)	(18.0, 0.0)	(19.0, 0.0)	(20.0, 0.0)	(21.0, 0.0)	(22.0, 0.0)	(23.0, 0.0)	(24.0, 0.0)	(25.0, 0.0)	(26.0, 0.0)	(27.0, 0.0)	(28.0, 0.0)	(29.0, 0.0)	(30.0, 0.0022857317008121124)	(31.0, 0.004571463401624225)	(32.0, 0.018285853606496892)	(33.0, 0.022095406441183754)	(34.0, 0.019047764173434265)	(35.0, 0.01980967474037164)	(36.0, 0.006857195102436338)	(37.0, 0.00838101623631108)	(38.0, 0.016762032472622153)	(39.0, 0.09142926803248452)	(40.0, 0.13562008091485234)	(41.0, 0.1333343492140402)	(42.0, 0.6331476811249591)	(43.0, 0.8472445504343481)	(44.0, 0.4198127223824933)	(45.0, 0.5676233723683475)	(46.0, 0.6697193883379509)	(47.0, 0.4632416246979246)	(48.0, 1.5047733697013188)	(49.0, 6.161570754822765)	(50.0, 4.55622519028508)	(51.0, 29.708416826035126)	(52.0, 35.73055794711906)	(53.0, 6.525764005818995)	(54.0, 4.595082629198877)	(55.0, 3.8118385663874377)	(56.0, 1.9939199536751666)	(57.0, 0.4883846734068586)	(58.0, 0.30095467394026004)	(59.0, 0.09752455256798354)	(60.0, 0.15390593452134918)	(61.0, 0.11200085333979368)	(62.0, 0.020571585307309008)	(63.0, 0.04114317061461804)	(64.0, 0.0982864631349209)	(65.0, 0.017523943039559522)	(66.0, 0.0022857317008121124)	(67.0, 0.0)	(68.0, 0.0)	(69.0, 0.0)	(70.0, 0.0)	(71.0, 0.0)	(72.0, 0.0)	(73.0, 0.0)	(74.0, 0.0)	(75.0, 0.0)	(76.0, 0.0)	(77.0, 0.0)	(78.0, 0.0)	(79.0, 0.0)	(80.0, 0.0)	(81.0, 0.0)	(82.0, 0.0)	(83.0, 0.0)	(84.0, 0.0)	(85.0, 0.0)	(86.0, 0.0)	(87.0, 0.0)	(88.0, 0.0)	(89.0, 0.0)	(90.0, 0.0)	(91.0, 0.0)	(92.0, 0.0)	(93.0, 0.0)	(94.0, 0.0)	(95.0, 0.0)	(96.0, 0.0)	(97.0, 0.0)	(98.0, 0.0)	(99.0, 0.0)	(100.0, 0.0)
SRR8438089_2	(0.0, 0.0)	(1.0, 0.0)	(2.0, 0.0)	(3.0, 0.0)	(4.0, 0.0)	(5.0, 0.0)	(6.0, 0.0)	(7.0, 0.0)	(8.0, 0.0)	(9.0, 0.0)	(10.0, 0.0)	(11.0, 0.0)	(12.0, 0.0)	(13.0, 0.0)	(14.0, 0.0)	(15.0, 0.0)	(16.0, 0.0)	(17.0, 0.0)	(18.0, 0.0)	(19.0, 0.0)	(20.0, 0.0)	(21.0, 0.0)	(22.0, 0.0)	(23.0, 0.0)	(24.0, 0.0)	(25.0, 0.0)	(26.0, 0.0)	(27.0, 0.0)	(28.0, 0.0)	(29.0, 0.001625923727917832)	(30.0, 0.0040648093197945805)	(31.0, 0.003251847455835664)	(32.0, 0.005690733047712412)	(33.0, 0.021137008462931813)	(34.0, 0.018698122871055062)	(35.0, 0.017885161007096147)	(36.0, 0.020324046598972894)	(37.0, 0.015039794483239945)	(38.0, 0.043493459721802026)	(39.0, 0.06097213979691865)	(40.0, 0.11462762281820729)	(41.0, 0.18860715243846848)	(42.0, 0.8316599868299664)	(43.0, 1.2722853170956778)	(44.0, 0.9788060842065219)	(45.0, 0.8194655588705835)	(46.0, 0.7918248554959819)	(47.0, 0.8479192241091439)	(48.0, 1.3096815628377922)	(49.0, 4.463973594998074)	(50.0, 6.337850691423866)	(51.0, 4.13309811636687)	(52.0, 19.297275764786143)	(53.0, 31.096604258305447)	(54.0, 11.926963506141313)	(55.0, 5.355792759761048)	(56.0, 3.3949287438923426)	(57.0, 2.45108001983624)	(58.0, 1.5503182745696586)	(59.0, 0.859300690204568)	(60.0, 0.538993715804766)	(61.0, 0.3910346565642391)	(62.0, 0.22437747445266026)	(63.0, 0.14470721178468743)	(64.0, 0.12844797450550896)	(65.0, 0.11950539400196084)	(66.0, 0.10568504231465915)	(67.0, 0.05284252115732953)	(68.0, 0.022762932190849648)	(69.0, 0.008942580503548077)	(70.0, 0.0073166567756302444)	(71.0, 0.0040648093197945805)	(72.0, 0.006503694911671328)	(73.0, 0.004877771183753496)	(74.0, 0.000812961863958916)	(75.0, 0.000812961863958916)	(76.0, 0.0)	(77.0, 0.000812961863958916)	(78.0, 0.0)	(79.0, 0.000812961863958916)	(80.0, 0.000812961863958916)	(81.0, 0.0)	(82.0, 0.0)	(83.0, 0.0)	(84.0, 0.0)	(85.0, 0.000812961863958916)	(86.0, 0.0)	(87.0, 0.0)	(88.0, 0.0)	(89.0, 0.0)	(90.0, 0.000812961863958916)	(91.0, 0.0)	(92.0, 0.0)	(93.0, 0.0)	(94.0, 0.0)	(95.0, 0.0)	(96.0, 0.0)	(97.0, 0.0)	(98.0, 0.0)	(99.0, 0.0)	(100.0, 0.0)
SRR8438090	(0.0, 0.0)	(1.0, 0.0)	(2.0, 0.0)	(3.0, 0.0)	(4.0, 0.0)	(5.0, 0.0)	(6.0, 0.0)	(7.0, 0.0)	(8.0, 0.0)	(9.0, 0.0)	(10.0, 0.0)	(11.0, 0.0)	(12.0, 0.0)	(13.0, 0.0)	(14.0, 0.0)	(15.0, 0.0)	(16.0, 0.0)	(17.0, 0.0)	(18.0, 0.0)	(19.0, 0.0)	(20.0, 0.0)	(21.0, 0.0)	(22.0, 0.0)	(23.0, 0.0)	(24.0, 0.0)	(25.0, 0.0)	(26.0, 0.0)	(27.0, 0.0)	(28.0, 0.0)	(29.0, 0.0)	(30.0, 0.0)	(31.0, 0.0)	(32.0, 0.0)	(33.0, 0.0)	(34.0, 0.0)	(35.0, 0.0)	(36.0, 0.0)	(37.0, 0.0)	(38.0, 0.0)	(39.0, 0.0)	(40.0, 0.0)	(41.0, 5.882352941176472)	(42.0, 2.941176470588236)	(43.0, 2.941176470588236)	(44.0, 5.882352941176472)	(45.0, 11.764705882352944)	(46.0, 17.647058823529417)	(47.0, 11.764705882352944)	(48.0, 8.823529411764708)	(49.0, 5.882352941176472)	(50.0, 5.882352941176472)	(51.0, 5.882352941176472)	(52.0, 8.823529411764708)	(53.0, 5.882352941176472)	(54.0, 0.0)	(55.0, 0.0)	(56.0, 0.0)	(57.0, 0.0)	(58.0, 0.0)	(59.0, 0.0)	(60.0, 0.0)	(61.0, 0.0)	(62.0, 0.0)	(63.0, 0.0)	(64.0, 0.0)	(65.0, 0.0)	(66.0, 0.0)	(67.0, 0.0)	(68.0, 0.0)	(69.0, 0.0)	(70.0, 0.0)	(71.0, 0.0)	(72.0, 0.0)	(73.0, 0.0)	(74.0, 0.0)	(75.0, 0.0)	(76.0, 0.0)	(77.0, 0.0)	(78.0, 0.0)	(79.0, 0.0)	(80.0, 0.0)	(81.0, 0.0)	(82.0, 0.0)	(83.0, 0.0)	(84.0, 0.0)	(85.0, 0.0)	(86.0, 0.0)	(87.0, 0.0)	(88.0, 0.0)	(89.0, 0.0)	(90.0, 0.0)	(91.0, 0.0)	(92.0, 0.0)	(93.0, 0.0)	(94.0, 0.0)	(95.0, 0.0)	(96.0, 0.0)	(97.0, 0.0)	(98.0, 0.0)	(99.0, 0.0)	(100.0, 0.0)
SRR8438090_1	(0.0, 0.0)	(1.0, 0.0)	(2.0, 0.0)	(3.0, 0.0)	(4.0, 0.0)	(5.0, 0.0)	(6.0, 0.0)	(7.0, 0.0)	(8.0, 0.0)	(9.0, 0.0)	(10.0, 0.0)	(11.0, 0.0)	(12.0, 0.0)	(13.0, 0.0)	(14.0, 0.0)	(15.0, 0.0)	(16.0, 0.0)	(17.0, 0.0)	(18.0, 0.0)	(19.0, 0.0)	(20.0, 0.0)	(21.0, 0.0)	(22.0, 0.0)	(23.0, 0.0)	(24.0, 0.0)	(25.0, 0.0)	(26.0, 0.0)	(27.0, 0.0)	(28.0, 0.0)	(29.0, 0.0)	(30.0, 0.0)	(31.0, 0.0)	(32.0, 0.0)	(33.0, 0.0)	(34.0, 0.0)	(35.0, 0.0)	(36.0, 0.0023191094619660307)	(37.0, 0.004638218923932061)	(38.0, 0.006957328385898093)	(39.0, 0.03324056895484646)	(40.0, 0.2064007421149763)	(41.0, 0.15151515151511438)	(42.0, 0.9137291280146046)	(43.0, 1.1502782931351263)	(44.0, 0.3432282003709721)	(45.0, 0.2952999381570062)	(46.0, 0.2234075448360603)	(47.0, 0.18089053803335034)	(48.0, 0.22727272727267028)	(49.0, 0.9160482374765706)	(50.0, 1.7617501546068997)	(51.0, 38.94016697589583)	(52.0, 45.44526901668688)	(53.0, 5.5024737167579785)	(54.0, 2.2031539888678173)	(55.0, 0.8209647495359688)	(56.0, 0.37414965986385346)	(57.0, 0.18552875695728233)	(58.0, 0.0657081014223708)	(59.0, 0.026283240568948353)	(60.0, 0.006184291898576081)	(61.0, 0.004638218923932061)	(62.0, 0.0030921459492880407)	(63.0, 0.0015460729746440203)	(64.0, 0.0015460729746440203)	(65.0, 0.0007730364873220102)	(66.0, 0.0007730364873220102)	(67.0, 0.0007730364873220102)	(68.0, 0.0)	(69.0, 0.0)	(70.0, 0.0)	(71.0, 0.0)	(72.0, 0.0)	(73.0, 0.0)	(74.0, 0.0)	(75.0, 0.0)	(76.0, 0.0)	(77.0, 0.0)	(78.0, 0.0)	(79.0, 0.0)	(80.0, 0.0)	(81.0, 0.0)	(82.0, 0.0)	(83.0, 0.0)	(84.0, 0.0)	(85.0, 0.0)	(86.0, 0.0)	(87.0, 0.0)	(88.0, 0.0)	(89.0, 0.0)	(90.0, 0.0)	(91.0, 0.0)	(92.0, 0.0)	(93.0, 0.0)	(94.0, 0.0)	(95.0, 0.0)	(96.0, 0.0)	(97.0, 0.0)	(98.0, 0.0)	(99.0, 0.0)	(100.0, 0.0)
SRR8438090_2	(0.0, 0.0)	(1.0, 0.0)	(2.0, 0.0)	(3.0, 0.0)	(4.0, 0.0)	(5.0, 0.0)	(6.0, 0.0)	(7.0, 0.0)	(8.0, 0.0)	(9.0, 0.0)	(10.0, 0.0)	(11.0, 0.0)	(12.0, 0.0)	(13.0, 0.0)	(14.0, 0.0)	(15.0, 0.0)	(16.0, 0.0)	(17.0, 0.0)	(18.0, 0.0)	(19.0, 0.0)	(20.0, 0.0)	(21.0, 0.0)	(22.0, 0.0)	(23.0, 0.0)	(24.0, 0.0)	(25.0, 0.0)	(26.0, 0.0)	(27.0, 0.0)	(28.0, 0.0)	(29.0, 0.0)	(30.0, 0.0)	(31.0, 0.0)	(32.0, 0.0)	(33.0, 0.0)	(34.0, 0.0)	(35.0, 0.0008446017280548625)	(36.0, 0.0)	(37.0, 0.00337840691221945)	(38.0, 0.038851679490523705)	(39.0, 0.14104848858516233)	(40.0, 0.16723114215486315)	(41.0, 0.136825479944888)	(42.0, 0.8370003125023655)	(43.0, 1.0675765842613298)	(44.0, 0.3800707776246879)	(45.0, 0.26858334952144525)	(46.0, 0.24535680199993687)	(47.0, 0.2360661829913335)	(48.0, 0.2398668907675803)	(49.0, 0.48649059535960354)	(50.0, 1.2880176352836363)	(51.0, 2.0802540561991862)	(52.0, 27.524725715584676)	(53.0, 41.80778553874483)	(54.0, 13.832887102081285)	(55.0, 4.777911975605979)	(56.0, 2.1098151166811094)	(57.0, 1.0092990650255476)	(58.0, 0.5447681145953908)	(59.0, 0.2778739685300486)	(60.0, 0.16892034561097286)	(61.0, 0.11908884365573577)	(62.0, 0.06756813824438894)	(63.0, 0.04898690022718203)	(64.0, 0.03716247603441397)	(65.0, 0.016892034561097245)	(66.0, 0.01435822937693266)	(67.0, 0.007601415552493764)	(68.0, 0.005912212096384037)	(69.0, 0.001689203456109725)	(70.0, 0.0008446017280548625)	(71.0, 0.0025338051841645877)	(72.0, 0.0)	(73.0, 0.0008446017280548625)	(74.0, 0.0)	(75.0, 0.0)	(76.0, 0.0)	(77.0, 0.0)	(78.0, 0.001689203456109725)	(79.0, 0.0008446017280548625)	(80.0, 0.0)	(81.0, 0.0)	(82.0, 0.0008446017280548625)	(83.0, 0.0)	(84.0, 0.0)	(85.0, 0.0)	(86.0, 0.0)	(87.0, 0.0)	(88.0, 0.0008446017280548625)	(89.0, 0.0008446017280548625)	(90.0, 0.0)	(91.0, 0.0)	(92.0, 0.0)	(93.0, 0.0)	(94.0, 0.0)	(95.0, 0.0)	(96.0, 0.0)	(97.0, 0.0)	(98.0, 0.0)	(99.0, 0.0)	(100.0, 0.0)
SRR8438091	(0.0, 0.0)	(1.0, 0.0)	(2.0, 0.0)	(3.0, 0.0)	(4.0, 0.0)	(5.0, 0.0)	(6.0, 0.0)	(7.0, 0.0)	(8.0, 0.0)	(9.0, 0.0)	(10.0, 0.0)	(11.0, 0.0)	(12.0, 0.0)	(13.0, 0.0)	(14.0, 0.0)	(15.0, 0.0)	(16.0, 0.0)	(17.0, 0.0)	(18.0, 0.0)	(19.0, 0.0)	(20.0, 0.0)	(21.0, 0.0)	(22.0, 0.0)	(23.0, 0.0)	(24.0, 0.0)	(25.0, 0.0)	(26.0, 0.0)	(27.0, 0.0)	(28.0, 0.0)	(29.0, 0.0)	(30.0, 0.0)	(31.0, 0.0)	(32.0, 0.0)	(33.0, 0.0)	(34.0, 0.0)	(35.0, 0.0)	(36.0, 0.0)	(37.0, 0.0)	(38.0, 0.0)	(39.0, 0.0)	(40.0, 0.0)	(41.0, 0.0)	(42.0, 0.0)	(43.0, 0.0)	(44.0, 0.0)	(45.0, 8.333333333333332)	(46.0, 16.666666666666664)	(47.0, 25.0)	(48.0, 16.666666666666664)	(49.0, 0.0)	(50.0, 8.333333333333332)	(51.0, 16.666666666666664)	(52.0, 8.333333333333332)	(53.0, 0.0)	(54.0, 0.0)	(55.0, 0.0)	(56.0, 0.0)	(57.0, 0.0)	(58.0, 0.0)	(59.0, 0.0)	(60.0, 0.0)	(61.0, 0.0)	(62.0, 0.0)	(63.0, 0.0)	(64.0, 0.0)	(65.0, 0.0)	(66.0, 0.0)	(67.0, 0.0)	(68.0, 0.0)	(69.0, 0.0)	(70.0, 0.0)	(71.0, 0.0)	(72.0, 0.0)	(73.0, 0.0)	(74.0, 0.0)	(75.0, 0.0)	(76.0, 0.0)	(77.0, 0.0)	(78.0, 0.0)	(79.0, 0.0)	(80.0, 0.0)	(81.0, 0.0)	(82.0, 0.0)	(83.0, 0.0)	(84.0, 0.0)	(85.0, 0.0)	(86.0, 0.0)	(87.0, 0.0)	(88.0, 0.0)	(89.0, 0.0)	(90.0, 0.0)	(91.0, 0.0)	(92.0, 0.0)	(93.0, 0.0)	(94.0, 0.0)	(95.0, 0.0)	(96.0, 0.0)	(97.0, 0.0)	(98.0, 0.0)	(99.0, 0.0)	(100.0, 0.0)
SRR8438091_1	(0.0, 0.0)	(1.0, 0.0)	(2.0, 0.0)	(3.0, 0.0)	(4.0, 0.0)	(5.0, 0.0)	(6.0, 0.0)	(7.0, 0.0)	(8.0, 0.0)	(9.0, 0.0)	(10.0, 0.0)	(11.0, 0.0)	(12.0, 0.0)	(13.0, 0.0)	(14.0, 0.0)	(15.0, 0.0)	(16.0, 0.0)	(17.0, 0.0)	(18.0, 0.0)	(19.0, 0.0)	(20.0, 0.0)	(21.0, 0.0)	(22.0, 0.0)	(23.0, 0.0)	(24.0, 0.0)	(25.0, 0.0)	(26.0, 0.0)	(27.0, 0.0)	(28.0, 0.0)	(29.0, 0.0)	(30.0, 0.0)	(31.0, 0.0)	(32.0, 0.0)	(33.0, 0.0)	(34.0, 0.0)	(35.0, 0.0)	(36.0, 0.0007888488328978314)	(37.0, 0.0047330929973869885)	(38.0, 0.00552194183028482)	(39.0, 0.017354674323752286)	(40.0, 0.04654208114097205)	(41.0, 0.06784099962921342)	(42.0, 0.09308416228194412)	(43.0, 0.1348931504255295)	(44.0, 0.13804854575712083)	(45.0, 0.12542696443075546)	(46.0, 0.13804854575712083)	(47.0, 0.14672588291899705)	(48.0, 0.13410430159263165)	(49.0, 0.19800105705735543)	(50.0, 1.9863213612368)	(51.0, 42.96386283496045)	(52.0, 37.97991590872576)	(53.0, 6.128566582783394)	(54.0, 7.13277114706279)	(55.0, 1.9318907917668433)	(56.0, 0.3754920444593681)	(57.0, 0.1483035805847927)	(58.0, 0.05048632530546119)	(59.0, 0.030765104483015438)	(60.0, 0.01025503482767181)	(61.0, 0.003944244164489157)	(62.0, 0.0007888488328978314)	(63.0, 0.0)	(64.0, 0.0015776976657956628)	(65.0, 0.0015776976657956628)	(66.0, 0.0007888488328978314)	(67.0, 0.0)	(68.0, 0.0007888488328978314)	(69.0, 0.0007888488328978314)	(70.0, 0.0)	(71.0, 0.0)	(72.0, 0.0)	(73.0, 0.0)	(74.0, 0.0)	(75.0, 0.0)	(76.0, 0.0)	(77.0, 0.0)	(78.0, 0.0)	(79.0, 0.0)	(80.0, 0.0)	(81.0, 0.0)	(82.0, 0.0)	(83.0, 0.0)	(84.0, 0.0)	(85.0, 0.0)	(86.0, 0.0)	(87.0, 0.0)	(88.0, 0.0)	(89.0, 0.0)	(90.0, 0.0)	(91.0, 0.0)	(92.0, 0.0)	(93.0, 0.0)	(94.0, 0.0)	(95.0, 0.0)	(96.0, 0.0)	(97.0, 0.0)	(98.0, 0.0)	(99.0, 0.0)	(100.0, 0.0)
SRR8438091_2	(0.0, 0.0)	(1.0, 0.0)	(2.0, 0.0)	(3.0, 0.0)	(4.0, 0.0)	(5.0, 0.0)	(6.0, 0.0)	(7.0, 0.0)	(8.0, 0.0)	(9.0, 0.0)	(10.0, 0.0)	(11.0, 0.0)	(12.0, 0.0)	(13.0, 0.0)	(14.0, 0.0)	(15.0, 0.0)	(16.0, 0.0)	(17.0, 0.0)	(18.0, 0.0)	(19.0, 0.0)	(20.0, 0.0)	(21.0, 0.0)	(22.0, 0.0)	(23.0, 0.0)	(24.0, 0.0)	(25.0, 0.0)	(26.0, 0.0)	(27.0, 0.0)	(28.0, 0.0)	(29.0, 0.0)	(30.0, 0.0)	(31.0, 0.0)	(32.0, 0.0)	(33.0, 0.0)	(34.0, 0.0)	(35.0, 0.0)	(36.0, 0.0)	(37.0, 0.0017278916266367389)	(38.0, 0.003887756159932662)	(39.0, 0.01511905173307146)	(40.0, 0.03974150741264502)	(41.0, 0.058748315305649085)	(42.0, 0.07257144831874295)	(43.0, 0.09676193109165734)	(44.0, 0.1058333621315003)	(45.0, 0.11620071189132081)	(46.0, 0.12095241386457187)	(47.0, 0.14341500501084964)	(48.0, 0.13218370943771074)	(49.0, 0.19438780799663316)	(50.0, 1.4030480008290103)	(51.0, 13.303901579289057)	(52.0, 42.43097072953591)	(53.0, 20.072917026632325)	(54.0, 9.059335798457644)	(55.0, 7.207899920515537)	(56.0, 2.5417285827827505)	(57.0, 1.1386805819535915)	(58.0, 0.6514151432420577)	(59.0, 0.3697688081002613)	(60.0, 0.249680340049008)	(61.0, 0.16587759615712738)	(62.0, 0.09676193109165734)	(63.0, 0.06565988181219601)	(64.0, 0.044925182292555224)	(65.0, 0.03282994090609805)	(66.0, 0.025918374399551084)	(67.0, 0.010367349759820434)	(68.0, 0.0069115665065469555)	(69.0, 0.005183674879910216)	(70.0, 0.0034557832532734777)	(71.0, 0.0008639458133183694)	(72.0, 0.0008639458133183694)	(73.0, 0.0)	(74.0, 0.0017278916266367389)	(75.0, 0.0017278916266367389)	(76.0, 0.0)	(77.0, 0.0008639458133183694)	(78.0, 0.0008639458133183694)	(79.0, 0.0008639458133183694)	(80.0, 0.0008639458133183694)	(81.0, 0.0008639458133183694)	(82.0, 0.0008639458133183694)	(83.0, 0.0)	(84.0, 0.0)	(85.0, 0.0)	(86.0, 0.0)	(87.0, 0.0)	(88.0, 0.0)	(89.0, 0.0008639458133183694)	(90.0, 0.0)	(91.0, 0.0)	(92.0, 0.0)	(93.0, 0.0)	(94.0, 0.0)	(95.0, 0.0)	(96.0, 0.0)	(97.0, 0.0)	(98.0, 0.0)	(99.0, 0.0)	(100.0, 0.0)
SRR8438092	(0.0, 0.0)	(1.0, 0.0)	(2.0, 0.0)	(3.0, 0.0)	(4.0, 0.0)	(5.0, 0.0)	(6.0, 0.0)	(7.0, 0.0)	(8.0, 0.0)	(9.0, 0.0)	(10.0, 0.0)	(11.0, 0.0)	(12.0, 0.0)	(13.0, 0.0)	(14.0, 0.0)	(15.0, 0.0)	(16.0, 0.0)	(17.0, 0.0)	(18.0, 0.0)	(19.0, 0.0)	(20.0, 0.0)	(21.0, 0.0)	(22.0, 0.0)	(23.0, 0.0)	(24.0, 0.0)	(25.0, 0.0)	(26.0, 0.0)	(27.0, 0.0)	(28.0, 0.0)	(29.0, 0.0)	(30.0, 0.0)	(31.0, 0.0)	(32.0, 0.0)	(33.0, 0.0)	(34.0, 0.0)	(35.0, 0.0)	(36.0, 0.0)	(37.0, 0.0)	(38.0, 0.0)	(39.0, 0.0)	(40.0, 0.0)	(41.0, 0.0)	(42.0, 0.0)	(43.0, 0.0)	(44.0, 0.0)	(45.0, 0.0)	(46.0, 0.0)	(47.0, 25.0)	(48.0, 50.0)	(49.0, 25.0)	(50.0, 0.0)	(51.0, 0.0)	(52.0, 0.0)	(53.0, 0.0)	(54.0, 0.0)	(55.0, 0.0)	(56.0, 0.0)	(57.0, 0.0)	(58.0, 0.0)	(59.0, 0.0)	(60.0, 0.0)	(61.0, 0.0)	(62.0, 0.0)	(63.0, 0.0)	(64.0, 0.0)	(65.0, 0.0)	(66.0, 0.0)	(67.0, 0.0)	(68.0, 0.0)	(69.0, 0.0)	(70.0, 0.0)	(71.0, 0.0)	(72.0, 0.0)	(73.0, 0.0)	(74.0, 0.0)	(75.0, 0.0)	(76.0, 0.0)	(77.0, 0.0)	(78.0, 0.0)	(79.0, 0.0)	(80.0, 0.0)	(81.0, 0.0)	(82.0, 0.0)	(83.0, 0.0)	(84.0, 0.0)	(85.0, 0.0)	(86.0, 0.0)	(87.0, 0.0)	(88.0, 0.0)	(89.0, 0.0)	(90.0, 0.0)	(91.0, 0.0)	(92.0, 0.0)	(93.0, 0.0)	(94.0, 0.0)	(95.0, 0.0)	(96.0, 0.0)	(97.0, 0.0)	(98.0, 0.0)	(99.0, 0.0)	(100.0, 0.0)
SRR8438092_1	(0.0, 0.0)	(1.0, 0.0)	(2.0, 0.0)	(3.0, 0.0)	(4.0, 0.0)	(5.0, 0.0)	(6.0, 0.0)	(7.0, 0.0)	(8.0, 0.0)	(9.0, 0.0)	(10.0, 0.0)	(11.0, 0.0)	(12.0, 0.0)	(13.0, 0.0)	(14.0, 0.0)	(15.0, 0.0)	(16.0, 0.0)	(17.0, 0.0)	(18.0, 0.0)	(19.0, 0.0)	(20.0, 0.0)	(21.0, 0.0)	(22.0, 0.0)	(23.0, 0.0)	(24.0, 0.0)	(25.0, 0.0014577790735811735)	(26.0, 0.0021866686103717606)	(27.0, 0.0007288895367905867)	(28.0, 0.0)	(29.0, 0.0007288895367905867)	(30.0, 0.0)	(31.0, 0.0)	(32.0, 0.0)	(33.0, 0.03207113961878584)	(34.0, 0.040817814060272864)	(35.0, 0.0065600058311152815)	(36.0, 0.012391122125439972)	(37.0, 0.023324465177298782)	(38.0, 0.03280002915557642)	(39.0, 0.057582273406456295)	(40.0, 0.5196982397316936)	(41.0, 0.5371915886146682)	(42.0, 0.5736360654541974)	(43.0, 0.8797696709062265)	(44.0, 0.5663471700862919)	(45.0, 0.5860271875796366)	(46.0, 0.6414227923757181)	(47.0, 0.518969350194903)	(48.0, 0.8039651590800097)	(49.0, 5.669302817157318)	(50.0, 5.553409380807562)	(51.0, 21.104267648233936)	(52.0, 29.164328146078905)	(53.0, 9.686213054411073)	(54.0, 10.659280586025622)	(55.0, 7.221837530521974)	(56.0, 2.445424395932473)	(57.0, 1.7580815627389426)	(58.0, 0.5568716061080146)	(59.0, 0.15233791318923284)	(60.0, 0.09184008163561398)	(61.0, 0.06049783155361864)	(62.0, 0.014577790735811731)	(63.0, 0.008746674441487043)	(64.0, 0.0014577790735811735)	(65.0, 0.002915558147162347)	(66.0, 0.002915558147162347)	(67.0, 0.0021866686103717606)	(68.0, 0.0007288895367905867)	(69.0, 0.0014577790735811735)	(70.0, 0.0014577790735811735)	(71.0, 0.0)	(72.0, 0.0007288895367905867)	(73.0, 0.0)	(74.0, 0.0)	(75.0, 0.0)	(76.0, 0.0)	(77.0, 0.0)	(78.0, 0.0007288895367905867)	(79.0, 0.0007288895367905867)	(80.0, 0.0)	(81.0, 0.0)	(82.0, 0.0)	(83.0, 0.0)	(84.0, 0.0)	(85.0, 0.0)	(86.0, 0.0)	(87.0, 0.0)	(88.0, 0.0)	(89.0, 0.0)	(90.0, 0.0)	(91.0, 0.0)	(92.0, 0.0)	(93.0, 0.0)	(94.0, 0.0)	(95.0, 0.0)	(96.0, 0.0)	(97.0, 0.0)	(98.0, 0.0)	(99.0, 0.0)	(100.0, 0.0)
SRR8438092_2	(0.0, 0.0)	(1.0, 0.0)	(2.0, 0.0)	(3.0, 0.0)	(4.0, 0.0)	(5.0, 0.0)	(6.0, 0.0)	(7.0, 0.0)	(8.0, 0.0)	(9.0, 0.0)	(10.0, 0.0)	(11.0, 0.0)	(12.0, 0.0)	(13.0, 0.0)	(14.0, 0.0)	(15.0, 0.0)	(16.0, 0.0)	(17.0, 0.0)	(18.0, 0.0)	(19.0, 0.0)	(20.0, 0.0)	(21.0, 0.0)	(22.0, 0.0)	(23.0, 0.0)	(24.0, 0.0)	(25.0, 0.0007871722411581174)	(26.0, 0.002361516723474352)	(27.0, 0.0007871722411581174)	(28.0, 0.0)	(29.0, 0.0)	(30.0, 0.0007871722411581174)	(31.0, 0.0)	(32.0, 0.014956272582004227)	(33.0, 0.02833820068169224)	(34.0, 0.013381928099687992)	(35.0, 0.009446066893897409)	(36.0, 0.009446066893897409)	(37.0, 0.014956272582004227)	(38.0, 0.17790092650173459)	(39.0, 0.30384848508703166)	(40.0, 0.31408172422208747)	(41.0, 0.15113707030235896)	(42.0, 0.43845493832507354)	(43.0, 0.6706707494667192)	(44.0, 0.4164141155726457)	(45.0, 0.5297669182994178)	(46.0, 0.5124491289939387)	(47.0, 0.4412100411691271)	(48.0, 0.7025512252336212)	(49.0, 2.9818084495069304)	(50.0, 7.27032281933704)	(51.0, 6.73307776474638)	(52.0, 18.050646661990932)	(53.0, 22.86459850279862)	(54.0, 11.414784669034036)	(55.0, 8.458952903486336)	(56.0, 6.550060218677034)	(57.0, 3.8807591489092963)	(58.0, 2.5394176499761687)	(59.0, 1.5200295976763325)	(60.0, 0.9485425505955188)	(61.0, 0.6061226256917571)	(62.0, 0.43058321591349213)	(63.0, 0.3345482024921991)	(64.0, 0.22591843321237906)	(65.0, 0.14720120909656836)	(66.0, 0.1141399749679272)	(67.0, 0.0661224682572818)	(68.0, 0.03620992309327343)	(69.0, 0.022827994993585406)	(70.0, 0.01180758361737176)	(71.0, 0.008658894652739293)	(72.0, 0.005510205688106821)	(73.0, 0.0039358612057905865)	(74.0, 0.004723033446948704)	(75.0, 0.002361516723474352)	(76.0, 0.0007871722411581174)	(77.0, 0.0)	(78.0, 0.0)	(79.0, 0.0)	(80.0, 0.0007871722411581174)	(81.0, 0.0007871722411581174)	(82.0, 0.002361516723474352)	(83.0, 0.0015743444823162348)	(84.0, 0.0)	(85.0, 0.0)	(86.0, 0.0)	(87.0, 0.0007871722411581174)	(88.0, 0.0)	(89.0, 0.0)	(90.0, 0.0007871722411581174)	(91.0, 0.0015743444823162348)	(92.0, 0.0007871722411581174)	(93.0, 0.0007871722411581174)	(94.0, 0.0)	(95.0, 0.0)	(96.0, 0.0)	(97.0, 0.0)	(98.0, 0.0007871722411581174)	(99.0, 0.0007871722411581174)	(100.0, 0.0)
SRR8438093	(0.0, 0.0)	(1.0, 0.0)	(2.0, 0.0)	(3.0, 0.0)	(4.0, 0.0)	(5.0, 0.0)	(6.0, 0.0)	(7.0, 0.0)	(8.0, 0.0)	(9.0, 0.0)	(10.0, 0.0)	(11.0, 0.0)	(12.0, 0.0)	(13.0, 0.0)	(14.0, 0.0)	(15.0, 0.0)	(16.0, 0.0)	(17.0, 0.0)	(18.0, 0.0)	(19.0, 0.0)	(20.0, 0.0)	(21.0, 0.0)	(22.0, 0.0)	(23.0, 0.0)	(24.0, 0.0)	(25.0, 0.0)	(26.0, 0.0)	(27.0, 0.0)	(28.0, 0.0)	(29.0, 0.0)	(30.0, 0.0)	(31.0, 0.0)	(32.0, 0.0)	(33.0, 0.0)	(34.0, 0.0)	(35.0, 0.0)	(36.0, 0.0)	(37.0, 0.0)	(38.0, 0.0)	(39.0, 0.0)	(40.0, 0.0)	(41.0, 0.0)	(42.0, 0.0)	(43.0, 0.0)	(44.0, 0.0)	(45.0, 0.0)	(46.0, 0.0)	(47.0, 100.0)	(48.0, 0.0)	(49.0, 0.0)	(50.0, 0.0)	(51.0, 0.0)	(52.0, 0.0)	(53.0, 0.0)	(54.0, 0.0)	(55.0, 0.0)	(56.0, 0.0)	(57.0, 0.0)	(58.0, 0.0)	(59.0, 0.0)	(60.0, 0.0)	(61.0, 0.0)	(62.0, 0.0)	(63.0, 0.0)	(64.0, 0.0)	(65.0, 0.0)	(66.0, 0.0)	(67.0, 0.0)	(68.0, 0.0)	(69.0, 0.0)	(70.0, 0.0)	(71.0, 0.0)	(72.0, 0.0)	(73.0, 0.0)	(74.0, 0.0)	(75.0, 0.0)	(76.0, 0.0)	(77.0, 0.0)	(78.0, 0.0)	(79.0, 0.0)	(80.0, 0.0)	(81.0, 0.0)	(82.0, 0.0)	(83.0, 0.0)	(84.0, 0.0)	(85.0, 0.0)	(86.0, 0.0)	(87.0, 0.0)	(88.0, 0.0)	(89.0, 0.0)	(90.0, 0.0)	(91.0, 0.0)	(92.0, 0.0)	(93.0, 0.0)	(94.0, 0.0)	(95.0, 0.0)	(96.0, 0.0)	(97.0, 0.0)	(98.0, 0.0)	(99.0, 0.0)	(100.0, 0.0)
SRR8438093_1	(0.0, 0.0)	(1.0, 0.0)	(2.0, 0.0)	(3.0, 0.0)	(4.0, 0.0)	(5.0, 0.0)	(6.0, 0.0)	(7.0, 0.0)	(8.0, 0.0)	(9.0, 0.0)	(10.0, 0.0)	(11.0, 0.0)	(12.0, 0.0)	(13.0, 0.0)	(14.0, 0.0)	(15.0, 0.0)	(16.0, 0.0)	(17.0, 0.0)	(18.0, 0.0)	(19.0, 0.0)	(20.0, 0.0)	(21.0, 0.0)	(22.0, 0.0)	(23.0, 0.0)	(24.0, 0.0)	(25.0, 0.0)	(26.0, 0.0)	(27.0, 0.0)	(28.0, 0.0)	(29.0, 0.0)	(30.0, 0.006624710168930047)	(31.0, 0.006624710168930047)	(32.0, 0.11924478304074083)	(33.0, 0.21199072540576155)	(34.0, 0.6028486253726335)	(35.0, 0.6823451473997942)	(36.0, 0.41735674064259287)	(37.0, 0.07287181185823052)	(38.0, 0.059622391520370424)	(39.0, 0.10599536270288074)	(40.0, 1.503809208347121)	(41.0, 0.5233521033454732)	(42.0, 0.8810864524676972)	(43.0, 1.7422987744285992)	(44.0, 1.755548194766459)	(45.0, 3.3587280556475427)	(46.0, 3.3256045048028913)	(47.0, 2.225902616760486)	(48.0, 2.1132825438886766)	(49.0, 7.446174229877298)	(50.0, 7.452798940046226)	(51.0, 18.67505796621454)	(52.0, 18.290824776416553)	(53.0, 8.870486916197176)	(54.0, 8.161642928121701)	(55.0, 2.365021530308015)	(56.0, 1.3315667439549421)	(57.0, 1.338191454123872)	(58.0, 2.384895660814805)	(59.0, 1.8151705862868288)	(60.0, 1.0930771778734603)	(61.0, 0.47697913216296306)	(62.0, 0.1324942033786009)	(63.0, 0.07949652202716058)	(64.0, 0.2716131169261321)	(65.0, 0.06624710168930048)	(66.0, 0.019874130506790145)	(67.0, 0.006624710168930047)	(68.0, 0.006624710168930047)	(69.0, 0.0)	(70.0, 0.0)	(71.0, 0.0)	(72.0, 0.0)	(73.0, 0.0)	(74.0, 0.0)	(75.0, 0.0)	(76.0, 0.0)	(77.0, 0.0)	(78.0, 0.0)	(79.0, 0.0)	(80.0, 0.0)	(81.0, 0.0)	(82.0, 0.0)	(83.0, 0.0)	(84.0, 0.0)	(85.0, 0.0)	(86.0, 0.0)	(87.0, 0.0)	(88.0, 0.0)	(89.0, 0.0)	(90.0, 0.0)	(91.0, 0.0)	(92.0, 0.0)	(93.0, 0.0)	(94.0, 0.0)	(95.0, 0.0)	(96.0, 0.0)	(97.0, 0.0)	(98.0, 0.0)	(99.0, 0.0)	(100.0, 0.0)
SRR8438093_2	(0.0, 0.0)	(1.0, 0.0)	(2.0, 0.0)	(3.0, 0.0)	(4.0, 0.0)	(5.0, 0.0)	(6.0, 0.0)	(7.0, 0.0)	(8.0, 0.0)	(9.0, 0.0)	(10.0, 0.0)	(11.0, 0.0)	(12.0, 0.0)	(13.0, 0.0)	(14.0, 0.0)	(15.0, 0.0)	(16.0, 0.0)	(17.0, 0.0)	(18.0, 0.0)	(19.0, 0.0)	(20.0, 0.0)	(21.0, 0.0)	(22.0, 0.0)	(23.0, 0.0)	(24.0, 0.0)	(25.0, 0.0)	(26.0, 0.0)	(27.0, 0.0)	(28.0, 0.0)	(29.0, 0.006947339169098209)	(30.0, 0.006947339169098209)	(31.0, 0.006947339169098209)	(32.0, 0.16673614005835694)	(33.0, 0.19452549673474984)	(34.0, 0.14589412255106232)	(35.0, 0.5766291510351508)	(36.0, 0.548839794358758)	(37.0, 0.34041961928581244)	(38.0, 0.08336807002917851)	(39.0, 0.49326108100597243)	(40.0, 0.5835764902042488)	(41.0, 0.9934695011810453)	(42.0, 1.8271502014728256)	(43.0, 2.000833680700278)	(44.0, 3.029039877726814)	(45.0, 3.7168264554675563)	(46.0, 2.47325274419895)	(47.0, 0.8128386827844905)	(48.0, 0.9934695011810453)	(49.0, 5.495345282756735)	(50.0, 6.989023204112765)	(51.0, 6.27344726969569)	(52.0, 18.47992218980188)	(53.0, 11.886897318326929)	(54.0, 8.809226066416393)	(55.0, 6.718076976517951)	(56.0, 4.0364040572460835)	(57.0, 2.9317771293594364)	(58.0, 2.542726135889931)	(59.0, 1.8757815756565124)	(60.0, 1.0004168403501434)	(61.0, 0.5696818118660525)	(62.0, 0.8892594136445713)	(63.0, 0.9170487703209643)	(64.0, 0.5349451160205616)	(65.0, 0.3682089759622052)	(66.0, 0.3056829234403214)	(67.0, 0.1875781575656516)	(68.0, 0.0694733916909821)	(69.0, 0.027789356676392835)	(70.0, 0.020842017507294627)	(71.0, 0.027789356676392835)	(72.0, 0.006947339169098209)	(73.0, 0.006947339169098209)	(74.0, 0.020842017507294627)	(75.0, 0.006947339169098209)	(76.0, 0.0)	(77.0, 0.0)	(78.0, 0.0)	(79.0, 0.0)	(80.0, 0.0)	(81.0, 0.0)	(82.0, 0.0)	(83.0, 0.0)	(84.0, 0.0)	(85.0, 0.0)	(86.0, 0.0)	(87.0, 0.0)	(88.0, 0.0)	(89.0, 0.0)	(90.0, 0.0)	(91.0, 0.0)	(92.0, 0.0)	(93.0, 0.0)	(94.0, 0.0)	(95.0, 0.0)	(96.0, 0.0)	(97.0, 0.0)	(98.0, 0.0)	(99.0, 0.0)	(100.0, 0.0)
SRR8438094	(0.0, 0.0)	(1.0, 0.0)	(2.0, 0.0)	(3.0, 0.0)	(4.0, 0.0)	(5.0, 0.0)	(6.0, 0.0)	(7.0, 0.0)	(8.0, 0.0)	(9.0, 0.0)	(10.0, 0.0)	(11.0, 0.0)	(12.0, 0.0)	(13.0, 0.0)	(14.0, 0.0)	(15.0, 0.0)	(16.0, 0.0)	(17.0, 0.0)	(18.0, 0.0)	(19.0, 0.0)	(20.0, 0.0)	(21.0, 0.0)	(22.0, 0.0)	(23.0, 0.0)	(24.0, 0.0)	(25.0, 0.0)	(26.0, 0.0)	(27.0, 0.0)	(28.0, 0.0)	(29.0, 0.0)	(30.0, 0.0)	(31.0, 0.0)	(32.0, 0.0)	(33.0, 0.0)	(34.0, 0.0)	(35.0, 0.0)	(36.0, 0.0)	(37.0, 0.0)	(38.0, 0.0)	(39.0, 0.0)	(40.0, 0.0)	(41.0, 0.0)	(42.0, 5.769230769230769)	(43.0, 5.769230769230769)	(44.0, 5.769230769230769)	(45.0, 11.538461538461538)	(46.0, 15.384615384615385)	(47.0, 19.230769230769234)	(48.0, 11.538461538461538)	(49.0, 13.461538461538462)	(50.0, 5.769230769230769)	(51.0, 3.8461538461538463)	(52.0, 1.9230769230769231)	(53.0, 0.0)	(54.0, 0.0)	(55.0, 0.0)	(56.0, 0.0)	(57.0, 0.0)	(58.0, 0.0)	(59.0, 0.0)	(60.0, 0.0)	(61.0, 0.0)	(62.0, 0.0)	(63.0, 0.0)	(64.0, 0.0)	(65.0, 0.0)	(66.0, 0.0)	(67.0, 0.0)	(68.0, 0.0)	(69.0, 0.0)	(70.0, 0.0)	(71.0, 0.0)	(72.0, 0.0)	(73.0, 0.0)	(74.0, 0.0)	(75.0, 0.0)	(76.0, 0.0)	(77.0, 0.0)	(78.0, 0.0)	(79.0, 0.0)	(80.0, 0.0)	(81.0, 0.0)	(82.0, 0.0)	(83.0, 0.0)	(84.0, 0.0)	(85.0, 0.0)	(86.0, 0.0)	(87.0, 0.0)	(88.0, 0.0)	(89.0, 0.0)	(90.0, 0.0)	(91.0, 0.0)	(92.0, 0.0)	(93.0, 0.0)	(94.0, 0.0)	(95.0, 0.0)	(96.0, 0.0)	(97.0, 0.0)	(98.0, 0.0)	(99.0, 0.0)	(100.0, 0.0)
SRR8438094_1	(0.0, 0.0)	(1.0, 0.0)	(2.0, 0.0)	(3.0, 0.0)	(4.0, 0.0)	(5.0, 0.0)	(6.0, 0.0)	(7.0, 0.0)	(8.0, 0.0)	(9.0, 0.0)	(10.0, 0.0)	(11.0, 0.0)	(12.0, 0.0)	(13.0, 0.0)	(14.0, 0.0)	(15.0, 0.0)	(16.0, 0.0)	(17.0, 0.0)	(18.0, 0.0)	(19.0, 0.0)	(20.0, 0.0)	(21.0, 0.0)	(22.0, 0.0)	(23.0, 0.0)	(24.0, 0.0)	(25.0, 0.0)	(26.0, 0.0)	(27.0, 0.0)	(28.0, 0.0)	(29.0, 0.0)	(30.0, 0.0)	(31.0, 0.0)	(32.0, 0.0)	(33.0, 0.0)	(34.0, 0.0)	(35.0, 0.0)	(36.0, 0.0008564356859625808)	(37.0, 0.003425742743850323)	(38.0, 0.01113366391751355)	(39.0, 0.03853960586831616)	(40.0, 0.110480203489173)	(41.0, 0.1627227803328908)	(42.0, 0.18156436542406734)	(43.0, 0.20468812894505667)	(44.0, 0.24065842775548457)	(45.0, 0.2697772410782119)	(46.0, 0.32630199635174145)	(47.0, 0.5652475527353082)	(48.0, 5.553128987781028)	(49.0, 62.08131000401348)	(50.0, 21.881931776337797)	(51.0, 4.682990330843045)	(52.0, 2.224163476444896)	(53.0, 0.6688762707367825)	(54.0, 0.33572278889733)	(55.0, 0.21753466423449522)	(56.0, 0.1310346599522751)	(57.0, 0.06251980507526834)	(58.0, 0.028262377636765174)	(59.0, 0.01027722823155097)	(60.0, 0.0025693070578877426)	(61.0, 0.0017128713719251616)	(62.0, 0.0008564356859625808)	(63.0, 0.0008564356859625808)	(64.0, 0.0008564356859625808)	(65.0, 0.0)	(66.0, 0.0)	(67.0, 0.0)	(68.0, 0.0)	(69.0, 0.0)	(70.0, 0.0)	(71.0, 0.0)	(72.0, 0.0)	(73.0, 0.0)	(74.0, 0.0)	(75.0, 0.0)	(76.0, 0.0)	(77.0, 0.0)	(78.0, 0.0)	(79.0, 0.0)	(80.0, 0.0)	(81.0, 0.0)	(82.0, 0.0)	(83.0, 0.0)	(84.0, 0.0)	(85.0, 0.0)	(86.0, 0.0)	(87.0, 0.0)	(88.0, 0.0)	(89.0, 0.0)	(90.0, 0.0)	(91.0, 0.0)	(92.0, 0.0)	(93.0, 0.0)	(94.0, 0.0)	(95.0, 0.0)	(96.0, 0.0)	(97.0, 0.0)	(98.0, 0.0)	(99.0, 0.0)	(100.0, 0.0)
SRR8438094_2	(0.0, 0.0)	(1.0, 0.0)	(2.0, 0.0)	(3.0, 0.0)	(4.0, 0.0)	(5.0, 0.0)	(6.0, 0.0)	(7.0, 0.0)	(8.0, 0.0)	(9.0, 0.0)	(10.0, 0.0)	(11.0, 0.0)	(12.0, 0.0)	(13.0, 0.0)	(14.0, 0.0)	(15.0, 0.0)	(16.0, 0.0)	(17.0, 0.0)	(18.0, 0.0)	(19.0, 0.0)	(20.0, 0.0)	(21.0, 0.0)	(22.0, 0.0)	(23.0, 0.0)	(24.0, 0.0)	(25.0, 0.0)	(26.0, 0.0)	(27.0, 0.0)	(28.0, 0.0)	(29.0, 0.0)	(30.0, 0.0)	(31.0, 0.0)	(32.0, 0.000700270304337435)	(33.0, 0.000700270304337435)	(34.0, 0.0)	(35.0, 0.0)	(36.0, 0.000700270304337435)	(37.0, 0.00280108121734974)	(38.0, 0.008053108499880505)	(39.0, 0.01855716306494203)	(40.0, 0.05392081343398245)	(41.0, 0.0994383832159159)	(42.0, 0.12324757356338886)	(43.0, 0.15230879119339225)	(44.0, 0.1810198736712267)	(45.0, 0.20167784764918073)	(46.0, 0.21043122645339857)	(47.0, 0.3077687987563023)	(48.0, 0.934160585986122)	(49.0, 30.37492472095827)	(50.0, 44.34671783307002)	(51.0, 11.207826220919847)	(52.0, 4.714219688799409)	(53.0, 2.7604655396981284)	(54.0, 1.4369546645004334)	(55.0, 0.8788392319434677)	(56.0, 0.6470497612077899)	(57.0, 0.4292656965588507)	(58.0, 0.2997156902564216)	(59.0, 0.21708379434460406)	(60.0, 0.1393537905631499)	(61.0, 0.08963459895519175)	(62.0, 0.05462108373831989)	(63.0, 0.03501351521687177)	(64.0, 0.02030783882578562)	(65.0, 0.012604865478073829)	(66.0, 0.011204324869398959)	(67.0, 0.007002703043374351)	(68.0, 0.00280108121734974)	(69.0, 0.00280108121734974)	(70.0, 0.00280108121734974)	(71.0, 0.00140054060867487)	(72.0, 0.000700270304337435)	(73.0, 0.00140054060867487)	(74.0, 0.0)	(75.0, 0.000700270304337435)	(76.0, 0.000700270304337435)	(77.0, 0.0)	(78.0, 0.0)	(79.0, 0.000700270304337435)	(80.0, 0.0)	(81.0, 0.000700270304337435)	(82.0, 0.000700270304337435)	(83.0, 0.00140054060867487)	(84.0, 0.0021008109130123053)	(85.0, 0.0)	(86.0, 0.0)	(87.0, 0.000700270304337435)	(88.0, 0.00140054060867487)	(89.0, 0.0)	(90.0, 0.0)	(91.0, 0.0)	(92.0, 0.0)	(93.0, 0.0)	(94.0, 0.0)	(95.0, 0.0)	(96.0, 0.0)	(97.0, 0.000700270304337435)	(98.0, 0.0)	(99.0, 0.0)	(100.0, 0.0)
SRR8438095	(0.0, 0.0)	(1.0, 0.0)	(2.0, 0.0)	(3.0, 0.0)	(4.0, 0.0)	(5.0, 0.0)	(6.0, 0.0)	(7.0, 0.0)	(8.0, 0.0)	(9.0, 0.0)	(10.0, 0.0)	(11.0, 0.0)	(12.0, 0.0)	(13.0, 0.0)	(14.0, 0.0)	(15.0, 0.0)	(16.0, 0.0)	(17.0, 0.0)	(18.0, 0.0)	(19.0, 0.0)	(20.0, 0.0)	(21.0, 0.0)	(22.0, 0.0)	(23.0, 0.0)	(24.0, 0.0)	(25.0, 0.0)	(26.0, 0.0)	(27.0, 0.0)	(28.0, 0.0)	(29.0, 0.0)	(30.0, 0.0)	(31.0, 0.0)	(32.0, 0.0)	(33.0, 0.0)	(34.0, 0.0)	(35.0, 0.0)	(36.0, 0.0)	(37.0, 0.0)	(38.0, 0.0)	(39.0, 2.1739130434782608)	(40.0, 2.1739130434782608)	(41.0, 0.0)	(42.0, 2.1739130434782608)	(43.0, 8.695652173913043)	(44.0, 4.3478260869565215)	(45.0, 6.521739130434782)	(46.0, 10.869565217391305)	(47.0, 19.565217391304348)	(48.0, 13.043478260869565)	(49.0, 4.3478260869565215)	(50.0, 6.521739130434782)	(51.0, 6.521739130434782)	(52.0, 2.1739130434782608)	(53.0, 2.1739130434782608)	(54.0, 4.3478260869565215)	(55.0, 4.3478260869565215)	(56.0, 0.0)	(57.0, 0.0)	(58.0, 0.0)	(59.0, 0.0)	(60.0, 0.0)	(61.0, 0.0)	(62.0, 0.0)	(63.0, 0.0)	(64.0, 0.0)	(65.0, 0.0)	(66.0, 0.0)	(67.0, 0.0)	(68.0, 0.0)	(69.0, 0.0)	(70.0, 0.0)	(71.0, 0.0)	(72.0, 0.0)	(73.0, 0.0)	(74.0, 0.0)	(75.0, 0.0)	(76.0, 0.0)	(77.0, 0.0)	(78.0, 0.0)	(79.0, 0.0)	(80.0, 0.0)	(81.0, 0.0)	(82.0, 0.0)	(83.0, 0.0)	(84.0, 0.0)	(85.0, 0.0)	(86.0, 0.0)	(87.0, 0.0)	(88.0, 0.0)	(89.0, 0.0)	(90.0, 0.0)	(91.0, 0.0)	(92.0, 0.0)	(93.0, 0.0)	(94.0, 0.0)	(95.0, 0.0)	(96.0, 0.0)	(97.0, 0.0)	(98.0, 0.0)	(99.0, 0.0)	(100.0, 0.0)
SRR8438095_1	(0.0, 0.0)	(1.0, 0.0)	(2.0, 0.0)	(3.0, 0.0)	(4.0, 0.0)	(5.0, 0.0)	(6.0, 0.0)	(7.0, 0.0)	(8.0, 0.0)	(9.0, 0.0)	(10.0, 0.0)	(11.0, 0.0)	(12.0, 0.0)	(13.0, 0.0)	(14.0, 0.0)	(15.0, 0.0)	(16.0, 0.0)	(17.0, 0.0)	(18.0, 0.0)	(19.0, 0.0)	(20.0, 0.0)	(21.0, 0.0)	(22.0, 0.0)	(23.0, 0.0)	(24.0, 0.0)	(25.0, 0.0)	(26.0, 0.0)	(27.0, 0.0)	(28.0, 0.0)	(29.0, 0.0)	(30.0, 0.0006671826212272724)	(31.0, 0.0006671826212272724)	(32.0, 0.0)	(33.0, 0.0006671826212272724)	(34.0, 0.0006671826212272724)	(35.0, 0.0)	(36.0, 0.0013343652424545448)	(37.0, 0.005337460969818179)	(38.0, 0.009340556697181814)	(39.0, 0.026687304849090914)	(40.0, 0.08940247124445459)	(41.0, 0.12743188065440939)	(42.0, 0.16412692482190885)	(43.0, 0.2321795521870897)	(44.0, 0.2702089615970443)	(45.0, 0.306236823143318)	(46.0, 0.32892103226504593)	(47.0, 0.306236823143318)	(48.0, 0.2315123695658624)	(49.0, 0.5257399055270957)	(50.0, 1.252301780043593)	(51.0, 39.79077152999293)	(52.0, 46.8308825491575)	(53.0, 5.580315443945207)	(54.0, 2.4011902537969667)	(55.0, 0.7892770409118535)	(56.0, 0.36027861546272866)	(57.0, 0.19148141229222665)	(58.0, 0.09140401910813642)	(59.0, 0.03536067892504545)	(60.0, 0.018681113394363628)	(61.0, 0.013343652424545447)	(62.0, 0.0073390088334999975)	(63.0, 0.0006671826212272724)	(64.0, 0.006671826212272726)	(65.0, 0.0013343652424545448)	(66.0, 0.0006671826212272724)	(67.0, 0.0)	(68.0, 0.0)	(69.0, 0.0006671826212272724)	(70.0, 0.0)	(71.0, 0.0)	(72.0, 0.0)	(73.0, 0.0)	(74.0, 0.0)	(75.0, 0.0)	(76.0, 0.0)	(77.0, 0.0)	(78.0, 0.0)	(79.0, 0.0)	(80.0, 0.0)	(81.0, 0.0)	(82.0, 0.0)	(83.0, 0.0)	(84.0, 0.0)	(85.0, 0.0)	(86.0, 0.0)	(87.0, 0.0)	(88.0, 0.0)	(89.0, 0.0)	(90.0, 0.0)	(91.0, 0.0)	(92.0, 0.0)	(93.0, 0.0)	(94.0, 0.0)	(95.0, 0.0)	(96.0, 0.0)	(97.0, 0.0)	(98.0, 0.0)	(99.0, 0.0)	(100.0, 0.0)
SRR8438095_2	(0.0, 0.0)	(1.0, 0.0)	(2.0, 0.0)	(3.0, 0.0)	(4.0, 0.0)	(5.0, 0.0)	(6.0, 0.0)	(7.0, 0.0)	(8.0, 0.0)	(9.0, 0.0)	(10.0, 0.0)	(11.0, 0.0)	(12.0, 0.0)	(13.0, 0.0)	(14.0, 0.0)	(15.0, 0.0)	(16.0, 0.0)	(17.0, 0.0)	(18.0, 0.0)	(19.0, 0.0)	(20.0, 0.0)	(21.0, 0.0)	(22.0, 0.0)	(23.0, 0.0)	(24.0, 0.0)	(25.0, 0.0)	(26.0, 0.0)	(27.0, 0.0)	(28.0, 0.0)	(29.0, 0.0)	(30.0, 0.0)	(31.0, 0.0)	(32.0, 0.0007400390740631203)	(33.0, 0.0007400390740631203)	(34.0, 0.0)	(35.0, 0.0007400390740631203)	(36.0, 0.002960156296252481)	(37.0, 0.004440234444378721)	(38.0, 0.008880468888757442)	(39.0, 0.03256171925877731)	(40.0, 0.07770410277662756)	(41.0, 0.11544609555384697)	(42.0, 0.17982949499733805)	(43.0, 0.2286720738855033)	(44.0, 0.24717305073708104)	(45.0, 0.2697442424960059)	(46.0, 0.260493754070217)	(47.0, 0.2593836954591224)	(48.0, 0.2730744183292899)	(49.0, 0.28787519981055226)	(50.0, 0.6186726659167722)	(51.0, 1.4393759990527772)	(52.0, 22.60227340003723)	(53.0, 42.91486590492301)	(54.0, 17.29323308270119)	(55.0, 6.292552246759091)	(56.0, 2.814368598662026)	(57.0, 1.4475164288674724)	(58.0, 0.8088627079509833)	(59.0, 0.49212598425197923)	(60.0, 0.328577348884025)	(61.0, 0.23163223018175574)	(62.0, 0.13246699425729885)	(63.0, 0.10064531407258447)	(64.0, 0.07992421999881694)	(65.0, 0.05328281333254462)	(66.0, 0.03922207092534539)	(67.0, 0.019981054999704245)	(68.0, 0.008140429814694324)	(69.0, 0.005920312592504962)	(70.0, 0.0051802735184418415)	(71.0, 0.007400390740631203)	(72.0, 0.004440234444378721)	(73.0, 0.0007400390740631203)	(74.0, 0.0)	(75.0, 0.0)	(76.0, 0.0)	(77.0, 0.0)	(78.0, 0.0007400390740631203)	(79.0, 0.0007400390740631203)	(80.0, 0.0007400390740631203)	(81.0, 0.0)	(82.0, 0.0)	(83.0, 0.0)	(84.0, 0.0007400390740631203)	(85.0, 0.0)	(86.0, 0.0)	(87.0, 0.0007400390740631203)	(88.0, 0.0007400390740631203)	(89.0, 0.0007400390740631203)	(90.0, 0.0007400390740631203)	(91.0, 0.0)	(92.0, 0.0)	(93.0, 0.0)	(94.0, 0.0014800781481262406)	(95.0, 0.0007400390740631203)	(96.0, 0.0)	(97.0, 0.0)	(98.0, 0.0)	(99.0, 0.0)	(100.0, 0.0)
SRR8438096	(0.0, 0.0)	(1.0, 0.0)	(2.0, 0.0)	(3.0, 0.0)	(4.0, 0.0)	(5.0, 0.0)	(6.0, 0.0)	(7.0, 0.0)	(8.0, 0.0)	(9.0, 0.0)	(10.0, 0.0)	(11.0, 0.0)	(12.0, 0.0)	(13.0, 0.0)	(14.0, 0.0)	(15.0, 0.0)	(16.0, 0.0)	(17.0, 0.0)	(18.0, 0.0)	(19.0, 0.0)	(20.0, 0.0)	(21.0, 0.0)	(22.0, 0.0)	(23.0, 0.0)	(24.0, 0.0)	(25.0, 0.0)	(26.0, 0.0)	(27.0, 0.0)	(28.0, 0.0)	(29.0, 0.0)	(30.0, 0.0)	(31.0, 0.0)	(32.0, 0.0)	(33.0, 0.0)	(34.0, 0.0)	(35.0, 0.0)	(36.0, 0.0)	(37.0, 0.0)	(38.0, 0.0)	(39.0, 0.0)	(40.0, 0.0)	(41.0, 0.0)	(42.0, 9.090909090909092)	(43.0, 9.090909090909092)	(44.0, 0.0)	(45.0, 0.0)	(46.0, 0.0)	(47.0, 18.181818181818183)	(48.0, 27.272727272727277)	(49.0, 18.181818181818183)	(50.0, 0.0)	(51.0, 9.090909090909092)	(52.0, 9.090909090909092)	(53.0, 0.0)	(54.0, 0.0)	(55.0, 0.0)	(56.0, 0.0)	(57.0, 0.0)	(58.0, 0.0)	(59.0, 0.0)	(60.0, 0.0)	(61.0, 0.0)	(62.0, 0.0)	(63.0, 0.0)	(64.0, 0.0)	(65.0, 0.0)	(66.0, 0.0)	(67.0, 0.0)	(68.0, 0.0)	(69.0, 0.0)	(70.0, 0.0)	(71.0, 0.0)	(72.0, 0.0)	(73.0, 0.0)	(74.0, 0.0)	(75.0, 0.0)	(76.0, 0.0)	(77.0, 0.0)	(78.0, 0.0)	(79.0, 0.0)	(80.0, 0.0)	(81.0, 0.0)	(82.0, 0.0)	(83.0, 0.0)	(84.0, 0.0)	(85.0, 0.0)	(86.0, 0.0)	(87.0, 0.0)	(88.0, 0.0)	(89.0, 0.0)	(90.0, 0.0)	(91.0, 0.0)	(92.0, 0.0)	(93.0, 0.0)	(94.0, 0.0)	(95.0, 0.0)	(96.0, 0.0)	(97.0, 0.0)	(98.0, 0.0)	(99.0, 0.0)	(100.0, 0.0)
SRR8438096_1	(0.0, 0.0)	(1.0, 0.0)	(2.0, 0.0)	(3.0, 0.0)	(4.0, 0.0)	(5.0, 0.0)	(6.0, 0.0)	(7.0, 0.0)	(8.0, 0.0)	(9.0, 0.0)	(10.0, 0.0)	(11.0, 0.0)	(12.0, 0.0)	(13.0, 0.0)	(14.0, 0.0)	(15.0, 0.0)	(16.0, 0.0)	(17.0, 0.0)	(18.0, 0.0)	(19.0, 0.0)	(20.0, 0.0)	(21.0, 0.0)	(22.0, 0.0)	(23.0, 0.0)	(24.0, 0.0)	(25.0, 0.0)	(26.0, 0.0)	(27.0, 0.0)	(28.0, 0.0)	(29.0, 0.0)	(30.0, 0.0018187770543086233)	(31.0, 0.0036375541086172466)	(32.0, 0.0036375541086172466)	(33.0, 0.007275108217234493)	(34.0, 0.02000654759739486)	(35.0, 0.038194318140481076)	(36.0, 0.061838419846493214)	(37.0, 0.18187770543086212)	(38.0, 0.47106325706593266)	(39.0, 0.40013095194789733)	(40.0, 0.7165981593975942)	(41.0, 0.9057509730456962)	(42.0, 0.9421265141318698)	(43.0, 0.84573133025351)	(44.0, 1.053071914444699)	(45.0, 1.3895456694918038)	(46.0, 12.904223200319453)	(47.0, 15.123131206576982)	(48.0, 3.151940635116821)	(49.0, 5.3344731002874175)	(50.0, 3.981302971881648)	(51.0, 15.246808046270024)	(52.0, 16.18711578334801)	(53.0, 4.286857517005531)	(54.0, 4.7833836528318425)	(55.0, 4.243206867702119)	(56.0, 3.230148048452101)	(57.0, 2.1807136881160107)	(58.0, 1.1894801935178496)	(59.0, 0.3546615255901824)	(60.0, 0.09457640682404846)	(61.0, 0.018187770543086235)	(62.0, 0.018187770543086235)	(63.0, 0.08548252155250535)	(64.0, 0.4274126077625263)	(65.0, 0.10003273798697429)	(66.0, 0.01273143938016036)	(67.0, 0.0036375541086172466)	(68.0, 0.0)	(69.0, 0.0)	(70.0, 0.0)	(71.0, 0.0)	(72.0, 0.0)	(73.0, 0.0)	(74.0, 0.0)	(75.0, 0.0)	(76.0, 0.0)	(77.0, 0.0)	(78.0, 0.0)	(79.0, 0.0)	(80.0, 0.0)	(81.0, 0.0)	(82.0, 0.0)	(83.0, 0.0)	(84.0, 0.0)	(85.0, 0.0)	(86.0, 0.0)	(87.0, 0.0)	(88.0, 0.0)	(89.0, 0.0)	(90.0, 0.0)	(91.0, 0.0)	(92.0, 0.0)	(93.0, 0.0)	(94.0, 0.0)	(95.0, 0.0)	(96.0, 0.0)	(97.0, 0.0)	(98.0, 0.0)	(99.0, 0.0)	(100.0, 0.0)
SRR8438096_2	(0.0, 0.0)	(1.0, 0.0)	(2.0, 0.0)	(3.0, 0.0)	(4.0, 0.0)	(5.0, 0.0)	(6.0, 0.0)	(7.0, 0.0)	(8.0, 0.0)	(9.0, 0.0)	(10.0, 0.0)	(11.0, 0.0)	(12.0, 0.0)	(13.0, 0.0)	(14.0, 0.0)	(15.0, 0.0)	(16.0, 0.0)	(17.0, 0.0)	(18.0, 0.0)	(19.0, 0.0)	(20.0, 0.0)	(21.0, 0.0)	(22.0, 0.0)	(23.0, 0.0)	(24.0, 0.0)	(25.0, 0.0)	(26.0, 0.0)	(27.0, 0.0018999126040202376)	(28.0, 0.0)	(29.0, 0.0018999126040202376)	(30.0, 0.0018999126040202376)	(31.0, 0.00759965041608095)	(32.0, 0.003799825208040475)	(33.0, 0.011399475624121426)	(34.0, 0.0151993008321619)	(35.0, 0.0151993008321619)	(36.0, 0.0151993008321619)	(37.0, 0.024698863852263088)	(38.0, 0.09689554280503217)	(39.0, 0.30778584185127916)	(40.0, 0.3039860166432386)	(41.0, 0.29828627883117786)	(42.0, 0.646920241668888)	(43.0, 0.6754189307291911)	(44.0, 0.858760497017147)	(45.0, 1.0696507960633994)	(46.0, 1.5636280731086662)	(47.0, 7.6889463084697445)	(48.0, 12.55462248736507)	(49.0, 7.702245696697885)	(50.0, 7.827639928563192)	(51.0, 6.001823916100158)	(52.0, 9.636356727590046)	(53.0, 14.807918835734096)	(54.0, 8.317817380400301)	(55.0, 5.745335714557454)	(56.0, 4.162708515408416)	(57.0, 3.1899532621499436)	(58.0, 2.1241022912946046)	(59.0, 1.3128396093779966)	(60.0, 0.9841547288824862)	(61.0, 0.5965725576623523)	(62.0, 0.2868868032070564)	(63.0, 0.17479195956986165)	(64.0, 0.09689554280503217)	(65.0, 0.24508872591861083)	(66.0, 0.36098339476384617)	(67.0, 0.14249344530151772)	(68.0, 0.05509746551658689)	(69.0, 0.020899038644222618)	(70.0, 0.022798951248242855)	(71.0, 0.005699737812060714)	(72.0, 0.0018999126040202376)	(73.0, 0.0018999126040202376)	(74.0, 0.0018999126040202376)	(75.0, 0.0)	(76.0, 0.0)	(77.0, 0.0)	(78.0, 0.0)	(79.0, 0.0)	(80.0, 0.0018999126040202376)	(81.0, 0.0)	(82.0, 0.0018999126040202376)	(83.0, 0.0)	(84.0, 0.0)	(85.0, 0.0)	(86.0, 0.0018999126040202376)	(87.0, 0.0)	(88.0, 0.0)	(89.0, 0.0)	(90.0, 0.0)	(91.0, 0.0)	(92.0, 0.0)	(93.0, 0.0)	(94.0, 0.0)	(95.0, 0.0018999126040202376)	(96.0, 0.0018999126040202376)	(97.0, 0.0)	(98.0, 0.0)	(99.0, 0.0)	(100.0, 0.0)
SRR8438097	(0.0, 0.0)	(1.0, 0.0)	(2.0, 0.0)	(3.0, 0.0)	(4.0, 0.0)	(5.0, 0.0)	(6.0, 0.0)	(7.0, 0.0)	(8.0, 0.0)	(9.0, 0.0)	(10.0, 0.0)	(11.0, 0.0)	(12.0, 0.0)	(13.0, 0.0)	(14.0, 0.0)	(15.0, 0.0)	(16.0, 0.0)	(17.0, 0.0)	(18.0, 0.0)	(19.0, 0.0)	(20.0, 0.0)	(21.0, 0.0)	(22.0, 0.0)	(23.0, 0.0)	(24.0, 0.0)	(25.0, 0.0)	(26.0, 0.0)	(27.0, 0.0)	(28.0, 0.0)	(29.0, 0.0)	(30.0, 0.0)	(31.0, 0.0)	(32.0, 0.0)	(33.0, 0.0)	(34.0, 0.0)	(35.0, 0.0)	(36.0, 0.0)	(37.0, 0.0)	(38.0, 0.0)	(39.0, 0.0)	(40.0, 0.0)	(41.0, 0.0)	(42.0, 0.0)	(43.0, 6.250000000000002)	(44.0, 6.250000000000002)	(45.0, 18.750000000000007)	(46.0, 12.500000000000004)	(47.0, 12.500000000000004)	(48.0, 18.750000000000007)	(49.0, 12.500000000000004)	(50.0, 0.0)	(51.0, 0.0)	(52.0, 6.250000000000002)	(53.0, 6.250000000000002)	(54.0, 0.0)	(55.0, 0.0)	(56.0, 0.0)	(57.0, 0.0)	(58.0, 0.0)	(59.0, 0.0)	(60.0, 0.0)	(61.0, 0.0)	(62.0, 0.0)	(63.0, 0.0)	(64.0, 0.0)	(65.0, 0.0)	(66.0, 0.0)	(67.0, 0.0)	(68.0, 0.0)	(69.0, 0.0)	(70.0, 0.0)	(71.0, 0.0)	(72.0, 0.0)	(73.0, 0.0)	(74.0, 0.0)	(75.0, 0.0)	(76.0, 0.0)	(77.0, 0.0)	(78.0, 0.0)	(79.0, 0.0)	(80.0, 0.0)	(81.0, 0.0)	(82.0, 0.0)	(83.0, 0.0)	(84.0, 0.0)	(85.0, 0.0)	(86.0, 0.0)	(87.0, 0.0)	(88.0, 0.0)	(89.0, 0.0)	(90.0, 0.0)	(91.0, 0.0)	(92.0, 0.0)	(93.0, 0.0)	(94.0, 0.0)	(95.0, 0.0)	(96.0, 0.0)	(97.0, 0.0)	(98.0, 0.0)	(99.0, 0.0)	(100.0, 0.0)
SRR8438097_1	(0.0, 0.0)	(1.0, 0.0)	(2.0, 0.0)	(3.0, 0.0)	(4.0, 0.0)	(5.0, 0.0)	(6.0, 0.0)	(7.0, 0.0)	(8.0, 0.0)	(9.0, 0.0)	(10.0, 0.0)	(11.0, 0.0)	(12.0, 0.0)	(13.0, 0.0)	(14.0, 0.0)	(15.0, 0.0)	(16.0, 0.0)	(17.0, 0.0)	(18.0, 0.0)	(19.0, 0.0020657315788386466)	(20.0, 0.0)	(21.0, 0.0)	(22.0, 0.0)	(23.0, 0.0)	(24.0, 0.0)	(25.0, 0.0)	(26.0, 0.0)	(27.0, 0.0020657315788386466)	(28.0, 0.0020657315788386466)	(29.0, 0.0020657315788386466)	(30.0, 0.039248899997934274)	(31.0, 0.053709021049804795)	(32.0, 0.01859158420954782)	(33.0, 0.024788778946063763)	(34.0, 0.2251647420934124)	(35.0, 0.3491086368237321)	(36.0, 0.24788778946063764)	(37.0, 1.1857299262533898)	(38.0, 0.9770910367906807)	(39.0, 0.7643206841702952)	(40.0, 0.9151190894255194)	(41.0, 1.2807535788799702)	(42.0, 1.4253547893986795)	(43.0, 1.4831952736061633)	(44.0, 1.6298622157037077)	(45.0, 2.999442252473653)	(46.0, 26.70577785122944)	(47.0, 34.282881282402705)	(48.0, 6.98010700489593)	(49.0, 1.9521163420025183)	(50.0, 1.677374042016994)	(51.0, 3.0139023735255224)	(52.0, 2.6358734945980715)	(53.0, 2.1504265735710173)	(54.0, 1.8095808630626598)	(55.0, 1.5472329525501634)	(56.0, 0.9770910367906807)	(57.0, 0.8386870210084872)	(58.0, 1.0142742052097773)	(59.0, 0.4709867999752115)	(60.0, 0.1032865789419324)	(61.0, 0.022723047367225118)	(62.0, 0.012394389473031878)	(63.0, 0.053709021049804795)	(64.0, 0.09295792104773916)	(65.0, 0.022723047367225118)	(66.0, 0.006197194736515941)	(67.0, 0.0020657315788386466)	(68.0, 0.0)	(69.0, 0.0)	(70.0, 0.0)	(71.0, 0.0)	(72.0, 0.0)	(73.0, 0.0)	(74.0, 0.0)	(75.0, 0.0)	(76.0, 0.0)	(77.0, 0.0)	(78.0, 0.0)	(79.0, 0.0)	(80.0, 0.0)	(81.0, 0.0)	(82.0, 0.0)	(83.0, 0.0)	(84.0, 0.0)	(85.0, 0.0)	(86.0, 0.0)	(87.0, 0.0)	(88.0, 0.0)	(89.0, 0.0)	(90.0, 0.0)	(91.0, 0.0)	(92.0, 0.0)	(93.0, 0.0)	(94.0, 0.0)	(95.0, 0.0)	(96.0, 0.0)	(97.0, 0.0)	(98.0, 0.0)	(99.0, 0.0)	(100.0, 0.0)
SRR8438097_2	(0.0, 0.0)	(1.0, 0.0)	(2.0, 0.0)	(3.0, 0.0)	(4.0, 0.0)	(5.0, 0.0)	(6.0, 0.0)	(7.0, 0.0)	(8.0, 0.0)	(9.0, 0.0)	(10.0, 0.0)	(11.0, 0.0)	(12.0, 0.0)	(13.0, 0.0)	(14.0, 0.0)	(15.0, 0.0)	(16.0, 0.0)	(17.0, 0.0)	(18.0, 0.0)	(19.0, 0.0)	(20.0, 0.0)	(21.0, 0.0)	(22.0, 0.0)	(23.0, 0.0)	(24.0, 0.0)	(25.0, 0.0041814760610493825)	(26.0, 0.0020907380305246913)	(27.0, 0.0)	(28.0, 0.0041814760610493825)	(29.0, 0.03345180848839506)	(30.0, 0.04599623667154319)	(31.0, 0.012544428183148146)	(32.0, 0.012544428183148146)	(33.0, 0.01463516621367284)	(34.0, 0.03345180848839506)	(35.0, 0.17980347062512325)	(36.0, 0.25925151578506184)	(37.0, 0.09408321137361117)	(38.0, 0.10453690152623463)	(39.0, 0.17771273259459855)	(40.0, 0.33033660882290183)	(41.0, 0.505958603386975)	(42.0, 0.8070248797825265)	(43.0, 1.4133389086347041)	(44.0, 2.0510140079447154)	(45.0, 2.3186284758518605)	(46.0, 2.663600250888415)	(47.0, 15.333472715868046)	(48.0, 26.649592306086777)	(49.0, 16.13318001254411)	(50.0, 8.022161823123168)	(51.0, 5.174576625548761)	(52.0, 3.5145306293119676)	(53.0, 3.00439054986392)	(54.0, 2.5402467070874652)	(55.0, 2.19945640811196)	(56.0, 1.549236880618813)	(57.0, 1.36316119590211)	(58.0, 1.1352707505749122)	(59.0, 0.9972820405602788)	(60.0, 0.5477733639974681)	(61.0, 0.22579970729666657)	(62.0, 0.11917206773990742)	(63.0, 0.08781099728203709)	(64.0, 0.08572025925151239)	(65.0, 0.09199247334308648)	(66.0, 0.06481287894626545)	(67.0, 0.027179594396820987)	(68.0, 0.01463516621367284)	(69.0, 0.01463516621367284)	(70.0, 0.006272214091574075)	(71.0, 0.0041814760610493825)	(72.0, 0.0020907380305246913)	(73.0, 0.0020907380305246913)	(74.0, 0.0)	(75.0, 0.0020907380305246913)	(76.0, 0.0041814760610493825)	(77.0, 0.0020907380305246913)	(78.0, 0.0041814760610493825)	(79.0, 0.0)	(80.0, 0.0020907380305246913)	(81.0, 0.0020907380305246913)	(82.0, 0.0)	(83.0, 0.0)	(84.0, 0.0)	(85.0, 0.0)	(86.0, 0.0)	(87.0, 0.0)	(88.0, 0.0)	(89.0, 0.0)	(90.0, 0.0)	(91.0, 0.0)	(92.0, 0.0)	(93.0, 0.0)	(94.0, 0.0)	(95.0, 0.0020907380305246913)	(96.0, 0.0020907380305246913)	(97.0, 0.0)	(98.0, 0.0)	(99.0, 0.0)	(100.0, 0.0)
SRR8438098	(0.0, 0.0)	(1.0, 0.0)	(2.0, 0.0)	(3.0, 0.0)	(4.0, 0.0)	(5.0, 0.0)	(6.0, 0.0)	(7.0, 0.0)	(8.0, 0.0)	(9.0, 0.0)	(10.0, 0.0)	(11.0, 0.0)	(12.0, 0.0)	(13.0, 0.0)	(14.0, 0.0)	(15.0, 0.0)	(16.0, 0.0)	(17.0, 0.0)	(18.0, 0.0)	(19.0, 0.0)	(20.0, 0.0)	(21.0, 0.0)	(22.0, 0.0)	(23.0, 0.0)	(24.0, 0.0)	(25.0, 0.0)	(26.0, 0.0)	(27.0, 0.0)	(28.0, 0.0)	(29.0, 0.0)	(30.0, 0.0)	(31.0, 0.0)	(32.0, 0.0)	(33.0, 0.0)	(34.0, 0.0)	(35.0, 0.0)	(36.0, 0.0)	(37.0, 0.0)	(38.0, 0.0)	(39.0, 0.0)	(40.0, 0.0)	(41.0, 0.0)	(42.0, 4.761904761904763)	(43.0, 9.523809523809526)	(44.0, 9.523809523809526)	(45.0, 9.523809523809526)	(46.0, 19.04761904761905)	(47.0, 4.761904761904763)	(48.0, 19.04761904761905)	(49.0, 4.761904761904763)	(50.0, 9.523809523809526)	(51.0, 4.761904761904763)	(52.0, 4.761904761904763)	(53.0, 0.0)	(54.0, 0.0)	(55.0, 0.0)	(56.0, 0.0)	(57.0, 0.0)	(58.0, 0.0)	(59.0, 0.0)	(60.0, 0.0)	(61.0, 0.0)	(62.0, 0.0)	(63.0, 0.0)	(64.0, 0.0)	(65.0, 0.0)	(66.0, 0.0)	(67.0, 0.0)	(68.0, 0.0)	(69.0, 0.0)	(70.0, 0.0)	(71.0, 0.0)	(72.0, 0.0)	(73.0, 0.0)	(74.0, 0.0)	(75.0, 0.0)	(76.0, 0.0)	(77.0, 0.0)	(78.0, 0.0)	(79.0, 0.0)	(80.0, 0.0)	(81.0, 0.0)	(82.0, 0.0)	(83.0, 0.0)	(84.0, 0.0)	(85.0, 0.0)	(86.0, 0.0)	(87.0, 0.0)	(88.0, 0.0)	(89.0, 0.0)	(90.0, 0.0)	(91.0, 0.0)	(92.0, 0.0)	(93.0, 0.0)	(94.0, 0.0)	(95.0, 0.0)	(96.0, 0.0)	(97.0, 0.0)	(98.0, 0.0)	(99.0, 0.0)	(100.0, 0.0)
SRR8438098_1	(0.0, 0.0)	(1.0, 0.0)	(2.0, 0.0)	(3.0, 0.0)	(4.0, 0.0)	(5.0, 0.0)	(6.0, 0.0)	(7.0, 0.0)	(8.0, 0.0)	(9.0, 0.0)	(10.0, 0.0)	(11.0, 0.0)	(12.0, 0.0)	(13.0, 0.0)	(14.0, 0.0)	(15.0, 0.0)	(16.0, 0.0)	(17.0, 0.0)	(18.0, 0.0)	(19.0, 0.0)	(20.0, 0.0)	(21.0, 0.0)	(22.0, 0.0)	(23.0, 0.0)	(24.0, 0.0)	(25.0, 0.0)	(26.0, 0.0009419921249458779)	(27.0, 0.05275155899696917)	(28.0, 0.028259763748376337)	(29.0, 0.004709960624729389)	(30.0, 0.0028259763748376336)	(31.0, 0.0018839842498917557)	(32.0, 0.0009419921249458779)	(33.0, 0.0028259763748376336)	(34.0, 0.005651952749675266)	(35.0, 0.011303905499350534)	(36.0, 0.019781834623863428)	(37.0, 0.1055031179939383)	(38.0, 0.10644511011888418)	(39.0, 0.4483882514742382)	(40.0, 0.4747640309727236)	(41.0, 0.6857702669606062)	(42.0, 0.6951901882100653)	(43.0, 0.9316302115714695)	(44.0, 1.084232935812693)	(45.0, 1.461029785791025)	(46.0, 1.4789276361649988)	(47.0, 2.1957836432488933)	(48.0, 2.0111531867594805)	(49.0, 1.3866124079203026)	(50.0, 1.8340586672696353)	(51.0, 8.571186344883282)	(52.0, 24.335424555845538)	(53.0, 14.810000188398254)	(54.0, 6.957553834850259)	(55.0, 10.114169445545333)	(56.0, 13.028693080127221)	(57.0, 5.035889899960307)	(58.0, 1.0069895815671355)	(59.0, 0.4323743853501579)	(60.0, 0.1978183462386346)	(61.0, 0.12434296049285598)	(62.0, 0.15448670849112428)	(63.0, 0.14035682661693602)	(64.0, 0.035795700747943374)	(65.0, 0.012245897624296412)	(66.0, 0.004709960624729389)	(67.0, 0.0028259763748376336)	(68.0, 0.0018839842498917557)	(69.0, 0.0)	(70.0, 0.0)	(71.0, 0.0)	(72.0, 0.0)	(73.0, 0.0)	(74.0, 0.0009419921249458779)	(75.0, 0.0009419921249458779)	(76.0, 0.0)	(77.0, 0.0)	(78.0, 0.0)	(79.0, 0.0)	(80.0, 0.0)	(81.0, 0.0)	(82.0, 0.0)	(83.0, 0.0)	(84.0, 0.0)	(85.0, 0.0)	(86.0, 0.0)	(87.0, 0.0)	(88.0, 0.0)	(89.0, 0.0)	(90.0, 0.0)	(91.0, 0.0)	(92.0, 0.0)	(93.0, 0.0)	(94.0, 0.0)	(95.0, 0.0)	(96.0, 0.0)	(97.0, 0.0)	(98.0, 0.0)	(99.0, 0.0)	(100.0, 0.0)
SRR8438098_2	(0.0, 0.0)	(1.0, 0.0)	(2.0, 0.0)	(3.0, 0.0)	(4.0, 0.0)	(5.0, 0.0)	(6.0, 0.0)	(7.0, 0.0)	(8.0, 0.0)	(9.0, 0.0)	(10.0, 0.0)	(11.0, 0.0)	(12.0, 0.0)	(13.0, 0.0)	(14.0, 0.0)	(15.0, 0.0)	(16.0, 0.0)	(17.0, 0.0)	(18.0, 0.0)	(19.0, 0.0)	(20.0, 0.0009522721212814175)	(21.0, 0.0)	(22.0, 0.0)	(23.0, 0.0)	(24.0, 0.02475907515331685)	(25.0, 0.04475678970022665)	(26.0, 0.012379537576658427)	(27.0, 0.010474993334095593)	(28.0, 0.005713632727688505)	(29.0, 0.005713632727688505)	(30.0, 0.0028568163638442528)	(31.0, 0.001904544242562835)	(32.0, 0.001904544242562835)	(33.0, 0.0009522721212814175)	(34.0, 0.001904544242562835)	(35.0, 0.008570449091532758)	(36.0, 0.047613606064070904)	(37.0, 0.04380451757894523)	(38.0, 0.032377252123568206)	(39.0, 0.032853388184208916)	(40.0, 0.2299737172894622)	(41.0, 0.7146802270217117)	(42.0, 0.7894335885423001)	(43.0, 1.133679960385513)	(44.0, 1.2722355540319514)	(45.0, 0.8922789776406873)	(46.0, 0.6894450158077534)	(47.0, 1.0646402315926142)	(48.0, 1.289376452215016)	(49.0, 2.326400792290568)	(50.0, 2.8044413971738935)	(51.0, 5.103226297946754)	(52.0, 19.154001447449783)	(53.0, 16.16386698662885)	(54.0, 8.770426237002651)	(55.0, 10.587361444408423)	(56.0, 13.641298137356669)	(57.0, 6.404030015617251)	(58.0, 2.790157315354671)	(59.0, 1.484592237077699)	(60.0, 0.8875176170342806)	(61.0, 0.5846950824667945)	(62.0, 0.2885384527482685)	(63.0, 0.22759303698625866)	(64.0, 0.13903172970708716)	(65.0, 0.0876090351578903)	(66.0, 0.05904087151944787)	(67.0, 0.047613606064070904)	(68.0, 0.029520435759723945)	(69.0, 0.01809317030434693)	(70.0, 0.010474993334095593)	(71.0, 0.00380908848512567)	(72.0, 0.005713632727688505)	(73.0, 0.00380908848512567)	(74.0, 0.0009522721212814175)	(75.0, 0.0)	(76.0, 0.0)	(77.0, 0.0009522721212814175)	(78.0, 0.001904544242562835)	(79.0, 0.0)	(80.0, 0.0009522721212814175)	(81.0, 0.0009522721212814175)	(82.0, 0.0)	(83.0, 0.0009522721212814175)	(84.0, 0.0)	(85.0, 0.0)	(86.0, 0.001904544242562835)	(87.0, 0.0028568163638442528)	(88.0, 0.0)	(89.0, 0.0)	(90.0, 0.0)	(91.0, 0.0)	(92.0, 0.001904544242562835)	(93.0, 0.0009522721212814175)	(94.0, 0.0)	(95.0, 0.0009522721212814175)	(96.0, 0.001904544242562835)	(97.0, 0.001904544242562835)	(98.0, 0.001904544242562835)	(99.0, 0.0009522721212814175)	(100.0, 0.0)
SRR8438099	(0.0, 0.0)	(1.0, 0.0)	(2.0, 0.0)	(3.0, 0.0)	(4.0, 0.0)	(5.0, 0.0)	(6.0, 0.0)	(7.0, 0.0)	(8.0, 0.0)	(9.0, 0.0)	(10.0, 0.0)	(11.0, 0.0)	(12.0, 0.0)	(13.0, 0.0)	(14.0, 0.0)	(15.0, 0.0)	(16.0, 0.0)	(17.0, 0.0)	(18.0, 0.0)	(19.0, 0.0)	(20.0, 0.0)	(21.0, 0.0)	(22.0, 0.0)	(23.0, 0.0)	(24.0, 0.0)	(25.0, 0.0)	(26.0, 0.0)	(27.0, 0.0)	(28.0, 0.0)	(29.0, 0.0)	(30.0, 0.0)	(31.0, 0.0)	(32.0, 0.0)	(33.0, 0.0)	(34.0, 0.0)	(35.0, 0.0)	(36.0, 0.0)	(37.0, 0.0)	(38.0, 0.0)	(39.0, 0.0)	(40.0, 0.0)	(41.0, 0.0)	(42.0, 0.0)	(43.0, 1.9607843137254906)	(44.0, 5.882352941176472)	(45.0, 7.843137254901962)	(46.0, 15.686274509803924)	(47.0, 11.764705882352942)	(48.0, 9.803921568627452)	(49.0, 17.647058823529417)	(50.0, 17.647058823529417)	(51.0, 3.921568627450981)	(52.0, 3.921568627450981)	(53.0, 0.0)	(54.0, 1.9607843137254906)	(55.0, 1.9607843137254906)	(56.0, 0.0)	(57.0, 0.0)	(58.0, 0.0)	(59.0, 0.0)	(60.0, 0.0)	(61.0, 0.0)	(62.0, 0.0)	(63.0, 0.0)	(64.0, 0.0)	(65.0, 0.0)	(66.0, 0.0)	(67.0, 0.0)	(68.0, 0.0)	(69.0, 0.0)	(70.0, 0.0)	(71.0, 0.0)	(72.0, 0.0)	(73.0, 0.0)	(74.0, 0.0)	(75.0, 0.0)	(76.0, 0.0)	(77.0, 0.0)	(78.0, 0.0)	(79.0, 0.0)	(80.0, 0.0)	(81.0, 0.0)	(82.0, 0.0)	(83.0, 0.0)	(84.0, 0.0)	(85.0, 0.0)	(86.0, 0.0)	(87.0, 0.0)	(88.0, 0.0)	(89.0, 0.0)	(90.0, 0.0)	(91.0, 0.0)	(92.0, 0.0)	(93.0, 0.0)	(94.0, 0.0)	(95.0, 0.0)	(96.0, 0.0)	(97.0, 0.0)	(98.0, 0.0)	(99.0, 0.0)	(100.0, 0.0)
SRR8438099_1	(0.0, 0.0)	(1.0, 0.0)	(2.0, 0.0)	(3.0, 0.0)	(4.0, 0.0)	(5.0, 0.0)	(6.0, 0.0)	(7.0, 0.0)	(8.0, 0.0)	(9.0, 0.0)	(10.0, 0.0)	(11.0, 0.0)	(12.0, 0.0)	(13.0, 0.0)	(14.0, 0.0)	(15.0, 0.0)	(16.0, 0.0)	(17.0, 0.0)	(18.0, 0.0)	(19.0, 0.0)	(20.0, 0.0006259820092771552)	(21.0, 0.0)	(22.0, 0.0)	(23.0, 0.0)	(24.0, 0.0)	(25.0, 0.0)	(26.0, 0.0)	(27.0, 0.0)	(28.0, 0.0)	(29.0, 0.0)	(30.0, 0.0)	(31.0, 0.0)	(32.0, 0.0)	(33.0, 0.0006259820092771552)	(34.0, 0.0)	(35.0, 0.0006259820092771552)	(36.0, 0.0012519640185543104)	(37.0, 0.003129910046385776)	(38.0, 0.004381874064940086)	(39.0, 0.021283388315423285)	(40.0, 0.06885802102048705)	(41.0, 0.10015712148434502)	(42.0, 0.11330274367916539)	(43.0, 0.14710577218013143)	(44.0, 0.19029853082025452)	(45.0, 0.2316133434325462)	(46.0, 0.21220790114495464)	(47.0, 0.17840487264398874)	(48.0, 0.1696411245141087)	(49.0, 0.3893608097703934)	(50.0, 5.595653180928937)	(51.0, 71.67368809819993)	(52.0, 17.901833501307067)	(53.0, 1.8942215600727559)	(54.0, 0.5953088908225737)	(55.0, 0.2485148576830295)	(56.0, 0.12457041984615415)	(57.0, 0.07762176915036728)	(58.0, 0.029421154436026314)	(59.0, 0.015649550231928877)	(60.0, 0.006259820092771554)	(61.0, 0.0012519640185543104)	(62.0, 0.0006259820092771552)	(63.0, 0.0012519640185543104)	(64.0, 0.0012519640185543104)	(65.0, 0.0)	(66.0, 0.0)	(67.0, 0.0)	(68.0, 0.0)	(69.0, 0.0)	(70.0, 0.0)	(71.0, 0.0)	(72.0, 0.0)	(73.0, 0.0)	(74.0, 0.0)	(75.0, 0.0)	(76.0, 0.0)	(77.0, 0.0)	(78.0, 0.0)	(79.0, 0.0)	(80.0, 0.0)	(81.0, 0.0)	(82.0, 0.0)	(83.0, 0.0)	(84.0, 0.0)	(85.0, 0.0)	(86.0, 0.0)	(87.0, 0.0)	(88.0, 0.0)	(89.0, 0.0)	(90.0, 0.0)	(91.0, 0.0)	(92.0, 0.0)	(93.0, 0.0)	(94.0, 0.0)	(95.0, 0.0)	(96.0, 0.0)	(97.0, 0.0)	(98.0, 0.0)	(99.0, 0.0)	(100.0, 0.0)
SRR8438099_2	(0.0, 0.0)	(1.0, 0.0)	(2.0, 0.0)	(3.0, 0.0)	(4.0, 0.0)	(5.0, 0.0)	(6.0, 0.0)	(7.0, 0.0)	(8.0, 0.0)	(9.0, 0.0)	(10.0, 0.0)	(11.0, 0.0)	(12.0, 0.0)	(13.0, 0.0)	(14.0, 0.0)	(15.0, 0.0)	(16.0, 0.0)	(17.0, 0.0)	(18.0, 0.0)	(19.0, 0.0)	(20.0, 0.0)	(21.0, 0.0)	(22.0, 0.0)	(23.0, 0.0)	(24.0, 0.0)	(25.0, 0.0005260416940648819)	(26.0, 0.0010520833881297639)	(27.0, 0.0)	(28.0, 0.0)	(29.0, 0.0)	(30.0, 0.0)	(31.0, 0.0005260416940648819)	(32.0, 0.0)	(33.0, 0.0)	(34.0, 0.0)	(35.0, 0.0)	(36.0, 0.0005260416940648819)	(37.0, 0.0042083335525190555)	(38.0, 0.007364583716908346)	(39.0, 0.02104166776259529)	(40.0, 0.05654948211197479)	(41.0, 0.07285677462798625)	(42.0, 0.07838021241566753)	(43.0, 0.08995312968509503)	(44.0, 0.1262500065755716)	(45.0, 0.13966406977422588)	(46.0, 0.14019011146829077)	(47.0, 0.14466146586784218)	(48.0, 0.1630729251601128)	(49.0, 0.24618751282236487)	(50.0, 0.7048958700469293)	(51.0, 17.291516525609968)	(52.0, 45.36267944593887)	(53.0, 20.16580834198571)	(54.0, 7.013713906967747)	(55.0, 3.2398907937453174)	(56.0, 1.7669740503639775)	(57.0, 1.0862760982439945)	(58.0, 0.7364583716908205)	(59.0, 0.47080731618807015)	(60.0, 0.31562501643893126)	(61.0, 0.2025260522149784)	(62.0, 0.12046354794085795)	(63.0, 0.08258854596818661)	(64.0, 0.05839062804120188)	(65.0, 0.03103645994982803)	(66.0, 0.019463542680400642)	(67.0, 0.011046875575362517)	(68.0, 0.009994792187232754)	(69.0, 0.0042083335525190555)	(70.0, 0.00263020847032441)	(71.0, 0.0021041667762595278)	(72.0, 0.0015781250821946462)	(73.0, 0.0005260416940648819)	(74.0, 0.0005260416940648819)	(75.0, 0.0)	(76.0, 0.0)	(77.0, 0.0005260416940648819)	(78.0, 0.0005260416940648819)	(79.0, 0.0)	(80.0, 0.0)	(81.0, 0.0)	(82.0, 0.0)	(83.0, 0.0)	(84.0, 0.0)	(85.0, 0.0005260416940648819)	(86.0, 0.0)	(87.0, 0.0005260416940648819)	(88.0, 0.0005260416940648819)	(89.0, 0.0)	(90.0, 0.0)	(91.0, 0.0)	(92.0, 0.0)	(93.0, 0.0005260416940648819)	(94.0, 0.0)	(95.0, 0.0)	(96.0, 0.0005260416940648819)	(97.0, 0.0010520833881297639)	(98.0, 0.0005260416940648819)	(99.0, 0.0)	(100.0, 0.0)
SRR8438100	(0.0, 0.0)	(1.0, 0.0)	(2.0, 0.0)	(3.0, 0.0)	(4.0, 0.0)	(5.0, 0.0)	(6.0, 0.0)	(7.0, 0.0)	(8.0, 0.0)	(9.0, 0.0)	(10.0, 0.0)	(11.0, 0.0)	(12.0, 0.0)	(13.0, 0.0)	(14.0, 0.0)	(15.0, 0.0)	(16.0, 0.0)	(17.0, 0.0)	(18.0, 0.0)	(19.0, 0.0)	(20.0, 0.0)	(21.0, 0.0)	(22.0, 0.0)	(23.0, 0.0)	(24.0, 0.0)	(25.0, 0.0)	(26.0, 0.0)	(27.0, 0.0)	(28.0, 0.0)	(29.0, 0.0)	(30.0, 0.0)	(31.0, 0.0)	(32.0, 0.0)	(33.0, 0.0)	(34.0, 0.0)	(35.0, 0.0)	(36.0, 0.0)	(37.0, 0.0)	(38.0, 0.0)	(39.0, 0.0)	(40.0, 0.0)	(41.0, 0.0)	(42.0, 0.0)	(43.0, 3.4482758620689653)	(44.0, 3.4482758620689653)	(45.0, 10.344827586206899)	(46.0, 17.241379310344826)	(47.0, 13.793103448275861)	(48.0, 10.344827586206899)	(49.0, 17.241379310344826)	(50.0, 10.344827586206899)	(51.0, 3.4482758620689653)	(52.0, 6.896551724137931)	(53.0, 3.4482758620689653)	(54.0, 0.0)	(55.0, 0.0)	(56.0, 0.0)	(57.0, 0.0)	(58.0, 0.0)	(59.0, 0.0)	(60.0, 0.0)	(61.0, 0.0)	(62.0, 0.0)	(63.0, 0.0)	(64.0, 0.0)	(65.0, 0.0)	(66.0, 0.0)	(67.0, 0.0)	(68.0, 0.0)	(69.0, 0.0)	(70.0, 0.0)	(71.0, 0.0)	(72.0, 0.0)	(73.0, 0.0)	(74.0, 0.0)	(75.0, 0.0)	(76.0, 0.0)	(77.0, 0.0)	(78.0, 0.0)	(79.0, 0.0)	(80.0, 0.0)	(81.0, 0.0)	(82.0, 0.0)	(83.0, 0.0)	(84.0, 0.0)	(85.0, 0.0)	(86.0, 0.0)	(87.0, 0.0)	(88.0, 0.0)	(89.0, 0.0)	(90.0, 0.0)	(91.0, 0.0)	(92.0, 0.0)	(93.0, 0.0)	(94.0, 0.0)	(95.0, 0.0)	(96.0, 0.0)	(97.0, 0.0)	(98.0, 0.0)	(99.0, 0.0)	(100.0, 0.0)
SRR8438100_1	(0.0, 0.0)	(1.0, 0.0)	(2.0, 0.0)	(3.0, 0.0)	(4.0, 0.0)	(5.0, 0.0)	(6.0, 0.0)	(7.0, 0.0)	(8.0, 0.0)	(9.0, 0.0)	(10.0, 0.0)	(11.0, 0.0)	(12.0, 0.0)	(13.0, 0.0)	(14.0, 0.0)	(15.0, 0.0)	(16.0, 0.0)	(17.0, 0.0)	(18.0, 0.0)	(19.0, 0.0)	(20.0, 0.0)	(21.0, 0.0)	(22.0, 0.0)	(23.0, 0.0)	(24.0, 0.0)	(25.0, 0.0)	(26.0, 0.0)	(27.0, 0.0)	(28.0, 0.0)	(29.0, 0.0)	(30.0, 0.0)	(31.0, 0.0018164204407840826)	(32.0, 0.0)	(33.0, 0.0)	(34.0, 0.015742310486795377)	(35.0, 0.08234439331554516)	(36.0, 0.051465245822215615)	(37.0, 0.31242431581486313)	(38.0, 0.19193509324285063)	(39.0, 0.08416081375632925)	(40.0, 0.3511746185515913)	(41.0, 0.28457253572283975)	(42.0, 0.7695567934121776)	(43.0, 0.5503753935575774)	(44.0, 0.5279728747879083)	(45.0, 0.7193024945504876)	(46.0, 2.257205134414347)	(47.0, 6.916929038506901)	(48.0, 3.5268830225221324)	(49.0, 7.714337612011102)	(50.0, 3.30285783482548)	(51.0, 23.428796318723492)	(52.0, 29.264349721493105)	(53.0, 6.833373698230797)	(54.0, 4.920077500604025)	(55.0, 3.2804553160558143)	(56.0, 2.1990796803092696)	(57.0, 1.4065148946471742)	(58.0, 0.6787357713729786)	(59.0, 0.15136837006534004)	(60.0, 0.05933640106561328)	(61.0, 0.015742310486795377)	(62.0, 0.004843787842090886)	(63.0, 0.009687575684181772)	(64.0, 0.0641801889077042)	(65.0, 0.018164204407840823)	(66.0, 0.003027367401306804)	(67.0, 0.0006054734802613608)	(68.0, 0.0)	(69.0, 0.0006054734802613608)	(70.0, 0.0)	(71.0, 0.0)	(72.0, 0.0)	(73.0, 0.0)	(74.0, 0.0)	(75.0, 0.0)	(76.0, 0.0)	(77.0, 0.0)	(78.0, 0.0)	(79.0, 0.0)	(80.0, 0.0)	(81.0, 0.0)	(82.0, 0.0)	(83.0, 0.0)	(84.0, 0.0)	(85.0, 0.0)	(86.0, 0.0)	(87.0, 0.0)	(88.0, 0.0)	(89.0, 0.0)	(90.0, 0.0)	(91.0, 0.0)	(92.0, 0.0)	(93.0, 0.0)	(94.0, 0.0)	(95.0, 0.0)	(96.0, 0.0)	(97.0, 0.0)	(98.0, 0.0)	(99.0, 0.0)	(100.0, 0.0)
SRR8438100_2	(0.0, 0.0)	(1.0, 0.0)	(2.0, 0.0)	(3.0, 0.0)	(4.0, 0.0)	(5.0, 0.0)	(6.0, 0.0)	(7.0, 0.0)	(8.0, 0.0)	(9.0, 0.0)	(10.0, 0.0)	(11.0, 0.0)	(12.0, 0.0)	(13.0, 0.0)	(14.0, 0.0)	(15.0, 0.0)	(16.0, 0.0)	(17.0, 0.0)	(18.0, 0.0)	(19.0, 0.0)	(20.0, 0.0)	(21.0, 0.0)	(22.0, 0.0)	(23.0, 0.0)	(24.0, 0.0)	(25.0, 0.0)	(26.0, 0.0)	(27.0, 0.0)	(28.0, 0.0006471737920500848)	(29.0, 0.0006471737920500848)	(30.0, 0.0)	(31.0, 0.0)	(32.0, 0.0006471737920500848)	(33.0, 0.0006471737920500848)	(34.0, 0.003883042752300508)	(35.0, 0.01812086617740237)	(36.0, 0.05177390336400673)	(37.0, 0.0828382453824109)	(38.0, 0.13720084391461812)	(39.0, 0.23945430305853005)	(40.0, 0.2711658188689847)	(41.0, 0.230393869969829)	(42.0, 1.0652480617144249)	(43.0, 0.9151037419588017)	(44.0, 0.609314125215154)	(45.0, 0.7879340918209672)	(46.0, 1.1273767457512403)	(47.0, 3.1310268059381405)	(48.0, 5.030481885605426)	(49.0, 3.7885553786608765)	(50.0, 8.084495010290984)	(51.0, 5.146325994382444)	(52.0, 11.542344581211443)	(53.0, 24.670264952959386)	(54.0, 15.316014962652055)	(55.0, 7.478740340932011)	(56.0, 4.09855162505288)	(57.0, 2.8184418643780207)	(58.0, 1.4645542914093725)	(59.0, 0.6555870513467326)	(60.0, 0.42195731241665874)	(61.0, 0.31905667948069233)	(62.0, 0.1669708383489216)	(63.0, 0.07313063850165956)	(64.0, 0.053068250948106896)	(65.0, 0.05436259853220706)	(66.0, 0.0711891171255093)	(67.0, 0.03235868960250425)	(68.0, 0.0168265185933022)	(69.0, 0.007766085504601018)	(70.0, 0.0045302165443505925)	(71.0, 0.003883042752300508)	(72.0, 0.0032358689602504233)	(73.0, 0.0012943475841001697)	(74.0, 0.0012943475841001697)	(75.0, 0.0)	(76.0, 0.0)	(77.0, 0.0)	(78.0, 0.0)	(79.0, 0.0)	(80.0, 0.0)	(81.0, 0.0)	(82.0, 0.0)	(83.0, 0.0)	(84.0, 0.0)	(85.0, 0.0)	(86.0, 0.0)	(87.0, 0.0)	(88.0, 0.0)	(89.0, 0.0)	(90.0, 0.0)	(91.0, 0.0006471737920500848)	(92.0, 0.0006471737920500848)	(93.0, 0.0)	(94.0, 0.0)	(95.0, 0.0)	(96.0, 0.0)	(97.0, 0.0)	(98.0, 0.0)	(99.0, 0.0)	(100.0, 0.0)
SRR8438101	(0.0, 0.0)	(1.0, 0.0)	(2.0, 0.0)	(3.0, 0.0)	(4.0, 0.0)	(5.0, 0.0)	(6.0, 0.0)	(7.0, 0.0)	(8.0, 0.0)	(9.0, 0.0)	(10.0, 0.0)	(11.0, 0.0)	(12.0, 0.0)	(13.0, 0.0)	(14.0, 0.0)	(15.0, 0.0)	(16.0, 0.0)	(17.0, 0.0)	(18.0, 0.0)	(19.0, 0.0)	(20.0, 0.0)	(21.0, 0.0)	(22.0, 0.0)	(23.0, 0.0)	(24.0, 0.0)	(25.0, 0.0)	(26.0, 0.0)	(27.0, 0.0)	(28.0, 0.0)	(29.0, 0.0)	(30.0, 0.0)	(31.0, 0.0)	(32.0, 0.0)	(33.0, 0.0)	(34.0, 0.0)	(35.0, 0.0)	(36.0, 0.0)	(37.0, 0.0)	(38.0, 0.0)	(39.0, 0.0)	(40.0, 0.0)	(41.0, 0.0)	(42.0, 3.125)	(43.0, 9.375)	(44.0, 9.375)	(45.0, 3.125)	(46.0, 6.25)	(47.0, 9.375)	(48.0, 18.75)	(49.0, 18.75)	(50.0, 6.25)	(51.0, 6.25)	(52.0, 3.125)	(53.0, 3.125)	(54.0, 3.125)	(55.0, 0.0)	(56.0, 0.0)	(57.0, 0.0)	(58.0, 0.0)	(59.0, 0.0)	(60.0, 0.0)	(61.0, 0.0)	(62.0, 0.0)	(63.0, 0.0)	(64.0, 0.0)	(65.0, 0.0)	(66.0, 0.0)	(67.0, 0.0)	(68.0, 0.0)	(69.0, 0.0)	(70.0, 0.0)	(71.0, 0.0)	(72.0, 0.0)	(73.0, 0.0)	(74.0, 0.0)	(75.0, 0.0)	(76.0, 0.0)	(77.0, 0.0)	(78.0, 0.0)	(79.0, 0.0)	(80.0, 0.0)	(81.0, 0.0)	(82.0, 0.0)	(83.0, 0.0)	(84.0, 0.0)	(85.0, 0.0)	(86.0, 0.0)	(87.0, 0.0)	(88.0, 0.0)	(89.0, 0.0)	(90.0, 0.0)	(91.0, 0.0)	(92.0, 0.0)	(93.0, 0.0)	(94.0, 0.0)	(95.0, 0.0)	(96.0, 0.0)	(97.0, 0.0)	(98.0, 0.0)	(99.0, 0.0)	(100.0, 0.0)
SRR8438101_1	(0.0, 0.0)	(1.0, 0.0)	(2.0, 0.0)	(3.0, 0.0)	(4.0, 0.0)	(5.0, 0.0)	(6.0, 0.0)	(7.0, 0.0)	(8.0, 0.0)	(9.0, 0.0)	(10.0, 0.0)	(11.0, 0.0)	(12.0, 0.0)	(13.0, 0.0)	(14.0, 0.0)	(15.0, 0.0)	(16.0, 0.0)	(17.0, 0.0)	(18.0, 0.0)	(19.0, 0.0)	(20.0, 0.0)	(21.0, 0.0)	(22.0, 0.0)	(23.0, 0.0)	(24.0, 0.0006332480559282854)	(25.0, 0.0)	(26.0, 0.0)	(27.0, 0.0)	(28.0, 0.0006332480559282854)	(29.0, 0.0006332480559282854)	(30.0, 0.0)	(31.0, 0.0)	(32.0, 0.0)	(33.0, 0.0006332480559282854)	(34.0, 0.0050659844474262835)	(35.0, 0.01076521695078085)	(36.0, 0.006332480559282855)	(37.0, 0.020897185845633423)	(38.0, 0.04876010030647794)	(39.0, 0.19694014539369606)	(40.0, 0.4312419260871663)	(41.0, 0.3508194229842718)	(42.0, 1.253831150738015)	(43.0, 0.8181564882593315)	(44.0, 0.46037133665986835)	(45.0, 0.3957800349551814)	(46.0, 0.973935510017681)	(47.0, 1.07842143924586)	(48.0, 1.060690493679866)	(49.0, 11.943691582861021)	(50.0, 4.45553332151132)	(51.0, 24.259099774566845)	(52.0, 30.07991590467023)	(53.0, 5.685301046124609)	(54.0, 5.158438663592036)	(55.0, 4.580283188529248)	(56.0, 4.085083208793104)	(57.0, 1.8326198738565336)	(58.0, 0.3641176321587662)	(59.0, 0.13551508396865322)	(60.0, 0.16971047898878014)	(61.0, 0.05129309253019107)	(62.0, 0.010131968894852565)	(63.0, 0.01646444945413542)	(64.0, 0.03736163529976884)	(65.0, 0.014564705286350559)	(66.0, 0.0018997441677848566)	(67.0, 0.0012664961118565709)	(68.0, 0.0006332480559282854)	(69.0, 0.0006332480559282854)	(70.0, 0.0006332480559282854)	(71.0, 0.0006332480559282854)	(72.0, 0.0006332480559282854)	(73.0, 0.0)	(74.0, 0.0)	(75.0, 0.0)	(76.0, 0.0)	(77.0, 0.0)	(78.0, 0.0)	(79.0, 0.0)	(80.0, 0.0)	(81.0, 0.0)	(82.0, 0.0)	(83.0, 0.0)	(84.0, 0.0)	(85.0, 0.0)	(86.0, 0.0)	(87.0, 0.0)	(88.0, 0.0)	(89.0, 0.0)	(90.0, 0.0)	(91.0, 0.0)	(92.0, 0.0)	(93.0, 0.0)	(94.0, 0.0)	(95.0, 0.0)	(96.0, 0.0)	(97.0, 0.0)	(98.0, 0.0)	(99.0, 0.0)	(100.0, 0.0)
SRR8438101_2	(0.0, 0.0)	(1.0, 0.0)	(2.0, 0.0)	(3.0, 0.0)	(4.0, 0.0)	(5.0, 0.0)	(6.0, 0.0)	(7.0, 0.0)	(8.0, 0.0)	(9.0, 0.0)	(10.0, 0.0)	(11.0, 0.0)	(12.0, 0.0)	(13.0, 0.0)	(14.0, 0.0)	(15.0, 0.0)	(16.0, 0.0)	(17.0, 0.0)	(18.0, 0.0)	(19.0, 0.0)	(20.0, 0.0)	(21.0, 0.0)	(22.0, 0.0)	(23.0, 0.0)	(24.0, 0.0)	(25.0, 0.0006880441999593562)	(26.0, 0.0006880441999593562)	(27.0, 0.0)	(28.0, 0.0)	(29.0, 0.0006880441999593562)	(30.0, 0.0006880441999593562)	(31.0, 0.0)	(32.0, 0.0)	(33.0, 0.002752176799837425)	(34.0, 0.002064132599878069)	(35.0, 0.006192397799634207)	(36.0, 0.01376088399918712)	(37.0, 0.03233807739808977)	(38.0, 0.11490338139321275)	(39.0, 0.2346230721861394)	(40.0, 0.34746232097947577)	(41.0, 0.3873688845771196)	(42.0, 1.4627819691136135)	(43.0, 0.88276070854784)	(44.0, 0.4517010172733211)	(45.0, 0.35881505027880545)	(46.0, 0.29448291758260386)	(47.0, 0.583461481565537)	(48.0, 0.9212911837455617)	(49.0, 1.622408223504202)	(50.0, 10.932334293153497)	(51.0, 6.831590861397248)	(52.0, 10.96811259155135)	(53.0, 26.643135555037706)	(54.0, 15.931663450053632)	(55.0, 8.24483364811441)	(56.0, 5.347479522084242)	(57.0, 3.312932822804124)	(58.0, 1.721486588298361)	(59.0, 0.88276070854784)	(60.0, 0.5022722659703354)	(61.0, 0.3275090391806539)	(62.0, 0.19884477378825338)	(63.0, 0.1493055913911804)	(64.0, 0.08806965759479767)	(65.0, 0.05710766859662651)	(66.0, 0.05297940339687038)	(67.0, 0.03921851939768331)	(68.0, 0.02064132599878069)	(69.0, 0.008256530399512275)	(70.0, 0.004816309399715494)	(71.0, 0.002752176799837425)	(72.0, 0.002752176799837425)	(73.0, 0.0006880441999593562)	(74.0, 0.0006880441999593562)	(75.0, 0.0)	(76.0, 0.0)	(77.0, 0.0006880441999593562)	(78.0, 0.0006880441999593562)	(79.0, 0.0013760883999187124)	(80.0, 0.0006880441999593562)	(81.0, 0.0)	(82.0, 0.0006880441999593562)	(83.0, 0.0006880441999593562)	(84.0, 0.0)	(85.0, 0.0)	(86.0, 0.0)	(87.0, 0.0)	(88.0, 0.0)	(89.0, 0.0)	(90.0, 0.0)	(91.0, 0.0)	(92.0, 0.0)	(93.0, 0.0)	(94.0, 0.0)	(95.0, 0.0)	(96.0, 0.0)	(97.0, 0.0)	(98.0, 0.0)	(99.0, 0.0)	(100.0, 0.0010320662999390344)
SRR8438102	(0.0, 0.0)	(1.0, 0.0)	(2.0, 0.0)	(3.0, 0.0)	(4.0, 0.0)	(5.0, 0.0)	(6.0, 0.0)	(7.0, 0.0)	(8.0, 0.0)	(9.0, 0.0)	(10.0, 0.0)	(11.0, 0.0)	(12.0, 0.0)	(13.0, 0.0)	(14.0, 0.0)	(15.0, 0.0)	(16.0, 0.0)	(17.0, 0.0)	(18.0, 0.0)	(19.0, 0.0)	(20.0, 0.0)	(21.0, 0.0)	(22.0, 0.0)	(23.0, 0.0)	(24.0, 0.0)	(25.0, 0.0)	(26.0, 0.0)	(27.0, 0.0)	(28.0, 0.0)	(29.0, 0.0)	(30.0, 0.0)	(31.0, 0.0)	(32.0, 0.0)	(33.0, 0.0)	(34.0, 0.0)	(35.0, 0.0)	(36.0, 0.0)	(37.0, 0.0)	(38.0, 0.0)	(39.0, 0.0)	(40.0, 0.0)	(41.0, 0.0)	(42.0, 0.0)	(43.0, 0.0)	(44.0, 11.11111111111111)	(45.0, 11.11111111111111)	(46.0, 11.11111111111111)	(47.0, 11.11111111111111)	(48.0, 11.11111111111111)	(49.0, 11.11111111111111)	(50.0, 11.11111111111111)	(51.0, 11.11111111111111)	(52.0, 11.11111111111111)	(53.0, 0.0)	(54.0, 0.0)	(55.0, 0.0)	(56.0, 0.0)	(57.0, 0.0)	(58.0, 0.0)	(59.0, 0.0)	(60.0, 0.0)	(61.0, 0.0)	(62.0, 0.0)	(63.0, 0.0)	(64.0, 0.0)	(65.0, 0.0)	(66.0, 0.0)	(67.0, 0.0)	(68.0, 0.0)	(69.0, 0.0)	(70.0, 0.0)	(71.0, 0.0)	(72.0, 0.0)	(73.0, 0.0)	(74.0, 0.0)	(75.0, 0.0)	(76.0, 0.0)	(77.0, 0.0)	(78.0, 0.0)	(79.0, 0.0)	(80.0, 0.0)	(81.0, 0.0)	(82.0, 0.0)	(83.0, 0.0)	(84.0, 0.0)	(85.0, 0.0)	(86.0, 0.0)	(87.0, 0.0)	(88.0, 0.0)	(89.0, 0.0)	(90.0, 0.0)	(91.0, 0.0)	(92.0, 0.0)	(93.0, 0.0)	(94.0, 0.0)	(95.0, 0.0)	(96.0, 0.0)	(97.0, 0.0)	(98.0, 0.0)	(99.0, 0.0)	(100.0, 0.0)
SRR8438102_1	(0.0, 0.0)	(1.0, 0.0)	(2.0, 0.0)	(3.0, 0.0)	(4.0, 0.0)	(5.0, 0.0)	(6.0, 0.0)	(7.0, 0.0)	(8.0, 0.0)	(9.0, 0.0)	(10.0, 0.0)	(11.0, 0.0)	(12.0, 0.0)	(13.0, 0.0)	(14.0, 0.0)	(15.0, 0.0)	(16.0, 0.0)	(17.0, 0.0)	(18.0, 0.0)	(19.0, 0.0)	(20.0, 0.0)	(21.0, 0.0)	(22.0, 0.0)	(23.0, 0.0)	(24.0, 0.0)	(25.0, 0.0)	(26.0, 0.0)	(27.0, 0.0)	(28.0, 0.0)	(29.0, 0.0)	(30.0, 0.0)	(31.0, 0.0)	(32.0, 0.007720666293499476)	(33.0, 0.0006433888577916229)	(34.0, 0.0012867777155832459)	(35.0, 0.0006433888577916229)	(36.0, 0.0051471108623329835)	(37.0, 0.0038603331467497374)	(38.0, 0.014797943729207322)	(39.0, 0.041176886898663854)	(40.0, 0.40983870241326703)	(41.0, 0.29402870801077163)	(42.0, 0.1672811030258217)	(43.0, 0.239984043956274)	(44.0, 0.32298120661139545)	(45.0, 0.3512903163542277)	(46.0, 0.26057248740560623)	(47.0, 0.33520559490943663)	(48.0, 0.5333693631092589)	(49.0, 5.177350138649387)	(50.0, 3.8789914236253518)	(51.0, 31.013273112151495)	(52.0, 38.23981676284405)	(53.0, 8.467640757396477)	(54.0, 4.807401545419036)	(55.0, 3.363636948534379)	(56.0, 1.1748280543275023)	(57.0, 0.4497288115963488)	(58.0, 0.18915632419073655)	(59.0, 0.10165543953107661)	(60.0, 0.073346329788245)	(61.0, 0.03602977603633089)	(62.0, 0.019945054591540314)	(63.0, 0.010294221724665965)	(64.0, 0.00450372200454136)	(65.0, 0.0)	(66.0, 0.0006433888577916229)	(67.0, 0.0012867777155832459)	(68.0, 0.0)	(69.0, 0.0)	(70.0, 0.0)	(71.0, 0.0006433888577916229)	(72.0, 0.0)	(73.0, 0.0)	(74.0, 0.0)	(75.0, 0.0)	(76.0, 0.0)	(77.0, 0.0)	(78.0, 0.0)	(79.0, 0.0)	(80.0, 0.0)	(81.0, 0.0)	(82.0, 0.0)	(83.0, 0.0)	(84.0, 0.0)	(85.0, 0.0)	(86.0, 0.0)	(87.0, 0.0)	(88.0, 0.0)	(89.0, 0.0)	(90.0, 0.0)	(91.0, 0.0)	(92.0, 0.0)	(93.0, 0.0)	(94.0, 0.0)	(95.0, 0.0)	(96.0, 0.0)	(97.0, 0.0)	(98.0, 0.0)	(99.0, 0.0)	(100.0, 0.0)
SRR8438102_2	(0.0, 0.0)	(1.0, 0.0)	(2.0, 0.0)	(3.0, 0.0)	(4.0, 0.0)	(5.0, 0.0)	(6.0, 0.0)	(7.0, 0.0)	(8.0, 0.0)	(9.0, 0.0)	(10.0, 0.0)	(11.0, 0.0)	(12.0, 0.0)	(13.0, 0.0)	(14.0, 0.0)	(15.0, 0.0)	(16.0, 0.0)	(17.0, 0.0)	(18.0, 0.0)	(19.0, 0.0)	(20.0, 0.0)	(21.0, 0.0)	(22.0, 0.0)	(23.0, 0.0)	(24.0, 0.0)	(25.0, 0.0)	(26.0, 0.0)	(27.0, 0.0)	(28.0, 0.0)	(29.0, 0.0)	(30.0, 0.004704838590429262)	(31.0, 0.0040327187917965105)	(32.0, 0.0006721197986327517)	(33.0, 0.0013442395972655034)	(34.0, 0.0013442395972655034)	(35.0, 0.0)	(36.0, 0.0006721197986327517)	(37.0, 0.013442395972655032)	(38.0, 0.10350644898944394)	(39.0, 0.21575045536111245)	(40.0, 0.2785936565332747)	(41.0, 0.11258006627098617)	(42.0, 0.16668571006092225)	(43.0, 0.22179953354880713)	(44.0, 0.2231437731460726)	(45.0, 0.21373409596521423)	(46.0, 0.19289838220759922)	(47.0, 0.21911105435427616)	(48.0, 0.23692222901804386)	(49.0, 0.6993406504773737)	(50.0, 3.866705201533905)	(51.0, 4.240067749674389)	(52.0, 23.000275569117864)	(53.0, 33.82174038701988)	(54.0, 13.983452410550697)	(55.0, 7.19369820476736)	(56.0, 4.165126392126804)	(57.0, 2.3638453317914134)	(58.0, 1.424221853302822)	(59.0, 0.913410806341893)	(60.0, 0.6526283244724002)	(61.0, 0.4415827077017217)	(62.0, 0.32194538354508845)	(63.0, 0.2211274137501744)	(64.0, 0.17071842885271873)	(65.0, 0.10955552717713878)	(66.0, 0.07124469865507163)	(67.0, 0.0403271879179651)	(68.0, 0.024868432549411824)	(69.0, 0.021507833556248062)	(70.0, 0.009409677180858524)	(71.0, 0.005376958389062014)	(72.0, 0.00739331778496027)	(73.0, 0.004704838590429262)	(74.0, 0.0013442395972655034)	(75.0, 0.0020163593958982553)	(76.0, 0.0013442395972655034)	(77.0, 0.0013442395972655034)	(78.0, 0.0)	(79.0, 0.0013442395972655034)	(80.0, 0.0013442395972655034)	(81.0, 0.0)	(82.0, 0.0006721197986327517)	(83.0, 0.0)	(84.0, 0.0006721197986327517)	(85.0, 0.0006721197986327517)	(86.0, 0.0013442395972655034)	(87.0, 0.0)	(88.0, 0.0006721197986327517)	(89.0, 0.0)	(90.0, 0.0006721197986327517)	(91.0, 0.0)	(92.0, 0.0)	(93.0, 0.0006721197986327517)	(94.0, 0.0)	(95.0, 0.0)	(96.0, 0.0)	(97.0, 0.0006721197986327517)	(98.0, 0.0)	(99.0, 0.0)	(100.0, 0.0)
SRR8438103	(0.0, 0.0)	(1.0, 0.0)	(2.0, 0.0)	(3.0, 0.0)	(4.0, 0.0)	(5.0, 0.0)	(6.0, 0.0)	(7.0, 0.0)	(8.0, 0.0)	(9.0, 0.0)	(10.0, 0.0)	(11.0, 0.0)	(12.0, 0.0)	(13.0, 0.0)	(14.0, 0.0)	(15.0, 0.0)	(16.0, 0.0)	(17.0, 0.0)	(18.0, 0.0)	(19.0, 0.0)	(20.0, 0.0)	(21.0, 0.0)	(22.0, 0.0)	(23.0, 0.0)	(24.0, 0.0)	(25.0, 0.0)	(26.0, 0.0)	(27.0, 0.0)	(28.0, 0.0)	(29.0, 0.0)	(30.0, 0.0)	(31.0, 0.0)	(32.0, 0.0)	(33.0, 0.0)	(34.0, 0.0)	(35.0, 0.0)	(36.0, 0.0)	(37.0, 0.0)	(38.0, 0.0)	(39.0, 0.0)	(40.0, 1.408450704225352)	(41.0, 2.816901408450704)	(42.0, 5.633802816901408)	(43.0, 7.042253521126759)	(44.0, 4.225352112676056)	(45.0, 11.267605633802816)	(46.0, 16.901408450704224)	(47.0, 15.492957746478876)	(48.0, 15.492957746478876)	(49.0, 12.676056338028168)	(50.0, 2.816901408450704)	(51.0, 4.225352112676056)	(52.0, 0.0)	(53.0, 0.0)	(54.0, 0.0)	(55.0, 0.0)	(56.0, 0.0)	(57.0, 0.0)	(58.0, 0.0)	(59.0, 0.0)	(60.0, 0.0)	(61.0, 0.0)	(62.0, 0.0)	(63.0, 0.0)	(64.0, 0.0)	(65.0, 0.0)	(66.0, 0.0)	(67.0, 0.0)	(68.0, 0.0)	(69.0, 0.0)	(70.0, 0.0)	(71.0, 0.0)	(72.0, 0.0)	(73.0, 0.0)	(74.0, 0.0)	(75.0, 0.0)	(76.0, 0.0)	(77.0, 0.0)	(78.0, 0.0)	(79.0, 0.0)	(80.0, 0.0)	(81.0, 0.0)	(82.0, 0.0)	(83.0, 0.0)	(84.0, 0.0)	(85.0, 0.0)	(86.0, 0.0)	(87.0, 0.0)	(88.0, 0.0)	(89.0, 0.0)	(90.0, 0.0)	(91.0, 0.0)	(92.0, 0.0)	(93.0, 0.0)	(94.0, 0.0)	(95.0, 0.0)	(96.0, 0.0)	(97.0, 0.0)	(98.0, 0.0)	(99.0, 0.0)	(100.0, 0.0)
SRR8438103_1	(0.0, 0.0)	(1.0, 0.0)	(2.0, 0.0)	(3.0, 0.0)	(4.0, 0.0)	(5.0, 0.0)	(6.0, 0.0)	(7.0, 0.0)	(8.0, 0.0)	(9.0, 0.0)	(10.0, 0.0)	(11.0, 0.0)	(12.0, 0.0)	(13.0, 0.0)	(14.0, 0.0)	(15.0, 0.0)	(16.0, 0.0)	(17.0, 0.0)	(18.0, 0.0)	(19.0, 0.0006523752984615334)	(20.0, 0.0006523752984615334)	(21.0, 0.0006523752984615334)	(22.0, 0.0006523752984615334)	(23.0, 0.0)	(24.0, 0.0)	(25.0, 0.0)	(26.0, 0.0013047505969230669)	(27.0, 0.012395130670769132)	(28.0, 0.003914251790769201)	(29.0, 0.0006523752984615334)	(30.0, 0.0006523752984615334)	(31.0, 0.0006523752984615334)	(32.0, 0.008480878879999935)	(33.0, 0.07241365812923019)	(34.0, 0.03327114022153822)	(35.0, 0.0026095011938461338)	(36.0, 0.04044726850461506)	(37.0, 0.10568479835076863)	(38.0, 0.04697102148923037)	(39.0, 0.08676591469538403)	(40.0, 0.24920736401230437)	(41.0, 0.5212478634707698)	(42.0, 0.4631864619076933)	(43.0, 1.049019479926128)	(44.0, 1.3040982216246169)	(45.0, 1.932335634043145)	(46.0, 1.5663530916061832)	(47.0, 0.7456649661415246)	(48.0, 1.300183969833847)	(49.0, 2.9402554701660093)	(50.0, 2.3426796967753805)	(51.0, 27.718121681049055)	(52.0, 35.88977466957222)	(53.0, 8.263637905613477)	(54.0, 3.2892762548428505)	(55.0, 3.4243179416243574)	(56.0, 3.944261054498081)	(57.0, 1.726185039729277)	(58.0, 0.5414714977230761)	(59.0, 0.12982268439384542)	(60.0, 0.06328040395076866)	(61.0, 0.03327114022153822)	(62.0, 0.01891888365538447)	(63.0, 0.013699881267692197)	(64.0, 0.07632790991999942)	(65.0, 0.02348551074461521)	(66.0, 0.0026095011938461338)	(67.0, 0.0)	(68.0, 0.0026095011938461338)	(69.0, 0.004566627089230734)	(70.0, 0.0)	(71.0, 0.0006523752984615334)	(72.0, 0.0)	(73.0, 0.0)	(74.0, 0.0)	(75.0, 0.0)	(76.0, 0.0)	(77.0, 0.0006523752984615334)	(78.0, 0.0)	(79.0, 0.0)	(80.0, 0.0)	(81.0, 0.0)	(82.0, 0.0)	(83.0, 0.0)	(84.0, 0.0)	(85.0, 0.0)	(86.0, 0.0)	(87.0, 0.0)	(88.0, 0.0)	(89.0, 0.0)	(90.0, 0.0)	(91.0, 0.0)	(92.0, 0.0)	(93.0, 0.0)	(94.0, 0.0)	(95.0, 0.0)	(96.0, 0.0)	(97.0, 0.0)	(98.0, 0.0)	(99.0, 0.0)	(100.0, 0.0)
SRR8438103_2	(0.0, 0.0)	(1.0, 0.0)	(2.0, 0.0)	(3.0, 0.0)	(4.0, 0.0)	(5.0, 0.0)	(6.0, 0.0)	(7.0, 0.0)	(8.0, 0.0)	(9.0, 0.0)	(10.0, 0.0)	(11.0, 0.0)	(12.0, 0.0)	(13.0, 0.0)	(14.0, 0.0)	(15.0, 0.0)	(16.0, 0.0)	(17.0, 0.0)	(18.0, 0.0)	(19.0, 0.0)	(20.0, 0.0)	(21.0, 0.0)	(22.0, 0.0)	(23.0, 0.0)	(24.0, 0.008251732863900156)	(25.0, 0.011002310485200206)	(26.0, 0.002062933215975039)	(27.0, 0.000687644405325013)	(28.0, 0.0)	(29.0, 0.000687644405325013)	(30.0, 0.00481351083727509)	(31.0, 0.058449774452626044)	(32.0, 0.03850808669820073)	(33.0, 0.00962702167455018)	(34.0, 0.006188799647925118)	(35.0, 0.02062933215975039)	(36.0, 0.08595555066562667)	(37.0, 0.09283199471887685)	(38.0, 0.04744746396742587)	(39.0, 0.07907910661237649)	(40.0, 0.17156727912859057)	(41.0, 0.42599570909884865)	(42.0, 0.9400099020792754)	(43.0, 1.4454285399931976)	(44.0, 1.4364891627239713)	(45.0, 0.8746836835734028)	(46.0, 0.8451149741444289)	(47.0, 1.0355924744194467)	(48.0, 1.1095142479918905)	(49.0, 2.174675431840435)	(50.0, 2.9231763670365423)	(51.0, 3.416905050059789)	(52.0, 20.669903179665276)	(53.0, 28.860435691506403)	(54.0, 12.387913961928064)	(55.0, 7.337853449224245)	(56.0, 5.88073495433988)	(57.0, 3.3151336780717098)	(58.0, 1.6551600836173501)	(59.0, 0.8843107052479525)	(60.0, 0.5480525910440402)	(61.0, 0.3424469138518572)	(62.0, 0.23586203102647835)	(63.0, 0.14990648036085294)	(64.0, 0.10933546044667727)	(65.0, 0.10589723842005219)	(66.0, 0.10039608317745205)	(67.0, 0.06188799647925109)	(68.0, 0.02681813180767552)	(69.0, 0.013065243701175242)	(70.0, 0.00962702167455018)	(71.0, 0.006188799647925118)	(72.0, 0.005501155242600104)	(73.0, 0.002062933215975039)	(74.0, 0.000687644405325013)	(75.0, 0.004125866431950078)	(76.0, 0.002750577621300052)	(77.0, 0.002750577621300052)	(78.0, 0.000687644405325013)	(79.0, 0.001375288810650026)	(80.0, 0.003438222026625065)	(81.0, 0.002062933215975039)	(82.0, 0.000687644405325013)	(83.0, 0.001375288810650026)	(84.0, 0.0)	(85.0, 0.000687644405325013)	(86.0, 0.000687644405325013)	(87.0, 0.000687644405325013)	(88.0, 0.0)	(89.0, 0.001375288810650026)	(90.0, 0.0)	(91.0, 0.0)	(92.0, 0.0)	(93.0, 0.000687644405325013)	(94.0, 0.001375288810650026)	(95.0, 0.000687644405325013)	(96.0, 0.0)	(97.0, 0.0)	(98.0, 0.0)	(99.0, 0.0)	(100.0, 0.0)
SRR8438104	(0.0, 0.0)	(1.0, 0.0)	(2.0, 0.0)	(3.0, 0.0)	(4.0, 0.0)	(5.0, 0.0)	(6.0, 0.0)	(7.0, 0.0)	(8.0, 0.0)	(9.0, 0.0)	(10.0, 0.0)	(11.0, 0.0)	(12.0, 0.0)	(13.0, 0.0)	(14.0, 0.0)	(15.0, 0.0)	(16.0, 0.0)	(17.0, 0.0)	(18.0, 0.0)	(19.0, 0.0)	(20.0, 0.0)	(21.0, 0.0)	(22.0, 0.0)	(23.0, 0.0)	(24.0, 0.0)	(25.0, 0.0)	(26.0, 0.0)	(27.0, 0.0)	(28.0, 0.0)	(29.0, 0.0)	(30.0, 0.0)	(31.0, 0.0)	(32.0, 0.0)	(33.0, 0.0)	(34.0, 0.0)	(35.0, 0.0)	(36.0, 0.0)	(37.0, 0.0)	(38.0, 0.0)	(39.0, 16.666666666666668)	(40.0, 16.666666666666668)	(41.0, 0.0)	(42.0, 0.0)	(43.0, 0.0)	(44.0, 0.0)	(45.0, 33.333333333333336)	(46.0, 16.666666666666668)	(47.0, 16.666666666666668)	(48.0, 0.0)	(49.0, 0.0)	(50.0, 0.0)	(51.0, 0.0)	(52.0, 0.0)	(53.0, 0.0)	(54.0, 0.0)	(55.0, 0.0)	(56.0, 0.0)	(57.0, 0.0)	(58.0, 0.0)	(59.0, 0.0)	(60.0, 0.0)	(61.0, 0.0)	(62.0, 0.0)	(63.0, 0.0)	(64.0, 0.0)	(65.0, 0.0)	(66.0, 0.0)	(67.0, 0.0)	(68.0, 0.0)	(69.0, 0.0)	(70.0, 0.0)	(71.0, 0.0)	(72.0, 0.0)	(73.0, 0.0)	(74.0, 0.0)	(75.0, 0.0)	(76.0, 0.0)	(77.0, 0.0)	(78.0, 0.0)	(79.0, 0.0)	(80.0, 0.0)	(81.0, 0.0)	(82.0, 0.0)	(83.0, 0.0)	(84.0, 0.0)	(85.0, 0.0)	(86.0, 0.0)	(87.0, 0.0)	(88.0, 0.0)	(89.0, 0.0)	(90.0, 0.0)	(91.0, 0.0)	(92.0, 0.0)	(93.0, 0.0)	(94.0, 0.0)	(95.0, 0.0)	(96.0, 0.0)	(97.0, 0.0)	(98.0, 0.0)	(99.0, 0.0)	(100.0, 0.0)
SRR8438104_1	(0.0, 0.0)	(1.0, 0.0)	(2.0, 0.0)	(3.0, 0.0)	(4.0, 0.0)	(5.0, 0.0)	(6.0, 0.0)	(7.0, 0.0)	(8.0, 0.0)	(9.0, 0.0)	(10.0, 0.0)	(11.0, 0.0)	(12.0, 0.0)	(13.0, 0.0)	(14.0, 0.0)	(15.0, 0.0)	(16.0, 0.0)	(17.0, 0.0)	(18.0, 0.0)	(19.0, 0.0)	(20.0, 0.0)	(21.0, 0.0)	(22.0, 0.0)	(23.0, 0.0)	(24.0, 0.0)	(25.0, 0.0026340050046095905)	(26.0, 0.0)	(27.0, 0.0)	(28.0, 0.005268010009219181)	(29.0, 0.005268010009219181)	(30.0, 0.0)	(31.0, 0.0026340050046095905)	(32.0, 0.0026340050046095905)	(33.0, 0.0026340050046095905)	(34.0, 0.005268010009219181)	(35.0, 0.021072040036876724)	(36.0, 0.04214408007375344)	(37.0, 0.09745818517055488)	(38.0, 0.1738443303042329)	(39.0, 0.329250625576199)	(40.0, 0.7928355063874841)	(41.0, 0.9429737916502287)	(42.0, 1.1115501119452442)	(43.0, 1.569866982747326)	(44.0, 1.6146450678256903)	(45.0, 2.0834979586462055)	(46.0, 1.7779533781114896)	(47.0, 1.8991176083235342)	(48.0, 3.2714342157250638)	(49.0, 4.804425128407887)	(50.0, 4.638482813117464)	(51.0, 10.351639668115544)	(52.0, 15.756617937573195)	(53.0, 13.599367838798429)	(54.0, 12.785460292374252)	(55.0, 10.433293823258422)	(56.0, 6.64032661662098)	(57.0, 2.1440800737522228)	(58.0, 0.9851178717239815)	(59.0, 0.9772158567101527)	(60.0, 0.5505070459634052)	(61.0, 0.2923745555116644)	(62.0, 0.18964836033189036)	(63.0, 0.036876070064534264)	(64.0, 0.023706045041486316)	(65.0, 0.018438035032267132)	(66.0, 0.005268010009219181)	(67.0, 0.0026340050046095905)	(68.0, 0.005268010009219181)	(69.0, 0.005268010009219181)	(70.0, 0.0)	(71.0, 0.0)	(72.0, 0.0)	(73.0, 0.0)	(74.0, 0.0)	(75.0, 0.0)	(76.0, 0.0)	(77.0, 0.0)	(78.0, 0.0)	(79.0, 0.0)	(80.0, 0.0)	(81.0, 0.0)	(82.0, 0.0)	(83.0, 0.0)	(84.0, 0.0)	(85.0, 0.0)	(86.0, 0.0)	(87.0, 0.0)	(88.0, 0.0)	(89.0, 0.0)	(90.0, 0.0)	(91.0, 0.0)	(92.0, 0.0)	(93.0, 0.0)	(94.0, 0.0)	(95.0, 0.0)	(96.0, 0.0)	(97.0, 0.0)	(98.0, 0.0)	(99.0, 0.0)	(100.0, 0.0)
SRR8438104_2	(0.0, 0.0)	(1.0, 0.0)	(2.0, 0.0)	(3.0, 0.0)	(4.0, 0.0)	(5.0, 0.0)	(6.0, 0.0)	(7.0, 0.0)	(8.0, 0.0)	(9.0, 0.0)	(10.0, 0.0)	(11.0, 0.0)	(12.0, 0.0)	(13.0, 0.0)	(14.0, 0.0)	(15.0, 0.0)	(16.0, 0.0)	(17.0, 0.0)	(18.0, 0.0)	(19.0, 0.0)	(20.0, 0.0)	(21.0, 0.0)	(22.0, 0.0)	(23.0, 0.0)	(24.0, 0.0)	(25.0, 0.0)	(26.0, 0.0)	(27.0, 0.0)	(28.0, 0.0)	(29.0, 0.0)	(30.0, 0.0)	(31.0, 0.0)	(32.0, 0.0)	(33.0, 0.0)	(34.0, 0.0026567481402763418)	(35.0, 0.0026567481402763418)	(36.0, 0.0)	(37.0, 0.0)	(38.0, 0.0053134962805526835)	(39.0, 0.026567481402763424)	(40.0, 0.0584484590860795)	(41.0, 0.07438894792773756)	(42.0, 0.14612114771519882)	(43.0, 0.21785334750265983)	(44.0, 0.3188097768331611)	(45.0, 0.6296493092454927)	(46.0, 0.9192348565356099)	(47.0, 1.5170031880977997)	(48.0, 2.029755579171148)	(49.0, 3.6344314558979685)	(50.0, 7.183846971307488)	(51.0, 6.1902231668440235)	(52.0, 10.308182784272088)	(53.0, 15.260361317746064)	(54.0, 12.728480340063285)	(55.0, 10.507438894792768)	(56.0, 9.293304994686755)	(57.0, 6.902231668438164)	(58.0, 4.402231668437842)	(59.0, 2.866631243358149)	(60.0, 1.5435706695005638)	(61.0, 0.8607863974495311)	(62.0, 0.6243358129649401)	(63.0, 0.5286928799149931)	(64.0, 0.3506907545164774)	(65.0, 0.26036131774708116)	(66.0, 0.21519659936238347)	(67.0, 0.1222104144527118)	(68.0, 0.09032943676939564)	(69.0, 0.07970244420829026)	(70.0, 0.0451647183846978)	(71.0, 0.007970244420829026)	(72.0, 0.010626992561105367)	(73.0, 0.013283740701381708)	(74.0, 0.007970244420829026)	(75.0, 0.0026567481402763418)	(76.0, 0.0026567481402763418)	(77.0, 0.0026567481402763418)	(78.0, 0.0026567481402763418)	(79.0, 0.0)	(80.0, 0.0)	(81.0, 0.0)	(82.0, 0.0)	(83.0, 0.0)	(84.0, 0.0)	(85.0, 0.0)	(86.0, 0.0)	(87.0, 0.0)	(88.0, 0.0)	(89.0, 0.0)	(90.0, 0.0)	(91.0, 0.0)	(92.0, 0.0)	(93.0, 0.0026567481402763418)	(94.0, 0.0)	(95.0, 0.0)	(96.0, 0.0)	(97.0, 0.0)	(98.0, 0.0)	(99.0, 0.0)	(100.0, 0.0)
SRR8438105	(0.0, 0.0)	(1.0, 0.0)	(2.0, 0.0)	(3.0, 0.0)	(4.0, 0.0)	(5.0, 0.0)	(6.0, 0.0)	(7.0, 0.0)	(8.0, 0.0)	(9.0, 0.0)	(10.0, 0.0)	(11.0, 0.0)	(12.0, 0.0)	(13.0, 0.0)	(14.0, 0.0)	(15.0, 0.0)	(16.0, 0.0)	(17.0, 0.0)	(18.0, 0.0)	(19.0, 0.0)	(20.0, 0.0)	(21.0, 0.0)	(22.0, 0.0)	(23.0, 0.0)	(24.0, 0.0)	(25.0, 0.0)	(26.0, 0.0)	(27.0, 0.0)	(28.0, 0.0)	(29.0, 0.0)	(30.0, 0.0)	(31.0, 0.0)	(32.0, 0.0)	(33.0, 0.0)	(34.0, 0.0)	(35.0, 0.0)	(36.0, 0.0)	(37.0, 0.0)	(38.0, 0.0)	(39.0, 0.0)	(40.0, 7.692307692307692)	(41.0, 15.384615384615383)	(42.0, 0.0)	(43.0, 7.692307692307692)	(44.0, 15.384615384615383)	(45.0, 23.076923076923073)	(46.0, 7.692307692307692)	(47.0, 0.0)	(48.0, 7.692307692307692)	(49.0, 15.384615384615383)	(50.0, 0.0)	(51.0, 0.0)	(52.0, 0.0)	(53.0, 0.0)	(54.0, 0.0)	(55.0, 0.0)	(56.0, 0.0)	(57.0, 0.0)	(58.0, 0.0)	(59.0, 0.0)	(60.0, 0.0)	(61.0, 0.0)	(62.0, 0.0)	(63.0, 0.0)	(64.0, 0.0)	(65.0, 0.0)	(66.0, 0.0)	(67.0, 0.0)	(68.0, 0.0)	(69.0, 0.0)	(70.0, 0.0)	(71.0, 0.0)	(72.0, 0.0)	(73.0, 0.0)	(74.0, 0.0)	(75.0, 0.0)	(76.0, 0.0)	(77.0, 0.0)	(78.0, 0.0)	(79.0, 0.0)	(80.0, 0.0)	(81.0, 0.0)	(82.0, 0.0)	(83.0, 0.0)	(84.0, 0.0)	(85.0, 0.0)	(86.0, 0.0)	(87.0, 0.0)	(88.0, 0.0)	(89.0, 0.0)	(90.0, 0.0)	(91.0, 0.0)	(92.0, 0.0)	(93.0, 0.0)	(94.0, 0.0)	(95.0, 0.0)	(96.0, 0.0)	(97.0, 0.0)	(98.0, 0.0)	(99.0, 0.0)	(100.0, 0.0)
SRR8438105_1	(0.0, 0.0)	(1.0, 0.0)	(2.0, 0.0)	(3.0, 0.0)	(4.0, 0.0)	(5.0, 0.0)	(6.0, 0.0)	(7.0, 0.0)	(8.0, 0.0)	(9.0, 0.0)	(10.0, 0.0)	(11.0, 0.0)	(12.0, 0.0)	(13.0, 0.0)	(14.0, 0.0)	(15.0, 0.0)	(16.0, 0.0)	(17.0, 0.0)	(18.0, 0.0)	(19.0, 0.0)	(20.0, 0.0)	(21.0, 0.0)	(22.0, 0.0)	(23.0, 0.0)	(24.0, 0.0)	(25.0, 0.0)	(26.0, 0.0)	(27.0, 0.0)	(28.0, 0.0)	(29.0, 0.0)	(30.0, 0.0)	(31.0, 0.004551764946858029)	(32.0, 0.006827647420287043)	(33.0, 0.0318623546280062)	(34.0, 0.034138237101435216)	(35.0, 0.0318623546280062)	(36.0, 0.04551764946858027)	(37.0, 0.05689706183572534)	(38.0, 0.07965588657001553)	(39.0, 0.22531236486947218)	(40.0, 0.5757982657775399)	(41.0, 0.7260065090238527)	(42.0, 1.0742165274584956)	(43.0, 1.7569812694872184)	(44.0, 2.1211224652358402)	(45.0, 2.498918955825035)	(46.0, 3.5253419513414674)	(47.0, 3.1020278112836897)	(48.0, 3.7938960832061213)	(49.0, 5.855845604133044)	(50.0, 5.1594255672636855)	(51.0, 16.891599717790196)	(52.0, 21.527572316167205)	(53.0, 9.465395206991026)	(54.0, 7.36930744896338)	(55.0, 6.099365028789975)	(56.0, 4.121623159379937)	(57.0, 1.8116024488495117)	(58.0, 0.8056623955938671)	(59.0, 0.41648649263751075)	(60.0, 0.37779649058921727)	(61.0, 0.18434648034775)	(62.0, 0.12289765356516681)	(63.0, 0.04324176699515127)	(64.0, 0.018207059787432117)	(65.0, 0.018207059787432117)	(66.0, 0.006827647420287043)	(67.0, 0.0022758824734290146)	(68.0, 0.0022758824734290146)	(69.0, 0.004551764946858029)	(70.0, 0.004551764946858029)	(71.0, 0.0)	(72.0, 0.0)	(73.0, 0.0)	(74.0, 0.0)	(75.0, 0.0)	(76.0, 0.0)	(77.0, 0.0)	(78.0, 0.0)	(79.0, 0.0)	(80.0, 0.0)	(81.0, 0.0)	(82.0, 0.0)	(83.0, 0.0)	(84.0, 0.0)	(85.0, 0.0)	(86.0, 0.0)	(87.0, 0.0)	(88.0, 0.0)	(89.0, 0.0)	(90.0, 0.0)	(91.0, 0.0)	(92.0, 0.0)	(93.0, 0.0)	(94.0, 0.0)	(95.0, 0.0)	(96.0, 0.0)	(97.0, 0.0)	(98.0, 0.0)	(99.0, 0.0)	(100.0, 0.0)
SRR8438105_2	(0.0, 0.0)	(1.0, 0.0)	(2.0, 0.0)	(3.0, 0.0)	(4.0, 0.0)	(5.0, 0.0)	(6.0, 0.0)	(7.0, 0.0)	(8.0, 0.0)	(9.0, 0.0)	(10.0, 0.0)	(11.0, 0.0)	(12.0, 0.0)	(13.0, 0.0)	(14.0, 0.0)	(15.0, 0.0)	(16.0, 0.0)	(17.0, 0.0)	(18.0, 0.0)	(19.0, 0.0)	(20.0, 0.0)	(21.0, 0.0)	(22.0, 0.0)	(23.0, 0.0)	(24.0, 0.0)	(25.0, 0.0)	(26.0, 0.0022900588545125395)	(27.0, 0.0022900588545125395)	(28.0, 0.0)	(29.0, 0.0022900588545125395)	(30.0, 0.0022900588545125395)	(31.0, 0.0)	(32.0, 0.0)	(33.0, 0.004580117709025079)	(34.0, 0.004580117709025079)	(35.0, 0.009160235418050158)	(36.0, 0.016030411981587778)	(37.0, 0.027480706254150482)	(38.0, 0.0229005885451254)	(39.0, 0.12366317814367718)	(40.0, 0.183204708361003)	(41.0, 0.25877665055991694)	(42.0, 0.23587606201479136)	(43.0, 0.2977076510866304)	(44.0, 0.494652712574709)	(45.0, 0.6984679506263222)	(46.0, 1.076327661620894)	(47.0, 1.8412073190280973)	(48.0, 2.416012091510712)	(49.0, 3.3434859275882385)	(50.0, 4.722101358004914)	(51.0, 5.498431309684753)	(52.0, 15.613621270065916)	(53.0, 19.9441225639511)	(54.0, 10.841138617261818)	(55.0, 7.6533766917810855)	(56.0, 6.741933267685203)	(57.0, 5.166372775780397)	(58.0, 3.8770696406896907)	(59.0, 2.6129571529987796)	(60.0, 1.7198341997389361)	(61.0, 1.1244188975656588)	(62.0, 0.9435042480591632)	(63.0, 0.6297661849909469)	(64.0, 0.4465614766299464)	(65.0, 0.3984702406851829)	(66.0, 0.34579888703139405)	(67.0, 0.23358600316027883)	(68.0, 0.12137311928916465)	(69.0, 0.07099182448988875)	(70.0, 0.06412164792635111)	(71.0, 0.04351111823573824)	(72.0, 0.02519064739963794)	(73.0, 0.020610529690612858)	(74.0, 0.018320470836100316)	(75.0, 0.013740353127075238)	(76.0, 0.016030411981587778)	(77.0, 0.013740353127075238)	(78.0, 0.0)	(79.0, 0.0)	(80.0, 0.0)	(81.0, 0.0)	(82.0, 0.0)	(83.0, 0.0)	(84.0, 0.0)	(85.0, 0.0)	(86.0, 0.0022900588545125395)	(87.0, 0.0)	(88.0, 0.0)	(89.0, 0.0022900588545125395)	(90.0, 0.0022900588545125395)	(91.0, 0.0022900588545125395)	(92.0, 0.0022900588545125395)	(93.0, 0.0)	(94.0, 0.0)	(95.0, 0.0)	(96.0, 0.0)	(97.0, 0.0)	(98.0, 0.0022900588545125395)	(99.0, 0.0022900588545125395)	(100.0, 0.0)
SRR8438106	(0.0, 0.0)	(1.0, 0.0)	(2.0, 0.0)	(3.0, 0.0)	(4.0, 0.0)	(5.0, 0.0)	(6.0, 0.0)	(7.0, 0.0)	(8.0, 0.0)	(9.0, 0.0)	(10.0, 0.0)	(11.0, 0.0)	(12.0, 0.0)	(13.0, 0.0)	(14.0, 0.0)	(15.0, 0.0)	(16.0, 0.0)	(17.0, 0.0)	(18.0, 0.0)	(19.0, 0.0)	(20.0, 0.0)	(21.0, 0.0)	(22.0, 0.0)	(23.0, 0.0)	(24.0, 0.0)	(25.0, 0.0)	(26.0, 0.0)	(27.0, 0.0)	(28.0, 0.0)	(29.0, 0.0)	(30.0, 0.0)	(31.0, 0.0)	(32.0, 0.0)	(33.0, 0.0)	(34.0, 0.0)	(35.0, 0.0)	(36.0, 0.0)	(37.0, 0.0)	(38.0, 0.0)	(39.0, 0.0)	(40.0, 0.0)	(41.0, 4.166666666666666)	(42.0, 12.5)	(43.0, 0.0)	(44.0, 0.0)	(45.0, 4.166666666666666)	(46.0, 16.666666666666664)	(47.0, 24.999999999999996)	(48.0, 16.666666666666664)	(49.0, 8.333333333333332)	(50.0, 8.333333333333332)	(51.0, 0.0)	(52.0, 0.0)	(53.0, 0.0)	(54.0, 0.0)	(55.0, 0.0)	(56.0, 0.0)	(57.0, 0.0)	(58.0, 0.0)	(59.0, 0.0)	(60.0, 0.0)	(61.0, 4.166666666666666)	(62.0, 0.0)	(63.0, 0.0)	(64.0, 0.0)	(65.0, 0.0)	(66.0, 0.0)	(67.0, 0.0)	(68.0, 0.0)	(69.0, 0.0)	(70.0, 0.0)	(71.0, 0.0)	(72.0, 0.0)	(73.0, 0.0)	(74.0, 0.0)	(75.0, 0.0)	(76.0, 0.0)	(77.0, 0.0)	(78.0, 0.0)	(79.0, 0.0)	(80.0, 0.0)	(81.0, 0.0)	(82.0, 0.0)	(83.0, 0.0)	(84.0, 0.0)	(85.0, 0.0)	(86.0, 0.0)	(87.0, 0.0)	(88.0, 0.0)	(89.0, 0.0)	(90.0, 0.0)	(91.0, 0.0)	(92.0, 0.0)	(93.0, 0.0)	(94.0, 0.0)	(95.0, 0.0)	(96.0, 0.0)	(97.0, 0.0)	(98.0, 0.0)	(99.0, 0.0)	(100.0, 0.0)
SRR8438106_1	(0.0, 0.0)	(1.0, 0.0)	(2.0, 0.0)	(3.0, 0.0)	(4.0, 0.0)	(5.0, 0.0)	(6.0, 0.0)	(7.0, 0.0)	(8.0, 0.0)	(9.0, 0.0)	(10.0, 0.0)	(11.0, 0.0)	(12.0, 0.0)	(13.0, 0.0)	(14.0, 0.0)	(15.0, 0.0)	(16.0, 0.0)	(17.0, 0.0)	(18.0, 0.0)	(19.0, 0.0)	(20.0, 0.0)	(21.0, 0.0)	(22.0, 0.0)	(23.0, 0.0)	(24.0, 0.0)	(25.0, 0.0)	(26.0, 0.0006821608125903574)	(27.0, 0.0)	(28.0, 0.0)	(29.0, 0.0)	(30.0, 0.0)	(31.0, 0.0)	(32.0, 0.0)	(33.0, 0.0)	(34.0, 0.0)	(35.0, 0.0)	(36.0, 0.0006821608125903574)	(37.0, 0.0034108040629517865)	(38.0, 0.012961055439216787)	(39.0, 0.024557789253252877)	(40.0, 0.06889824207162602)	(41.0, 0.09959547863819232)	(42.0, 0.10709924757668629)	(43.0, 0.123471107078855)	(44.0, 0.15280402202024007)	(45.0, 0.18486558021198643)	(46.0, 0.20123743971415478)	(47.0, 0.37587060773728864)	(48.0, 4.706227446060728)	(49.0, 56.43311754310356)	(50.0, 19.26558566917532)	(51.0, 8.739162170096268)	(52.0, 7.6415654226383705)	(53.0, 1.0205125756351523)	(54.0, 0.3717776428617464)	(55.0, 0.17804397208608297)	(56.0, 0.1459824138943366)	(57.0, 0.09140954888710798)	(58.0, 0.02523995006584323)	(59.0, 0.0143253770643975)	(60.0, 0.0054572865007228594)	(61.0, 0.0027286432503614297)	(62.0, 0.0006821608125903574)	(63.0, 0.0)	(64.0, 0.0013643216251807149)	(65.0, 0.0006821608125903574)	(66.0, 0.0)	(67.0, 0.0)	(68.0, 0.0)	(69.0, 0.0)	(70.0, 0.0)	(71.0, 0.0)	(72.0, 0.0)	(73.0, 0.0)	(74.0, 0.0)	(75.0, 0.0)	(76.0, 0.0)	(77.0, 0.0)	(78.0, 0.0)	(79.0, 0.0)	(80.0, 0.0)	(81.0, 0.0)	(82.0, 0.0)	(83.0, 0.0)	(84.0, 0.0)	(85.0, 0.0)	(86.0, 0.0)	(87.0, 0.0)	(88.0, 0.0)	(89.0, 0.0)	(90.0, 0.0)	(91.0, 0.0)	(92.0, 0.0)	(93.0, 0.0)	(94.0, 0.0)	(95.0, 0.0)	(96.0, 0.0)	(97.0, 0.0)	(98.0, 0.0)	(99.0, 0.0)	(100.0, 0.0)
SRR8438106_2	(0.0, 0.0)	(1.0, 0.0)	(2.0, 0.0)	(3.0, 0.0)	(4.0, 0.0)	(5.0, 0.0)	(6.0, 0.0)	(7.0, 0.0)	(8.0, 0.0)	(9.0, 0.0)	(10.0, 0.0)	(11.0, 0.0)	(12.0, 0.0)	(13.0, 0.0)	(14.0, 0.0)	(15.0, 0.0)	(16.0, 0.0)	(17.0, 0.0)	(18.0, 0.0)	(19.0, 0.0)	(20.0, 0.0)	(21.0, 0.0)	(22.0, 0.0)	(23.0, 0.0)	(24.0, 0.0)	(25.0, 0.0)	(26.0, 0.0)	(27.0, 0.0)	(28.0, 0.0)	(29.0, 0.0)	(30.0, 0.0)	(31.0, 0.0)	(32.0, 0.0)	(33.0, 0.0)	(34.0, 0.0005714187756782153)	(35.0, 0.0005714187756782153)	(36.0, 0.0011428375513564306)	(37.0, 0.0028570938783910762)	(38.0, 0.003999931429747507)	(39.0, 0.02171391347577219)	(40.0, 0.03942789552179683)	(41.0, 0.04628492082993539)	(42.0, 0.06799883430570763)	(43.0, 0.08399856002469777)	(44.0, 0.10342679839775723)	(45.0, 0.12228361799513819)	(46.0, 0.14856888167633572)	(47.0, 0.1919967086278795)	(48.0, 0.7639869030817603)	(49.0, 28.977788952210844)	(50.0, 42.58041290718127)	(51.0, 10.225538990760025)	(52.0, 6.665028599511818)	(53.0, 6.1084667120009835)	(54.0, 2.0193939532468326)	(55.0, 0.797129192071095)	(56.0, 0.4217070564505274)	(57.0, 0.24913858619570145)	(58.0, 0.1462832065736229)	(59.0, 0.07542727838952448)	(60.0, 0.0422849894001879)	(61.0, 0.027999520008232567)	(62.0, 0.020571075924415757)	(63.0, 0.013142631840598945)	(64.0, 0.0034285126540692917)	(65.0, 0.003999931429747507)	(66.0, 0.0034285126540692917)	(67.0, 0.0011428375513564306)	(68.0, 0.0022856751027128613)	(69.0, 0.0011428375513564306)	(70.0, 0.0011428375513564306)	(71.0, 0.0022856751027128613)	(72.0, 0.0017142563270346458)	(73.0, 0.0005714187756782153)	(74.0, 0.0005714187756782153)	(75.0, 0.0005714187756782153)	(76.0, 0.0017142563270346458)	(77.0, 0.0005714187756782153)	(78.0, 0.0005714187756782153)	(79.0, 0.0005714187756782153)	(80.0, 0.0005714187756782153)	(81.0, 0.0005714187756782153)	(82.0, 0.0005714187756782153)	(83.0, 0.0)	(84.0, 0.0005714187756782153)	(85.0, 0.0005714187756782153)	(86.0, 0.0)	(87.0, 0.0)	(88.0, 0.0)	(89.0, 0.0005714187756782153)	(90.0, 0.0005714187756782153)	(91.0, 0.0)	(92.0, 0.0)	(93.0, 0.0)	(94.0, 0.0)	(95.0, 0.0)	(96.0, 0.0005714187756782153)	(97.0, 0.0)	(98.0, 0.0005714187756782153)	(99.0, 0.0)	(100.0, 0.0)
SRR8438107	(0.0, 0.0)	(1.0, 0.0)	(2.0, 0.0)	(3.0, 0.0)	(4.0, 0.0)	(5.0, 0.0)	(6.0, 0.0)	(7.0, 0.0)	(8.0, 0.0)	(9.0, 0.0)	(10.0, 0.0)	(11.0, 0.0)	(12.0, 0.0)	(13.0, 0.0)	(14.0, 0.0)	(15.0, 0.0)	(16.0, 0.0)	(17.0, 0.0)	(18.0, 0.0)	(19.0, 0.0)	(20.0, 0.0)	(21.0, 0.0)	(22.0, 0.0)	(23.0, 0.0)	(24.0, 0.0)	(25.0, 0.0)	(26.0, 0.0)	(27.0, 0.0)	(28.0, 0.0)	(29.0, 0.0)	(30.0, 0.0)	(31.0, 0.0)	(32.0, 0.0)	(33.0, 0.0)	(34.0, 0.0)	(35.0, 0.0)	(36.0, 0.0)	(37.0, 0.0)	(38.0, 0.0)	(39.0, 0.0)	(40.0, 0.0)	(41.0, 0.0)	(42.0, 4.545454545454545)	(43.0, 18.18181818181818)	(44.0, 18.18181818181818)	(45.0, 4.545454545454545)	(46.0, 18.18181818181818)	(47.0, 0.0)	(48.0, 9.09090909090909)	(49.0, 13.636363636363635)	(50.0, 9.09090909090909)	(51.0, 0.0)	(52.0, 0.0)	(53.0, 4.545454545454545)	(54.0, 0.0)	(55.0, 0.0)	(56.0, 0.0)	(57.0, 0.0)	(58.0, 0.0)	(59.0, 0.0)	(60.0, 0.0)	(61.0, 0.0)	(62.0, 0.0)	(63.0, 0.0)	(64.0, 0.0)	(65.0, 0.0)	(66.0, 0.0)	(67.0, 0.0)	(68.0, 0.0)	(69.0, 0.0)	(70.0, 0.0)	(71.0, 0.0)	(72.0, 0.0)	(73.0, 0.0)	(74.0, 0.0)	(75.0, 0.0)	(76.0, 0.0)	(77.0, 0.0)	(78.0, 0.0)	(79.0, 0.0)	(80.0, 0.0)	(81.0, 0.0)	(82.0, 0.0)	(83.0, 0.0)	(84.0, 0.0)	(85.0, 0.0)	(86.0, 0.0)	(87.0, 0.0)	(88.0, 0.0)	(89.0, 0.0)	(90.0, 0.0)	(91.0, 0.0)	(92.0, 0.0)	(93.0, 0.0)	(94.0, 0.0)	(95.0, 0.0)	(96.0, 0.0)	(97.0, 0.0)	(98.0, 0.0)	(99.0, 0.0)	(100.0, 0.0)
SRR8438107_1	(0.0, 0.0)	(1.0, 0.0)	(2.0, 0.0)	(3.0, 0.0)	(4.0, 0.0)	(5.0, 0.0)	(6.0, 0.0)	(7.0, 0.0)	(8.0, 0.0)	(9.0, 0.0)	(10.0, 0.0)	(11.0, 0.0)	(12.0, 0.0)	(13.0, 0.0)	(14.0, 0.0)	(15.0, 0.0)	(16.0, 0.0)	(17.0, 0.0)	(18.0, 0.0)	(19.0, 0.0)	(20.0, 0.0)	(21.0, 0.0)	(22.0, 0.0)	(23.0, 0.0)	(24.0, 0.0)	(25.0, 0.0)	(26.0, 0.0014322338551433307)	(27.0, 0.002148350782714996)	(28.0, 0.0)	(29.0, 0.0)	(30.0, 0.0)	(31.0, 0.0007161169275716653)	(32.0, 0.0)	(33.0, 0.002148350782714996)	(34.0, 0.0028644677102866614)	(35.0, 0.037954197161298275)	(36.0, 0.018619040116863293)	(37.0, 0.0315091448131533)	(38.0, 0.037954197161298275)	(39.0, 0.08163732974316983)	(40.0, 0.6695693272795065)	(41.0, 0.5428166310993284)	(42.0, 0.5564228527231899)	(43.0, 0.5313587602581814)	(44.0, 0.5671646066367642)	(45.0, 0.8221022328522626)	(46.0, 1.033356726485892)	(47.0, 0.8894172240439954)	(48.0, 1.2882943527014223)	(49.0, 3.3141891408015134)	(50.0, 2.840119734749179)	(51.0, 29.612151072031377)	(52.0, 36.398791194633844)	(53.0, 9.045272912159081)	(54.0, 4.750003580582615)	(55.0, 3.3714784950072336)	(56.0, 1.727274029302903)	(57.0, 0.6137122069289198)	(58.0, 0.5650162558540494)	(59.0, 0.31723979891424736)	(60.0, 0.11386259148389502)	(61.0, 0.05227653571273154)	(62.0, 0.07805674510531148)	(63.0, 0.058005471133304835)	(64.0, 0.012890104696289971)	(65.0, 0.006445052348144988)	(66.0, 0.0007161169275716653)	(67.0, 0.0)	(68.0, 0.0007161169275716653)	(69.0, 0.0014322338551433307)	(70.0, 0.0)	(71.0, 0.0)	(72.0, 0.0)	(73.0, 0.0)	(74.0, 0.0)	(75.0, 0.0007161169275716653)	(76.0, 0.0007161169275716653)	(77.0, 0.0)	(78.0, 0.0)	(79.0, 0.0)	(80.0, 0.0)	(81.0, 0.0)	(82.0, 0.0)	(83.0, 0.0007161169275716653)	(84.0, 0.0007161169275716653)	(85.0, 0.0)	(86.0, 0.0)	(87.0, 0.0)	(88.0, 0.0)	(89.0, 0.0)	(90.0, 0.0)	(91.0, 0.0)	(92.0, 0.0)	(93.0, 0.0)	(94.0, 0.0)	(95.0, 0.0)	(96.0, 0.0)	(97.0, 0.0)	(98.0, 0.0)	(99.0, 0.0)	(100.0, 0.0)
SRR8438107_2	(0.0, 0.0)	(1.0, 0.0)	(2.0, 0.0)	(3.0, 0.0)	(4.0, 0.0)	(5.0, 0.0)	(6.0, 0.0)	(7.0, 0.0)	(8.0, 0.0)	(9.0, 0.0)	(10.0, 0.0)	(11.0, 0.0)	(12.0, 0.0)	(13.0, 0.0)	(14.0, 0.0)	(15.0, 0.0)	(16.0, 0.0)	(17.0, 0.0)	(18.0, 0.0)	(19.0, 0.0)	(20.0, 0.0)	(21.0, 0.0)	(22.0, 0.0)	(23.0, 0.0)	(24.0, 0.0)	(25.0, 0.0)	(26.0, 0.0)	(27.0, 0.0)	(28.0, 0.0)	(29.0, 0.0)	(30.0, 0.0)	(31.0, 0.0)	(32.0, 0.0)	(33.0, 0.0007450843062891081)	(34.0, 0.0014901686125782163)	(35.0, 0.0)	(36.0, 0.0007450843062891081)	(37.0, 0.016391854738360374)	(38.0, 0.05364607005281576)	(39.0, 0.338268275055255)	(40.0, 0.5044220753577309)	(41.0, 0.279406614858414)	(42.0, 0.27493610902067944)	(43.0, 0.2704656031829449)	(44.0, 0.31740591447915933)	(45.0, 0.3591306356313506)	(46.0, 0.5327352789967177)	(47.0, 0.5983026979501589)	(48.0, 0.599047782256448)	(49.0, 0.9700997667884027)	(50.0, 3.031002957984027)	(51.0, 3.7284018686704736)	(52.0, 23.1520046493236)	(53.0, 32.803081668703975)	(54.0, 13.100072273173177)	(55.0, 6.630505241667291)	(56.0, 4.243255124316131)	(57.0, 2.580972036985508)	(58.0, 1.761379300067496)	(59.0, 1.1690372765675874)	(60.0, 0.7853188588287145)	(61.0, 0.5394410377533199)	(62.0, 0.3755224903697114)	(63.0, 0.24736798968798282)	(64.0, 0.17062430614020577)	(65.0, 0.1579578729332911)	(66.0, 0.14007584958235272)	(67.0, 0.09760604412387326)	(68.0, 0.06631250325973055)	(69.0, 0.034273878089299)	(70.0, 0.02086236057609503)	(71.0, 0.008941011675469299)	(72.0, 0.00819592736918019)	(73.0, 0.0074508430628910825)	(74.0, 0.0029803372251564326)	(75.0, 0.0022352529188673247)	(76.0, 0.0007450843062891081)	(77.0, 0.0029803372251564326)	(78.0, 0.0007450843062891081)	(79.0, 0.0007450843062891081)	(80.0, 0.0007450843062891081)	(81.0, 0.0014901686125782163)	(82.0, 0.0014901686125782163)	(83.0, 0.0022352529188673247)	(84.0, 0.0014901686125782163)	(85.0, 0.0007450843062891081)	(86.0, 0.0)	(87.0, 0.0007450843062891081)	(88.0, 0.0007450843062891081)	(89.0, 0.0)	(90.0, 0.0)	(91.0, 0.0007450843062891081)	(92.0, 0.0007450843062891081)	(93.0, 0.0007450843062891081)	(94.0, 0.0)	(95.0, 0.0)	(96.0, 0.0007450843062891081)	(97.0, 0.0)	(98.0, 0.0)	(99.0, 0.0)	(100.0, 0.0)
SRR8438108	(0.0, 0.0)	(1.0, 0.0)	(2.0, 0.0)	(3.0, 0.0)	(4.0, 0.0)	(5.0, 0.0)	(6.0, 0.0)	(7.0, 0.0)	(8.0, 0.0)	(9.0, 0.0)	(10.0, 0.0)	(11.0, 0.0)	(12.0, 0.0)	(13.0, 0.0)	(14.0, 0.0)	(15.0, 0.0)	(16.0, 0.0)	(17.0, 0.0)	(18.0, 0.0)	(19.0, 0.0)	(20.0, 0.0)	(21.0, 0.0)	(22.0, 0.0)	(23.0, 0.0)	(24.0, 0.0)	(25.0, 0.0)	(26.0, 0.0)	(27.0, 0.0)	(28.0, 0.0)	(29.0, 0.0)	(30.0, 0.0)	(31.0, 0.0)	(32.0, 0.0)	(33.0, 0.0)	(34.0, 0.0)	(35.0, 0.0)	(36.0, 0.0)	(37.0, 0.0)	(38.0, 0.0)	(39.0, 0.0)	(40.0, 0.0)	(41.0, 0.0)	(42.0, 0.0)	(43.0, 0.0)	(44.0, 5.882352941176471)	(45.0, 11.764705882352942)	(46.0, 5.882352941176471)	(47.0, 17.647058823529413)	(48.0, 17.647058823529413)	(49.0, 17.647058823529413)	(50.0, 11.764705882352942)	(51.0, 0.0)	(52.0, 0.0)	(53.0, 0.0)	(54.0, 0.0)	(55.0, 0.0)	(56.0, 0.0)	(57.0, 5.882352941176471)	(58.0, 5.882352941176471)	(59.0, 0.0)	(60.0, 0.0)	(61.0, 0.0)	(62.0, 0.0)	(63.0, 0.0)	(64.0, 0.0)	(65.0, 0.0)	(66.0, 0.0)	(67.0, 0.0)	(68.0, 0.0)	(69.0, 0.0)	(70.0, 0.0)	(71.0, 0.0)	(72.0, 0.0)	(73.0, 0.0)	(74.0, 0.0)	(75.0, 0.0)	(76.0, 0.0)	(77.0, 0.0)	(78.0, 0.0)	(79.0, 0.0)	(80.0, 0.0)	(81.0, 0.0)	(82.0, 0.0)	(83.0, 0.0)	(84.0, 0.0)	(85.0, 0.0)	(86.0, 0.0)	(87.0, 0.0)	(88.0, 0.0)	(89.0, 0.0)	(90.0, 0.0)	(91.0, 0.0)	(92.0, 0.0)	(93.0, 0.0)	(94.0, 0.0)	(95.0, 0.0)	(96.0, 0.0)	(97.0, 0.0)	(98.0, 0.0)	(99.0, 0.0)	(100.0, 0.0)
SRR8438108_1	(0.0, 0.0)	(1.0, 0.0)	(2.0, 0.0)	(3.0, 0.0)	(4.0, 0.0)	(5.0, 0.0)	(6.0, 0.0)	(7.0, 0.0)	(8.0, 0.0)	(9.0, 0.0)	(10.0, 0.0)	(11.0, 0.0)	(12.0, 0.0)	(13.0, 0.0)	(14.0, 0.0)	(15.0, 0.0)	(16.0, 0.0)	(17.0, 0.0)	(18.0, 0.0)	(19.0, 0.0)	(20.0, 0.0)	(21.0, 0.0)	(22.0, 0.0)	(23.0, 0.0)	(24.0, 0.0)	(25.0, 0.0)	(26.0, 0.0)	(27.0, 0.0)	(28.0, 0.0)	(29.0, 0.0)	(30.0, 0.0)	(31.0, 0.0)	(32.0, 0.0008260776182530401)	(33.0, 0.0066086209460243205)	(34.0, 0.05452112280470063)	(35.0, 0.08095560658879783)	(36.0, 0.03717349282138683)	(37.0, 0.04791250185867633)	(38.0, 0.13382457415699278)	(39.0, 0.2874750111520566)	(40.0, 0.5369504518644805)	(41.0, 0.6583838617476788)	(42.0, 0.7814694268673749)	(43.0, 1.0334231004345378)	(44.0, 1.0507707304178506)	(45.0, 1.3712888463000295)	(46.0, 1.571199629917288)	(47.0, 5.776760784443367)	(48.0, 9.593239380774147)	(49.0, 3.870173641515305)	(50.0, 3.642176218877518)	(51.0, 12.097080641697596)	(52.0, 16.31420688287553)	(53.0, 12.91737571662212)	(54.0, 12.572075272192663)	(55.0, 6.989442728039381)	(56.0, 4.510383795661266)	(57.0, 1.6348076065227792)	(58.0, 0.5889933418144235)	(59.0, 0.44277760338363126)	(60.0, 0.6517752408016549)	(61.0, 0.44360368100188435)	(62.0, 0.13465065177524582)	(63.0, 0.08095560658879783)	(64.0, 0.05782543327771277)	(65.0, 0.0123911642737956)	(66.0, 0.00578254332777128)	(67.0, 0.0024782328547591206)	(68.0, 0.0016521552365060801)	(69.0, 0.0033043104730121602)	(70.0, 0.0016521552365060801)	(71.0, 0.0016521552365060801)	(72.0, 0.0)	(73.0, 0.0)	(74.0, 0.0)	(75.0, 0.0)	(76.0, 0.0)	(77.0, 0.0)	(78.0, 0.0)	(79.0, 0.0)	(80.0, 0.0)	(81.0, 0.0)	(82.0, 0.0)	(83.0, 0.0)	(84.0, 0.0)	(85.0, 0.0)	(86.0, 0.0)	(87.0, 0.0)	(88.0, 0.0)	(89.0, 0.0)	(90.0, 0.0)	(91.0, 0.0)	(92.0, 0.0)	(93.0, 0.0)	(94.0, 0.0)	(95.0, 0.0)	(96.0, 0.0)	(97.0, 0.0)	(98.0, 0.0)	(99.0, 0.0)	(100.0, 0.0)
SRR8438108_2	(0.0, 0.0)	(1.0, 0.0)	(2.0, 0.0)	(3.0, 0.0)	(4.0, 0.0)	(5.0, 0.0)	(6.0, 0.0)	(7.0, 0.0)	(8.0, 0.0)	(9.0, 0.0)	(10.0, 0.0)	(11.0, 0.0)	(12.0, 0.0)	(13.0, 0.0)	(14.0, 0.0)	(15.0, 0.0)	(16.0, 0.0)	(17.0, 0.0)	(18.0, 0.0)	(19.0, 0.0)	(20.0, 0.0)	(21.0, 0.0)	(22.0, 0.0)	(23.0, 0.0)	(24.0, 0.0)	(25.0, 0.0)	(26.0, 0.0)	(27.0, 0.0)	(28.0, 0.0008603519699909154)	(29.0, 0.004301759849954577)	(30.0, 0.055922878049409486)	(31.0, 0.06710745365929134)	(32.0, 0.030972670919672967)	(33.0, 0.0111845756098819)	(34.0, 0.0034414078799636615)	(35.0, 0.0008603519699909154)	(36.0, 0.004301759849954577)	(37.0, 0.014625983489845559)	(38.0, 0.12475103564868291)	(39.0, 0.1402373711085195)	(40.0, 0.20218271294786505)	(41.0, 0.3914601463458664)	(42.0, 0.5454631489742446)	(43.0, 0.6943040397826744)	(44.0, 0.8693856656758158)	(45.0, 1.0367241238390392)	(46.0, 1.036293947854044)	(47.0, 1.4909899639942457)	(48.0, 5.569058301750843)	(49.0, 7.23211865974404)	(50.0, 6.071503852225766)	(51.0, 5.119094221445504)	(52.0, 11.561409772738946)	(53.0, 14.840211130371342)	(54.0, 11.215548280802912)	(55.0, 8.967448583216504)	(56.0, 6.912928078877265)	(57.0, 4.9909017779168865)	(58.0, 3.371719370394352)	(59.0, 2.044196280698467)	(60.0, 1.3696803362255128)	(61.0, 1.0444672915689572)	(62.0, 0.7330198784322633)	(63.0, 0.5566477245841268)	(64.0, 0.43619844878539527)	(65.0, 0.30972670919672796)	(66.0, 0.24606066341740113)	(67.0, 0.19013778536799242)	(68.0, 0.13163385140861028)	(69.0, 0.08603519699909144)	(70.0, 0.055922878049409486)	(71.0, 0.04387795046953671)	(72.0, 0.02667091106971838)	(73.0, 0.0275312630397093)	(74.0, 0.017207039399818304)	(75.0, 0.016346687429827388)	(76.0, 0.021508799249772878)	(77.0, 0.015486335459836473)	(78.0, 0.014625983489845559)	(79.0, 0.0111845756098819)	(80.0, 0.006882815759927323)	(81.0, 0.009463871669900072)	(82.0, 0.0034414078799636615)	(83.0, 0.0)	(84.0, 0.0008603519699909154)	(85.0, 0.0)	(86.0, 0.0)	(87.0, 0.0)	(88.0, 0.0)	(89.0, 0.0)	(90.0, 0.0)	(91.0, 0.0)	(92.0, 0.0008603519699909154)	(93.0, 0.0008603519699909154)	(94.0, 0.0008603519699909154)	(95.0, 0.0)	(96.0, 0.0)	(97.0, 0.0)	(98.0, 0.0)	(99.0, 0.0)	(100.0, 0.0012905279549863733)
SRR8438109	(0.0, 0.0)	(1.0, 0.0)	(2.0, 0.0)	(3.0, 0.0)	(4.0, 0.0)	(5.0, 0.0)	(6.0, 0.0)	(7.0, 0.0)	(8.0, 0.0)	(9.0, 0.0)	(10.0, 0.0)	(11.0, 0.0)	(12.0, 0.0)	(13.0, 0.0)	(14.0, 0.0)	(15.0, 0.0)	(16.0, 0.0)	(17.0, 0.0)	(18.0, 0.0)	(19.0, 0.0)	(20.0, 0.0)	(21.0, 0.0)	(22.0, 0.0)	(23.0, 0.0)	(24.0, 0.0)	(25.0, 0.0)	(26.0, 0.0)	(27.0, 0.0)	(28.0, 0.0)	(29.0, 0.0)	(30.0, 0.0)	(31.0, 0.0)	(32.0, 0.0)	(33.0, 0.0)	(34.0, 0.0)	(35.0, 0.0)	(36.0, 0.0)	(37.0, 0.0)	(38.0, 0.0)	(39.0, 6.25)	(40.0, 6.25)	(41.0, 0.0)	(42.0, 12.5)	(43.0, 6.25)	(44.0, 12.5)	(45.0, 6.25)	(46.0, 18.75)	(47.0, 25.0)	(48.0, 0.0)	(49.0, 0.0)	(50.0, 6.25)	(51.0, 0.0)	(52.0, 0.0)	(53.0, 0.0)	(54.0, 0.0)	(55.0, 0.0)	(56.0, 0.0)	(57.0, 0.0)	(58.0, 0.0)	(59.0, 0.0)	(60.0, 0.0)	(61.0, 0.0)	(62.0, 0.0)	(63.0, 0.0)	(64.0, 0.0)	(65.0, 0.0)	(66.0, 0.0)	(67.0, 0.0)	(68.0, 0.0)	(69.0, 0.0)	(70.0, 0.0)	(71.0, 0.0)	(72.0, 0.0)	(73.0, 0.0)	(74.0, 0.0)	(75.0, 0.0)	(76.0, 0.0)	(77.0, 0.0)	(78.0, 0.0)	(79.0, 0.0)	(80.0, 0.0)	(81.0, 0.0)	(82.0, 0.0)	(83.0, 0.0)	(84.0, 0.0)	(85.0, 0.0)	(86.0, 0.0)	(87.0, 0.0)	(88.0, 0.0)	(89.0, 0.0)	(90.0, 0.0)	(91.0, 0.0)	(92.0, 0.0)	(93.0, 0.0)	(94.0, 0.0)	(95.0, 0.0)	(96.0, 0.0)	(97.0, 0.0)	(98.0, 0.0)	(99.0, 0.0)	(100.0, 0.0)
SRR8438109_1	(0.0, 0.0)	(1.0, 0.0)	(2.0, 0.0)	(3.0, 0.0)	(4.0, 0.0)	(5.0, 0.0)	(6.0, 0.0)	(7.0, 0.0)	(8.0, 0.0)	(9.0, 0.0)	(10.0, 0.0)	(11.0, 0.0)	(12.0, 0.0)	(13.0, 0.0)	(14.0, 0.0)	(15.0, 0.0)	(16.0, 0.0)	(17.0, 0.0)	(18.0, 0.0)	(19.0, 0.0)	(20.0, 0.0)	(21.0, 0.0)	(22.0, 0.0)	(23.0, 0.0)	(24.0, 0.0)	(25.0, 0.0033526670466344733)	(26.0, 0.010728534549230314)	(27.0, 0.004693733865288262)	(28.0, 0.0006705334093268946)	(29.0, 0.0006705334093268946)	(30.0, 0.0)	(31.0, 0.0)	(32.0, 0.0006705334093268946)	(33.0, 0.0)	(34.0, 0.004023200455961368)	(35.0, 0.004023200455961368)	(36.0, 0.004693733865288262)	(37.0, 0.026821336373075804)	(38.0, 0.022798135917114427)	(39.0, 0.12337814731614896)	(40.0, 1.9599691554625955)	(41.0, 1.714553927648924)	(42.0, 0.43517618265315827)	(43.0, 0.41640124719200466)	(44.0, 0.5833640661144004)	(45.0, 1.1003453247054187)	(46.0, 0.9327119723736926)	(47.0, 0.8965031682700424)	(48.0, 0.9394173064669612)	(49.0, 3.361383980955521)	(50.0, 3.659100814696594)	(51.0, 24.757434539176668)	(52.0, 33.00499547391221)	(53.0, 9.841418848690875)	(54.0, 7.784222348877212)	(55.0, 4.230395279443054)	(56.0, 1.9713682234211538)	(57.0, 1.117108659938593)	(58.0, 0.5867167331610347)	(59.0, 0.27089549736806434)	(60.0, 0.13611828209335988)	(61.0, 0.04023200455961368)	(62.0, 0.02346866932644132)	(63.0, 0.01341066818653789)	(64.0, 0.008716934321249632)	(65.0, 0.0033526670466344733)	(66.0, 0.0013410668186537892)	(67.0, 0.0006705334093268946)	(68.0, 0.0006705334093268946)	(69.0, 0.0)	(70.0, 0.0013410668186537892)	(71.0, 0.0006705334093268946)	(72.0, 0.0)	(73.0, 0.0)	(74.0, 0.0)	(75.0, 0.0)	(76.0, 0.0)	(77.0, 0.0)	(78.0, 0.0)	(79.0, 0.0)	(80.0, 0.0)	(81.0, 0.0)	(82.0, 0.0)	(83.0, 0.0)	(84.0, 0.0)	(85.0, 0.0)	(86.0, 0.0)	(87.0, 0.0)	(88.0, 0.0)	(89.0, 0.0)	(90.0, 0.0)	(91.0, 0.0)	(92.0, 0.0)	(93.0, 0.0)	(94.0, 0.0)	(95.0, 0.0)	(96.0, 0.0)	(97.0, 0.0)	(98.0, 0.0)	(99.0, 0.0)	(100.0, 0.0)
SRR8438109_2	(0.0, 0.0)	(1.0, 0.0)	(2.0, 0.0)	(3.0, 0.0)	(4.0, 0.0)	(5.0, 0.0)	(6.0, 0.0)	(7.0, 0.0)	(8.0, 0.0)	(9.0, 0.0)	(10.0, 0.0)	(11.0, 0.0)	(12.0, 0.0)	(13.0, 0.0)	(14.0, 0.0)	(15.0, 0.0)	(16.0, 0.0)	(17.0, 0.0)	(18.0, 0.0)	(19.0, 0.0)	(20.0, 0.0)	(21.0, 0.0)	(22.0, 0.0014495484656528582)	(23.0, 0.0014495484656528582)	(24.0, 0.0)	(25.0, 0.0043486453969585745)	(26.0, 0.0072477423282642905)	(27.0, 0.0028990969313057165)	(28.0, 0.0007247742328264291)	(29.0, 0.0014495484656528582)	(30.0, 0.0007247742328264291)	(31.0, 0.0)	(32.0, 0.0)	(33.0, 0.0)	(34.0, 0.0)	(35.0, 0.0007247742328264291)	(36.0, 0.01884413005348715)	(37.0, 0.08624813370634507)	(38.0, 0.8653804339947452)	(39.0, 1.089335671938099)	(40.0, 1.0494730891326476)	(41.0, 0.4341397654630339)	(42.0, 0.36093756794756243)	(43.0, 0.4566077666806538)	(44.0, 0.5653239016046204)	(45.0, 0.7052053285401132)	(46.0, 0.8084856567178735)	(47.0, 0.6127966138547489)	(48.0, 1.0487483148998211)	(49.0, 2.288474640149537)	(50.0, 3.9656022149095125)	(51.0, 3.6579355530747635)	(52.0, 20.30165103569915)	(53.0, 27.069230434728247)	(54.0, 13.198501166883403)	(55.0, 7.203531100062724)	(56.0, 4.811776131734421)	(57.0, 3.0976850711000607)	(58.0, 2.0395146911736513)	(59.0, 1.2922724571295179)	(60.0, 0.8516097235710438)	(61.0, 0.5921405482191969)	(62.0, 0.4319654427645545)	(63.0, 0.28338672503513235)	(64.0, 0.21308362445096948)	(65.0, 0.14205574963398043)	(66.0, 0.12321161958049323)	(67.0, 0.09132155333613012)	(68.0, 0.06667922942003139)	(69.0, 0.04348645396958574)	(70.0, 0.028266195080230747)	(71.0, 0.024642323916098594)	(72.0, 0.015945033122181436)	(73.0, 0.011596387725222864)	(74.0, 0.0072477423282642905)	(75.0, 0.0072477423282642905)	(76.0, 0.0043486453969585745)	(77.0, 0.0007247742328264291)	(78.0, 0.0021743226984792877)	(79.0, 0.0007247742328264291)	(80.0, 0.0)	(81.0, 0.0007247742328264291)	(82.0, 0.0014495484656528582)	(83.0, 0.0)	(84.0, 0.0)	(85.0, 0.0007247742328264291)	(86.0, 0.0007247742328264291)	(87.0, 0.0007247742328264291)	(88.0, 0.0007247742328264291)	(89.0, 0.0014495484656528582)	(90.0, 0.0007247742328264291)	(91.0, 0.0)	(92.0, 0.0)	(93.0, 0.0007247742328264291)	(94.0, 0.0)	(95.0, 0.0)	(96.0, 0.0)	(97.0, 0.0007247742328264291)	(98.0, 0.0007247742328264291)	(99.0, 0.0)	(100.0, 0.0)
SRR8438110	(0.0, 0.0)	(1.0, 0.0)	(2.0, 0.0)	(3.0, 0.0)	(4.0, 0.0)	(5.0, 0.0)	(6.0, 0.0)	(7.0, 0.0)	(8.0, 0.0)	(9.0, 0.0)	(10.0, 0.0)	(11.0, 0.0)	(12.0, 0.0)	(13.0, 0.0)	(14.0, 0.0)	(15.0, 0.0)	(16.0, 0.0)	(17.0, 0.0)	(18.0, 0.0)	(19.0, 0.0)	(20.0, 0.0)	(21.0, 0.0)	(22.0, 0.0)	(23.0, 0.0)	(24.0, 0.0)	(25.0, 0.0)	(26.0, 0.0)	(27.0, 0.0)	(28.0, 0.0)	(29.0, 0.0)	(30.0, 0.0)	(31.0, 0.0)	(32.0, 0.0)	(33.0, 0.0)	(34.0, 0.0)	(35.0, 0.0)	(36.0, 0.0)	(37.0, 0.0)	(38.0, 0.0)	(39.0, 0.0)	(40.0, 0.0)	(41.0, 0.0)	(42.0, 0.0)	(43.0, 20.0)	(44.0, 20.0)	(45.0, 20.0)	(46.0, 20.0)	(47.0, 20.0)	(48.0, 0.0)	(49.0, 0.0)	(50.0, 0.0)	(51.0, 0.0)	(52.0, 0.0)	(53.0, 0.0)	(54.0, 0.0)	(55.0, 0.0)	(56.0, 0.0)	(57.0, 0.0)	(58.0, 0.0)	(59.0, 0.0)	(60.0, 0.0)	(61.0, 0.0)	(62.0, 0.0)	(63.0, 0.0)	(64.0, 0.0)	(65.0, 0.0)	(66.0, 0.0)	(67.0, 0.0)	(68.0, 0.0)	(69.0, 0.0)	(70.0, 0.0)	(71.0, 0.0)	(72.0, 0.0)	(73.0, 0.0)	(74.0, 0.0)	(75.0, 0.0)	(76.0, 0.0)	(77.0, 0.0)	(78.0, 0.0)	(79.0, 0.0)	(80.0, 0.0)	(81.0, 0.0)	(82.0, 0.0)	(83.0, 0.0)	(84.0, 0.0)	(85.0, 0.0)	(86.0, 0.0)	(87.0, 0.0)	(88.0, 0.0)	(89.0, 0.0)	(90.0, 0.0)	(91.0, 0.0)	(92.0, 0.0)	(93.0, 0.0)	(94.0, 0.0)	(95.0, 0.0)	(96.0, 0.0)	(97.0, 0.0)	(98.0, 0.0)	(99.0, 0.0)	(100.0, 0.0)
SRR8438110_1	(0.0, 0.0)	(1.0, 0.0)	(2.0, 0.0)	(3.0, 0.0)	(4.0, 0.0)	(5.0, 0.0)	(6.0, 0.0)	(7.0, 0.0)	(8.0, 0.0)	(9.0, 0.0)	(10.0, 0.0)	(11.0, 0.0)	(12.0, 0.0)	(13.0, 0.0)	(14.0, 0.0)	(15.0, 0.0)	(16.0, 0.0)	(17.0, 0.0)	(18.0, 0.0)	(19.0, 0.0)	(20.0, 0.0)	(21.0, 0.0)	(22.0, 0.0)	(23.0, 0.0)	(24.0, 0.0)	(25.0, 0.0)	(26.0, 0.0)	(27.0, 0.0)	(28.0, 0.0)	(29.0, 0.0011094838681046735)	(30.0, 0.0)	(31.0, 0.005547419340523367)	(32.0, 0.07877335463543177)	(33.0, 0.07322593529490842)	(34.0, 0.9763458039321153)	(35.0, 0.5824790307549556)	(36.0, 0.09319664492079248)	(37.0, 0.05880264500954771)	(38.0, 0.08321129010785044)	(39.0, 0.11316735454667659)	(40.0, 0.9153241911863617)	(41.0, 1.1804908356633637)	(42.0, 0.7100696755869966)	(43.0, 1.2426219322772218)	(44.0, 0.844317223627666)	(45.0, 1.054009674699438)	(46.0, 1.5943283184663835)	(47.0, 1.9726623174901012)	(48.0, 1.4789419961835037)	(49.0, 3.218612701371791)	(50.0, 3.0632849598371195)	(51.0, 20.24586162517055)	(52.0, 28.03443837926036)	(53.0, 10.173967070520764)	(54.0, 8.893622686727387)	(55.0, 3.9297918608267897)	(56.0, 2.7848045089428144)	(57.0, 3.0078107664318794)	(58.0, 1.6098610926198478)	(59.0, 1.259264190298791)	(60.0, 0.4471219988461816)	(61.0, 0.1775174188967481)	(62.0, 0.05991212887765238)	(63.0, 0.01220432254915141)	(64.0, 0.006656903208628041)	(65.0, 0.006656903208628041)	(66.0, 0.005547419340523367)	(67.0, 0.0033284516043140208)	(68.0, 0.0011094838681046735)	(69.0, 0.0)	(70.0, 0.0)	(71.0, 0.0)	(72.0, 0.0)	(73.0, 0.0)	(74.0, 0.0)	(75.0, 0.0)	(76.0, 0.0)	(77.0, 0.0)	(78.0, 0.0)	(79.0, 0.0)	(80.0, 0.0)	(81.0, 0.0)	(82.0, 0.0)	(83.0, 0.0)	(84.0, 0.0)	(85.0, 0.0)	(86.0, 0.0)	(87.0, 0.0)	(88.0, 0.0)	(89.0, 0.0)	(90.0, 0.0)	(91.0, 0.0)	(92.0, 0.0)	(93.0, 0.0)	(94.0, 0.0)	(95.0, 0.0)	(96.0, 0.0)	(97.0, 0.0)	(98.0, 0.0)	(99.0, 0.0)	(100.0, 0.0)
SRR8438110_2	(0.0, 0.0)	(1.0, 0.0)	(2.0, 0.0)	(3.0, 0.0)	(4.0, 0.0)	(5.0, 0.0)	(6.0, 0.0)	(7.0, 0.0)	(8.0, 0.0)	(9.0, 0.0)	(10.0, 0.0)	(11.0, 0.0)	(12.0, 0.0)	(13.0, 0.0)	(14.0, 0.0)	(15.0, 0.0)	(16.0, 0.0)	(17.0, 0.0)	(18.0, 0.0011798853151474469)	(19.0, 0.0)	(20.0, 0.0)	(21.0, 0.0)	(22.0, 0.0)	(23.0, 0.0)	(24.0, 0.0)	(25.0, 0.0)	(26.0, 0.0)	(27.0, 0.0011798853151474469)	(28.0, 0.0)	(29.0, 0.0023597706302948937)	(30.0, 0.0035396559454423412)	(31.0, 0.057814380442224936)	(32.0, 0.08849139863605845)	(33.0, 0.030677018193833613)	(34.0, 0.14158623781769367)	(35.0, 0.7681053401609943)	(36.0, 0.5911225428888723)	(37.0, 0.2359770630294899)	(38.0, 0.2701937371687653)	(39.0, 0.7480472898034872)	(40.0, 0.9745852703117976)	(41.0, 0.3822828421077712)	(42.0, 0.6748944002643433)	(43.0, 1.310852585128801)	(44.0, 1.0418387332751984)	(45.0, 1.0052622885056295)	(46.0, 0.9922835500390084)	(47.0, 1.964509049720475)	(48.0, 1.3769261627770542)	(49.0, 1.986926870708279)	(50.0, 4.4198503905423205)	(51.0, 4.7974136913894165)	(52.0, 24.631285839011525)	(53.0, 17.501238879581987)	(54.0, 9.940533780117805)	(55.0, 6.813837694975946)	(56.0, 4.521320527644977)	(57.0, 4.207471033815828)	(58.0, 3.6836019538904807)	(59.0, 1.4783962998797289)	(60.0, 0.8990726101423646)	(61.0, 0.8872737569908898)	(62.0, 0.5816834603676925)	(63.0, 0.43301791065911077)	(64.0, 0.2406966042900796)	(65.0, 0.10736956367841755)	(66.0, 0.06371380701796216)	(67.0, 0.0495551832361928)	(68.0, 0.02123793567265404)	(69.0, 0.025957476933243823)	(70.0, 0.012978738466621918)	(71.0, 0.008259197206032128)	(72.0, 0.0035396559454423412)	(73.0, 0.005899426575737234)	(74.0, 0.0023597706302948937)	(75.0, 0.0011798853151474469)	(76.0, 0.0035396559454423412)	(77.0, 0.0011798853151474469)	(78.0, 0.0)	(79.0, 0.0)	(80.0, 0.0)	(81.0, 0.0)	(82.0, 0.0)	(83.0, 0.0)	(84.0, 0.0)	(85.0, 0.0011798853151474469)	(86.0, 0.0)	(87.0, 0.0)	(88.0, 0.0)	(89.0, 0.0)	(90.0, 0.0)	(91.0, 0.0)	(92.0, 0.0)	(93.0, 0.0)	(94.0, 0.0)	(95.0, 0.0)	(96.0, 0.0011798853151474469)	(97.0, 0.0023597706302948937)	(98.0, 0.0011798853151474469)	(99.0, 0.0)	(100.0, 0.0)
SRR8438111	(0.0, 0.0)	(1.0, 0.0)	(2.0, 0.0)	(3.0, 0.0)	(4.0, 0.0)	(5.0, 0.0)	(6.0, 0.0)	(7.0, 0.0)	(8.0, 0.0)	(9.0, 0.0)	(10.0, 0.0)	(11.0, 0.0)	(12.0, 0.0)	(13.0, 0.0)	(14.0, 0.0)	(15.0, 0.0)	(16.0, 0.0)	(17.0, 0.0)	(18.0, 0.0)	(19.0, 0.0)	(20.0, 0.0)	(21.0, 0.0)	(22.0, 0.0)	(23.0, 0.0)	(24.0, 0.0)	(25.0, 0.0)	(26.0, 0.0)	(27.0, 0.0)	(28.0, 0.0)	(29.0, 0.0)	(30.0, 0.0)	(31.0, 0.0)	(32.0, 0.0)	(33.0, 0.0)	(34.0, 0.0)	(35.0, 0.0)	(36.0, 0.0)	(37.0, 0.0)	(38.0, 0.0)	(39.0, 0.0)	(40.0, 0.0)	(41.0, 0.0)	(42.0, 3.03030303030303)	(43.0, 6.06060606060606)	(44.0, 6.06060606060606)	(45.0, 9.090909090909092)	(46.0, 9.090909090909092)	(47.0, 9.090909090909092)	(48.0, 18.18181818181818)	(49.0, 21.21212121212121)	(50.0, 6.06060606060606)	(51.0, 0.0)	(52.0, 0.0)	(53.0, 3.03030303030303)	(54.0, 6.06060606060606)	(55.0, 3.03030303030303)	(56.0, 0.0)	(57.0, 0.0)	(58.0, 0.0)	(59.0, 0.0)	(60.0, 0.0)	(61.0, 0.0)	(62.0, 0.0)	(63.0, 0.0)	(64.0, 0.0)	(65.0, 0.0)	(66.0, 0.0)	(67.0, 0.0)	(68.0, 0.0)	(69.0, 0.0)	(70.0, 0.0)	(71.0, 0.0)	(72.0, 0.0)	(73.0, 0.0)	(74.0, 0.0)	(75.0, 0.0)	(76.0, 0.0)	(77.0, 0.0)	(78.0, 0.0)	(79.0, 0.0)	(80.0, 0.0)	(81.0, 0.0)	(82.0, 0.0)	(83.0, 0.0)	(84.0, 0.0)	(85.0, 0.0)	(86.0, 0.0)	(87.0, 0.0)	(88.0, 0.0)	(89.0, 0.0)	(90.0, 0.0)	(91.0, 0.0)	(92.0, 0.0)	(93.0, 0.0)	(94.0, 0.0)	(95.0, 0.0)	(96.0, 0.0)	(97.0, 0.0)	(98.0, 0.0)	(99.0, 0.0)	(100.0, 0.0)
SRR8438111_1	(0.0, 0.0)	(1.0, 0.0)	(2.0, 0.0)	(3.0, 0.0)	(4.0, 0.0)	(5.0, 0.0)	(6.0, 0.0)	(7.0, 0.0)	(8.0, 0.0)	(9.0, 0.0)	(10.0, 0.0)	(11.0, 0.0)	(12.0, 0.0)	(13.0, 0.0)	(14.0, 0.0)	(15.0, 0.0)	(16.0, 0.0)	(17.0, 0.0)	(18.0, 0.0)	(19.0, 0.0)	(20.0, 0.0)	(21.0, 0.0)	(22.0, 0.0)	(23.0, 0.0)	(24.0, 0.0)	(25.0, 0.0)	(26.0, 0.0)	(27.0, 0.0)	(28.0, 0.0)	(29.0, 0.0)	(30.0, 0.0)	(31.0, 0.0008652689688585979)	(32.0, 0.0008652689688585979)	(33.0, 0.0008652689688585979)	(34.0, 0.0008652689688585979)	(35.0, 0.0)	(36.0, 0.004326344844292989)	(37.0, 0.0069221517508687835)	(38.0, 0.01211376556402037)	(39.0, 0.026823338034616537)	(40.0, 0.061434096788960404)	(41.0, 0.09691012451216294)	(42.0, 0.12373346254677965)	(43.0, 0.14017357295509314)	(44.0, 0.17911067655373003)	(45.0, 0.3357243599171342)	(46.0, 0.43869136721131025)	(47.0, 0.23881423540497243)	(48.0, 0.6056882782010244)	(49.0, 5.992852878314473)	(50.0, 6.494708880252688)	(51.0, 42.117832328191305)	(52.0, 32.81878671985104)	(53.0, 4.862811604984939)	(54.0, 1.7149630962777545)	(55.0, 1.4726877849973194)	(56.0, 0.8756521964848966)	(57.0, 0.5122392295642932)	(58.0, 0.443882981024462)	(59.0, 0.27515553209703303)	(60.0, 0.058838289882384626)	(61.0, 0.01817064834603055)	(62.0, 0.025958069065757938)	(63.0, 0.02336226215918214)	(64.0, 0.007787420719727382)	(65.0, 0.006056882782010185)	(66.0, 0.0034610758754343917)	(67.0, 0.0)	(68.0, 0.0008652689688585979)	(69.0, 0.0)	(70.0, 0.0)	(71.0, 0.0)	(72.0, 0.0)	(73.0, 0.0)	(74.0, 0.0)	(75.0, 0.0)	(76.0, 0.0)	(77.0, 0.0)	(78.0, 0.0)	(79.0, 0.0)	(80.0, 0.0)	(81.0, 0.0)	(82.0, 0.0)	(83.0, 0.0)	(84.0, 0.0)	(85.0, 0.0)	(86.0, 0.0)	(87.0, 0.0)	(88.0, 0.0)	(89.0, 0.0)	(90.0, 0.0)	(91.0, 0.0)	(92.0, 0.0)	(93.0, 0.0)	(94.0, 0.0)	(95.0, 0.0)	(96.0, 0.0)	(97.0, 0.0)	(98.0, 0.0)	(99.0, 0.0)	(100.0, 0.0)
SRR8438111_2	(0.0, 0.0)	(1.0, 0.0)	(2.0, 0.0)	(3.0, 0.0)	(4.0, 0.0)	(5.0, 0.0)	(6.0, 0.0)	(7.0, 0.0)	(8.0, 0.0)	(9.0, 0.0)	(10.0, 0.0)	(11.0, 0.0)	(12.0, 0.0)	(13.0, 0.0)	(14.0, 0.0)	(15.0, 0.0)	(16.0, 0.0)	(17.0, 0.0)	(18.0, 0.0)	(19.0, 0.0)	(20.0, 0.0)	(21.0, 0.0)	(22.0, 0.0)	(23.0, 0.0)	(24.0, 0.0)	(25.0, 0.0)	(26.0, 0.0)	(27.0, 0.0)	(28.0, 0.0)	(29.0, 0.0)	(30.0, 0.0)	(31.0, 0.0)	(32.0, 0.0)	(33.0, 0.0)	(34.0, 0.0)	(35.0, 0.0)	(36.0, 0.001809087044222852)	(37.0, 0.005427261132668555)	(38.0, 0.006331804654779981)	(39.0, 0.016281783398005664)	(40.0, 0.028040849185454207)	(41.0, 0.05789078541513124)	(42.0, 0.08050437346791682)	(43.0, 0.15286785523683133)	(44.0, 0.19176322668762252)	(45.0, 0.17774280209489562)	(46.0, 0.26096080612914563)	(47.0, 0.40614004142803)	(48.0, 0.6512713359202333)	(49.0, 3.613199099074028)	(50.0, 5.626712979293651)	(51.0, 6.186173147719822)	(52.0, 38.00168245096583)	(53.0, 23.915226181098966)	(54.0, 8.594972547103644)	(55.0, 4.360804320098951)	(56.0, 2.321058677737993)	(57.0, 1.3568152831671094)	(58.0, 0.9660524816149955)	(59.0, 0.7118757519016992)	(60.0, 0.620516856168444)	(61.0, 0.5363943086120789)	(62.0, 0.38714462746368944)	(63.0, 0.2641267084565356)	(64.0, 0.17367235624539426)	(65.0, 0.11216339674181687)	(66.0, 0.07779074290158254)	(67.0, 0.041609002017125626)	(68.0, 0.03165902327389992)	(69.0, 0.01899541396433994)	(70.0, 0.010854522265337112)	(71.0, 0.007236348176891408)	(72.0, 0.006331804654779981)	(73.0, 0.003618174088445704)	(74.0, 0.001809087044222852)	(75.0, 0.001809087044222852)	(76.0, 0.000904543522111426)	(77.0, 0.002713630566334278)	(78.0, 0.001809087044222852)	(79.0, 0.000904543522111426)	(80.0, 0.0)	(81.0, 0.0)	(82.0, 0.0)	(83.0, 0.0)	(84.0, 0.0)	(85.0, 0.0)	(86.0, 0.0)	(87.0, 0.001809087044222852)	(88.0, 0.000904543522111426)	(89.0, 0.0)	(90.0, 0.0)	(91.0, 0.0)	(92.0, 0.0)	(93.0, 0.0)	(94.0, 0.0)	(95.0, 0.0)	(96.0, 0.001809087044222852)	(97.0, 0.001809087044222852)	(98.0, 0.0)	(99.0, 0.0)	(100.0, 0.0)
SRR8438112	(0.0, 0.0)	(1.0, 0.0)	(2.0, 0.0)	(3.0, 0.0)	(4.0, 0.0)	(5.0, 0.0)	(6.0, 0.0)	(7.0, 0.0)	(8.0, 0.0)	(9.0, 0.0)	(10.0, 0.0)	(11.0, 0.0)	(12.0, 0.0)	(13.0, 0.0)	(14.0, 0.0)	(15.0, 0.0)	(16.0, 0.0)	(17.0, 0.0)	(18.0, 0.0)	(19.0, 0.0)	(20.0, 0.0)	(21.0, 0.0)	(22.0, 0.0)	(23.0, 0.0)	(24.0, 0.0)	(25.0, 0.0)	(26.0, 0.0)	(27.0, 0.0)	(28.0, 0.0)	(29.0, 0.0)	(30.0, 0.0)	(31.0, 0.0)	(32.0, 0.0)	(33.0, 0.0)	(34.0, 0.0)	(35.0, 0.0)	(36.0, 0.0)	(37.0, 0.0)	(38.0, 0.0)	(39.0, 0.0)	(40.0, 0.0)	(41.0, 0.0)	(42.0, 0.0)	(43.0, 0.0)	(44.0, 11.111111111111112)	(45.0, 22.222222222222225)	(46.0, 22.222222222222225)	(47.0, 22.222222222222225)	(48.0, 0.0)	(49.0, 22.222222222222225)	(50.0, 0.0)	(51.0, 0.0)	(52.0, 0.0)	(53.0, 0.0)	(54.0, 0.0)	(55.0, 0.0)	(56.0, 0.0)	(57.0, 0.0)	(58.0, 0.0)	(59.0, 0.0)	(60.0, 0.0)	(61.0, 0.0)	(62.0, 0.0)	(63.0, 0.0)	(64.0, 0.0)	(65.0, 0.0)	(66.0, 0.0)	(67.0, 0.0)	(68.0, 0.0)	(69.0, 0.0)	(70.0, 0.0)	(71.0, 0.0)	(72.0, 0.0)	(73.0, 0.0)	(74.0, 0.0)	(75.0, 0.0)	(76.0, 0.0)	(77.0, 0.0)	(78.0, 0.0)	(79.0, 0.0)	(80.0, 0.0)	(81.0, 0.0)	(82.0, 0.0)	(83.0, 0.0)	(84.0, 0.0)	(85.0, 0.0)	(86.0, 0.0)	(87.0, 0.0)	(88.0, 0.0)	(89.0, 0.0)	(90.0, 0.0)	(91.0, 0.0)	(92.0, 0.0)	(93.0, 0.0)	(94.0, 0.0)	(95.0, 0.0)	(96.0, 0.0)	(97.0, 0.0)	(98.0, 0.0)	(99.0, 0.0)	(100.0, 0.0)
SRR8438112_1	(0.0, 0.0)	(1.0, 0.0)	(2.0, 0.0)	(3.0, 0.0)	(4.0, 0.0)	(5.0, 0.0)	(6.0, 0.0)	(7.0, 0.0)	(8.0, 0.0)	(9.0, 0.0)	(10.0, 0.0)	(11.0, 0.0)	(12.0, 0.0)	(13.0, 0.0)	(14.0, 0.0)	(15.0, 0.0)	(16.0, 0.0)	(17.0, 0.0)	(18.0, 0.0)	(19.0, 0.0)	(20.0, 0.0)	(21.0, 0.0)	(22.0, 0.0)	(23.0, 0.0)	(24.0, 0.0)	(25.0, 0.0)	(26.0, 0.0)	(27.0, 0.0)	(28.0, 0.0)	(29.0, 0.0012249047636546289)	(30.0, 0.0012249047636546289)	(31.0, 0.0)	(32.0, 0.0)	(33.0, 0.0012249047636546289)	(34.0, 0.0048996190546185155)	(35.0, 0.0048996190546185155)	(36.0, 0.015923761927510174)	(37.0, 0.023273190509437942)	(38.0, 0.07594409534658697)	(39.0, 0.12983990494739056)	(40.0, 0.699420620046797)	(41.0, 0.520584524553216)	(42.0, 0.7337179534291275)	(43.0, 1.2432783351094419)	(44.0, 1.309423192346788)	(45.0, 1.348620144783734)	(46.0, 1.2469530494004055)	(47.0, 1.3057484780558244)	(48.0, 1.9733215742475747)	(49.0, 8.195837773612743)	(50.0, 7.315131248544807)	(51.0, 14.886267592697367)	(52.0, 20.972819363291908)	(53.0, 10.584402062740354)	(54.0, 10.018496061931659)	(55.0, 8.045174487683154)	(56.0, 3.9784906723503566)	(57.0, 2.0431411457758966)	(58.0, 1.028920001469894)	(59.0, 0.8843812393586512)	(60.0, 0.7214689057925809)	(61.0, 0.4838373816435761)	(62.0, 0.10901652396526185)	(63.0, 0.04654638101887592)	(64.0, 0.025723000036747202)	(65.0, 0.008574333345582401)	(66.0, 0.0036747142909638866)	(67.0, 0.0024498095273092577)	(68.0, 0.0024498095273092577)	(69.0, 0.0024498095273092577)	(70.0, 0.0012249047636546289)	(71.0, 0.0)	(72.0, 0.0)	(73.0, 0.0)	(74.0, 0.0)	(75.0, 0.0)	(76.0, 0.0)	(77.0, 0.0)	(78.0, 0.0)	(79.0, 0.0)	(80.0, 0.0)	(81.0, 0.0)	(82.0, 0.0)	(83.0, 0.0)	(84.0, 0.0)	(85.0, 0.0)	(86.0, 0.0)	(87.0, 0.0)	(88.0, 0.0)	(89.0, 0.0)	(90.0, 0.0)	(91.0, 0.0)	(92.0, 0.0)	(93.0, 0.0)	(94.0, 0.0)	(95.0, 0.0)	(96.0, 0.0)	(97.0, 0.0)	(98.0, 0.0)	(99.0, 0.0)	(100.0, 0.0)
SRR8438112_2	(0.0, 0.0)	(1.0, 0.0)	(2.0, 0.0)	(3.0, 0.0)	(4.0, 0.0)	(5.0, 0.0)	(6.0, 0.0)	(7.0, 0.0)	(8.0, 0.0)	(9.0, 0.0)	(10.0, 0.0)	(11.0, 0.0)	(12.0, 0.0)	(13.0, 0.0)	(14.0, 0.0)	(15.0, 0.0)	(16.0, 0.0)	(17.0, 0.0)	(18.0, 0.0)	(19.0, 0.0)	(20.0, 0.0)	(21.0, 0.0)	(22.0, 0.0)	(23.0, 0.0)	(24.0, 0.0)	(25.0, 0.0)	(26.0, 0.0)	(27.0, 0.0)	(28.0, 0.0)	(29.0, 0.0)	(30.0, 0.0)	(31.0, 0.0)	(32.0, 0.0)	(33.0, 0.0)	(34.0, 0.0)	(35.0, 0.0)	(36.0, 0.0)	(37.0, 0.0038082423057636846)	(38.0, 0.033004766649951923)	(39.0, 0.26657696140345827)	(40.0, 0.4277925523474519)	(41.0, 0.25515223448616736)	(42.0, 0.42017606773592464)	(43.0, 0.661364747100962)	(44.0, 0.8213109239430413)	(45.0, 0.7387990073181592)	(46.0, 0.5648892753549459)	(47.0, 0.5826610727818436)	(48.0, 0.8073473688219075)	(49.0, 2.949483665814043)	(50.0, 8.291178206698016)	(51.0, 8.20930099712406)	(52.0, 12.940407354986627)	(53.0, 17.016496036255614)	(54.0, 11.349831485278607)	(55.0, 8.793231484008091)	(56.0, 7.206463856606238)	(57.0, 5.025610429506063)	(58.0, 3.395682722639405)	(59.0, 2.6365730896904247)	(60.0, 1.967591857977861)	(61.0, 1.2808388288385129)	(62.0, 0.8911286995487109)	(63.0, 0.6626341612028833)	(64.0, 0.5712363458645522)	(65.0, 0.3884407151878944)	(66.0, 0.26657696140345827)	(67.0, 0.17137090375936595)	(68.0, 0.11297785507098916)	(69.0, 0.08378133072680102)	(70.0, 0.06220129099414022)	(71.0, 0.05712363458645531)	(72.0, 0.03808242305763685)	(73.0, 0.015232969223054739)	(74.0, 0.00634707050960614)	(75.0, 0.007616484611527368)	(76.0, 0.0025388282038424563)	(77.0, 0.0)	(78.0, 0.0038082423057636846)	(79.0, 0.0025388282038424563)	(80.0, 0.0012694141019212281)	(81.0, 0.0)	(82.0, 0.0012694141019212281)	(83.0, 0.0)	(84.0, 0.0)	(85.0, 0.0)	(86.0, 0.0)	(87.0, 0.0)	(88.0, 0.0)	(89.0, 0.0)	(90.0, 0.0)	(91.0, 0.0)	(92.0, 0.0)	(93.0, 0.0)	(94.0, 0.0)	(95.0, 0.0012694141019212281)	(96.0, 0.0025388282038424563)	(97.0, 0.0)	(98.0, 0.0012694141019212281)	(99.0, 0.0012694141019212281)	(100.0, 0.0019041211528818423)
SRR8438113	(0.0, 0.0)	(1.0, 0.0)	(2.0, 0.0)	(3.0, 0.0)	(4.0, 0.0)	(5.0, 0.0)	(6.0, 0.0)	(7.0, 0.0)	(8.0, 0.0)	(9.0, 0.0)	(10.0, 0.0)	(11.0, 0.0)	(12.0, 0.0)	(13.0, 0.0)	(14.0, 0.0)	(15.0, 0.0)	(16.0, 0.0)	(17.0, 0.0)	(18.0, 0.0)	(19.0, 0.0)	(20.0, 0.0)	(21.0, 0.0)	(22.0, 0.0)	(23.0, 0.0)	(24.0, 0.0)	(25.0, 0.0)	(26.0, 0.0)	(27.0, 0.0)	(28.0, 0.0)	(29.0, 0.0)	(30.0, 0.0)	(31.0, 0.0)	(32.0, 0.0)	(33.0, 0.0)	(34.0, 0.0)	(35.0, 0.0)	(36.0, 0.0)	(37.0, 0.0)	(38.0, 0.0)	(39.0, 0.0)	(40.0, 11.76470588235294)	(41.0, 5.88235294117647)	(42.0, 17.64705882352941)	(43.0, 0.0)	(44.0, 5.88235294117647)	(45.0, 5.88235294117647)	(46.0, 5.88235294117647)	(47.0, 11.76470588235294)	(48.0, 11.76470588235294)	(49.0, 17.64705882352941)	(50.0, 5.88235294117647)	(51.0, 0.0)	(52.0, 0.0)	(53.0, 0.0)	(54.0, 0.0)	(55.0, 0.0)	(56.0, 0.0)	(57.0, 0.0)	(58.0, 0.0)	(59.0, 0.0)	(60.0, 0.0)	(61.0, 0.0)	(62.0, 0.0)	(63.0, 0.0)	(64.0, 0.0)	(65.0, 0.0)	(66.0, 0.0)	(67.0, 0.0)	(68.0, 0.0)	(69.0, 0.0)	(70.0, 0.0)	(71.0, 0.0)	(72.0, 0.0)	(73.0, 0.0)	(74.0, 0.0)	(75.0, 0.0)	(76.0, 0.0)	(77.0, 0.0)	(78.0, 0.0)	(79.0, 0.0)	(80.0, 0.0)	(81.0, 0.0)	(82.0, 0.0)	(83.0, 0.0)	(84.0, 0.0)	(85.0, 0.0)	(86.0, 0.0)	(87.0, 0.0)	(88.0, 0.0)	(89.0, 0.0)	(90.0, 0.0)	(91.0, 0.0)	(92.0, 0.0)	(93.0, 0.0)	(94.0, 0.0)	(95.0, 0.0)	(96.0, 0.0)	(97.0, 0.0)	(98.0, 0.0)	(99.0, 0.0)	(100.0, 0.0)
SRR8438113_1	(0.0, 0.0)	(1.0, 0.0)	(2.0, 0.0)	(3.0, 0.0)	(4.0, 0.0)	(5.0, 0.0)	(6.0, 0.0)	(7.0, 0.0)	(8.0, 0.0)	(9.0, 0.0)	(10.0, 0.0)	(11.0, 0.0)	(12.0, 0.0)	(13.0, 0.0)	(14.0, 0.0)	(15.0, 0.0)	(16.0, 0.0)	(17.0, 0.0)	(18.0, 0.0)	(19.0, 0.0)	(20.0, 0.0)	(21.0, 0.0)	(22.0, 0.0)	(23.0, 0.0)	(24.0, 0.0)	(25.0, 0.0)	(26.0, 0.0)	(27.0, 0.0011329647421372327)	(28.0, 0.0)	(29.0, 0.0011329647421372327)	(30.0, 0.0011329647421372327)	(31.0, 0.0011329647421372327)	(32.0, 0.0022659294842744654)	(33.0, 0.013595576905646795)	(34.0, 0.39087283603734346)	(35.0, 0.30816640986132665)	(36.0, 0.04871748391190104)	(37.0, 0.050983413396175514)	(38.0, 0.09743496782380191)	(39.0, 0.26284782017583797)	(40.0, 0.30250158615064054)	(41.0, 0.37727725913169685)	(42.0, 0.5528867941629705)	(43.0, 1.0411945980241173)	(44.0, 1.3267017130426835)	(45.0, 1.8399347412308378)	(46.0, 2.150367080576475)	(47.0, 1.8750566482370958)	(48.0, 2.2002175292305184)	(49.0, 3.02841475573293)	(50.0, 1.8591951418471728)	(51.0, 6.069292123628726)	(52.0, 20.909997280880948)	(53.0, 14.786322849634773)	(54.0, 5.997915344874096)	(55.0, 8.291035982960242)	(56.0, 14.231170125988033)	(57.0, 8.268376688117486)	(58.0, 2.1175111030544915)	(59.0, 0.7511556240369919)	(60.0, 0.44638810840206755)	(61.0, 0.1563491344149383)	(62.0, 0.11442943895586039)	(63.0, 0.05211637813831274)	(64.0, 0.03172301277984252)	(65.0, 0.02265929484274465)	(66.0, 0.00793075319496063)	(67.0, 0.006797788452823396)	(68.0, 0.0022659294842744654)	(69.0, 0.0011329647421372327)	(70.0, 0.0011329647421372327)	(71.0, 0.0011329647421372327)	(72.0, 0.0)	(73.0, 0.0)	(74.0, 0.0)	(75.0, 0.0)	(76.0, 0.0)	(77.0, 0.0)	(78.0, 0.0)	(79.0, 0.0)	(80.0, 0.0)	(81.0, 0.0)	(82.0, 0.0)	(83.0, 0.0)	(84.0, 0.0)	(85.0, 0.0)	(86.0, 0.0)	(87.0, 0.0)	(88.0, 0.0)	(89.0, 0.0)	(90.0, 0.0)	(91.0, 0.0)	(92.0, 0.0)	(93.0, 0.0)	(94.0, 0.0)	(95.0, 0.0)	(96.0, 0.0)	(97.0, 0.0)	(98.0, 0.0)	(99.0, 0.0)	(100.0, 0.0)
SRR8438113_2	(0.0, 0.0)	(1.0, 0.0)	(2.0, 0.0)	(3.0, 0.0)	(4.0, 0.0)	(5.0, 0.0)	(6.0, 0.0)	(7.0, 0.0)	(8.0, 0.0)	(9.0, 0.0)	(10.0, 0.0)	(11.0, 0.0)	(12.0, 0.0)	(13.0, 0.0)	(14.0, 0.0)	(15.0, 0.0)	(16.0, 0.0)	(17.0, 0.0)	(18.0, 0.0)	(19.0, 0.0)	(20.0, 0.0)	(21.0, 0.0)	(22.0, 0.0)	(23.0, 0.0)	(24.0, 0.0)	(25.0, 0.0)	(26.0, 0.0)	(27.0, 0.0)	(28.0, 0.0022965276501928185)	(29.0, 0.0034447914752892272)	(30.0, 0.0022965276501928185)	(31.0, 0.010334374425867683)	(32.0, 0.012630902076060503)	(33.0, 0.022965276501928176)	(34.0, 0.043634025353663564)	(35.0, 0.27328679037294523)	(36.0, 0.24917325004592097)	(37.0, 0.09645416130809827)	(38.0, 0.037892706228181514)	(39.0, 0.028132463714862017)	(40.0, 0.08784218261987523)	(41.0, 0.25950762447178854)	(42.0, 0.4409333088370186)	(43.0, 0.6740308653315963)	(44.0, 0.9369832812786767)	(45.0, 0.9731535917692116)	(46.0, 0.7521128054381543)	(47.0, 1.2877778798456099)	(48.0, 1.7373231673708283)	(49.0, 2.341884071284152)	(50.0, 2.865492375528174)	(51.0, 5.064991732500071)	(52.0, 17.042531692080804)	(53.0, 13.079873231675293)	(54.0, 7.36037111886748)	(55.0, 9.810766121624331)	(56.0, 13.466838140732959)	(57.0, 7.693367628145589)	(58.0, 4.387516075693344)	(59.0, 2.629524159470835)	(60.0, 1.7602884438727553)	(61.0, 1.3538030497886495)	(62.0, 0.9542072386551218)	(63.0, 0.6430277420539923)	(64.0, 0.46045379386365803)	(65.0, 0.3444791475289216)	(66.0, 0.24687672239572817)	(67.0, 0.18372221201542582)	(68.0, 0.11941943781002644)	(69.0, 0.07923020393165219)	(70.0, 0.051671872129338436)	(71.0, 0.03444791475289227)	(72.0, 0.024113540327024584)	(73.0, 0.016075693551349725)	(74.0, 0.0022965276501928185)	(75.0, 0.008037846775674862)	(76.0, 0.004593055300385637)	(77.0, 0.005741319125482046)	(78.0, 0.004593055300385637)	(79.0, 0.0011482638250964092)	(80.0, 0.0011482638250964092)	(81.0, 0.0022965276501928185)	(82.0, 0.0022965276501928185)	(83.0, 0.0022965276501928185)	(84.0, 0.0022965276501928185)	(85.0, 0.0022965276501928185)	(86.0, 0.0022965276501928185)	(87.0, 0.0022965276501928185)	(88.0, 0.0011482638250964092)	(89.0, 0.0)	(90.0, 0.0011482638250964092)	(91.0, 0.0011482638250964092)	(92.0, 0.0)	(93.0, 0.0)	(94.0, 0.0)	(95.0, 0.0)	(96.0, 0.0)	(97.0, 0.0)	(98.0, 0.0)	(99.0, 0.0022965276501928185)	(100.0, 0.0034447914752892272)
SRR8438114	(0.0, 0.0)	(1.0, 0.0)	(2.0, 0.0)	(3.0, 0.0)	(4.0, 0.0)	(5.0, 0.0)	(6.0, 0.0)	(7.0, 0.0)	(8.0, 0.0)	(9.0, 0.0)	(10.0, 0.0)	(11.0, 0.0)	(12.0, 0.0)	(13.0, 0.0)	(14.0, 0.0)	(15.0, 0.0)	(16.0, 0.0)	(17.0, 0.0)	(18.0, 0.0)	(19.0, 0.0)	(20.0, 0.0)	(21.0, 0.0)	(22.0, 0.0)	(23.0, 0.0)	(24.0, 0.0)	(25.0, 0.0)	(26.0, 0.0)	(27.0, 0.0)	(28.0, 0.0)	(29.0, 0.0)	(30.0, 0.0)	(31.0, 0.0)	(32.0, 0.0)	(33.0, 0.0)	(34.0, 0.0)	(35.0, 0.0)	(36.0, 0.0)	(37.0, 0.0)	(38.0, 0.0)	(39.0, 0.0)	(40.0, 0.0)	(41.0, 6.250000000000002)	(42.0, 0.0)	(43.0, 0.0)	(44.0, 12.500000000000004)	(45.0, 25.000000000000007)	(46.0, 18.750000000000007)	(47.0, 12.500000000000004)	(48.0, 0.0)	(49.0, 6.250000000000002)	(50.0, 6.250000000000002)	(51.0, 6.250000000000002)	(52.0, 6.250000000000002)	(53.0, 0.0)	(54.0, 0.0)	(55.0, 0.0)	(56.0, 0.0)	(57.0, 0.0)	(58.0, 0.0)	(59.0, 0.0)	(60.0, 0.0)	(61.0, 0.0)	(62.0, 0.0)	(63.0, 0.0)	(64.0, 0.0)	(65.0, 0.0)	(66.0, 0.0)	(67.0, 0.0)	(68.0, 0.0)	(69.0, 0.0)	(70.0, 0.0)	(71.0, 0.0)	(72.0, 0.0)	(73.0, 0.0)	(74.0, 0.0)	(75.0, 0.0)	(76.0, 0.0)	(77.0, 0.0)	(78.0, 0.0)	(79.0, 0.0)	(80.0, 0.0)	(81.0, 0.0)	(82.0, 0.0)	(83.0, 0.0)	(84.0, 0.0)	(85.0, 0.0)	(86.0, 0.0)	(87.0, 0.0)	(88.0, 0.0)	(89.0, 0.0)	(90.0, 0.0)	(91.0, 0.0)	(92.0, 0.0)	(93.0, 0.0)	(94.0, 0.0)	(95.0, 0.0)	(96.0, 0.0)	(97.0, 0.0)	(98.0, 0.0)	(99.0, 0.0)	(100.0, 0.0)
SRR8438114_1	(0.0, 0.0)	(1.0, 0.0)	(2.0, 0.0)	(3.0, 0.0)	(4.0, 0.0)	(5.0, 0.0)	(6.0, 0.0)	(7.0, 0.0)	(8.0, 0.0)	(9.0, 0.0)	(10.0, 0.0)	(11.0, 0.0)	(12.0, 0.0)	(13.0, 0.0)	(14.0, 0.0)	(15.0, 0.0)	(16.0, 0.0)	(17.0, 0.0)	(18.0, 0.0)	(19.0, 0.0)	(20.0, 0.0)	(21.0, 0.0)	(22.0, 0.0006655441155914974)	(23.0, 0.0013310882311829949)	(24.0, 0.0)	(25.0, 0.0)	(26.0, 0.0006655441155914974)	(27.0, 0.0)	(28.0, 0.0)	(29.0, 0.0)	(30.0, 0.0)	(31.0, 0.0)	(32.0, 0.0)	(33.0, 0.0006655441155914974)	(34.0, 0.005989897040323477)	(35.0, 0.009317617618280963)	(36.0, 0.007320985271506473)	(37.0, 0.0053243529247319794)	(38.0, 0.14109535250539762)	(39.0, 0.10648705849463981)	(40.0, 0.5344319248199769)	(41.0, 0.5018202631559946)	(42.0, 0.22295727872315066)	(43.0, 0.3886777635054368)	(44.0, 0.5916687187608425)	(45.0, 0.8439099385700057)	(46.0, 0.7327640712662319)	(47.0, 0.699486865486659)	(48.0, 0.9317617618280782)	(49.0, 2.6615109182503507)	(50.0, 3.198605019532567)	(51.0, 25.895655993560972)	(52.0, 33.39567263217147)	(53.0, 11.473980552795906)	(54.0, 9.754214558109041)	(55.0, 3.888108723285202)	(56.0, 1.7903136709411922)	(57.0, 1.280506878398047)	(58.0, 0.49782699846244555)	(59.0, 0.21164302875809532)	(60.0, 0.08319301444893722)	(61.0, 0.03993264693548984)	(62.0, 0.049915808669362266)	(63.0, 0.03793601458871536)	(64.0, 0.007320985271506473)	(65.0, 0.003327720577957487)	(66.0, 0.0026621764623659897)	(67.0, 0.0013310882311829949)	(68.0, 0.0)	(69.0, 0.0)	(70.0, 0.0)	(71.0, 0.0)	(72.0, 0.0)	(73.0, 0.0)	(74.0, 0.0)	(75.0, 0.0)	(76.0, 0.0)	(77.0, 0.0)	(78.0, 0.0)	(79.0, 0.0)	(80.0, 0.0)	(81.0, 0.0)	(82.0, 0.0)	(83.0, 0.0)	(84.0, 0.0)	(85.0, 0.0)	(86.0, 0.0)	(87.0, 0.0)	(88.0, 0.0)	(89.0, 0.0)	(90.0, 0.0)	(91.0, 0.0)	(92.0, 0.0)	(93.0, 0.0)	(94.0, 0.0)	(95.0, 0.0)	(96.0, 0.0)	(97.0, 0.0)	(98.0, 0.0)	(99.0, 0.0)	(100.0, 0.0)
SRR8438114_2	(0.0, 0.0)	(1.0, 0.0)	(2.0, 0.0)	(3.0, 0.0)	(4.0, 0.0)	(5.0, 0.0)	(6.0, 0.0)	(7.0, 0.0)	(8.0, 0.0)	(9.0, 0.0)	(10.0, 0.0)	(11.0, 0.0)	(12.0, 0.0)	(13.0, 0.0)	(14.0, 0.0)	(15.0, 0.0)	(16.0, 0.0)	(17.0, 0.0)	(18.0, 0.0)	(19.0, 0.0)	(20.0, 0.0)	(21.0, 0.0)	(22.0, 0.0)	(23.0, 0.0014728570849946877)	(24.0, 0.0014728570849946877)	(25.0, 0.0)	(26.0, 0.0)	(27.0, 0.0)	(28.0, 0.0007364285424973438)	(29.0, 0.0007364285424973438)	(30.0, 0.0)	(31.0, 0.002209285627492032)	(32.0, 0.004418571254984063)	(33.0, 0.0029457141699893753)	(34.0, 0.0)	(35.0, 0.0007364285424973438)	(36.0, 0.004418571254984063)	(37.0, 0.01620142793494156)	(38.0, 0.25701356133157177)	(39.0, 0.3741056995886517)	(40.0, 0.350539986228736)	(41.0, 0.1936807066768011)	(42.0, 0.2754242748940051)	(43.0, 0.4153456979685041)	(44.0, 0.4772056955382828)	(45.0, 0.49193426638823007)	(46.0, 0.5018760517119444)	(47.0, 0.5467981928042838)	(48.0, 1.0096435317638397)	(49.0, 1.9014584967282038)	(50.0, 3.335284868970329)	(51.0, 3.8507848487183525)	(52.0, 24.31171547346953)	(53.0, 28.535133164699477)	(54.0, 13.775632315952663)	(55.0, 6.568206170534328)	(56.0, 3.9840784149103414)	(57.0, 2.858079173432159)	(58.0, 2.113549916967463)	(59.0, 1.1989056671856577)	(60.0, 0.7577849702297624)	(61.0, 0.5427478358205482)	(62.0, 0.39104355606609104)	(63.0, 0.2665871323840371)	(64.0, 0.1988357064742824)	(65.0, 0.13108428056452753)	(66.0, 0.11193713845959645)	(67.0, 0.0854257109296919)	(68.0, 0.05670499777229543)	(69.0, 0.03240285586988315)	(70.0, 0.021356427732422974)	(71.0, 0.011046428137460158)	(72.0, 0.00957357105246547)	(73.0, 0.005891428339978751)	(74.0, 0.002209285627492032)	(75.0, 0.002209285627492032)	(76.0, 0.002209285627492032)	(77.0, 0.0007364285424973438)	(78.0, 0.0014728570849946877)	(79.0, 0.0007364285424973438)	(80.0, 0.0007364285424973438)	(81.0, 0.0007364285424973438)	(82.0, 0.0007364285424973438)	(83.0, 0.0007364285424973438)	(84.0, 0.0)	(85.0, 0.0)	(86.0, 0.0)	(87.0, 0.0007364285424973438)	(88.0, 0.0007364285424973438)	(89.0, 0.0)	(90.0, 0.0)	(91.0, 0.0)	(92.0, 0.0)	(93.0, 0.0007364285424973438)	(94.0, 0.0)	(95.0, 0.0)	(96.0, 0.0)	(97.0, 0.0)	(98.0, 0.0)	(99.0, 0.0)	(100.0, 0.001104642813746016)
SRR8438115	(0.0, 0.0)	(1.0, 0.0)	(2.0, 0.0)	(3.0, 0.0)	(4.0, 0.0)	(5.0, 0.0)	(6.0, 0.0)	(7.0, 0.0)	(8.0, 0.0)	(9.0, 0.0)	(10.0, 0.0)	(11.0, 0.0)	(12.0, 0.0)	(13.0, 0.0)	(14.0, 0.0)	(15.0, 0.0)	(16.0, 0.0)	(17.0, 0.0)	(18.0, 0.0)	(19.0, 0.0)	(20.0, 0.0)	(21.0, 0.0)	(22.0, 0.0)	(23.0, 0.0)	(24.0, 0.0)	(25.0, 0.0)	(26.0, 0.0)	(27.0, 0.0)	(28.0, 0.0)	(29.0, 0.0)	(30.0, 0.0)	(31.0, 0.0)	(32.0, 0.0)	(33.0, 0.0)	(34.0, 0.0)	(35.0, 0.0)	(36.0, 0.0)	(37.0, 0.0)	(38.0, 0.0)	(39.0, 0.0)	(40.0, 6.25)	(41.0, 12.5)	(42.0, 0.0)	(43.0, 0.0)	(44.0, 0.0)	(45.0, 6.25)	(46.0, 18.75)	(47.0, 6.25)	(48.0, 12.5)	(49.0, 12.5)	(50.0, 12.5)	(51.0, 12.5)	(52.0, 0.0)	(53.0, 0.0)	(54.0, 0.0)	(55.0, 0.0)	(56.0, 0.0)	(57.0, 0.0)	(58.0, 0.0)	(59.0, 0.0)	(60.0, 0.0)	(61.0, 0.0)	(62.0, 0.0)	(63.0, 0.0)	(64.0, 0.0)	(65.0, 0.0)	(66.0, 0.0)	(67.0, 0.0)	(68.0, 0.0)	(69.0, 0.0)	(70.0, 0.0)	(71.0, 0.0)	(72.0, 0.0)	(73.0, 0.0)	(74.0, 0.0)	(75.0, 0.0)	(76.0, 0.0)	(77.0, 0.0)	(78.0, 0.0)	(79.0, 0.0)	(80.0, 0.0)	(81.0, 0.0)	(82.0, 0.0)	(83.0, 0.0)	(84.0, 0.0)	(85.0, 0.0)	(86.0, 0.0)	(87.0, 0.0)	(88.0, 0.0)	(89.0, 0.0)	(90.0, 0.0)	(91.0, 0.0)	(92.0, 0.0)	(93.0, 0.0)	(94.0, 0.0)	(95.0, 0.0)	(96.0, 0.0)	(97.0, 0.0)	(98.0, 0.0)	(99.0, 0.0)	(100.0, 0.0)
SRR8438115_1	(0.0, 0.0)	(1.0, 0.0)	(2.0, 0.0)	(3.0, 0.0)	(4.0, 0.0)	(5.0, 0.0)	(6.0, 0.0)	(7.0, 0.0)	(8.0, 0.0)	(9.0, 0.0)	(10.0, 0.0)	(11.0, 0.0)	(12.0, 0.0)	(13.0, 0.0)	(14.0, 0.0)	(15.0, 0.0)	(16.0, 0.0)	(17.0, 0.0)	(18.0, 0.0)	(19.0, 0.0)	(20.0, 0.0)	(21.0, 0.0)	(22.0, 0.0)	(23.0, 0.0)	(24.0, 0.0)	(25.0, 0.0)	(26.0, 0.0)	(27.0, 0.0)	(28.0, 0.0008301924386073371)	(29.0, 0.0016603848772146742)	(30.0, 0.0)	(31.0, 0.0)	(32.0, 0.0008301924386073371)	(33.0, 0.0008301924386073371)	(34.0, 0.0)	(35.0, 0.0008301924386073371)	(36.0, 0.0033207697544293483)	(37.0, 0.01328307901771739)	(38.0, 0.04898135387783289)	(39.0, 0.08883059093098501)	(40.0, 0.30966177960053504)	(41.0, 0.3594733259169763)	(42.0, 0.2266425357398025)	(43.0, 0.792003586431398)	(44.0, 1.1863449947698608)	(45.0, 1.362345791754621)	(46.0, 1.5956298670033093)	(47.0, 2.314576518837345)	(48.0, 3.194580503761002)	(49.0, 3.7674132863999343)	(50.0, 5.3970810433859695)	(51.0, 14.153120693376145)	(52.0, 16.840453617145652)	(53.0, 14.289272253307624)	(54.0, 13.441645773490304)	(55.0, 8.027960881333817)	(56.0, 6.703803941754511)	(57.0, 2.8351071778441073)	(58.0, 1.0875520945755934)	(59.0, 0.4947946934099761)	(60.0, 0.44913410928657127)	(61.0, 0.4317000680758166)	(62.0, 0.08384943629934095)	(63.0, 0.04233981436897421)	(64.0, 0.05479270094808422)	(65.0, 0.05064173875504756)	(66.0, 0.05479270094808422)	(67.0, 0.03735865973733019)	(68.0, 0.011622694140502718)	(69.0, 0.009132116824680708)	(70.0, 0.0049811546316440225)	(71.0, 0.008301924386073372)	(72.0, 0.009962309263288045)	(73.0, 0.012452886579110055)	(74.0, 0.016603848772146736)	(75.0, 0.05064173875504756)	(76.0, 0.062264432895550226)	(77.0, 0.04732096900061822)	(78.0, 0.019924618526576083)	(79.0, 0.0033207697544293483)	(80.0, 0.0)	(81.0, 0.0)	(82.0, 0.0)	(83.0, 0.0)	(84.0, 0.0)	(85.0, 0.0)	(86.0, 0.0)	(87.0, 0.0)	(88.0, 0.0)	(89.0, 0.0)	(90.0, 0.0)	(91.0, 0.0)	(92.0, 0.0)	(93.0, 0.0)	(94.0, 0.0)	(95.0, 0.0)	(96.0, 0.0)	(97.0, 0.0)	(98.0, 0.0)	(99.0, 0.0)	(100.0, 0.0)
SRR8438115_2	(0.0, 0.0)	(1.0, 0.0)	(2.0, 0.0)	(3.0, 0.0)	(4.0, 0.0)	(5.0, 0.0)	(6.0, 0.0)	(7.0, 0.0)	(8.0, 0.0)	(9.0, 0.0)	(10.0, 0.0)	(11.0, 0.0)	(12.0, 0.0)	(13.0, 0.0)	(14.0, 0.0)	(15.0, 0.0)	(16.0, 0.0)	(17.0, 0.0)	(18.0, 0.0)	(19.0, 0.0)	(20.0, 0.0)	(21.0, 0.0)	(22.0, 0.0)	(23.0, 0.0)	(24.0, 0.0)	(25.0, 0.0)	(26.0, 0.0)	(27.0, 0.0)	(28.0, 0.0)	(29.0, 0.0)	(30.0, 0.0)	(31.0, 0.0)	(32.0, 0.0)	(33.0, 0.0)	(34.0, 0.0)	(35.0, 0.0)	(36.0, 0.0017096647347455067)	(37.0, 0.00940315604110029)	(38.0, 0.11369270486057631)	(39.0, 0.11882169906481287)	(40.0, 0.11454753722794907)	(41.0, 0.07949941016566596)	(42.0, 0.15557949086184153)	(43.0, 0.3068848198868169)	(44.0, 0.7655023849823019)	(45.0, 1.1035885862782069)	(46.0, 1.3117402677334604)	(47.0, 1.1386367133404875)	(48.0, 2.033646201979832)	(49.0, 3.7681010753789566)	(50.0, 6.03853584312101)	(51.0, 5.849617889931545)	(52.0, 11.972782137423359)	(53.0, 15.396385768748122)	(54.0, 11.517156485614095)	(55.0, 9.429655844490265)	(56.0, 8.018327605957207)	(57.0, 6.477064847583431)	(58.0, 4.68448137320234)	(59.0, 2.9440426732318095)	(60.0, 1.893453693730685)	(61.0, 1.1805234993417502)	(62.0, 0.842009881862159)	(63.0, 0.7266075122668438)	(64.0, 0.5479475474859393)	(65.0, 0.4026260450325671)	(66.0, 0.27440118992665274)	(67.0, 0.1726761382092965)	(68.0, 0.1282248551059132)	(69.0, 0.10087021934998491)	(70.0, 0.0632575951855837)	(71.0, 0.11112820775845801)	(72.0, 0.08291873963515696)	(73.0, 0.04530611547075594)	(74.0, 0.02308047391906434)	(75.0, 0.011112820775845793)	(76.0, 0.008548323673727534)	(77.0, 0.00512899420423652)	(78.0, 0.004274161836863767)	(79.0, 0.006838658938982027)	(80.0, 0.006838658938982027)	(81.0, 0.0034193294694910134)	(82.0, 0.0017096647347455067)	(83.0, 0.0017096647347455067)	(84.0, 0.0025644971021182602)	(85.0, 0.0017096647347455067)	(86.0, 0.0)	(87.0, 0.0)	(88.0, 0.0)	(89.0, 0.0)	(90.0, 0.0)	(91.0, 0.0)	(92.0, 0.0008548323673727533)	(93.0, 0.0008548323673727533)	(94.0, 0.0)	(95.0, 0.0)	(96.0, 0.0)	(97.0, 0.0)	(98.0, 0.0)	(99.0, 0.0)	(100.0, 0.0)
SRR8438116	(0.0, 0.0)	(1.0, 0.0)	(2.0, 0.0)	(3.0, 0.0)	(4.0, 0.0)	(5.0, 0.0)	(6.0, 0.0)	(7.0, 0.0)	(8.0, 0.0)	(9.0, 0.0)	(10.0, 0.0)	(11.0, 0.0)	(12.0, 0.0)	(13.0, 0.0)	(14.0, 0.0)	(15.0, 0.0)	(16.0, 0.0)	(17.0, 0.0)	(18.0, 0.0)	(19.0, 0.0)	(20.0, 0.0)	(21.0, 0.0)	(22.0, 0.0)	(23.0, 0.0)	(24.0, 0.0)	(25.0, 0.0)	(26.0, 0.0)	(27.0, 0.0)	(28.0, 0.0)	(29.0, 0.0)	(30.0, 0.0)	(31.0, 0.0)	(32.0, 0.0)	(33.0, 0.0)	(34.0, 0.0)	(35.0, 0.0)	(36.0, 0.0)	(37.0, 0.0)	(38.0, 0.0)	(39.0, 0.0)	(40.0, 0.0)	(41.0, 0.0)	(42.0, 0.0)	(43.0, 0.0)	(44.0, 14.285714285714288)	(45.0, 0.0)	(46.0, 14.285714285714288)	(47.0, 14.285714285714288)	(48.0, 28.571428571428577)	(49.0, 28.571428571428577)	(50.0, 0.0)	(51.0, 0.0)	(52.0, 0.0)	(53.0, 0.0)	(54.0, 0.0)	(55.0, 0.0)	(56.0, 0.0)	(57.0, 0.0)	(58.0, 0.0)	(59.0, 0.0)	(60.0, 0.0)	(61.0, 0.0)	(62.0, 0.0)	(63.0, 0.0)	(64.0, 0.0)	(65.0, 0.0)	(66.0, 0.0)	(67.0, 0.0)	(68.0, 0.0)	(69.0, 0.0)	(70.0, 0.0)	(71.0, 0.0)	(72.0, 0.0)	(73.0, 0.0)	(74.0, 0.0)	(75.0, 0.0)	(76.0, 0.0)	(77.0, 0.0)	(78.0, 0.0)	(79.0, 0.0)	(80.0, 0.0)	(81.0, 0.0)	(82.0, 0.0)	(83.0, 0.0)	(84.0, 0.0)	(85.0, 0.0)	(86.0, 0.0)	(87.0, 0.0)	(88.0, 0.0)	(89.0, 0.0)	(90.0, 0.0)	(91.0, 0.0)	(92.0, 0.0)	(93.0, 0.0)	(94.0, 0.0)	(95.0, 0.0)	(96.0, 0.0)	(97.0, 0.0)	(98.0, 0.0)	(99.0, 0.0)	(100.0, 0.0)
SRR8438116_1	(0.0, 0.0)	(1.0, 0.0)	(2.0, 0.0)	(3.0, 0.0)	(4.0, 0.0)	(5.0, 0.0)	(6.0, 0.0)	(7.0, 0.0)	(8.0, 0.0)	(9.0, 0.0)	(10.0, 0.0)	(11.0, 0.0)	(12.0, 0.0)	(13.0, 0.0)	(14.0, 0.0)	(15.0, 0.0)	(16.0, 0.0)	(17.0, 0.0)	(18.0, 0.0)	(19.0, 0.0)	(20.0, 0.0)	(21.0, 0.0)	(22.0, 0.0)	(23.0, 0.0)	(24.0, 0.0)	(25.0, 0.0)	(26.0, 0.0023982540710363)	(27.0, 0.005995635177590749)	(28.0, 0.0035973811065544503)	(29.0, 0.0023982540710363)	(30.0, 0.0035973811065544503)	(31.0, 0.00119912703551815)	(32.0, 0.0)	(33.0, 0.005995635177590749)	(34.0, 0.008393889248627048)	(35.0, 0.029978175887953738)	(36.0, 0.03477468403002635)	(37.0, 0.038372065136580806)	(38.0, 0.05995635177590753)	(39.0, 0.12351008465836934)	(40.0, 0.3453485862292262)	(41.0, 0.5432045470897217)	(42.0, 0.9796867880183355)	(43.0, 1.36460656641964)	(44.0, 1.3466196608868686)	(45.0, 1.9809578626759576)	(46.0, 2.3550854977576625)	(47.0, 2.674053289205527)	(48.0, 2.2843370026620837)	(49.0, 4.513514161690295)	(50.0, 5.999232558696945)	(51.0, 13.45420533851574)	(52.0, 22.410485166794405)	(53.0, 11.180660479172294)	(54.0, 11.448065808092963)	(55.0, 8.368707580880953)	(56.0, 4.501522891335116)	(57.0, 1.8874259539055311)	(58.0, 0.8297959085785676)	(59.0, 0.564788833729049)	(60.0, 0.2710027100271019)	(61.0, 0.2518166774588118)	(62.0, 0.05755809770487123)	(63.0, 0.0359738110655445)	(64.0, 0.015588651461735948)	(65.0, 0.008393889248627048)	(66.0, 0.0035973811065544503)	(67.0, 0.00119912703551815)	(68.0, 0.00119912703551815)	(69.0, 0.00119912703551815)	(70.0, 0.0)	(71.0, 0.0)	(72.0, 0.0)	(73.0, 0.0)	(74.0, 0.0)	(75.0, 0.0)	(76.0, 0.0)	(77.0, 0.0)	(78.0, 0.0)	(79.0, 0.0)	(80.0, 0.0)	(81.0, 0.0)	(82.0, 0.0)	(83.0, 0.0)	(84.0, 0.0)	(85.0, 0.0)	(86.0, 0.0)	(87.0, 0.0)	(88.0, 0.0)	(89.0, 0.0)	(90.0, 0.0)	(91.0, 0.0)	(92.0, 0.0)	(93.0, 0.0)	(94.0, 0.0)	(95.0, 0.0)	(96.0, 0.0)	(97.0, 0.0)	(98.0, 0.0)	(99.0, 0.0)	(100.0, 0.0)
SRR8438116_2	(0.0, 0.0)	(1.0, 0.0)	(2.0, 0.0)	(3.0, 0.0)	(4.0, 0.0)	(5.0, 0.0)	(6.0, 0.0)	(7.0, 0.0)	(8.0, 0.0)	(9.0, 0.0)	(10.0, 0.0)	(11.0, 0.0)	(12.0, 0.0)	(13.0, 0.0)	(14.0, 0.0)	(15.0, 0.0)	(16.0, 0.0)	(17.0, 0.0)	(18.0, 0.0)	(19.0, 0.0)	(20.0, 0.0)	(21.0, 0.0)	(22.0, 0.0)	(23.0, 0.0)	(24.0, 0.0)	(25.0, 0.0)	(26.0, 0.0)	(27.0, 0.0)	(28.0, 0.0012148896880162748)	(29.0, 0.0)	(30.0, 0.0)	(31.0, 0.0012148896880162748)	(32.0, 0.0024297793760325497)	(33.0, 0.0024297793760325497)	(34.0, 0.003644669064048824)	(35.0, 0.008504227816113923)	(36.0, 0.015793565944211573)	(37.0, 0.023082904072309215)	(38.0, 0.08990183691320426)	(39.0, 0.08990183691320426)	(40.0, 0.08018271940907411)	(41.0, 0.16279521819418097)	(42.0, 0.5345514627271601)	(43.0, 0.6135192924482202)	(44.0, 0.4908154339585731)	(45.0, 0.935465059772542)	(46.0, 1.524686558460402)	(47.0, 1.9450383905140225)	(48.0, 1.8053260763921455)	(49.0, 2.9606861696957436)	(50.0, 7.441199339099009)	(51.0, 9.231946739235797)	(52.0, 14.098794829431208)	(53.0, 15.52021576441009)	(54.0, 10.858684031490329)	(55.0, 9.457916221206927)	(56.0, 7.3099912527932815)	(57.0, 5.077024006219876)	(58.0, 3.668966857809312)	(59.0, 2.134561181844583)	(60.0, 1.2051705705121398)	(61.0, 0.809116532218846)	(62.0, 0.4640878608222143)	(63.0, 0.3766158032850438)	(64.0, 0.3097968704441496)	(65.0, 0.21260569540284857)	(66.0, 0.14821654193798559)	(67.0, 0.1129847409855134)	(68.0, 0.0680338225289114)	(69.0, 0.05588492564874868)	(70.0, 0.040091359704537075)	(71.0, 0.023082904072309215)	(72.0, 0.01214889688016275)	(73.0, 0.017008455632227845)	(74.0, 0.008504227816113923)	(75.0, 0.008504227816113923)	(76.0, 0.006074448440081374)	(77.0, 0.006074448440081374)	(78.0, 0.004859558752065099)	(79.0, 0.004859558752065099)	(80.0, 0.004859558752065099)	(81.0, 0.0024297793760325497)	(82.0, 0.0)	(83.0, 0.0)	(84.0, 0.0012148896880162748)	(85.0, 0.0012148896880162748)	(86.0, 0.0)	(87.0, 0.0012148896880162748)	(88.0, 0.0012148896880162748)	(89.0, 0.0)	(90.0, 0.0)	(91.0, 0.0)	(92.0, 0.0)	(93.0, 0.0024297793760325497)	(94.0, 0.0)	(95.0, 0.0012148896880162748)	(96.0, 0.0)	(97.0, 0.0)	(98.0, 0.0)	(99.0, 0.0)	(100.0, 0.0)
SRR8438117	(0.0, 0.0)	(1.0, 0.0)	(2.0, 0.0)	(3.0, 0.0)	(4.0, 0.0)	(5.0, 0.0)	(6.0, 0.0)	(7.0, 0.0)	(8.0, 0.0)	(9.0, 0.0)	(10.0, 0.0)	(11.0, 0.0)	(12.0, 0.0)	(13.0, 0.0)	(14.0, 0.0)	(15.0, 0.0)	(16.0, 0.0)	(17.0, 0.0)	(18.0, 0.0)	(19.0, 0.0)	(20.0, 0.0)	(21.0, 0.0)	(22.0, 0.0)	(23.0, 0.0)	(24.0, 0.0)	(25.0, 0.0)	(26.0, 0.0)	(27.0, 0.0)	(28.0, 0.0)	(29.0, 0.0)	(30.0, 0.0)	(31.0, 0.0)	(32.0, 0.0)	(33.0, 0.0)	(34.0, 0.0)	(35.0, 0.0)	(36.0, 0.0)	(37.0, 0.0)	(38.0, 0.0)	(39.0, 0.0)	(40.0, 0.0)	(41.0, 0.0)	(42.0, 0.0)	(43.0, 0.0)	(44.0, 0.0)	(45.0, 0.0)	(46.0, 0.0)	(47.0, 20.0)	(48.0, 0.0)	(49.0, 20.0)	(50.0, 40.0)	(51.0, 20.0)	(52.0, 0.0)	(53.0, 0.0)	(54.0, 0.0)	(55.0, 0.0)	(56.0, 0.0)	(57.0, 0.0)	(58.0, 0.0)	(59.0, 0.0)	(60.0, 0.0)	(61.0, 0.0)	(62.0, 0.0)	(63.0, 0.0)	(64.0, 0.0)	(65.0, 0.0)	(66.0, 0.0)	(67.0, 0.0)	(68.0, 0.0)	(69.0, 0.0)	(70.0, 0.0)	(71.0, 0.0)	(72.0, 0.0)	(73.0, 0.0)	(74.0, 0.0)	(75.0, 0.0)	(76.0, 0.0)	(77.0, 0.0)	(78.0, 0.0)	(79.0, 0.0)	(80.0, 0.0)	(81.0, 0.0)	(82.0, 0.0)	(83.0, 0.0)	(84.0, 0.0)	(85.0, 0.0)	(86.0, 0.0)	(87.0, 0.0)	(88.0, 0.0)	(89.0, 0.0)	(90.0, 0.0)	(91.0, 0.0)	(92.0, 0.0)	(93.0, 0.0)	(94.0, 0.0)	(95.0, 0.0)	(96.0, 0.0)	(97.0, 0.0)	(98.0, 0.0)	(99.0, 0.0)	(100.0, 0.0)
SRR8438117_1	(0.0, 0.0)	(1.0, 0.0)	(2.0, 0.0)	(3.0, 0.0)	(4.0, 0.0)	(5.0, 0.0)	(6.0, 0.0)	(7.0, 0.0)	(8.0, 0.0)	(9.0, 0.0)	(10.0, 0.0)	(11.0, 0.0)	(12.0, 0.0)	(13.0, 0.0)	(14.0, 0.0)	(15.0, 0.0)	(16.0, 0.0)	(17.0, 0.0)	(18.0, 0.0)	(19.0, 0.0)	(20.0, 0.0)	(21.0, 0.0)	(22.0, 0.0)	(23.0, 0.0)	(24.0, 0.0)	(25.0, 0.0)	(26.0, 0.00220974941441646)	(27.0, 0.0)	(28.0, 0.00220974941441646)	(29.0, 0.0)	(30.0, 0.00220974941441646)	(31.0, 0.0)	(32.0, 0.00220974941441646)	(33.0, 0.00441949882883292)	(34.0, 0.006629248243249381)	(35.0, 0.01767799531533168)	(36.0, 0.033146241216246895)	(37.0, 0.0729217306757432)	(38.0, 0.1281654660361547)	(39.0, 0.26737967914439176)	(40.0, 0.6076810889645251)	(41.0, 0.9280947540549107)	(42.0, 1.3125911521633857)	(43.0, 1.4606443629292927)	(44.0, 2.0860034472091353)	(45.0, 3.891368718787365)	(46.0, 3.577584301940192)	(47.0, 2.8793034869845995)	(48.0, 4.1322314049587865)	(49.0, 4.686878507977381)	(50.0, 3.3809166040571075)	(51.0, 8.016970875502945)	(52.0, 12.124895036902211)	(53.0, 15.32461218897771)	(54.0, 14.617492376364122)	(55.0, 9.90630662482859)	(56.0, 4.797365978698217)	(57.0, 1.8871259999116656)	(58.0, 1.403190878154463)	(59.0, 0.9833384894153236)	(60.0, 0.7093295620276807)	(61.0, 0.5391788571176157)	(62.0, 0.10606797189199016)	(63.0, 0.03977548945949627)	(64.0, 0.024307243558581063)	(65.0, 0.01546824590091522)	(66.0, 0.00883899765766584)	(67.0, 0.006629248243249381)	(68.0, 0.00441949882883292)	(69.0, 0.0)	(70.0, 0.0)	(71.0, 0.00220974941441646)	(72.0, 0.0)	(73.0, 0.0)	(74.0, 0.0)	(75.0, 0.0)	(76.0, 0.0)	(77.0, 0.0)	(78.0, 0.0)	(79.0, 0.0)	(80.0, 0.0)	(81.0, 0.0)	(82.0, 0.0)	(83.0, 0.0)	(84.0, 0.0)	(85.0, 0.0)	(86.0, 0.0)	(87.0, 0.0)	(88.0, 0.0)	(89.0, 0.0)	(90.0, 0.0)	(91.0, 0.0)	(92.0, 0.0)	(93.0, 0.0)	(94.0, 0.0)	(95.0, 0.0)	(96.0, 0.0)	(97.0, 0.0)	(98.0, 0.0)	(99.0, 0.0)	(100.0, 0.0)
SRR8438117_2	(0.0, 0.0)	(1.0, 0.0)	(2.0, 0.0)	(3.0, 0.0)	(4.0, 0.0)	(5.0, 0.0)	(6.0, 0.0)	(7.0, 0.0)	(8.0, 0.0)	(9.0, 0.0)	(10.0, 0.0)	(11.0, 0.0)	(12.0, 0.0)	(13.0, 0.0)	(14.0, 0.0)	(15.0, 0.0)	(16.0, 0.0)	(17.0, 0.0)	(18.0, 0.0)	(19.0, 0.0)	(20.0, 0.0)	(21.0, 0.0)	(22.0, 0.0)	(23.0, 0.0)	(24.0, 0.0)	(25.0, 0.0)	(26.0, 0.0)	(27.0, 0.0)	(28.0, 0.0)	(29.0, 0.0)	(30.0, 0.0)	(31.0, 0.0)	(32.0, 0.0)	(33.0, 0.0022325664467589324)	(34.0, 0.0022325664467589324)	(35.0, 0.0)	(36.0, 0.0022325664467589324)	(37.0, 0.006697699340276798)	(38.0, 0.07144212629628585)	(39.0, 0.06920955984952692)	(40.0, 0.07367469274304479)	(41.0, 0.19200071442126798)	(42.0, 0.41079222620364464)	(43.0, 0.40409452686336783)	(44.0, 0.6429791366665707)	(45.0, 0.955538439212821)	(46.0, 1.493586952881739)	(47.0, 2.4848464552426677)	(48.0, 2.6121027427079198)	(49.0, 3.51629215364525)	(50.0, 5.3894154024762075)	(51.0, 6.195371889756274)	(52.0, 9.262918187602576)	(53.0, 12.408604311085195)	(54.0, 12.837257068862815)	(55.0, 11.421809941617973)	(56.0, 9.164685263945206)	(57.0, 6.036859672036372)	(58.0, 4.375830235647537)	(59.0, 3.255081879374456)	(60.0, 1.8865186475113076)	(61.0, 1.2212138463771414)	(62.0, 0.919817376064677)	(63.0, 0.747909759664239)	(64.0, 0.6340488708795351)	(65.0, 0.40409452686336783)	(66.0, 0.2790708058448667)	(67.0, 0.17860531574071442)	(68.0, 0.13395398680553594)	(69.0, 0.07590725918980373)	(70.0, 0.04018619604166077)	(71.0, 0.04018619604166077)	(72.0, 0.04465132893517863)	(73.0, 0.020093098020830393)	(74.0, 0.02455823091434826)	(75.0, 0.013395398680553594)	(76.0, 0.013395398680553594)	(77.0, 0.0022325664467589324)	(78.0, 0.004465132893517865)	(79.0, 0.004465132893517865)	(80.0, 0.00893026578703573)	(81.0, 0.0022325664467589324)	(82.0, 0.0)	(83.0, 0.0)	(84.0, 0.0)	(85.0, 0.0)	(86.0, 0.0)	(87.0, 0.0022325664467589324)	(88.0, 0.0022325664467589324)	(89.0, 0.0)	(90.0, 0.0)	(91.0, 0.0022325664467589324)	(92.0, 0.0022325664467589324)	(93.0, 0.0)	(94.0, 0.0)	(95.0, 0.0)	(96.0, 0.0)	(97.0, 0.0)	(98.0, 0.0)	(99.0, 0.0)	(100.0, 0.003348849670138399)
SRR8438118	(0.0, 0.0)	(1.0, 0.0)	(2.0, 0.0)	(3.0, 0.0)	(4.0, 0.0)	(5.0, 0.0)	(6.0, 0.0)	(7.0, 0.0)	(8.0, 0.0)	(9.0, 0.0)	(10.0, 0.0)	(11.0, 0.0)	(12.0, 0.0)	(13.0, 0.0)	(14.0, 0.0)	(15.0, 0.0)	(16.0, 0.0)	(17.0, 0.0)	(18.0, 0.0)	(19.0, 0.0)	(20.0, 0.0)	(21.0, 0.0)	(22.0, 0.0)	(23.0, 0.0)	(24.0, 0.0)	(25.0, 0.0)	(26.0, 0.0)	(27.0, 0.0)	(28.0, 0.0)	(29.0, 0.0)	(30.0, 0.0)	(31.0, 0.0)	(32.0, 0.0)	(33.0, 0.0)	(34.0, 0.0)	(35.0, 0.0)	(36.0, 0.0)	(37.0, 0.0)	(38.0, 0.0)	(39.0, 0.0)	(40.0, 9.09090909090909)	(41.0, 9.09090909090909)	(42.0, 0.0)	(43.0, 0.0)	(44.0, 9.09090909090909)	(45.0, 9.09090909090909)	(46.0, 0.0)	(47.0, 18.18181818181818)	(48.0, 27.27272727272727)	(49.0, 9.09090909090909)	(50.0, 0.0)	(51.0, 0.0)	(52.0, 9.09090909090909)	(53.0, 0.0)	(54.0, 0.0)	(55.0, 0.0)	(56.0, 0.0)	(57.0, 0.0)	(58.0, 0.0)	(59.0, 0.0)	(60.0, 0.0)	(61.0, 0.0)	(62.0, 0.0)	(63.0, 0.0)	(64.0, 0.0)	(65.0, 0.0)	(66.0, 0.0)	(67.0, 0.0)	(68.0, 0.0)	(69.0, 0.0)	(70.0, 0.0)	(71.0, 0.0)	(72.0, 0.0)	(73.0, 0.0)	(74.0, 0.0)	(75.0, 0.0)	(76.0, 0.0)	(77.0, 0.0)	(78.0, 0.0)	(79.0, 0.0)	(80.0, 0.0)	(81.0, 0.0)	(82.0, 0.0)	(83.0, 0.0)	(84.0, 0.0)	(85.0, 0.0)	(86.0, 0.0)	(87.0, 0.0)	(88.0, 0.0)	(89.0, 0.0)	(90.0, 0.0)	(91.0, 0.0)	(92.0, 0.0)	(93.0, 0.0)	(94.0, 0.0)	(95.0, 0.0)	(96.0, 0.0)	(97.0, 0.0)	(98.0, 0.0)	(99.0, 0.0)	(100.0, 0.0)
SRR8438118_1	(0.0, 0.0)	(1.0, 0.0)	(2.0, 0.0)	(3.0, 0.0)	(4.0, 0.0)	(5.0, 0.0)	(6.0, 0.0)	(7.0, 0.0)	(8.0, 0.0)	(9.0, 0.0)	(10.0, 0.0)	(11.0, 0.0)	(12.0, 0.0)	(13.0, 0.0)	(14.0, 0.0)	(15.0, 0.0)	(16.0, 0.0)	(17.0, 0.0)	(18.0, 0.0)	(19.0, 0.0)	(20.0, 0.0)	(21.0, 0.0)	(22.0, 0.0)	(23.0, 0.0)	(24.0, 0.0)	(25.0, 0.0)	(26.0, 0.0)	(27.0, 0.0)	(28.0, 0.004194279003439293)	(29.0, 0.004194279003439293)	(30.0, 0.0)	(31.0, 0.004194279003439293)	(32.0, 0.02516567402063576)	(33.0, 0.05033134804127152)	(34.0, 0.07969130106534654)	(35.0, 0.30198808824762885)	(36.0, 0.5075077594161547)	(37.0, 0.32715376226826454)	(38.0, 0.394262226323293)	(39.0, 0.43620501635768616)	(40.0, 0.5620333864608658)	(41.0, 0.6543075245365308)	(42.0, 0.8220786846741034)	(43.0, 0.9269356597600842)	(44.0, 0.9185471017532058)	(45.0, 0.7885244526465893)	(46.0, 2.789195537287154)	(47.0, 5.460951262477868)	(48.0, 4.605318345776302)	(49.0, 11.462964516400012)	(50.0, 10.74574280681181)	(51.0, 10.557000251657021)	(52.0, 17.213321030114457)	(53.0, 7.85588457344181)	(54.0, 4.580152671755668)	(55.0, 5.448368425467551)	(56.0, 4.982803456085817)	(57.0, 3.728714034057539)	(58.0, 1.7699857394513767)	(59.0, 1.6189916953275583)	(60.0, 0.23907390319603972)	(61.0, 0.08807985907222513)	(62.0, 0.01258283701031788)	(63.0, 0.01258283701031788)	(64.0, 0.004194279003439293)	(65.0, 0.008388558006878585)	(66.0, 0.0)	(67.0, 0.0)	(68.0, 0.004194279003439293)	(69.0, 0.004194279003439293)	(70.0, 0.0)	(71.0, 0.0)	(72.0, 0.0)	(73.0, 0.0)	(74.0, 0.0)	(75.0, 0.0)	(76.0, 0.0)	(77.0, 0.0)	(78.0, 0.0)	(79.0, 0.0)	(80.0, 0.0)	(81.0, 0.0)	(82.0, 0.0)	(83.0, 0.0)	(84.0, 0.0)	(85.0, 0.0)	(86.0, 0.0)	(87.0, 0.0)	(88.0, 0.0)	(89.0, 0.0)	(90.0, 0.0)	(91.0, 0.0)	(92.0, 0.0)	(93.0, 0.0)	(94.0, 0.0)	(95.0, 0.0)	(96.0, 0.0)	(97.0, 0.0)	(98.0, 0.0)	(99.0, 0.0)	(100.0, 0.0)
SRR8438118_2	(0.0, 0.0)	(1.0, 0.0)	(2.0, 0.0)	(3.0, 0.0)	(4.0, 0.0)	(5.0, 0.0)	(6.0, 0.0)	(7.0, 0.0)	(8.0, 0.0)	(9.0, 0.0)	(10.0, 0.0)	(11.0, 0.0)	(12.0, 0.0)	(13.0, 0.0)	(14.0, 0.0)	(15.0, 0.0)	(16.0, 0.0)	(17.0, 0.0)	(18.0, 0.0)	(19.0, 0.0)	(20.0, 0.0)	(21.0, 0.0)	(22.0, 0.0)	(23.0, 0.0)	(24.0, 0.0)	(25.0, 0.0)	(26.0, 0.0)	(27.0, 0.0)	(28.0, 0.0)	(29.0, 0.0)	(30.0, 0.0)	(31.0, 0.0)	(32.0, 0.0)	(33.0, 0.0)	(34.0, 0.0)	(35.0, 0.0)	(36.0, 0.00863781636002405)	(37.0, 0.021594540900060126)	(38.0, 0.025913449080072145)	(39.0, 0.1900319599205292)	(40.0, 0.3282370216809136)	(41.0, 0.29368575624081755)	(42.0, 0.3541504707609857)	(43.0, 0.4534853589012623)	(44.0, 0.5700958797615878)	(45.0, 0.7644467478621303)	(46.0, 2.677723071607475)	(47.0, 3.8006391984105923)	(48.0, 4.958106590653749)	(49.0, 9.661397598687092)	(50.0, 10.922518787250747)	(51.0, 7.588321672281086)	(52.0, 12.870346376436393)	(53.0, 13.05605942817693)	(54.0, 9.285652587026004)	(55.0, 6.871382914399008)	(56.0, 5.411591949554986)	(57.0, 3.632201779390133)	(58.0, 2.504966744406989)	(59.0, 2.1421784572859686)	(60.0, 0.7083009415219735)	(61.0, 0.3455126544009617)	(62.0, 0.2029886844605653)	(63.0, 0.10797270450030058)	(64.0, 0.04750798998013228)	(65.0, 0.05614580634015632)	(66.0, 0.030232357260084174)	(67.0, 0.025913449080072145)	(68.0, 0.012956724540036076)	(69.0, 0.00863781636002405)	(70.0, 0.0172756327200481)	(71.0, 0.004318908180012025)	(72.0, 0.004318908180012025)	(73.0, 0.004318908180012025)	(74.0, 0.004318908180012025)	(75.0, 0.004318908180012025)	(76.0, 0.004318908180012025)	(77.0, 0.0)	(78.0, 0.00863781636002405)	(79.0, 0.0)	(80.0, 0.0)	(81.0, 0.0)	(82.0, 0.0)	(83.0, 0.0)	(84.0, 0.0)	(85.0, 0.004318908180012025)	(86.0, 0.0)	(87.0, 0.0)	(88.0, 0.0)	(89.0, 0.0)	(90.0, 0.0)	(91.0, 0.0)	(92.0, 0.0)	(93.0, 0.0)	(94.0, 0.0)	(95.0, 0.0)	(96.0, 0.0)	(97.0, 0.004318908180012025)	(98.0, 0.0)	(99.0, 0.0)	(100.0, 0.0)
SRR8438119	(0.0, 0.0)	(1.0, 0.0)	(2.0, 0.0)	(3.0, 0.0)	(4.0, 0.0)	(5.0, 0.0)	(6.0, 0.0)	(7.0, 0.0)	(8.0, 0.0)	(9.0, 0.0)	(10.0, 0.0)	(11.0, 0.0)	(12.0, 0.0)	(13.0, 0.0)	(14.0, 0.0)	(15.0, 0.0)	(16.0, 0.0)	(17.0, 0.0)	(18.0, 0.0)	(19.0, 0.0)	(20.0, 0.0)	(21.0, 0.0)	(22.0, 0.0)	(23.0, 0.0)	(24.0, 0.0)	(25.0, 0.0)	(26.0, 0.0)	(27.0, 0.0)	(28.0, 0.0)	(29.0, 0.0)	(30.0, 0.0)	(31.0, 0.0)	(32.0, 0.0)	(33.0, 0.0)	(34.0, 0.0)	(35.0, 0.0)	(36.0, 0.0)	(37.0, 0.0)	(38.0, 0.0)	(39.0, 0.0)	(40.0, 0.0)	(41.0, 5.555555555555556)	(42.0, 5.555555555555556)	(43.0, 11.111111111111112)	(44.0, 5.555555555555556)	(45.0, 5.555555555555556)	(46.0, 16.666666666666668)	(47.0, 22.222222222222225)	(48.0, 16.666666666666668)	(49.0, 0.0)	(50.0, 5.555555555555556)	(51.0, 5.555555555555556)	(52.0, 0.0)	(53.0, 0.0)	(54.0, 0.0)	(55.0, 0.0)	(56.0, 0.0)	(57.0, 0.0)	(58.0, 0.0)	(59.0, 0.0)	(60.0, 0.0)	(61.0, 0.0)	(62.0, 0.0)	(63.0, 0.0)	(64.0, 0.0)	(65.0, 0.0)	(66.0, 0.0)	(67.0, 0.0)	(68.0, 0.0)	(69.0, 0.0)	(70.0, 0.0)	(71.0, 0.0)	(72.0, 0.0)	(73.0, 0.0)	(74.0, 0.0)	(75.0, 0.0)	(76.0, 0.0)	(77.0, 0.0)	(78.0, 0.0)	(79.0, 0.0)	(80.0, 0.0)	(81.0, 0.0)	(82.0, 0.0)	(83.0, 0.0)	(84.0, 0.0)	(85.0, 0.0)	(86.0, 0.0)	(87.0, 0.0)	(88.0, 0.0)	(89.0, 0.0)	(90.0, 0.0)	(91.0, 0.0)	(92.0, 0.0)	(93.0, 0.0)	(94.0, 0.0)	(95.0, 0.0)	(96.0, 0.0)	(97.0, 0.0)	(98.0, 0.0)	(99.0, 0.0)	(100.0, 0.0)
SRR8438119_1	(0.0, 0.0)	(1.0, 0.0)	(2.0, 0.0)	(3.0, 0.0)	(4.0, 0.0)	(5.0, 0.0)	(6.0, 0.0)	(7.0, 0.0)	(8.0, 0.0)	(9.0, 0.0)	(10.0, 0.0)	(11.0, 0.0)	(12.0, 0.0)	(13.0, 0.0)	(14.0, 0.0)	(15.0, 0.0)	(16.0, 0.0)	(17.0, 0.0)	(18.0, 0.0)	(19.0, 0.0)	(20.0, 0.0)	(21.0, 0.0)	(22.0, 0.0)	(23.0, 0.0)	(24.0, 0.0)	(25.0, 0.0)	(26.0, 0.0)	(27.0, 0.0025174966013799963)	(28.0, 0.0)	(29.0, 0.0)	(30.0, 0.0)	(31.0, 0.0025174966013799963)	(32.0, 0.010069986405519985)	(33.0, 0.007552489804139989)	(34.0, 0.015104979608279978)	(35.0, 0.007552489804139989)	(36.0, 0.01258748300689998)	(37.0, 0.032727455817939954)	(38.0, 0.045314938824839925)	(39.0, 0.06293741503449989)	(40.0, 0.13594481647451984)	(41.0, 0.2190222043200594)	(42.0, 0.32223956497663975)	(43.0, 0.4607018780525405)	(44.0, 0.49594683047186033)	(45.0, 0.6016816877298188)	(46.0, 0.5916117013242989)	(47.0, 0.8735713206788546)	(48.0, 5.108000604200065)	(49.0, 54.89149589647327)	(50.0, 17.073661950558456)	(51.0, 7.20004027994708)	(52.0, 6.913045667389728)	(53.0, 1.9837873218874562)	(54.0, 1.6741352399177118)	(55.0, 0.5538492523035995)	(56.0, 0.33734454458491986)	(57.0, 0.18629474850211958)	(58.0, 0.12335733346761989)	(59.0, 0.040279945622079934)	(60.0, 0.01258748300689998)	(61.0, 0.0)	(62.0, 0.0)	(63.0, 0.0025174966013799963)	(64.0, 0.0)	(65.0, 0.0)	(66.0, 0.0)	(67.0, 0.0)	(68.0, 0.0)	(69.0, 0.0)	(70.0, 0.0)	(71.0, 0.0)	(72.0, 0.0)	(73.0, 0.0)	(74.0, 0.0)	(75.0, 0.0)	(76.0, 0.0)	(77.0, 0.0)	(78.0, 0.0)	(79.0, 0.0)	(80.0, 0.0)	(81.0, 0.0)	(82.0, 0.0)	(83.0, 0.0)	(84.0, 0.0)	(85.0, 0.0)	(86.0, 0.0)	(87.0, 0.0)	(88.0, 0.0)	(89.0, 0.0)	(90.0, 0.0)	(91.0, 0.0)	(92.0, 0.0)	(93.0, 0.0)	(94.0, 0.0)	(95.0, 0.0)	(96.0, 0.0)	(97.0, 0.0)	(98.0, 0.0)	(99.0, 0.0)	(100.0, 0.0)
SRR8438119_2	(0.0, 0.0)	(1.0, 0.0)	(2.0, 0.0)	(3.0, 0.0)	(4.0, 0.0)	(5.0, 0.0)	(6.0, 0.0)	(7.0, 0.0)	(8.0, 0.0)	(9.0, 0.0)	(10.0, 0.0)	(11.0, 0.0)	(12.0, 0.0)	(13.0, 0.0)	(14.0, 0.0)	(15.0, 0.0)	(16.0, 0.0)	(17.0, 0.0)	(18.0, 0.0)	(19.0, 0.0)	(20.0, 0.0)	(21.0, 0.0)	(22.0, 0.0)	(23.0, 0.0)	(24.0, 0.0)	(25.0, 0.0)	(26.0, 0.0)	(27.0, 0.0)	(28.0, 0.0)	(29.0, 0.0)	(30.0, 0.0)	(31.0, 0.0)	(32.0, 0.00206009291019057)	(33.0, 0.006180278730571711)	(34.0, 0.00412018582038114)	(35.0, 0.00206009291019057)	(36.0, 0.00206009291019057)	(37.0, 0.01648074328152456)	(38.0, 0.04532204402419252)	(39.0, 0.06798306603628883)	(40.0, 0.1545069682642926)	(41.0, 0.21836984848020027)	(42.0, 0.33167495854068246)	(43.0, 0.3646364451037318)	(44.0, 0.3996580245769716)	(45.0, 0.44085988278078236)	(46.0, 0.45322044024192565)	(47.0, 0.5356241566495473)	(48.0, 1.1948538879105375)	(49.0, 35.417117311991696)	(50.0, 42.746927886443075)	(51.0, 4.237611116262052)	(52.0, 5.104910231452381)	(53.0, 4.237611116262052)	(54.0, 1.7057569296378028)	(55.0, 0.6654100099915514)	(56.0, 0.4779415551642121)	(57.0, 0.41819886076868645)	(58.0, 0.309013936528586)	(59.0, 0.20600929101905677)	(60.0, 0.08652390222800399)	(61.0, 0.055622508575145384)	(62.0, 0.03502157947323968)	(63.0, 0.01030046455095285)	(64.0, 0.01236055746114342)	(65.0, 0.006180278730571711)	(66.0, 0.0)	(67.0, 0.0)	(68.0, 0.0)	(69.0, 0.00412018582038114)	(70.0, 0.00206009291019057)	(71.0, 0.00206009291019057)	(72.0, 0.00206009291019057)	(73.0, 0.00412018582038114)	(74.0, 0.00206009291019057)	(75.0, 0.0)	(76.0, 0.0)	(77.0, 0.0)	(78.0, 0.00206009291019057)	(79.0, 0.0)	(80.0, 0.0)	(81.0, 0.0)	(82.0, 0.0)	(83.0, 0.0)	(84.0, 0.0)	(85.0, 0.0)	(86.0, 0.0)	(87.0, 0.0)	(88.0, 0.0)	(89.0, 0.0)	(90.0, 0.00206009291019057)	(91.0, 0.00206009291019057)	(92.0, 0.00206009291019057)	(93.0, 0.0)	(94.0, 0.0)	(95.0, 0.0)	(96.0, 0.0)	(97.0, 0.0)	(98.0, 0.0)	(99.0, 0.0)	(100.0, 0.0030901393652858554)
SRR8438120	(0.0, 0.0)	(1.0, 0.0)	(2.0, 0.0)	(3.0, 0.0)	(4.0, 0.0)	(5.0, 0.0)	(6.0, 0.0)	(7.0, 0.0)	(8.0, 0.0)	(9.0, 0.0)	(10.0, 0.0)	(11.0, 0.0)	(12.0, 0.0)	(13.0, 0.0)	(14.0, 0.0)	(15.0, 0.0)	(16.0, 0.0)	(17.0, 0.0)	(18.0, 0.0)	(19.0, 0.0)	(20.0, 0.0)	(21.0, 0.0)	(22.0, 0.0)	(23.0, 0.0)	(24.0, 0.0)	(25.0, 0.0)	(26.0, 0.0)	(27.0, 0.0)	(28.0, 0.0)	(29.0, 0.0)	(30.0, 0.0)	(31.0, 0.0)	(32.0, 0.0)	(33.0, 0.0)	(34.0, 0.0)	(35.0, 0.0)	(36.0, 0.0)	(37.0, 0.0)	(38.0, 0.0)	(39.0, 0.0)	(40.0, 0.0)	(41.0, 0.0)	(42.0, 0.0)	(43.0, 5.882352941176471)	(44.0, 17.647058823529413)	(45.0, 17.647058823529413)	(46.0, 11.764705882352942)	(47.0, 5.882352941176471)	(48.0, 11.764705882352942)	(49.0, 5.882352941176471)	(50.0, 5.882352941176471)	(51.0, 11.764705882352942)	(52.0, 5.882352941176471)	(53.0, 0.0)	(54.0, 0.0)	(55.0, 0.0)	(56.0, 0.0)	(57.0, 0.0)	(58.0, 0.0)	(59.0, 0.0)	(60.0, 0.0)	(61.0, 0.0)	(62.0, 0.0)	(63.0, 0.0)	(64.0, 0.0)	(65.0, 0.0)	(66.0, 0.0)	(67.0, 0.0)	(68.0, 0.0)	(69.0, 0.0)	(70.0, 0.0)	(71.0, 0.0)	(72.0, 0.0)	(73.0, 0.0)	(74.0, 0.0)	(75.0, 0.0)	(76.0, 0.0)	(77.0, 0.0)	(78.0, 0.0)	(79.0, 0.0)	(80.0, 0.0)	(81.0, 0.0)	(82.0, 0.0)	(83.0, 0.0)	(84.0, 0.0)	(85.0, 0.0)	(86.0, 0.0)	(87.0, 0.0)	(88.0, 0.0)	(89.0, 0.0)	(90.0, 0.0)	(91.0, 0.0)	(92.0, 0.0)	(93.0, 0.0)	(94.0, 0.0)	(95.0, 0.0)	(96.0, 0.0)	(97.0, 0.0)	(98.0, 0.0)	(99.0, 0.0)	(100.0, 0.0)
SRR8438120_1	(0.0, 0.0)	(1.0, 0.0)	(2.0, 0.0)	(3.0, 0.0)	(4.0, 0.0)	(5.0, 0.0)	(6.0, 0.0)	(7.0, 0.0)	(8.0, 0.0)	(9.0, 0.0)	(10.0, 0.0)	(11.0, 0.0)	(12.0, 0.0)	(13.0, 0.0)	(14.0, 0.0)	(15.0, 0.0)	(16.0, 0.0)	(17.0, 0.0)	(18.0, 0.0)	(19.0, 0.0)	(20.0, 0.0)	(21.0, 0.0)	(22.0, 0.0)	(23.0, 0.0)	(24.0, 0.0)	(25.0, 0.0)	(26.0, 0.0)	(27.0, 0.0)	(28.0, 0.0)	(29.0, 0.0)	(30.0, 0.0026933125050505797)	(31.0, 0.0026933125050505797)	(32.0, 0.0)	(33.0, 0.005386625010101159)	(34.0, 0.0134665625252529)	(35.0, 0.00807993751515174)	(36.0, 0.010773250020202319)	(37.0, 0.0269331250505058)	(38.0, 0.04847962509091042)	(39.0, 0.0807993751515174)	(40.0, 0.14813218777778192)	(41.0, 0.21007837539394505)	(42.0, 0.2801045005252601)	(43.0, 0.36898381319192985)	(44.0, 0.4470898758383972)	(45.0, 0.5278892509899149)	(46.0, 0.5682889385656731)	(47.0, 0.8053004390101207)	(48.0, 5.33275876000019)	(49.0, 64.61795362115086)	(50.0, 19.020172910666812)	(51.0, 2.4940073796768365)	(52.0, 1.4678553152525724)	(53.0, 0.9722858143232543)	(54.0, 1.1688976271919496)	(55.0, 0.49556950092930796)	(56.0, 0.3151175630909179)	(57.0, 0.27471787551515886)	(58.0, 0.1400522502626302)	(59.0, 0.06733281262626448)	(60.0, 0.03501306256565754)	(61.0, 0.01615987503030348)	(62.0, 0.010773250020202319)	(63.0, 0.00807993751515174)	(64.0, 0.00807993751515174)	(65.0, 0.0)	(66.0, 0.0)	(67.0, 0.0)	(68.0, 0.0)	(69.0, 0.0)	(70.0, 0.0)	(71.0, 0.0)	(72.0, 0.0)	(73.0, 0.0)	(74.0, 0.0)	(75.0, 0.0)	(76.0, 0.0)	(77.0, 0.0)	(78.0, 0.0)	(79.0, 0.0)	(80.0, 0.0)	(81.0, 0.0)	(82.0, 0.0)	(83.0, 0.0)	(84.0, 0.0)	(85.0, 0.0)	(86.0, 0.0)	(87.0, 0.0)	(88.0, 0.0)	(89.0, 0.0)	(90.0, 0.0)	(91.0, 0.0)	(92.0, 0.0)	(93.0, 0.0)	(94.0, 0.0)	(95.0, 0.0)	(96.0, 0.0)	(97.0, 0.0)	(98.0, 0.0)	(99.0, 0.0)	(100.0, 0.0)
SRR8438120_2	(0.0, 0.0)	(1.0, 0.0)	(2.0, 0.0)	(3.0, 0.0)	(4.0, 0.0)	(5.0, 0.0)	(6.0, 0.0)	(7.0, 0.0)	(8.0, 0.0)	(9.0, 0.0)	(10.0, 0.0)	(11.0, 0.0)	(12.0, 0.0)	(13.0, 0.0)	(14.0, 0.0)	(15.0, 0.0)	(16.0, 0.0)	(17.0, 0.0)	(18.0, 0.0)	(19.0, 0.0)	(20.0, 0.0)	(21.0, 0.0)	(22.0, 0.0)	(23.0, 0.0)	(24.0, 0.0)	(25.0, 0.0)	(26.0, 0.0)	(27.0, 0.004127455836223517)	(28.0, 0.0)	(29.0, 0.0)	(30.0, 0.0)	(31.0, 0.0020637279181117585)	(32.0, 0.0)	(33.0, 0.0)	(34.0, 0.0020637279181117585)	(35.0, 0.004127455836223517)	(36.0, 0.006191183754335276)	(37.0, 0.019605415222061707)	(38.0, 0.037147102526011645)	(39.0, 0.08564470860163803)	(40.0, 0.127951130922929)	(41.0, 0.1919266963843933)	(42.0, 0.23526498266474047)	(43.0, 0.26415717351830525)	(44.0, 0.29717682020809366)	(45.0, 0.32916460293882616)	(46.0, 0.39520389631840286)	(47.0, 0.5510153541358385)	(48.0, 1.2279181112765043)	(49.0, 39.51626217599569)	(50.0, 47.11490837047628)	(51.0, 3.908700676903683)	(52.0, 1.7335314512138866)	(53.0, 1.141241538715808)	(54.0, 0.8523196301801536)	(55.0, 0.5200594353641624)	(56.0, 0.425127951131023)	(57.0, 0.3363876506522174)	(58.0, 0.19811788013872855)	(59.0, 0.16303450553082877)	(60.0, 0.10731385174181149)	(61.0, 0.05778438170712923)	(62.0, 0.041274558362235154)	(63.0, 0.028892190853564616)	(64.0, 0.022701007099229346)	(65.0, 0.016509823344894068)	(66.0, 0.008254911672447034)	(67.0, 0.004127455836223517)	(68.0, 0.0020637279181117585)	(69.0, 0.0020637279181117585)	(70.0, 0.0020637279181117585)	(71.0, 0.0)	(72.0, 0.0020637279181117585)	(73.0, 0.0)	(74.0, 0.0)	(75.0, 0.0020637279181117585)	(76.0, 0.0)	(77.0, 0.0)	(78.0, 0.0)	(79.0, 0.0)	(80.0, 0.0)	(81.0, 0.0)	(82.0, 0.0)	(83.0, 0.0)	(84.0, 0.0)	(85.0, 0.0)	(86.0, 0.0)	(87.0, 0.0)	(88.0, 0.0020637279181117585)	(89.0, 0.0020637279181117585)	(90.0, 0.0)	(91.0, 0.0)	(92.0, 0.0)	(93.0, 0.0)	(94.0, 0.0)	(95.0, 0.0)	(96.0, 0.0)	(97.0, 0.0)	(98.0, 0.0)	(99.0, 0.0020637279181117585)	(100.0, 0.006191183754335276)
SRR8438121	(0.0, 0.0)	(1.0, 0.0)	(2.0, 0.0)	(3.0, 0.0)	(4.0, 0.0)	(5.0, 0.0)	(6.0, 0.0)	(7.0, 0.0)	(8.0, 0.0)	(9.0, 0.0)	(10.0, 0.0)	(11.0, 0.0)	(12.0, 0.0)	(13.0, 0.0)	(14.0, 0.0)	(15.0, 0.0)	(16.0, 0.0)	(17.0, 0.0)	(18.0, 0.0)	(19.0, 0.0)	(20.0, 0.0)	(21.0, 0.0)	(22.0, 0.0)	(23.0, 0.0)	(24.0, 0.0)	(25.0, 0.0)	(26.0, 0.0)	(27.0, 0.0)	(28.0, 0.0)	(29.0, 0.0)	(30.0, 0.0)	(31.0, 0.0)	(32.0, 0.0)	(33.0, 0.0)	(34.0, 0.0)	(35.0, 0.0)	(36.0, 0.0)	(37.0, 0.0)	(38.0, 0.0)	(39.0, 1.694915254237288)	(40.0, 0.0)	(41.0, 1.694915254237288)	(42.0, 1.694915254237288)	(43.0, 8.47457627118644)	(44.0, 10.16949152542373)	(45.0, 15.254237288135593)	(46.0, 18.644067796610173)	(47.0, 8.47457627118644)	(48.0, 3.389830508474576)	(49.0, 10.16949152542373)	(50.0, 13.559322033898304)	(51.0, 6.779661016949152)	(52.0, 0.0)	(53.0, 0.0)	(54.0, 0.0)	(55.0, 0.0)	(56.0, 0.0)	(57.0, 0.0)	(58.0, 0.0)	(59.0, 0.0)	(60.0, 0.0)	(61.0, 0.0)	(62.0, 0.0)	(63.0, 0.0)	(64.0, 0.0)	(65.0, 0.0)	(66.0, 0.0)	(67.0, 0.0)	(68.0, 0.0)	(69.0, 0.0)	(70.0, 0.0)	(71.0, 0.0)	(72.0, 0.0)	(73.0, 0.0)	(74.0, 0.0)	(75.0, 0.0)	(76.0, 0.0)	(77.0, 0.0)	(78.0, 0.0)	(79.0, 0.0)	(80.0, 0.0)	(81.0, 0.0)	(82.0, 0.0)	(83.0, 0.0)	(84.0, 0.0)	(85.0, 0.0)	(86.0, 0.0)	(87.0, 0.0)	(88.0, 0.0)	(89.0, 0.0)	(90.0, 0.0)	(91.0, 0.0)	(92.0, 0.0)	(93.0, 0.0)	(94.0, 0.0)	(95.0, 0.0)	(96.0, 0.0)	(97.0, 0.0)	(98.0, 0.0)	(99.0, 0.0)	(100.0, 0.0)
SRR8438121_1	(0.0, 0.0)	(1.0, 0.0)	(2.0, 0.0)	(3.0, 0.0)	(4.0, 0.0)	(5.0, 0.0)	(6.0, 0.0)	(7.0, 0.0)	(8.0, 0.0)	(9.0, 0.0)	(10.0, 0.0)	(11.0, 0.0)	(12.0, 0.0)	(13.0, 0.0)	(14.0, 0.0)	(15.0, 0.0)	(16.0, 0.0)	(17.0, 0.0)	(18.0, 0.0)	(19.0, 0.0)	(20.0, 0.0)	(21.0, 0.0007993157856877641)	(22.0, 0.0015986315713755282)	(23.0, 0.0)	(24.0, 0.0)	(25.0, 0.0)	(26.0, 0.0007993157856877641)	(27.0, 0.0007993157856877641)	(28.0, 0.0007993157856877641)	(29.0, 0.0007993157856877641)	(30.0, 0.0007993157856877641)	(31.0, 0.0007993157856877641)	(32.0, 0.0015986315713755282)	(33.0, 0.00399657892843882)	(34.0, 0.0023979473570632927)	(35.0, 0.0023979473570632927)	(36.0, 0.0015986315713755282)	(37.0, 0.00959178942825317)	(38.0, 0.012789052571004223)	(39.0, 0.04636031556989032)	(40.0, 0.09511857849684394)	(41.0, 0.14867273613792453)	(42.0, 0.1814446833511225)	(43.0, 0.2318015778494509)	(44.0, 0.3013420512042854)	(45.0, 0.3413078404886745)	(46.0, 0.4156442085576387)	(47.0, 0.6354560496217783)	(48.0, 5.01170997626188)	(49.0, 57.304547307490225)	(50.0, 16.43553118530758)	(51.0, 9.021077957273528)	(52.0, 8.236149855727787)	(53.0, 0.800914417259136)	(54.0, 0.2981447880615344)	(55.0, 0.11909805206747703)	(56.0, 0.09192131535409287)	(57.0, 0.1814446833511225)	(58.0, 0.03676852614163718)	(59.0, 0.01198973678531646)	(60.0, 0.006394526285502113)	(61.0, 0.00399657892843882)	(62.0, 0.0)	(63.0, 0.0007993157856877641)	(64.0, 0.0007993157856877641)	(65.0, 0.0)	(66.0, 0.0)	(67.0, 0.0)	(68.0, 0.0)	(69.0, 0.0)	(70.0, 0.0)	(71.0, 0.0)	(72.0, 0.0)	(73.0, 0.0)	(74.0, 0.0)	(75.0, 0.0)	(76.0, 0.0)	(77.0, 0.0)	(78.0, 0.0)	(79.0, 0.0)	(80.0, 0.0)	(81.0, 0.0)	(82.0, 0.0)	(83.0, 0.0)	(84.0, 0.0)	(85.0, 0.0)	(86.0, 0.0)	(87.0, 0.0)	(88.0, 0.0)	(89.0, 0.0)	(90.0, 0.0)	(91.0, 0.0)	(92.0, 0.0)	(93.0, 0.0)	(94.0, 0.0)	(95.0, 0.0)	(96.0, 0.0)	(97.0, 0.0)	(98.0, 0.0)	(99.0, 0.0)	(100.0, 0.0)
SRR8438121_2	(0.0, 0.0)	(1.0, 0.0)	(2.0, 0.0)	(3.0, 0.0)	(4.0, 0.0)	(5.0, 0.0)	(6.0, 0.0)	(7.0, 0.0)	(8.0, 0.0)	(9.0, 0.0)	(10.0, 0.0006414553338615886)	(11.0, 0.0)	(12.0, 0.0)	(13.0, 0.0)	(14.0, 0.0)	(15.0, 0.0)	(16.0, 0.0)	(17.0, 0.0)	(18.0, 0.0)	(19.0, 0.0)	(20.0, 0.0)	(21.0, 0.0)	(22.0, 0.0)	(23.0, 0.0)	(24.0, 0.0)	(25.0, 0.0)	(26.0, 0.0)	(27.0, 0.0)	(28.0, 0.0)	(29.0, 0.0)	(30.0, 0.0)	(31.0, 0.0)	(32.0, 0.0)	(33.0, 0.0012829106677231773)	(34.0, 0.0019243660015847662)	(35.0, 0.00449018733703112)	(36.0, 0.007697464006339065)	(37.0, 0.013470562011093357)	(38.0, 0.01988511534970925)	(39.0, 0.032714222026941034)	(40.0, 0.0910866574083457)	(41.0, 0.12861179443924878)	(42.0, 0.13053616044083352)	(43.0, 0.1911536894907528)	(44.0, 0.2527334015414647)	(45.0, 0.28705126190306074)	(46.0, 0.3265007649355495)	(47.0, 0.4345859886912302)	(48.0, 1.0888704292300362)	(49.0, 37.11043615756405)	(50.0, 43.78574108937039)	(51.0, 3.9513648565870323)	(52.0, 4.524505197392623)	(53.0, 4.990201769776348)	(54.0, 1.4426330458547423)	(55.0, 0.3758928256428932)	(56.0, 0.1978889704962994)	(57.0, 0.2318861031909631)	(58.0, 0.1905122341568912)	(59.0, 0.07569172939566747)	(60.0, 0.03848732003169532)	(61.0, 0.01860220468198607)	(62.0, 0.012829106677231767)	(63.0, 0.010904740675647005)	(64.0, 0.005131642670892709)	(65.0, 0.0038487320031695316)	(66.0, 0.005131642670892709)	(67.0, 0.0038487320031695316)	(68.0, 0.0)	(69.0, 0.0006414553338615886)	(70.0, 0.0)	(71.0, 0.0006414553338615886)	(72.0, 0.0019243660015847662)	(73.0, 0.0006414553338615886)	(74.0, 0.0)	(75.0, 0.0)	(76.0, 0.0006414553338615886)	(77.0, 0.0006414553338615886)	(78.0, 0.0)	(79.0, 0.0)	(80.0, 0.0)	(81.0, 0.0006414553338615886)	(82.0, 0.0)	(83.0, 0.0)	(84.0, 0.0)	(85.0, 0.0)	(86.0, 0.0006414553338615886)	(87.0, 0.0006414553338615886)	(88.0, 0.0006414553338615886)	(89.0, 0.0012829106677231773)	(90.0, 0.0006414553338615886)	(91.0, 0.0)	(92.0, 0.0)	(93.0, 0.0)	(94.0, 0.0)	(95.0, 0.0)	(96.0, 0.0)	(97.0, 0.0)	(98.0, 0.0)	(99.0, 0.0006414553338615886)	(100.0, 0.0009621830007923831)
SRR8438122	(0.0, 0.0)	(1.0, 0.0)	(2.0, 0.0)	(3.0, 0.0)	(4.0, 0.0)	(5.0, 0.0)	(6.0, 0.0)	(7.0, 0.0)	(8.0, 0.0)	(9.0, 0.0)	(10.0, 0.0)	(11.0, 0.0)	(12.0, 0.0)	(13.0, 0.0)	(14.0, 0.0)	(15.0, 0.0)	(16.0, 0.0)	(17.0, 0.0)	(18.0, 0.0)	(19.0, 0.0)	(20.0, 0.0)	(21.0, 0.0)	(22.0, 0.0)	(23.0, 0.0)	(24.0, 0.0)	(25.0, 0.0)	(26.0, 0.0)	(27.0, 0.0)	(28.0, 0.0)	(29.0, 0.0)	(30.0, 0.0)	(31.0, 0.0)	(32.0, 0.0)	(33.0, 0.0)	(34.0, 0.0)	(35.0, 0.0)	(36.0, 0.0)	(37.0, 0.0)	(38.0, 0.0)	(39.0, 0.0)	(40.0, 0.0)	(41.0, 0.0)	(42.0, 5.0)	(43.0, 15.000000000000002)	(44.0, 5.0)	(45.0, 20.0)	(46.0, 20.0)	(47.0, 10.0)	(48.0, 10.0)	(49.0, 5.0)	(50.0, 0.0)	(51.0, 5.0)	(52.0, 5.0)	(53.0, 0.0)	(54.0, 0.0)	(55.0, 0.0)	(56.0, 0.0)	(57.0, 0.0)	(58.0, 0.0)	(59.0, 0.0)	(60.0, 0.0)	(61.0, 0.0)	(62.0, 0.0)	(63.0, 0.0)	(64.0, 0.0)	(65.0, 0.0)	(66.0, 0.0)	(67.0, 0.0)	(68.0, 0.0)	(69.0, 0.0)	(70.0, 0.0)	(71.0, 0.0)	(72.0, 0.0)	(73.0, 0.0)	(74.0, 0.0)	(75.0, 0.0)	(76.0, 0.0)	(77.0, 0.0)	(78.0, 0.0)	(79.0, 0.0)	(80.0, 0.0)	(81.0, 0.0)	(82.0, 0.0)	(83.0, 0.0)	(84.0, 0.0)	(85.0, 0.0)	(86.0, 0.0)	(87.0, 0.0)	(88.0, 0.0)	(89.0, 0.0)	(90.0, 0.0)	(91.0, 0.0)	(92.0, 0.0)	(93.0, 0.0)	(94.0, 0.0)	(95.0, 0.0)	(96.0, 0.0)	(97.0, 0.0)	(98.0, 0.0)	(99.0, 0.0)	(100.0, 0.0)
SRR8438122_1	(0.0, 0.0)	(1.0, 0.0)	(2.0, 0.0)	(3.0, 0.0)	(4.0, 0.0)	(5.0, 0.0)	(6.0, 0.0)	(7.0, 0.0)	(8.0, 0.0)	(9.0, 0.0)	(10.0, 0.0)	(11.0, 0.0)	(12.0, 0.0)	(13.0, 0.0)	(14.0, 0.0)	(15.0, 0.0)	(16.0, 0.0)	(17.0, 0.0)	(18.0, 0.0)	(19.0, 0.0)	(20.0, 0.0)	(21.0, 0.0)	(22.0, 0.0)	(23.0, 0.0)	(24.0, 0.0)	(25.0, 0.0)	(26.0, 0.0)	(27.0, 0.0)	(28.0, 0.0)	(29.0, 0.00338678813946792)	(30.0, 0.00677357627893584)	(31.0, 0.010160364418403761)	(32.0, 0.0169339406973396)	(33.0, 0.023707516976275437)	(34.0, 0.047415033952550874)	(35.0, 0.05418861023148671)	(36.0, 0.07450933906829421)	(37.0, 0.08128291534723005)	(38.0, 0.25062232232062587)	(39.0, 0.24723553418115798)	(40.0, 0.19304692394967146)	(41.0, 0.4064145767361505)	(42.0, 0.39286742417827875)	(43.0, 0.45721639882816967)	(44.0, 0.7213858737066677)	(45.0, 0.9313667383536758)	(46.0, 1.0532911113745191)	(47.0, 1.270045552300463)	(48.0, 3.302118435981212)	(49.0, 29.861311025690874)	(50.0, 9.946996765617703)	(51.0, 15.823074187593361)	(52.0, 17.96691107987607)	(53.0, 4.961644624320399)	(54.0, 3.8744856315512575)	(55.0, 3.0210150204053905)	(56.0, 2.0151389429834254)	(57.0, 1.185375848813766)	(58.0, 0.7586405432408143)	(59.0, 0.5283389497569965)	(60.0, 0.1625658306944603)	(61.0, 0.11515079674190931)	(62.0, 0.05080182209201879)	(63.0, 0.037254669534147127)	(64.0, 0.0169339406973396)	(65.0, 0.010160364418403761)	(66.0, 0.01354715255787168)	(67.0, 0.0169339406973396)	(68.0, 0.010160364418403761)	(69.0, 0.01354715255787168)	(70.0, 0.05418861023148671)	(71.0, 0.00677357627893584)	(72.0, 0.0)	(73.0, 0.0)	(74.0, 0.0)	(75.0, 0.0)	(76.0, 0.0)	(77.0, 0.0)	(78.0, 0.0)	(79.0, 0.0)	(80.0, 0.0)	(81.0, 0.0)	(82.0, 0.0)	(83.0, 0.0)	(84.0, 0.0)	(85.0, 0.0)	(86.0, 0.0)	(87.0, 0.0)	(88.0, 0.0)	(89.0, 0.0)	(90.0, 0.0)	(91.0, 0.0)	(92.0, 0.0)	(93.0, 0.0)	(94.0, 0.0)	(95.0, 0.0)	(96.0, 0.0)	(97.0, 0.0)	(98.0, 0.0)	(99.0, 0.0)	(100.0, 0.005080182209201881)
SRR8438122_2	(0.0, 0.0)	(1.0, 0.0)	(2.0, 0.0)	(3.0, 0.0)	(4.0, 0.0)	(5.0, 0.0)	(6.0, 0.0)	(7.0, 0.0)	(8.0, 0.0)	(9.0, 0.0)	(10.0, 0.0)	(11.0, 0.0)	(12.0, 0.0)	(13.0, 0.0)	(14.0, 0.0)	(15.0, 0.0)	(16.0, 0.0)	(17.0, 0.0)	(18.0, 0.0)	(19.0, 0.0)	(20.0, 0.0)	(21.0, 0.0)	(22.0, 0.0)	(23.0, 0.0)	(24.0, 0.0)	(25.0, 0.0)	(26.0, 0.0)	(27.0, 0.0)	(28.0, 0.0)	(29.0, 0.0)	(30.0, 0.0)	(31.0, 0.0031790437436419023)	(32.0, 0.0063580874872838046)	(33.0, 0.009537131230925708)	(34.0, 0.0031790437436419023)	(35.0, 0.0031790437436419023)	(36.0, 0.03814852492370283)	(37.0, 0.07629704984740562)	(38.0, 0.13669888097660188)	(39.0, 0.2543234994913519)	(40.0, 0.35605289928789297)	(41.0, 0.46731943031536033)	(42.0, 0.4132756866734476)	(43.0, 0.526131739572736)	(44.0, 0.567459308240081)	(45.0, 0.8201932858596094)	(46.0, 1.0141149542217627)	(47.0, 1.2477746693794405)	(48.0, 1.492561037639874)	(49.0, 22.211978636825414)	(50.0, 26.75165310274811)	(51.0, 4.660478128178931)	(52.0, 15.075025432349138)	(53.0, 7.9507884028486355)	(54.0, 3.7798830111901736)	(55.0, 2.8229908443540155)	(56.0, 2.6354272634791536)	(57.0, 2.4574008138352172)	(58.0, 1.6149542217700905)	(59.0, 0.966429298067135)	(60.0, 0.5531536113936923)	(61.0, 0.2670396744659195)	(62.0, 0.18120549338758843)	(63.0, 0.1462360122075276)	(64.0, 0.1557731434384533)	(65.0, 0.07947609359104754)	(66.0, 0.05086469989827042)	(67.0, 0.04132756866734473)	(68.0, 0.02861139369277712)	(69.0, 0.012716174974567609)	(70.0, 0.01589521871820951)	(71.0, 0.0063580874872838046)	(72.0, 0.03814852492370283)	(73.0, 0.03496948118006093)	(74.0, 0.01589521871820951)	(75.0, 0.0063580874872838046)	(76.0, 0.0)	(77.0, 0.0)	(78.0, 0.0)	(79.0, 0.0)	(80.0, 0.0)	(81.0, 0.0)	(82.0, 0.0)	(83.0, 0.0)	(84.0, 0.0)	(85.0, 0.0)	(86.0, 0.0)	(87.0, 0.0)	(88.0, 0.0)	(89.0, 0.0)	(90.0, 0.0)	(91.0, 0.0)	(92.0, 0.0031790437436419023)	(93.0, 0.0)	(94.0, 0.0)	(95.0, 0.0)	(96.0, 0.0)	(97.0, 0.0)	(98.0, 0.0)	(99.0, 0.0)	(100.0, 0.0)
SRR8438123	(0.0, 0.0)	(1.0, 0.0)	(2.0, 0.0)	(3.0, 0.0)	(4.0, 0.0)	(5.0, 0.0)	(6.0, 0.0)	(7.0, 0.0)	(8.0, 0.0)	(9.0, 0.0)	(10.0, 0.0)	(11.0, 0.0)	(12.0, 0.0)	(13.0, 0.0)	(14.0, 0.0)	(15.0, 0.0)	(16.0, 0.0)	(17.0, 0.0)	(18.0, 0.0)	(19.0, 0.0)	(20.0, 0.0)	(21.0, 0.0)	(22.0, 0.0)	(23.0, 0.0)	(24.0, 0.0)	(25.0, 0.0)	(26.0, 0.0)	(27.0, 0.0)	(28.0, 0.0)	(29.0, 0.0)	(30.0, 0.0)	(31.0, 0.0)	(32.0, 0.0)	(33.0, 0.0)	(34.0, 0.0)	(35.0, 0.0)	(36.0, 0.0)	(37.0, 0.0)	(38.0, 0.0)	(39.0, 0.0)	(40.0, 0.0)	(41.0, 1.5624999999999998)	(42.0, 1.5624999999999998)	(43.0, 7.812499999999998)	(44.0, 9.374999999999998)	(45.0, 7.812499999999998)	(46.0, 10.937499999999996)	(47.0, 10.937499999999996)	(48.0, 17.1875)	(49.0, 17.1875)	(50.0, 12.499999999999998)	(51.0, 3.1249999999999996)	(52.0, 0.0)	(53.0, 0.0)	(54.0, 0.0)	(55.0, 0.0)	(56.0, 0.0)	(57.0, 0.0)	(58.0, 0.0)	(59.0, 0.0)	(60.0, 0.0)	(61.0, 0.0)	(62.0, 0.0)	(63.0, 0.0)	(64.0, 0.0)	(65.0, 0.0)	(66.0, 0.0)	(67.0, 0.0)	(68.0, 0.0)	(69.0, 0.0)	(70.0, 0.0)	(71.0, 0.0)	(72.0, 0.0)	(73.0, 0.0)	(74.0, 0.0)	(75.0, 0.0)	(76.0, 0.0)	(77.0, 0.0)	(78.0, 0.0)	(79.0, 0.0)	(80.0, 0.0)	(81.0, 0.0)	(82.0, 0.0)	(83.0, 0.0)	(84.0, 0.0)	(85.0, 0.0)	(86.0, 0.0)	(87.0, 0.0)	(88.0, 0.0)	(89.0, 0.0)	(90.0, 0.0)	(91.0, 0.0)	(92.0, 0.0)	(93.0, 0.0)	(94.0, 0.0)	(95.0, 0.0)	(96.0, 0.0)	(97.0, 0.0)	(98.0, 0.0)	(99.0, 0.0)	(100.0, 0.0)
SRR8438123_1	(0.0, 0.0)	(1.0, 0.0)	(2.0, 0.0)	(3.0, 0.0)	(4.0, 0.0)	(5.0, 0.0)	(6.0, 0.0)	(7.0, 0.0)	(8.0, 0.0)	(9.0, 0.0)	(10.0, 0.0)	(11.0, 0.0)	(12.0, 0.0)	(13.0, 0.0)	(14.0, 0.0)	(15.0, 0.0)	(16.0, 0.0)	(17.0, 0.0)	(18.0, 0.0)	(19.0, 0.0)	(20.0, 0.0)	(21.0, 0.0)	(22.0, 0.0)	(23.0, 0.0)	(24.0, 0.0)	(25.0, 0.0)	(26.0, 0.0)	(27.0, 0.0)	(28.0, 0.0)	(29.0, 0.0)	(30.0, 0.0)	(31.0, 0.0)	(32.0, 0.0)	(33.0, 0.0035316138298001963)	(34.0, 0.042379365957602326)	(35.0, 0.05415141205693628)	(36.0, 0.014715057624167478)	(37.0, 0.007651829964567092)	(38.0, 0.03590474060296866)	(39.0, 0.09711938031950561)	(40.0, 0.13066971170260733)	(41.0, 0.17599208918504256)	(42.0, 0.19247295372410989)	(43.0, 0.2748772764194487)	(44.0, 0.33785772305088735)	(45.0, 0.3154908354621522)	(46.0, 0.33256030230618694)	(47.0, 0.29018093634858333)	(48.0, 0.3937749420227254)	(49.0, 1.0577183420251557)	(50.0, 2.3349853438028587)	(51.0, 33.753987780623845)	(52.0, 38.34214274782258)	(53.0, 12.477191660680639)	(54.0, 5.86601057129882)	(55.0, 1.9453306179149925)	(56.0, 0.7410503019530633)	(57.0, 0.3808256913134576)	(58.0, 0.1854097260645096)	(59.0, 0.11889766560327351)	(60.0, 0.051797002837069485)	(61.0, 0.02884151294336829)	(62.0, 0.00824043226953379)	(63.0, 0.0017658069149000984)	(64.0, 0.0017658069149000984)	(65.0, 0.0011772046099333988)	(66.0, 0.0011772046099333988)	(67.0, 0.0005886023049666994)	(68.0, 0.0005886023049666994)	(69.0, 0.0)	(70.0, 0.0)	(71.0, 0.0005886023049666994)	(72.0, 0.0005886023049666994)	(73.0, 0.0)	(74.0, 0.0)	(75.0, 0.0)	(76.0, 0.0)	(77.0, 0.0)	(78.0, 0.0)	(79.0, 0.0)	(80.0, 0.0)	(81.0, 0.0)	(82.0, 0.0)	(83.0, 0.0)	(84.0, 0.0)	(85.0, 0.0)	(86.0, 0.0)	(87.0, 0.0)	(88.0, 0.0)	(89.0, 0.0)	(90.0, 0.0)	(91.0, 0.0)	(92.0, 0.0)	(93.0, 0.0)	(94.0, 0.0)	(95.0, 0.0)	(96.0, 0.0)	(97.0, 0.0)	(98.0, 0.0)	(99.0, 0.0)	(100.0, 0.0)
SRR8438123_2	(0.0, 0.0)	(1.0, 0.0)	(2.0, 0.0)	(3.0, 0.0)	(4.0, 0.0)	(5.0, 0.0)	(6.0, 0.0)	(7.0, 0.0)	(8.0, 0.0)	(9.0, 0.0)	(10.0, 0.0)	(11.0, 0.0)	(12.0, 0.0)	(13.0, 0.0)	(14.0, 0.0)	(15.0, 0.0)	(16.0, 0.0)	(17.0, 0.0)	(18.0, 0.0)	(19.0, 0.0)	(20.0, 0.0)	(21.0, 0.0006391655055159621)	(22.0, 0.0)	(23.0, 0.0)	(24.0, 0.0)	(25.0, 0.0)	(26.0, 0.0)	(27.0, 0.0)	(28.0, 0.0)	(29.0, 0.0)	(30.0, 0.0)	(31.0, 0.0)	(32.0, 0.0006391655055159621)	(33.0, 0.004474158538611734)	(34.0, 0.003195827527579811)	(35.0, 0.023649123704090606)	(36.0, 0.038349930330957724)	(37.0, 0.02045329617651079)	(38.0, 0.01981413067099483)	(39.0, 0.07701944341467346)	(40.0, 0.13837933194420593)	(41.0, 0.13614225267490007)	(42.0, 0.17449218300585725)	(43.0, 0.2569445332174157)	(44.0, 0.2620578572615435)	(45.0, 0.28219157068529693)	(46.0, 0.2876244774821827)	(47.0, 0.279954491415991)	(48.0, 0.32693315607141554)	(49.0, 0.5314661178365258)	(50.0, 1.716159382310419)	(51.0, 14.044064069945279)	(52.0, 36.444258376266454)	(53.0, 22.15251767293098)	(54.0, 10.659363135488578)	(55.0, 5.408618507676389)	(56.0, 2.510002940161148)	(57.0, 1.397854960563434)	(58.0, 0.92615081749261)	(59.0, 0.5771664514809145)	(60.0, 0.4148184130798628)	(61.0, 0.29401613253734254)	(62.0, 0.21539877535887825)	(63.0, 0.1303897631252565)	(64.0, 0.08053485369501127)	(65.0, 0.05496823347437268)	(66.0, 0.036432433814409845)	(67.0, 0.019174965165478865)	(68.0, 0.014061641121351163)	(69.0, 0.005752489549643659)	(70.0, 0.005752489549643659)	(71.0, 0.0025566620220638485)	(72.0, 0.003195827527579811)	(73.0, 0.0019174965165478866)	(74.0, 0.0012783310110319242)	(75.0, 0.0025566620220638485)	(76.0, 0.0)	(77.0, 0.0)	(78.0, 0.0006391655055159621)	(79.0, 0.0006391655055159621)	(80.0, 0.0006391655055159621)	(81.0, 0.0006391655055159621)	(82.0, 0.0012783310110319242)	(83.0, 0.0019174965165478866)	(84.0, 0.0019174965165478866)	(85.0, 0.0)	(86.0, 0.0)	(87.0, 0.0)	(88.0, 0.0006391655055159621)	(89.0, 0.0019174965165478866)	(90.0, 0.0019174965165478866)	(91.0, 0.0)	(92.0, 0.0006391655055159621)	(93.0, 0.0006391655055159621)	(94.0, 0.0006391655055159621)	(95.0, 0.0006391655055159621)	(96.0, 0.0006391655055159621)	(97.0, 0.0006391655055159621)	(98.0, 0.0006391655055159621)	(99.0, 0.0)	(100.0, 0.0)
SRR8438124	(0.0, 0.0)	(1.0, 0.0)	(2.0, 0.0)	(3.0, 0.0)	(4.0, 0.0)	(5.0, 0.0)	(6.0, 0.0)	(7.0, 0.0)	(8.0, 0.0)	(9.0, 0.0)	(10.0, 0.0)	(11.0, 0.0)	(12.0, 0.0)	(13.0, 0.0)	(14.0, 0.0)	(15.0, 0.0)	(16.0, 0.0)	(17.0, 0.0)	(18.0, 0.0)	(19.0, 0.0)	(20.0, 0.0)	(21.0, 0.0)	(22.0, 0.0)	(23.0, 0.0)	(24.0, 0.0)	(25.0, 0.0)	(26.0, 0.0)	(27.0, 0.0)	(28.0, 0.0)	(29.0, 0.0)	(30.0, 0.0)	(31.0, 0.0)	(32.0, 0.0)	(33.0, 0.0)	(34.0, 0.0)	(35.0, 0.0)	(36.0, 0.0)	(37.0, 0.0)	(38.0, 0.0)	(39.0, 3.8461538461538463)	(40.0, 0.0)	(41.0, 3.8461538461538463)	(42.0, 3.8461538461538463)	(43.0, 3.8461538461538463)	(44.0, 0.0)	(45.0, 11.538461538461538)	(46.0, 15.384615384615385)	(47.0, 15.384615384615385)	(48.0, 19.23076923076923)	(49.0, 15.384615384615385)	(50.0, 3.8461538461538463)	(51.0, 0.0)	(52.0, 3.8461538461538463)	(53.0, 0.0)	(54.0, 0.0)	(55.0, 0.0)	(56.0, 0.0)	(57.0, 0.0)	(58.0, 0.0)	(59.0, 0.0)	(60.0, 0.0)	(61.0, 0.0)	(62.0, 0.0)	(63.0, 0.0)	(64.0, 0.0)	(65.0, 0.0)	(66.0, 0.0)	(67.0, 0.0)	(68.0, 0.0)	(69.0, 0.0)	(70.0, 0.0)	(71.0, 0.0)	(72.0, 0.0)	(73.0, 0.0)	(74.0, 0.0)	(75.0, 0.0)	(76.0, 0.0)	(77.0, 0.0)	(78.0, 0.0)	(79.0, 0.0)	(80.0, 0.0)	(81.0, 0.0)	(82.0, 0.0)	(83.0, 0.0)	(84.0, 0.0)	(85.0, 0.0)	(86.0, 0.0)	(87.0, 0.0)	(88.0, 0.0)	(89.0, 0.0)	(90.0, 0.0)	(91.0, 0.0)	(92.0, 0.0)	(93.0, 0.0)	(94.0, 0.0)	(95.0, 0.0)	(96.0, 0.0)	(97.0, 0.0)	(98.0, 0.0)	(99.0, 0.0)	(100.0, 0.0)
SRR8438124_1	(0.0, 0.0)	(1.0, 0.0)	(2.0, 0.0)	(3.0, 0.0)	(4.0, 0.0)	(5.0, 0.0)	(6.0, 0.0)	(7.0, 0.0)	(8.0, 0.0)	(9.0, 0.0)	(10.0, 0.0)	(11.0, 0.0)	(12.0, 0.0)	(13.0, 0.0)	(14.0, 0.0)	(15.0, 0.0)	(16.0, 0.0)	(17.0, 0.0)	(18.0, 0.0)	(19.0, 0.0)	(20.0, 0.0)	(21.0, 0.0)	(22.0, 0.0)	(23.0, 0.0)	(24.0, 0.0)	(25.0, 0.0)	(26.0, 0.0)	(27.0, 0.0)	(28.0, 0.0)	(29.0, 0.0)	(30.0, 0.0)	(31.0, 0.0)	(32.0, 0.0)	(33.0, 0.0006770618225148574)	(34.0, 0.0033853091125742867)	(35.0, 0.004739432757604001)	(36.0, 0.010832989160237717)	(37.0, 0.02775953472310917)	(38.0, 0.056873193091247956)	(39.0, 0.11510050982752602)	(40.0, 0.19160849577170413)	(41.0, 0.25796055437815923)	(42.0, 0.2904595218588732)	(43.0, 0.43670487552208653)	(44.0, 0.48206801763058327)	(45.0, 0.38321699154341127)	(46.0, 0.329729107564736)	(47.0, 0.3148337474694088)	(48.0, 0.46988090482531547)	(49.0, 1.5531798208491174)	(50.0, 2.488879259564617)	(51.0, 35.291170436781314)	(52.0, 37.94051334827231)	(53.0, 11.304901250529372)	(54.0, 5.14228454200041)	(55.0, 1.713643472785157)	(56.0, 0.6391463604540245)	(57.0, 0.324312612984617)	(58.0, 0.12525643716524895)	(59.0, 0.05077963668861426)	(60.0, 0.02572834925556459)	(61.0, 0.014218298272812)	(62.0, 0.008801803692693145)	(63.0, 0.0006770618225148574)	(64.0, 0.0006770618225148574)	(65.0, 0.0)	(66.0, 0.0)	(67.0, 0.0)	(68.0, 0.0)	(69.0, 0.0)	(70.0, 0.0)	(71.0, 0.0)	(72.0, 0.0)	(73.0, 0.0)	(74.0, 0.0)	(75.0, 0.0)	(76.0, 0.0)	(77.0, 0.0)	(78.0, 0.0)	(79.0, 0.0)	(80.0, 0.0)	(81.0, 0.0)	(82.0, 0.0)	(83.0, 0.0)	(84.0, 0.0)	(85.0, 0.0)	(86.0, 0.0)	(87.0, 0.0)	(88.0, 0.0)	(89.0, 0.0)	(90.0, 0.0)	(91.0, 0.0)	(92.0, 0.0)	(93.0, 0.0)	(94.0, 0.0)	(95.0, 0.0)	(96.0, 0.0)	(97.0, 0.0)	(98.0, 0.0)	(99.0, 0.0)	(100.0, 0.0)
SRR8438124_2	(0.0, 0.0)	(1.0, 0.0)	(2.0, 0.0)	(3.0, 0.0)	(4.0, 0.0)	(5.0, 0.0)	(6.0, 0.0)	(7.0, 0.0)	(8.0, 0.0)	(9.0, 0.0)	(10.0, 0.0)	(11.0, 0.0)	(12.0, 0.0)	(13.0, 0.0)	(14.0, 0.0)	(15.0, 0.0)	(16.0, 0.0)	(17.0, 0.0)	(18.0, 0.0)	(19.0, 0.0)	(20.0, 0.0)	(21.0, 0.0)	(22.0, 0.0)	(23.0, 0.0)	(24.0, 0.0)	(25.0, 0.0)	(26.0, 0.0)	(27.0, 0.0)	(28.0, 0.0)	(29.0, 0.0)	(30.0, 0.0)	(31.0, 0.0)	(32.0, 0.0)	(33.0, 0.0007374930399093079)	(34.0, 0.0014749860798186159)	(35.0, 0.0014749860798186159)	(36.0, 0.0014749860798186159)	(37.0, 0.0051624512793651545)	(38.0, 0.011062395598639616)	(39.0, 0.024706016836961824)	(40.0, 0.05789320363288061)	(41.0, 0.08849916478911697)	(42.0, 0.1681484130993222)	(43.0, 0.25591008484852856)	(44.0, 0.27065994564671453)	(45.0, 0.2791411156056715)	(46.0, 0.323390698000231)	(47.0, 0.35252167307664956)	(48.0, 0.40562117195012115)	(49.0, 0.5840944876081773)	(50.0, 1.8075954408177646)	(51.0, 15.379311107744655)	(52.0, 37.76443734813684)	(53.0, 21.632145846619604)	(54.0, 9.936243726698958)	(55.0, 4.933090943953131)	(56.0, 2.1328298714178064)	(57.0, 1.2301383905687109)	(58.0, 0.7787926501442235)	(59.0, 0.497070308898878)	(60.0, 0.32744690971973234)	(61.0, 0.22051041893288234)	(62.0, 0.15487353838095486)	(63.0, 0.1290612819841292)	(64.0, 0.08849916478911697)	(65.0, 0.05531197799319805)	(66.0, 0.030237214636281637)	(67.0, 0.012537381678458233)	(68.0, 0.019174819037642)	(69.0, 0.011799888638548924)	(70.0, 0.007374930399093079)	(71.0, 0.0014749860798186159)	(72.0, 0.0014749860798186159)	(73.0, 0.0022124791197279236)	(74.0, 0.0014749860798186159)	(75.0, 0.0007374930399093079)	(76.0, 0.0014749860798186159)	(77.0, 0.0007374930399093079)	(78.0, 0.0)	(79.0, 0.0)	(80.0, 0.0)	(81.0, 0.0007374930399093079)	(82.0, 0.0007374930399093079)	(83.0, 0.0007374930399093079)	(84.0, 0.0)	(85.0, 0.0)	(86.0, 0.0007374930399093079)	(87.0, 0.0007374930399093079)	(88.0, 0.0007374930399093079)	(89.0, 0.0007374930399093079)	(90.0, 0.0007374930399093079)	(91.0, 0.0)	(92.0, 0.0007374930399093079)	(93.0, 0.0007374930399093079)	(94.0, 0.0007374930399093079)	(95.0, 0.0)	(96.0, 0.0)	(97.0, 0.0)	(98.0, 0.0)	(99.0, 0.0007374930399093079)	(100.0, 0.0011062395598639618)
SRR8438125	(0.0, 0.0)	(1.0, 0.0)	(2.0, 0.0)	(3.0, 0.0)	(4.0, 0.0)	(5.0, 0.0)	(6.0, 0.0)	(7.0, 0.0)	(8.0, 0.0)	(9.0, 0.0)	(10.0, 0.0)	(11.0, 0.0)	(12.0, 0.0)	(13.0, 0.0)	(14.0, 0.0)	(15.0, 0.0)	(16.0, 0.0)	(17.0, 0.0)	(18.0, 0.0)	(19.0, 0.0)	(20.0, 0.0)	(21.0, 0.0)	(22.0, 0.0)	(23.0, 0.0)	(24.0, 0.0)	(25.0, 0.0)	(26.0, 0.0)	(27.0, 0.0)	(28.0, 0.0)	(29.0, 0.0)	(30.0, 0.0)	(31.0, 0.0)	(32.0, 0.0)	(33.0, 0.0)	(34.0, 0.0)	(35.0, 0.0)	(36.0, 0.0)	(37.0, 0.0)	(38.0, 0.0)	(39.0, 0.0)	(40.0, 0.925925925925926)	(41.0, 3.703703703703704)	(42.0, 5.555555555555556)	(43.0, 4.62962962962963)	(44.0, 7.407407407407408)	(45.0, 10.185185185185187)	(46.0, 17.59259259259259)	(47.0, 12.03703703703704)	(48.0, 13.88888888888889)	(49.0, 11.111111111111112)	(50.0, 4.62962962962963)	(51.0, 3.703703703703704)	(52.0, 2.777777777777778)	(53.0, 1.851851851851852)	(54.0, 0.0)	(55.0, 0.0)	(56.0, 0.0)	(57.0, 0.0)	(58.0, 0.0)	(59.0, 0.0)	(60.0, 0.0)	(61.0, 0.0)	(62.0, 0.0)	(63.0, 0.0)	(64.0, 0.0)	(65.0, 0.0)	(66.0, 0.0)	(67.0, 0.0)	(68.0, 0.0)	(69.0, 0.0)	(70.0, 0.0)	(71.0, 0.0)	(72.0, 0.0)	(73.0, 0.0)	(74.0, 0.0)	(75.0, 0.0)	(76.0, 0.0)	(77.0, 0.0)	(78.0, 0.0)	(79.0, 0.0)	(80.0, 0.0)	(81.0, 0.0)	(82.0, 0.0)	(83.0, 0.0)	(84.0, 0.0)	(85.0, 0.0)	(86.0, 0.0)	(87.0, 0.0)	(88.0, 0.0)	(89.0, 0.0)	(90.0, 0.0)	(91.0, 0.0)	(92.0, 0.0)	(93.0, 0.0)	(94.0, 0.0)	(95.0, 0.0)	(96.0, 0.0)	(97.0, 0.0)	(98.0, 0.0)	(99.0, 0.0)	(100.0, 0.0)
SRR8438125_1	(0.0, 0.0)	(1.0, 0.0)	(2.0, 0.0)	(3.0, 0.0)	(4.0, 0.0)	(5.0, 0.0)	(6.0, 0.0)	(7.0, 0.0)	(8.0, 0.0)	(9.0, 0.0)	(10.0, 0.0)	(11.0, 0.0)	(12.0, 0.0)	(13.0, 0.0)	(14.0, 0.0)	(15.0, 0.0001587719938905083)	(16.0, 0.0001587719938905083)	(17.0, 0.0)	(18.0, 0.0)	(19.0, 0.0)	(20.0, 0.0)	(21.0, 0.0)	(22.0, 0.0)	(23.0, 0.0)	(24.0, 0.0)	(25.0, 0.0)	(26.0, 0.0)	(27.0, 0.0)	(28.0, 0.0)	(29.0, 0.0)	(30.0, 0.003969299847262706)	(31.0, 0.004763159816715249)	(32.0, 0.0003175439877810166)	(33.0, 0.0020640359205766077)	(34.0, 0.0033342118717006727)	(35.0, 0.002222807914467116)	(36.0, 0.0020640359205766077)	(37.0, 0.0041280718411532144)	(38.0, 0.007303511718963386)	(39.0, 0.02143421917521864)	(40.0, 0.06890704534848047)	(41.0, 0.10050267213269252)	(42.0, 0.08922986056646612)	(43.0, 0.16369392570111305)	(44.0, 0.18004744107183449)	(45.0, 0.1214605753262402)	(46.0, 0.14114830256866215)	(47.0, 0.1511509381837636)	(48.0, 0.25276501427368464)	(49.0, 1.0987021977222846)	(50.0, 2.52669751077338)	(51.0, 37.56672393044382)	(52.0, 39.3452878059794)	(53.0, 10.889059656987184)	(54.0, 4.820952822491646)	(55.0, 1.4697523474445713)	(56.0, 0.5271230197165007)	(57.0, 0.24117465871967672)	(58.0, 0.10177284808381662)	(59.0, 0.045091246264904225)	(60.0, 0.025244747028590867)	(61.0, 0.01270175951124065)	(62.0, 0.005557019786167791)	(63.0, 0.0012701759511240663)	(64.0, 0.0006350879755620332)	(65.0, 0.0)	(66.0, 0.0)	(67.0, 0.0003175439877810166)	(68.0, 0.0003175439877810166)	(69.0, 0.0003175439877810166)	(70.0, 0.0001587719938905083)	(71.0, 0.0)	(72.0, 0.0)	(73.0, 0.0)	(74.0, 0.0)	(75.0, 0.0)	(76.0, 0.0)	(77.0, 0.0)	(78.0, 0.0)	(79.0, 0.0)	(80.0, 0.0001587719938905083)	(81.0, 0.0001587719938905083)	(82.0, 0.0)	(83.0, 0.0)	(84.0, 0.0)	(85.0, 0.0)	(86.0, 0.0)	(87.0, 0.0)	(88.0, 0.0)	(89.0, 0.0)	(90.0, 0.0)	(91.0, 0.0)	(92.0, 0.0)	(93.0, 0.0)	(94.0, 0.0)	(95.0, 0.0)	(96.0, 0.0)	(97.0, 0.0)	(98.0, 0.0)	(99.0, 0.0)	(100.0, 0.0)
SRR8438125_2	(0.0, 0.0)	(1.0, 0.0)	(2.0, 0.0)	(3.0, 0.0)	(4.0, 0.0)	(5.0, 0.0)	(6.0, 0.0)	(7.0, 0.0)	(8.0, 0.0)	(9.0, 0.0)	(10.0, 0.0)	(11.0, 0.0)	(12.0, 0.0)	(13.0, 0.0)	(14.0, 0.0)	(15.0, 0.0)	(16.0, 0.0)	(17.0, 0.00017490406512029057)	(18.0, 0.00017490406512029057)	(19.0, 0.0)	(20.0, 0.0)	(21.0, 0.0)	(22.0, 0.0)	(23.0, 0.0)	(24.0, 0.0)	(25.0, 0.0)	(26.0, 0.0)	(27.0, 0.0)	(28.0, 0.002798465041924649)	(29.0, 0.004022793497766682)	(30.0, 0.0006996162604811623)	(31.0, 0.0)	(32.0, 0.00034980813024058113)	(33.0, 0.0022737528465637774)	(34.0, 0.0015741365860826152)	(35.0, 0.0006996162604811623)	(36.0, 0.0010494243907217436)	(37.0, 0.004022793497766682)	(38.0, 0.007520874800172499)	(39.0, 0.02623560976804363)	(40.0, 0.06506431222474775)	(41.0, 0.05614420490361305)	(42.0, 0.09855844069528424)	(43.0, 0.14788138705920642)	(44.0, 0.11849750411899795)	(45.0, 0.11158879354674626)	(46.0, 0.10686638378849828)	(47.0, 0.1296039122541367)	(48.0, 0.14578253827776305)	(49.0, 0.21766810904219844)	(50.0, 1.6647368918150964)	(51.0, 16.427427056238262)	(52.0, 40.9807220739487)	(53.0, 21.931570533572927)	(54.0, 9.019103021997623)	(55.0, 4.298967016590059)	(56.0, 1.7371471747749296)	(57.0, 0.9215695191187481)	(58.0, 0.5815560165249806)	(59.0, 0.36467497577581065)	(60.0, 0.25046262125225105)	(61.0, 0.18102570739949964)	(62.0, 0.12645563908197138)	(63.0, 0.08605280003918311)	(64.0, 0.05911757401065794)	(65.0, 0.03655494961014078)	(66.0, 0.022737528465637792)	(67.0, 0.014517037404984104)	(68.0, 0.011193860167698593)	(69.0, 0.007695778865292791)	(70.0, 0.0041976975628869725)	(71.0, 0.00314827317216523)	(72.0, 0.002098848781443487)	(73.0, 0.002098848781443487)	(74.0, 0.0026235609768043584)	(75.0, 0.0015741365860826152)	(76.0, 0.0005247121953608718)	(77.0, 0.0)	(78.0, 0.00034980813024058113)	(79.0, 0.0006996162604811623)	(80.0, 0.0010494243907217436)	(81.0, 0.0006996162604811623)	(82.0, 0.0008745203256014528)	(83.0, 0.00034980813024058113)	(84.0, 0.0005247121953608718)	(85.0, 0.0006996162604811623)	(86.0, 0.0006996162604811623)	(87.0, 0.0008745203256014528)	(88.0, 0.0008745203256014528)	(89.0, 0.00034980813024058113)	(90.0, 0.00034980813024058113)	(91.0, 0.00034980813024058113)	(92.0, 0.00017490406512029057)	(93.0, 0.0)	(94.0, 0.00034980813024058113)	(95.0, 0.00034980813024058113)	(96.0, 0.00017490406512029057)	(97.0, 0.00017490406512029057)	(98.0, 0.0005247121953608718)	(99.0, 0.0006996162604811623)	(100.0, 0.0)
SRR8438126	(0.0, 0.0)	(1.0, 0.0)	(2.0, 0.0)	(3.0, 0.0)	(4.0, 0.0)	(5.0, 0.0)	(6.0, 0.0)	(7.0, 0.0)	(8.0, 0.0)	(9.0, 0.0)	(10.0, 0.0)	(11.0, 0.0)	(12.0, 0.0)	(13.0, 0.0)	(14.0, 0.0)	(15.0, 0.0)	(16.0, 0.0)	(17.0, 0.0)	(18.0, 0.0)	(19.0, 0.0)	(20.0, 0.0)	(21.0, 0.0)	(22.0, 0.0)	(23.0, 0.0)	(24.0, 0.0)	(25.0, 0.0)	(26.0, 0.0)	(27.0, 0.0)	(28.0, 0.0)	(29.0, 0.0)	(30.0, 0.0)	(31.0, 0.0)	(32.0, 0.0)	(33.0, 0.0)	(34.0, 0.0)	(35.0, 0.0)	(36.0, 0.0)	(37.0, 0.0)	(38.0, 0.0)	(39.0, 0.0)	(40.0, 0.0)	(41.0, 3.7037037037037033)	(42.0, 11.11111111111111)	(43.0, 7.4074074074074066)	(44.0, 0.0)	(45.0, 3.7037037037037033)	(46.0, 7.4074074074074066)	(47.0, 7.4074074074074066)	(48.0, 14.814814814814813)	(49.0, 18.51851851851852)	(50.0, 11.11111111111111)	(51.0, 3.7037037037037033)	(52.0, 3.7037037037037033)	(53.0, 0.0)	(54.0, 3.7037037037037033)	(55.0, 3.7037037037037033)	(56.0, 0.0)	(57.0, 0.0)	(58.0, 0.0)	(59.0, 0.0)	(60.0, 0.0)	(61.0, 0.0)	(62.0, 0.0)	(63.0, 0.0)	(64.0, 0.0)	(65.0, 0.0)	(66.0, 0.0)	(67.0, 0.0)	(68.0, 0.0)	(69.0, 0.0)	(70.0, 0.0)	(71.0, 0.0)	(72.0, 0.0)	(73.0, 0.0)	(74.0, 0.0)	(75.0, 0.0)	(76.0, 0.0)	(77.0, 0.0)	(78.0, 0.0)	(79.0, 0.0)	(80.0, 0.0)	(81.0, 0.0)	(82.0, 0.0)	(83.0, 0.0)	(84.0, 0.0)	(85.0, 0.0)	(86.0, 0.0)	(87.0, 0.0)	(88.0, 0.0)	(89.0, 0.0)	(90.0, 0.0)	(91.0, 0.0)	(92.0, 0.0)	(93.0, 0.0)	(94.0, 0.0)	(95.0, 0.0)	(96.0, 0.0)	(97.0, 0.0)	(98.0, 0.0)	(99.0, 0.0)	(100.0, 0.0)
SRR8438126_1	(0.0, 0.0)	(1.0, 0.0)	(2.0, 0.0)	(3.0, 0.0)	(4.0, 0.0)	(5.0, 0.0)	(6.0, 0.0)	(7.0, 0.0)	(8.0, 0.0)	(9.0, 0.0)	(10.0, 0.0)	(11.0, 0.0)	(12.0, 0.0)	(13.0, 0.0)	(14.0, 0.0)	(15.0, 0.0)	(16.0, 0.0)	(17.0, 0.0)	(18.0, 0.0)	(19.0, 0.0)	(20.0, 0.0)	(21.0, 0.0)	(22.0, 0.0)	(23.0, 0.0)	(24.0, 0.0)	(25.0, 0.0)	(26.0, 0.0)	(27.0, 0.0)	(28.0, 0.0)	(29.0, 0.0)	(30.0, 0.0)	(31.0, 0.0)	(32.0, 0.0)	(33.0, 0.0025063703579931078)	(34.0, 0.00919002464597473)	(35.0, 0.01754459250595175)	(36.0, 0.00919002464597473)	(37.0, 0.007519111073979324)	(38.0, 0.005848197501983917)	(39.0, 0.04678558001587135)	(40.0, 0.5096286394586022)	(41.0, 0.5171477505325817)	(42.0, 0.26483980116127065)	(43.0, 0.2790425665232314)	(44.0, 0.32332177618110913)	(45.0, 0.27486528259324294)	(46.0, 0.2147123940014092)	(47.0, 0.29240987509919447)	(48.0, 0.43360207193280903)	(49.0, 2.2173023100379794)	(50.0, 1.6500271523454748)	(51.0, 25.18902209783173)	(52.0, 27.995321442003117)	(53.0, 7.78979907264332)	(54.0, 22.99845440494177)	(55.0, 6.256735870336838)	(56.0, 1.2431596975645547)	(57.0, 0.6307698734282724)	(58.0, 0.4168929362128545)	(59.0, 0.19299051756546926)	(60.0, 0.05764651823384144)	(61.0, 0.01838004929194945)	(62.0, 0.011696395003967835)	(63.0, 0.016709135719954048)	(64.0, 0.08271022181377245)	(65.0, 0.021721876435940264)	(66.0, 0.0016709135719954052)	(67.0, 0.0)	(68.0, 0.0008354567859977026)	(69.0, 0.0)	(70.0, 0.0)	(71.0, 0.0)	(72.0, 0.0)	(73.0, 0.0)	(74.0, 0.0)	(75.0, 0.0)	(76.0, 0.0)	(77.0, 0.0)	(78.0, 0.0)	(79.0, 0.0)	(80.0, 0.0)	(81.0, 0.0)	(82.0, 0.0)	(83.0, 0.0)	(84.0, 0.0)	(85.0, 0.0)	(86.0, 0.0)	(87.0, 0.0)	(88.0, 0.0)	(89.0, 0.0)	(90.0, 0.0)	(91.0, 0.0)	(92.0, 0.0)	(93.0, 0.0)	(94.0, 0.0)	(95.0, 0.0)	(96.0, 0.0)	(97.0, 0.0)	(98.0, 0.0)	(99.0, 0.0)	(100.0, 0.0)
SRR8438126_2	(0.0, 0.0)	(1.0, 0.0)	(2.0, 0.0)	(3.0, 0.0)	(4.0, 0.0)	(5.0, 0.0)	(6.0, 0.0)	(7.0, 0.0)	(8.0, 0.0)	(9.0, 0.0)	(10.0, 0.0)	(11.0, 0.0)	(12.0, 0.0)	(13.0, 0.0)	(14.0, 0.0)	(15.0, 0.0)	(16.0, 0.0)	(17.0, 0.0)	(18.0, 0.0)	(19.0, 0.0)	(20.0, 0.0)	(21.0, 0.0)	(22.0, 0.0)	(23.0, 0.0)	(24.0, 0.0)	(25.0, 0.0)	(26.0, 0.0)	(27.0, 0.0)	(28.0, 0.0)	(29.0, 0.0008551174503819071)	(30.0, 0.0008551174503819071)	(31.0, 0.0008551174503819071)	(32.0, 0.0)	(33.0, 0.0017102349007638142)	(34.0, 0.004275587251909535)	(35.0, 0.014536996656492416)	(36.0, 0.017957466458020044)	(37.0, 0.03377713929008535)	(38.0, 0.0876495386641454)	(39.0, 0.3163934566413039)	(40.0, 0.4164421983359894)	(41.0, 0.21121401024433084)	(42.0, 0.23943288610693336)	(43.0, 0.2796234062748824)	(44.0, 0.25482500021380744)	(45.0, 0.25482500021380744)	(46.0, 0.22746124180158686)	(47.0, 0.21292424514509464)	(48.0, 0.29587063783213846)	(49.0, 0.507939765526856)	(50.0, 2.202782552183864)	(51.0, 4.432928862779515)	(52.0, 24.729141547593482)	(53.0, 15.896633402596663)	(54.0, 15.358764526306935)	(55.0, 18.246496156244007)	(56.0, 7.053863848200692)	(57.0, 3.3187108249321433)	(58.0, 1.7940364109012656)	(59.0, 1.093695219038442)	(60.0, 0.6943553697101139)	(61.0, 0.49596812122150896)	(62.0, 0.3625697989619277)	(63.0, 0.27534781902297295)	(64.0, 0.1804297820305826)	(65.0, 0.15819672832065323)	(66.0, 0.13254320480919585)	(67.0, 0.07952592288551726)	(68.0, 0.046176342320622996)	(69.0, 0.02308817116031149)	(70.0, 0.01624723155725623)	(71.0, 0.007696057053437164)	(72.0, 0.005985822152673349)	(73.0, 0.0034204698015276283)	(74.0, 0.0008551174503819071)	(75.0, 0.0025653523511457214)	(76.0, 0.0017102349007638142)	(77.0, 0.0008551174503819071)	(78.0, 0.0)	(79.0, 0.0017102349007638142)	(80.0, 0.0017102349007638142)	(81.0, 0.0008551174503819071)	(82.0, 0.0)	(83.0, 0.0)	(84.0, 0.0008551174503819071)	(85.0, 0.0)	(86.0, 0.0008551174503819071)	(87.0, 0.0)	(88.0, 0.0)	(89.0, 0.0)	(90.0, 0.0)	(91.0, 0.0)	(92.0, 0.0)	(93.0, 0.0)	(94.0, 0.0)	(95.0, 0.0)	(96.0, 0.0)	(97.0, 0.0)	(98.0, 0.0)	(99.0, 0.0)	(100.0, 0.0)
SRR8438127	(0.0, 0.0)	(1.0, 0.0)	(2.0, 0.0)	(3.0, 0.0)	(4.0, 0.0)	(5.0, 0.0)	(6.0, 0.0)	(7.0, 0.0)	(8.0, 0.0)	(9.0, 0.0)	(10.0, 0.0)	(11.0, 0.0)	(12.0, 0.0)	(13.0, 0.0)	(14.0, 0.0)	(15.0, 0.0)	(16.0, 0.0)	(17.0, 0.0)	(18.0, 0.0)	(19.0, 0.0)	(20.0, 0.0)	(21.0, 0.0)	(22.0, 0.0)	(23.0, 0.0)	(24.0, 0.0)	(25.0, 0.0)	(26.0, 0.0)	(27.0, 0.0)	(28.0, 0.0)	(29.0, 0.0)	(30.0, 0.0)	(31.0, 0.0)	(32.0, 0.0)	(33.0, 0.0)	(34.0, 0.0)	(35.0, 0.0)	(36.0, 0.0)	(37.0, 0.0)	(38.0, 0.0)	(39.0, 0.0)	(40.0, 0.0)	(41.0, 0.0)	(42.0, 0.0)	(43.0, 11.538461538461538)	(44.0, 15.384615384615385)	(45.0, 19.23076923076923)	(46.0, 26.923076923076923)	(47.0, 11.538461538461538)	(48.0, 3.8461538461538463)	(49.0, 0.0)	(50.0, 7.6923076923076925)	(51.0, 3.8461538461538463)	(52.0, 0.0)	(53.0, 0.0)	(54.0, 0.0)	(55.0, 0.0)	(56.0, 0.0)	(57.0, 0.0)	(58.0, 0.0)	(59.0, 0.0)	(60.0, 0.0)	(61.0, 0.0)	(62.0, 0.0)	(63.0, 0.0)	(64.0, 0.0)	(65.0, 0.0)	(66.0, 0.0)	(67.0, 0.0)	(68.0, 0.0)	(69.0, 0.0)	(70.0, 0.0)	(71.0, 0.0)	(72.0, 0.0)	(73.0, 0.0)	(74.0, 0.0)	(75.0, 0.0)	(76.0, 0.0)	(77.0, 0.0)	(78.0, 0.0)	(79.0, 0.0)	(80.0, 0.0)	(81.0, 0.0)	(82.0, 0.0)	(83.0, 0.0)	(84.0, 0.0)	(85.0, 0.0)	(86.0, 0.0)	(87.0, 0.0)	(88.0, 0.0)	(89.0, 0.0)	(90.0, 0.0)	(91.0, 0.0)	(92.0, 0.0)	(93.0, 0.0)	(94.0, 0.0)	(95.0, 0.0)	(96.0, 0.0)	(97.0, 0.0)	(98.0, 0.0)	(99.0, 0.0)	(100.0, 0.0)
SRR8438127_1	(0.0, 0.0)	(1.0, 0.0)	(2.0, 0.0)	(3.0, 0.0)	(4.0, 0.0)	(5.0, 0.0)	(6.0, 0.0)	(7.0, 0.0)	(8.0, 0.0)	(9.0, 0.0)	(10.0, 0.0)	(11.0, 0.0)	(12.0, 0.0)	(13.0, 0.0)	(14.0, 0.0)	(15.0, 0.0)	(16.0, 0.0)	(17.0, 0.0)	(18.0, 0.0)	(19.0, 0.0)	(20.0, 0.0)	(21.0, 0.0)	(22.0, 0.0)	(23.0, 0.0)	(24.0, 0.0)	(25.0, 0.0)	(26.0, 0.0)	(27.0, 0.0)	(28.0, 0.0)	(29.0, 0.0007716227999103354)	(30.0, 0.0015432455998206707)	(31.0, 0.0)	(32.0, 0.0)	(33.0, 0.0)	(34.0, 0.0)	(35.0, 0.0)	(36.0, 0.002314868399731006)	(37.0, 0.004629736799462012)	(38.0, 0.01003109639883436)	(39.0, 0.061729823992826775)	(40.0, 0.38426815435534784)	(41.0, 0.42439253995068643)	(42.0, 0.23765982237238242)	(43.0, 0.8619026674998361)	(44.0, 0.8634459130996567)	(45.0, 0.3773235491561546)	(46.0, 0.348001882759561)	(47.0, 0.3333410495612642)	(48.0, 0.9112865266940946)	(49.0, 9.607475481685196)	(50.0, 5.680687052939885)	(51.0, 28.274574257124456)	(52.0, 27.840922243574056)	(53.0, 6.655246649227081)	(54.0, 12.414639227756444)	(55.0, 3.3017739608162207)	(56.0, 0.6149833715285428)	(57.0, 0.29090179556619483)	(58.0, 0.22145574357426562)	(59.0, 0.11960153398610221)	(60.0, 0.0239203067972204)	(61.0, 0.021605438397489386)	(62.0, 0.0030864911996413415)	(63.0, 0.013889210398386033)	(64.0, 0.07253254319157143)	(65.0, 0.016975701598027373)	(66.0, 0.0030864911996413415)	(67.0, 0.0)	(68.0, 0.0)	(69.0, 0.0)	(70.0, 0.0)	(71.0, 0.0)	(72.0, 0.0)	(73.0, 0.0)	(74.0, 0.0)	(75.0, 0.0)	(76.0, 0.0)	(77.0, 0.0)	(78.0, 0.0)	(79.0, 0.0)	(80.0, 0.0)	(81.0, 0.0)	(82.0, 0.0)	(83.0, 0.0)	(84.0, 0.0)	(85.0, 0.0)	(86.0, 0.0)	(87.0, 0.0)	(88.0, 0.0)	(89.0, 0.0)	(90.0, 0.0)	(91.0, 0.0)	(92.0, 0.0)	(93.0, 0.0)	(94.0, 0.0)	(95.0, 0.0)	(96.0, 0.0)	(97.0, 0.0)	(98.0, 0.0)	(99.0, 0.0)	(100.0, 0.0)
SRR8438127_2	(0.0, 0.0)	(1.0, 0.0)	(2.0, 0.0)	(3.0, 0.0)	(4.0, 0.0)	(5.0, 0.0)	(6.0, 0.0)	(7.0, 0.0)	(8.0, 0.0)	(9.0, 0.0)	(10.0, 0.0)	(11.0, 0.0)	(12.0, 0.0)	(13.0, 0.0)	(14.0, 0.0)	(15.0, 0.0)	(16.0, 0.0)	(17.0, 0.0)	(18.0, 0.0)	(19.0, 0.0)	(20.0, 0.0)	(21.0, 0.0)	(22.0, 0.0)	(23.0, 0.0)	(24.0, 0.0)	(25.0, 0.0)	(26.0, 0.0)	(27.0, 0.0)	(28.0, 0.0)	(29.0, 0.0)	(30.0, 0.0)	(31.0, 0.0)	(32.0, 0.0)	(33.0, 0.0007972320104596452)	(34.0, 0.0007972320104596452)	(35.0, 0.0007972320104596452)	(36.0, 0.002391696031378936)	(37.0, 0.04145606454390157)	(38.0, 0.12277372961078559)	(39.0, 0.25910040339938367)	(40.0, 0.2949758438700672)	(41.0, 0.14429899389319617)	(42.0, 0.371111500868965)	(43.0, 0.6947876971155832)	(44.0, 0.8339046829407833)	(45.0, 0.3986160052298235)	(46.0, 0.2726533475771974)	(47.0, 0.282220131702713)	(48.0, 0.3176969561681673)	(49.0, 4.165138638646138)	(50.0, 9.878501841607171)	(51.0, 7.918905559896586)	(52.0, 26.83801840011955)	(53.0, 16.993797534953035)	(54.0, 11.360556149050305)	(55.0, 10.710014828515826)	(56.0, 3.750976609212446)	(57.0, 1.7124543584673457)	(58.0, 0.8777524435160614)	(59.0, 0.515011878756935)	(60.0, 0.33244574836167107)	(61.0, 0.2527225473157066)	(62.0, 0.18176889838479915)	(63.0, 0.1339349777572207)	(64.0, 0.08291212908780304)	(65.0, 0.07334534496228727)	(66.0, 0.08370936109826269)	(67.0, 0.043050528564820854)	(68.0, 0.017539104230112193)	(69.0, 0.011161248146435033)	(70.0, 0.003188928041838581)	(71.0, 0.005580624073217516)	(72.0, 0.004783392062757872)	(73.0, 0.0007972320104596452)	(74.0, 0.0)	(75.0, 0.0007972320104596452)	(76.0, 0.002391696031378936)	(77.0, 0.002391696031378936)	(78.0, 0.0015944640209192905)	(79.0, 0.0007972320104596452)	(80.0, 0.002391696031378936)	(81.0, 0.0007972320104596452)	(82.0, 0.0)	(83.0, 0.0)	(84.0, 0.0007972320104596452)	(85.0, 0.0007972320104596452)	(86.0, 0.0007972320104596452)	(87.0, 0.0)	(88.0, 0.0)	(89.0, 0.0)	(90.0, 0.0)	(91.0, 0.0)	(92.0, 0.0)	(93.0, 0.0)	(94.0, 0.0)	(95.0, 0.0)	(96.0, 0.0)	(97.0, 0.0)	(98.0, 0.0)	(99.0, 0.0)	(100.0, 0.0)
SRR8438128_1	(0.0, 0.0)	(1.0, 0.0)	(2.0, 0.0)	(3.0, 0.0)	(4.0, 0.0)	(5.0, 0.0)	(6.0, 0.0)	(7.0, 0.0)	(8.0, 0.0)	(9.0, 0.0)	(10.0, 0.0)	(11.0, 0.0)	(12.0, 0.0)	(13.0, 0.0)	(14.0, 0.0)	(15.0, 0.0)	(16.0, 0.0)	(17.0, 0.0)	(18.0, 0.0)	(19.0, 0.0)	(20.0, 0.0)	(21.0, 0.0)	(22.0, 0.0)	(23.0, 0.0)	(24.0, 0.0)	(25.0, 0.0)	(26.0, 0.0)	(27.0, 0.0)	(28.0, 0.0)	(29.0, 0.0)	(30.0, 0.0)	(31.0, 0.18484288354898332)	(32.0, 0.0)	(33.0, 0.0)	(34.0, 0.18484288354898332)	(35.0, 0.55452865064695)	(36.0, 0.36968576709796663)	(37.0, 0.0)	(38.0, 0.18484288354898332)	(39.0, 0.36968576709796663)	(40.0, 0.0)	(41.0, 0.7393715341959333)	(42.0, 3.6968576709796657)	(43.0, 4.990757855822549)	(44.0, 2.7726432532347496)	(45.0, 3.5120147874306817)	(46.0, 4.621072088724581)	(47.0, 4.251386321626615)	(48.0, 6.099815157116451)	(49.0, 3.6968576709796657)	(50.0, 6.839186691312385)	(51.0, 13.123844731977808)	(52.0, 10.166358595194085)	(53.0, 8.502772643253238)	(54.0, 7.948243992606287)	(55.0, 5.175600739371532)	(56.0, 4.621072088724581)	(57.0, 1.293900184842883)	(58.0, 2.402957486136783)	(59.0, 2.7726432532347496)	(60.0, 0.9242144177449165)	(61.0, 0.0)	(62.0, 0.0)	(63.0, 0.0)	(64.0, 0.0)	(65.0, 0.0)	(66.0, 0.0)	(67.0, 0.0)	(68.0, 0.0)	(69.0, 0.0)	(70.0, 0.0)	(71.0, 0.0)	(72.0, 0.0)	(73.0, 0.0)	(74.0, 0.0)	(75.0, 0.0)	(76.0, 0.0)	(77.0, 0.0)	(78.0, 0.0)	(79.0, 0.0)	(80.0, 0.0)	(81.0, 0.0)	(82.0, 0.0)	(83.0, 0.0)	(84.0, 0.0)	(85.0, 0.0)	(86.0, 0.0)	(87.0, 0.0)	(88.0, 0.0)	(89.0, 0.0)	(90.0, 0.0)	(91.0, 0.0)	(92.0, 0.0)	(93.0, 0.0)	(94.0, 0.0)	(95.0, 0.0)	(96.0, 0.0)	(97.0, 0.0)	(98.0, 0.0)	(99.0, 0.0)	(100.0, 0.0)
SRR8438128_2	(0.0, 0.0)	(1.0, 0.0)	(2.0, 0.0)	(3.0, 0.0)	(4.0, 0.0)	(5.0, 0.0)	(6.0, 0.0)	(7.0, 0.0)	(8.0, 0.0)	(9.0, 0.0)	(10.0, 0.0)	(11.0, 0.0)	(12.0, 0.0)	(13.0, 0.0)	(14.0, 0.0)	(15.0, 0.0)	(16.0, 0.0)	(17.0, 0.0)	(18.0, 0.0)	(19.0, 0.0)	(20.0, 0.0)	(21.0, 0.0)	(22.0, 0.0)	(23.0, 0.0)	(24.0, 0.0)	(25.0, 0.0)	(26.0, 0.0)	(27.0, 0.0)	(28.0, 0.0)	(29.0, 0.0)	(30.0, 0.0)	(31.0, 0.0)	(32.0, 0.0)	(33.0, 0.0)	(34.0, 0.0)	(35.0, 0.17953321364452424)	(36.0, 0.17953321364452424)	(37.0, 0.0)	(38.0, 0.3590664272890485)	(39.0, 0.8976660682226212)	(40.0, 0.718132854578097)	(41.0, 2.8725314183123873)	(42.0, 3.2315978456014354)	(43.0, 2.6929982046678633)	(44.0, 4.129263913824055)	(45.0, 3.2315978456014354)	(46.0, 2.513464991023339)	(47.0, 4.488330341113104)	(48.0, 4.30879712746858)	(49.0, 3.7701974865350074)	(50.0, 3.2315978456014354)	(51.0, 4.488330341113104)	(52.0, 9.15619389587074)	(53.0, 11.310592459605024)	(54.0, 9.15619389587074)	(55.0, 6.822262118491924)	(56.0, 7.181328545780972)	(57.0, 4.30879712746858)	(58.0, 3.0520646319569114)	(59.0, 2.333931777378815)	(60.0, 1.9748653500897668)	(61.0, 1.6157989228007184)	(62.0, 1.0771992818671452)	(63.0, 0.3590664272890485)	(64.0, 0.0)	(65.0, 0.0)	(66.0, 0.17953321364452424)	(67.0, 0.17953321364452424)	(68.0, 0.0)	(69.0, 0.0)	(70.0, 0.0)	(71.0, 0.0)	(72.0, 0.0)	(73.0, 0.0)	(74.0, 0.0)	(75.0, 0.0)	(76.0, 0.0)	(77.0, 0.0)	(78.0, 0.0)	(79.0, 0.0)	(80.0, 0.0)	(81.0, 0.0)	(82.0, 0.0)	(83.0, 0.0)	(84.0, 0.0)	(85.0, 0.0)	(86.0, 0.0)	(87.0, 0.0)	(88.0, 0.0)	(89.0, 0.0)	(90.0, 0.0)	(91.0, 0.0)	(92.0, 0.0)	(93.0, 0.0)	(94.0, 0.0)	(95.0, 0.0)	(96.0, 0.0)	(97.0, 0.0)	(98.0, 0.0)	(99.0, 0.0)	(100.0, 0.0)
SRR8438129	(0.0, 0.0)	(1.0, 0.0)	(2.0, 0.0)	(3.0, 0.0)	(4.0, 0.0)	(5.0, 0.0)	(6.0, 0.0)	(7.0, 0.0)	(8.0, 0.0)	(9.0, 0.0)	(10.0, 0.0)	(11.0, 0.0)	(12.0, 0.0)	(13.0, 0.0)	(14.0, 0.0)	(15.0, 0.0)	(16.0, 0.0)	(17.0, 0.0)	(18.0, 0.0)	(19.0, 0.0)	(20.0, 0.0)	(21.0, 0.0)	(22.0, 0.0)	(23.0, 0.0)	(24.0, 0.0)	(25.0, 0.0)	(26.0, 0.0)	(27.0, 0.0)	(28.0, 0.0)	(29.0, 0.0)	(30.0, 0.0)	(31.0, 0.0)	(32.0, 0.0)	(33.0, 0.0)	(34.0, 0.0)	(35.0, 0.0)	(36.0, 0.0)	(37.0, 0.0)	(38.0, 0.0)	(39.0, 0.0)	(40.0, 0.0)	(41.0, 0.0)	(42.0, 0.0)	(43.0, 0.0)	(44.0, 0.0)	(45.0, 50.0)	(46.0, 25.0)	(47.0, 0.0)	(48.0, 0.0)	(49.0, 0.0)	(50.0, 25.0)	(51.0, 0.0)	(52.0, 0.0)	(53.0, 0.0)	(54.0, 0.0)	(55.0, 0.0)	(56.0, 0.0)	(57.0, 0.0)	(58.0, 0.0)	(59.0, 0.0)	(60.0, 0.0)	(61.0, 0.0)	(62.0, 0.0)	(63.0, 0.0)	(64.0, 0.0)	(65.0, 0.0)	(66.0, 0.0)	(67.0, 0.0)	(68.0, 0.0)	(69.0, 0.0)	(70.0, 0.0)	(71.0, 0.0)	(72.0, 0.0)	(73.0, 0.0)	(74.0, 0.0)	(75.0, 0.0)	(76.0, 0.0)	(77.0, 0.0)	(78.0, 0.0)	(79.0, 0.0)	(80.0, 0.0)	(81.0, 0.0)	(82.0, 0.0)	(83.0, 0.0)	(84.0, 0.0)	(85.0, 0.0)	(86.0, 0.0)	(87.0, 0.0)	(88.0, 0.0)	(89.0, 0.0)	(90.0, 0.0)	(91.0, 0.0)	(92.0, 0.0)	(93.0, 0.0)	(94.0, 0.0)	(95.0, 0.0)	(96.0, 0.0)	(97.0, 0.0)	(98.0, 0.0)	(99.0, 0.0)	(100.0, 0.0)
SRR8438129_1	(0.0, 0.0)	(1.0, 0.0)	(2.0, 0.0)	(3.0, 0.0)	(4.0, 0.0)	(5.0, 0.0)	(6.0, 0.0)	(7.0, 0.0)	(8.0, 0.0)	(9.0, 0.0)	(10.0, 0.0)	(11.0, 0.0)	(12.0, 0.0)	(13.0, 0.0)	(14.0, 0.0)	(15.0, 0.0)	(16.0, 0.0)	(17.0, 0.0)	(18.0, 0.0)	(19.0, 0.0)	(20.0, 0.0)	(21.0, 0.0)	(22.0, 0.0)	(23.0, 0.0)	(24.0, 0.0)	(25.0, 0.0)	(26.0, 0.0)	(27.0, 0.0)	(28.0, 0.0030149541726966593)	(29.0, 0.018089725036179952)	(30.0, 0.11155330438977643)	(31.0, 0.04823926676314654)	(32.0, 0.018089725036179952)	(33.0, 0.027134587554269937)	(34.0, 0.06029908345393316)	(35.0, 0.4220935841775328)	(36.0, 0.2502411963338224)	(37.0, 0.211046792088766)	(38.0, 0.34973468403281244)	(39.0, 0.42812349252292614)	(40.0, 0.7507235890014672)	(41.0, 1.6160154365654156)	(42.0, 1.5225518572118166)	(43.0, 1.7516883743367695)	(44.0, 2.360709117221508)	(45.0, 2.110467920887682)	(46.0, 5.089242643511907)	(47.0, 15.237578388807977)	(48.0, 7.7484322238306635)	(49.0, 4.525446213217586)	(50.0, 4.995779064158301)	(51.0, 4.772672455378722)	(52.0, 5.288229618909909)	(53.0, 3.192836468885739)	(54.0, 17.50482392667535)	(55.0, 12.141220453449213)	(56.0, 4.106367583212775)	(57.0, 1.6371201157742927)	(58.0, 0.8110226724553996)	(59.0, 0.7597684515195572)	(60.0, 0.06934394597202315)	(61.0, 0.027134587554269937)	(62.0, 0.018089725036179952)	(63.0, 0.009044862518089978)	(64.0, 0.006029908345393319)	(65.0, 0.0)	(66.0, 0.0)	(67.0, 0.0)	(68.0, 0.0)	(69.0, 0.0)	(70.0, 0.0)	(71.0, 0.0)	(72.0, 0.0)	(73.0, 0.0)	(74.0, 0.0)	(75.0, 0.0)	(76.0, 0.0)	(77.0, 0.0)	(78.0, 0.0)	(79.0, 0.0)	(80.0, 0.0)	(81.0, 0.0)	(82.0, 0.0)	(83.0, 0.0)	(84.0, 0.0)	(85.0, 0.0)	(86.0, 0.0)	(87.0, 0.0)	(88.0, 0.0)	(89.0, 0.0)	(90.0, 0.0)	(91.0, 0.0)	(92.0, 0.0)	(93.0, 0.0)	(94.0, 0.0)	(95.0, 0.0)	(96.0, 0.0)	(97.0, 0.0)	(98.0, 0.0)	(99.0, 0.0)	(100.0, 0.0)
SRR8438129_2	(0.0, 0.0)	(1.0, 0.0)	(2.0, 0.0)	(3.0, 0.0)	(4.0, 0.0)	(5.0, 0.0)	(6.0, 0.0)	(7.0, 0.0)	(8.0, 0.0)	(9.0, 0.0)	(10.0, 0.0)	(11.0, 0.0)	(12.0, 0.0)	(13.0, 0.0)	(14.0, 0.0)	(15.0, 0.0)	(16.0, 0.0)	(17.0, 0.0)	(18.0, 0.0)	(19.0, 0.0)	(20.0, 0.0)	(21.0, 0.0)	(22.0, 0.0)	(23.0, 0.0)	(24.0, 0.0)	(25.0, 0.0)	(26.0, 0.0)	(27.0, 0.0)	(28.0, 0.0029714149878172624)	(29.0, 0.08914244963451788)	(30.0, 0.07131395970761428)	(31.0, 0.029714149878172627)	(32.0, 0.005942829975634525)	(33.0, 0.0029714149878172624)	(34.0, 0.0029714149878172624)	(35.0, 0.0029714149878172624)	(36.0, 0.017828489926903574)	(37.0, 0.19314197420812199)	(38.0, 0.3535983835502543)	(39.0, 0.17531348428121848)	(40.0, 0.4367980032091382)	(41.0, 0.5229690378558395)	(42.0, 0.43976941819695553)	(43.0, 0.7250252570274114)	(44.0, 0.8765674214060897)	(45.0, 1.3668508943959408)	(46.0, 1.5481072086527987)	(47.0, 2.7574731086944184)	(48.0, 15.457300766624375)	(49.0, 16.824151661020004)	(50.0, 12.622570868247351)	(51.0, 7.975277827301816)	(52.0, 6.920425506626568)	(53.0, 7.262138230225593)	(54.0, 5.11083377904565)	(55.0, 5.8774588459025905)	(56.0, 4.139181078029367)	(57.0, 2.959529327865981)	(58.0, 2.4662744398883434)	(59.0, 1.4500505140548263)	(60.0, 0.6150829024781743)	(61.0, 0.2822844238426396)	(62.0, 0.15154216437868046)	(63.0, 0.07131395970761428)	(64.0, 0.04754263980507619)	(65.0, 0.044571224817258934)	(66.0, 0.020799904914720835)	(67.0, 0.01188565995126905)	(68.0, 0.008914244963451787)	(69.0, 0.01485707493908631)	(70.0, 0.01188565995126905)	(71.0, 0.005942829975634525)	(72.0, 0.0029714149878172624)	(73.0, 0.0029714149878172624)	(74.0, 0.0029714149878172624)	(75.0, 0.0)	(76.0, 0.0)	(77.0, 0.005942829975634525)	(78.0, 0.005942829975634525)	(79.0, 0.0029714149878172624)	(80.0, 0.0)	(81.0, 0.0)	(82.0, 0.0)	(83.0, 0.0)	(84.0, 0.0)	(85.0, 0.0)	(86.0, 0.0)	(87.0, 0.0)	(88.0, 0.0)	(89.0, 0.0)	(90.0, 0.0)	(91.0, 0.0)	(92.0, 0.0)	(93.0, 0.0)	(94.0, 0.0)	(95.0, 0.0029714149878172624)	(96.0, 0.0)	(97.0, 0.0)	(98.0, 0.0)	(99.0, 0.0)	(100.0, 0.0)
SRR8438130	(0.0, 0.0)	(1.0, 0.0)	(2.0, 0.0)	(3.0, 0.0)	(4.0, 0.0)	(5.0, 0.0)	(6.0, 0.0)	(7.0, 0.0)	(8.0, 0.0)	(9.0, 0.0)	(10.0, 0.0)	(11.0, 0.0)	(12.0, 0.0)	(13.0, 0.0)	(14.0, 0.0)	(15.0, 0.0)	(16.0, 0.0)	(17.0, 0.0)	(18.0, 0.0)	(19.0, 0.0)	(20.0, 0.0)	(21.0, 0.0)	(22.0, 0.0)	(23.0, 0.0)	(24.0, 0.0)	(25.0, 0.0)	(26.0, 0.0)	(27.0, 0.0)	(28.0, 0.0)	(29.0, 0.0)	(30.0, 0.0)	(31.0, 0.0)	(32.0, 0.0)	(33.0, 0.0)	(34.0, 0.0)	(35.0, 0.0)	(36.0, 0.0)	(37.0, 0.0)	(38.0, 0.0)	(39.0, 0.0)	(40.0, 0.0)	(41.0, 4.166666666666667)	(42.0, 0.0)	(43.0, 4.166666666666667)	(44.0, 8.333333333333334)	(45.0, 12.500000000000004)	(46.0, 8.333333333333334)	(47.0, 8.333333333333334)	(48.0, 25.000000000000007)	(49.0, 16.666666666666668)	(50.0, 4.166666666666667)	(51.0, 0.0)	(52.0, 0.0)	(53.0, 4.166666666666667)	(54.0, 4.166666666666667)	(55.0, 0.0)	(56.0, 0.0)	(57.0, 0.0)	(58.0, 0.0)	(59.0, 0.0)	(60.0, 0.0)	(61.0, 0.0)	(62.0, 0.0)	(63.0, 0.0)	(64.0, 0.0)	(65.0, 0.0)	(66.0, 0.0)	(67.0, 0.0)	(68.0, 0.0)	(69.0, 0.0)	(70.0, 0.0)	(71.0, 0.0)	(72.0, 0.0)	(73.0, 0.0)	(74.0, 0.0)	(75.0, 0.0)	(76.0, 0.0)	(77.0, 0.0)	(78.0, 0.0)	(79.0, 0.0)	(80.0, 0.0)	(81.0, 0.0)	(82.0, 0.0)	(83.0, 0.0)	(84.0, 0.0)	(85.0, 0.0)	(86.0, 0.0)	(87.0, 0.0)	(88.0, 0.0)	(89.0, 0.0)	(90.0, 0.0)	(91.0, 0.0)	(92.0, 0.0)	(93.0, 0.0)	(94.0, 0.0)	(95.0, 0.0)	(96.0, 0.0)	(97.0, 0.0)	(98.0, 0.0)	(99.0, 0.0)	(100.0, 0.0)
SRR8438130_1	(0.0, 0.0)	(1.0, 0.0)	(2.0, 0.0)	(3.0, 0.0)	(4.0, 0.0)	(5.0, 0.0)	(6.0, 0.0)	(7.0, 0.0)	(8.0, 0.0)	(9.0, 0.0)	(10.0, 0.0)	(11.0, 0.0)	(12.0, 0.0)	(13.0, 0.0)	(14.0, 0.0)	(15.0, 0.0)	(16.0, 0.0)	(17.0, 0.0)	(18.0, 0.0)	(19.0, 0.0)	(20.0, 0.0)	(21.0, 0.0)	(22.0, 0.0)	(23.0, 0.0)	(24.0, 0.0061412487205723685)	(25.0, 0.03957693619924415)	(26.0, 0.018423746161717103)	(27.0, 0.0013647219379049706)	(28.0, 0.0013647219379049706)	(29.0, 0.0)	(30.0, 0.0006823609689524853)	(31.0, 0.0)	(32.0, 0.0)	(33.0, 0.002047082906857456)	(34.0, 0.11122483793925533)	(35.0, 0.17331968611393103)	(36.0, 0.02661207778914694)	(37.0, 0.019106107130669587)	(38.0, 0.029341521664956887)	(39.0, 0.04367110201295904)	(40.0, 0.16513135448650132)	(41.0, 0.17331968611393103)	(42.0, 1.5823950870008503)	(43.0, 9.276697372909751)	(44.0, 3.63357215967173)	(45.0, 1.6226543841690515)	(46.0, 1.2282497441144702)	(47.0, 1.0249061753666107)	(48.0, 2.7888092801087447)	(49.0, 3.7147731149770573)	(50.0, 2.0163766632546802)	(51.0, 2.779938587512365)	(52.0, 4.285909245990221)	(53.0, 5.4165813715450035)	(54.0, 19.671784373930375)	(55.0, 27.28283862164024)	(56.0, 7.475946775844541)	(57.0, 2.9512111907193996)	(58.0, 1.286250426475438)	(59.0, 0.5895598771749495)	(60.0, 0.24633230979184592)	(61.0, 0.11258955987716031)	(62.0, 0.10644831115658791)	(63.0, 0.045718184919816496)	(64.0, 0.023882633913336993)	(65.0, 0.009553053565334793)	(66.0, 0.0061412487205723685)	(67.0, 0.0061412487205723685)	(68.0, 0.0027294438758099413)	(69.0, 0.0006823609689524853)	(70.0, 0.0)	(71.0, 0.0)	(72.0, 0.0)	(73.0, 0.0)	(74.0, 0.0)	(75.0, 0.0)	(76.0, 0.0)	(77.0, 0.0)	(78.0, 0.0)	(79.0, 0.0)	(80.0, 0.0)	(81.0, 0.0)	(82.0, 0.0)	(83.0, 0.0)	(84.0, 0.0)	(85.0, 0.0)	(86.0, 0.0)	(87.0, 0.0)	(88.0, 0.0)	(89.0, 0.0)	(90.0, 0.0)	(91.0, 0.0)	(92.0, 0.0)	(93.0, 0.0)	(94.0, 0.0)	(95.0, 0.0)	(96.0, 0.0)	(97.0, 0.0)	(98.0, 0.0)	(99.0, 0.0)	(100.0, 0.0)
SRR8438130_2	(0.0, 0.0)	(1.0, 0.0)	(2.0, 0.0)	(3.0, 0.0)	(4.0, 0.0)	(5.0, 0.0)	(6.0, 0.0)	(7.0, 0.0)	(8.0, 0.0)	(9.0, 0.0)	(10.0, 0.0)	(11.0, 0.0)	(12.0, 0.0)	(13.0, 0.0)	(14.0, 0.0)	(15.0, 0.0)	(16.0, 0.0)	(17.0, 0.0)	(18.0, 0.0)	(19.0, 0.0)	(20.0, 0.0)	(21.0, 0.0)	(22.0, 0.0)	(23.0, 0.0)	(24.0, 0.0014048890137680278)	(25.0, 0.02107333520652042)	(26.0, 0.034419780837316706)	(27.0, 0.014751334644564287)	(28.0, 0.0049171115481880965)	(29.0, 0.0014048890137680278)	(30.0, 0.0007024445068840139)	(31.0, 0.0)	(32.0, 0.0014048890137680278)	(33.0, 0.0021073335206520417)	(34.0, 0.005619556055072111)	(35.0, 0.06673222815398124)	(36.0, 0.11730823264963058)	(37.0, 0.04074178139927281)	(38.0, 0.03652711435796874)	(39.0, 0.03652711435796874)	(40.0, 0.13732790109582507)	(41.0, 0.1443523461646651)	(42.0, 0.40390559145831023)	(43.0, 1.5390559145829021)	(44.0, 7.983984265244978)	(45.0, 5.165074459118148)	(46.0, 2.271705535262973)	(47.0, 1.4076987917955766)	(48.0, 3.003652711435949)	(49.0, 2.4810339983143614)	(50.0, 2.507726889575948)	(51.0, 2.135080078674056)	(52.0, 3.6657066591739818)	(53.0, 4.45701039617874)	(54.0, 3.666057881427424)	(55.0, 13.899269457710764)	(56.0, 18.050716493393658)	(57.0, 11.925400393368479)	(58.0, 6.968249508290232)	(59.0, 3.5838718741220124)	(60.0, 1.8628828322564694)	(61.0, 1.0037932003372356)	(62.0, 0.5689800505760557)	(63.0, 0.2880022478224447)	(64.0, 0.1601573475695552)	(65.0, 0.10817645406013833)	(66.0, 0.06883956167463327)	(67.0, 0.047766226468112925)	(68.0, 0.038634447878620776)	(69.0, 0.019668446192752386)	(70.0, 0.014048890137680273)	(71.0, 0.010536667603260207)	(72.0, 0.008429334082608167)	(73.0, 0.0049171115481880965)	(74.0, 0.0014048890137680278)	(75.0, 0.0)	(76.0, 0.0028097780275360557)	(77.0, 0.0007024445068840139)	(78.0, 0.0)	(79.0, 0.0007024445068840139)	(80.0, 0.0007024445068840139)	(81.0, 0.0)	(82.0, 0.0)	(83.0, 0.0007024445068840139)	(84.0, 0.0014048890137680278)	(85.0, 0.0)	(86.0, 0.0)	(87.0, 0.0)	(88.0, 0.0)	(89.0, 0.0007024445068840139)	(90.0, 0.0)	(91.0, 0.0)	(92.0, 0.0)	(93.0, 0.0)	(94.0, 0.0007024445068840139)	(95.0, 0.0014048890137680278)	(96.0, 0.0)	(97.0, 0.0007024445068840139)	(98.0, 0.0007024445068840139)	(99.0, 0.0)	(100.0, 0.0)
SRR8438131	(0.0, 0.0)	(1.0, 0.0)	(2.0, 0.0)	(3.0, 0.0)	(4.0, 0.0)	(5.0, 0.0)	(6.0, 0.0)	(7.0, 0.0)	(8.0, 0.0)	(9.0, 0.0)	(10.0, 0.0)	(11.0, 0.0)	(12.0, 0.0)	(13.0, 0.0)	(14.0, 0.0)	(15.0, 0.0)	(16.0, 0.0)	(17.0, 0.0)	(18.0, 0.0)	(19.0, 0.0)	(20.0, 0.0)	(21.0, 0.0)	(22.0, 0.0)	(23.0, 0.0)	(24.0, 0.0)	(25.0, 0.0)	(26.0, 0.0)	(27.0, 0.0)	(28.0, 0.0)	(29.0, 0.0)	(30.0, 0.0)	(31.0, 0.0)	(32.0, 0.0)	(33.0, 0.0)	(34.0, 0.0)	(35.0, 0.0)	(36.0, 0.0)	(37.0, 0.0)	(38.0, 0.0)	(39.0, 0.0)	(40.0, 0.0)	(41.0, 0.0)	(42.0, 0.0)	(43.0, 33.33333333333333)	(44.0, 16.666666666666664)	(45.0, 0.0)	(46.0, 8.333333333333332)	(47.0, 8.333333333333332)	(48.0, 8.333333333333332)	(49.0, 8.333333333333332)	(50.0, 8.333333333333332)	(51.0, 0.0)	(52.0, 8.333333333333332)	(53.0, 0.0)	(54.0, 0.0)	(55.0, 0.0)	(56.0, 0.0)	(57.0, 0.0)	(58.0, 0.0)	(59.0, 0.0)	(60.0, 0.0)	(61.0, 0.0)	(62.0, 0.0)	(63.0, 0.0)	(64.0, 0.0)	(65.0, 0.0)	(66.0, 0.0)	(67.0, 0.0)	(68.0, 0.0)	(69.0, 0.0)	(70.0, 0.0)	(71.0, 0.0)	(72.0, 0.0)	(73.0, 0.0)	(74.0, 0.0)	(75.0, 0.0)	(76.0, 0.0)	(77.0, 0.0)	(78.0, 0.0)	(79.0, 0.0)	(80.0, 0.0)	(81.0, 0.0)	(82.0, 0.0)	(83.0, 0.0)	(84.0, 0.0)	(85.0, 0.0)	(86.0, 0.0)	(87.0, 0.0)	(88.0, 0.0)	(89.0, 0.0)	(90.0, 0.0)	(91.0, 0.0)	(92.0, 0.0)	(93.0, 0.0)	(94.0, 0.0)	(95.0, 0.0)	(96.0, 0.0)	(97.0, 0.0)	(98.0, 0.0)	(99.0, 0.0)	(100.0, 0.0)
SRR8438131_1	(0.0, 0.0)	(1.0, 0.0)	(2.0, 0.0)	(3.0, 0.0)	(4.0, 0.0)	(5.0, 0.0)	(6.0, 0.0)	(7.0, 0.0)	(8.0, 0.0)	(9.0, 0.0)	(10.0, 0.0)	(11.0, 0.0)	(12.0, 0.0)	(13.0, 0.0)	(14.0, 0.0)	(15.0, 0.0)	(16.0, 0.0)	(17.0, 0.0)	(18.0, 0.0)	(19.0, 0.0)	(20.0, 0.0)	(21.0, 0.0)	(22.0, 0.0)	(23.0, 0.0)	(24.0, 0.0)	(25.0, 0.0)	(26.0, 0.0)	(27.0, 0.0)	(28.0, 0.0)	(29.0, 0.0)	(30.0, 0.0)	(31.0, 0.0)	(32.0, 0.0)	(33.0, 0.0)	(34.0, 0.06269257959956195)	(35.0, 0.1920793928156793)	(36.0, 0.04268430951459535)	(37.0, 0.014672731395642152)	(38.0, 0.014672731395642152)	(39.0, 0.04001654016993313)	(40.0, 0.13739012125010364)	(41.0, 0.20941989355598378)	(42.0, 0.1640678146967259)	(43.0, 0.18674385412635483)	(44.0, 0.200082700849666)	(45.0, 0.25210420307057946)	(46.0, 0.36148274620172854)	(47.0, 0.39482986301000567)	(48.0, 0.2801157811895323)	(49.0, 0.4855340207285195)	(50.0, 1.6073310301589594)	(51.0, 38.313169443364444)	(52.0, 45.82960957196389)	(53.0, 6.885512678572714)	(54.0, 2.0648534727685046)	(55.0, 1.0297589670396239)	(56.0, 0.5642332163960557)	(57.0, 0.34947778415074876)	(58.0, 0.1640678146967259)	(59.0, 0.08536861902919066)	(60.0, 0.038682655497602025)	(61.0, 0.020008270084966567)	(62.0, 0.005335538689324418)	(63.0, 0.0)	(64.0, 0.0)	(65.0, 0.002667769344662209)	(66.0, 0.0013338846723311044)	(67.0, 0.0)	(68.0, 0.0)	(69.0, 0.0)	(70.0, 0.0)	(71.0, 0.0)	(72.0, 0.0)	(73.0, 0.0)	(74.0, 0.0)	(75.0, 0.0)	(76.0, 0.0)	(77.0, 0.0)	(78.0, 0.0)	(79.0, 0.0)	(80.0, 0.0)	(81.0, 0.0)	(82.0, 0.0)	(83.0, 0.0)	(84.0, 0.0)	(85.0, 0.0)	(86.0, 0.0)	(87.0, 0.0)	(88.0, 0.0)	(89.0, 0.0)	(90.0, 0.0)	(91.0, 0.0)	(92.0, 0.0)	(93.0, 0.0)	(94.0, 0.0)	(95.0, 0.0)	(96.0, 0.0)	(97.0, 0.0)	(98.0, 0.0)	(99.0, 0.0)	(100.0, 0.0)
SRR8438131_2	(0.0, 0.0)	(1.0, 0.0)	(2.0, 0.0)	(3.0, 0.0)	(4.0, 0.0)	(5.0, 0.0)	(6.0, 0.0)	(7.0, 0.0)	(8.0, 0.0)	(9.0, 0.0)	(10.0, 0.0)	(11.0, 0.0)	(12.0, 0.0)	(13.0, 0.0)	(14.0, 0.0)	(15.0, 0.0)	(16.0, 0.0)	(17.0, 0.0)	(18.0, 0.0)	(19.0, 0.0)	(20.0, 0.0)	(21.0, 0.0)	(22.0, 0.0)	(23.0, 0.0)	(24.0, 0.0)	(25.0, 0.0)	(26.0, 0.0)	(27.0, 0.0)	(28.0, 0.0)	(29.0, 0.0)	(30.0, 0.0)	(31.0, 0.0)	(32.0, 0.0)	(33.0, 0.0027230149221219775)	(34.0, 0.0027230149221219775)	(35.0, 0.03267617906546372)	(36.0, 0.06671386559198848)	(37.0, 0.08441346258578128)	(38.0, 0.1007515521185131)	(39.0, 0.04084522383182966)	(40.0, 0.042206731292890654)	(41.0, 0.11164361180700094)	(42.0, 0.18652652216535565)	(43.0, 0.1415967759503427)	(44.0, 0.107559089423818)	(45.0, 0.18516501470429464)	(46.0, 0.22192571615294163)	(47.0, 0.29000108920599094)	(48.0, 0.2709399847511374)	(49.0, 0.328123298115698)	(50.0, 0.7304487528592234)	(51.0, 2.5276386014597274)	(52.0, 31.25884979848907)	(53.0, 41.28226772683229)	(54.0, 11.213375449298836)	(55.0, 4.347293323167889)	(56.0, 2.04498420651356)	(57.0, 1.2961551029300589)	(58.0, 0.9285480884436028)	(59.0, 0.6331009693933598)	(60.0, 0.4288748502342098)	(61.0, 0.3430998801873687)	(62.0, 0.23826380568567357)	(63.0, 0.12934320880079375)	(64.0, 0.1252586864176108)	(65.0, 0.08713647750790324)	(66.0, 0.05582180590350056)	(67.0, 0.035399193987585696)	(68.0, 0.020422611915914827)	(69.0, 0.014976582071670876)	(70.0, 0.0068075373053049434)	(71.0, 0.00953055222742692)	(72.0, 0.0027230149221219775)	(73.0, 0.004084522383182966)	(74.0, 0.0013615074610609887)	(75.0, 0.0)	(76.0, 0.0027230149221219775)	(77.0, 0.0013615074610609887)	(78.0, 0.0013615074610609887)	(79.0, 0.0013615074610609887)	(80.0, 0.0013615074610609887)	(81.0, 0.0)	(82.0, 0.0)	(83.0, 0.0)	(84.0, 0.0013615074610609887)	(85.0, 0.0013615074610609887)	(86.0, 0.0)	(87.0, 0.0)	(88.0, 0.0013615074610609887)	(89.0, 0.0013615074610609887)	(90.0, 0.0)	(91.0, 0.0)	(92.0, 0.0013615074610609887)	(93.0, 0.0013615074610609887)	(94.0, 0.0)	(95.0, 0.0)	(96.0, 0.0013615074610609887)	(97.0, 0.0)	(98.0, 0.0)	(99.0, 0.0)	(100.0, 0.0)
SRR8438132	(0.0, 0.0)	(1.0, 0.0)	(2.0, 0.0)	(3.0, 0.0)	(4.0, 0.0)	(5.0, 0.0)	(6.0, 0.0)	(7.0, 0.0)	(8.0, 0.0)	(9.0, 0.0)	(10.0, 0.0)	(11.0, 0.0)	(12.0, 0.0)	(13.0, 0.0)	(14.0, 0.0)	(15.0, 0.0)	(16.0, 0.0)	(17.0, 0.0)	(18.0, 0.0)	(19.0, 0.0)	(20.0, 0.0)	(21.0, 0.0)	(22.0, 0.0)	(23.0, 0.0)	(24.0, 0.0)	(25.0, 0.0)	(26.0, 0.0)	(27.0, 0.0)	(28.0, 0.0)	(29.0, 0.0)	(30.0, 0.0)	(31.0, 0.0)	(32.0, 0.0)	(33.0, 0.0)	(34.0, 0.0)	(35.0, 0.0)	(36.0, 0.0)	(37.0, 0.0)	(38.0, 0.0)	(39.0, 0.0)	(40.0, 0.0)	(41.0, 2.6315789473684204)	(42.0, 2.6315789473684204)	(43.0, 2.6315789473684204)	(44.0, 5.263157894736841)	(45.0, 7.894736842105263)	(46.0, 18.421052631578945)	(47.0, 15.789473684210522)	(48.0, 15.789473684210522)	(49.0, 10.526315789473681)	(50.0, 10.526315789473681)	(51.0, 7.894736842105263)	(52.0, 0.0)	(53.0, 0.0)	(54.0, 0.0)	(55.0, 0.0)	(56.0, 0.0)	(57.0, 0.0)	(58.0, 0.0)	(59.0, 0.0)	(60.0, 0.0)	(61.0, 0.0)	(62.0, 0.0)	(63.0, 0.0)	(64.0, 0.0)	(65.0, 0.0)	(66.0, 0.0)	(67.0, 0.0)	(68.0, 0.0)	(69.0, 0.0)	(70.0, 0.0)	(71.0, 0.0)	(72.0, 0.0)	(73.0, 0.0)	(74.0, 0.0)	(75.0, 0.0)	(76.0, 0.0)	(77.0, 0.0)	(78.0, 0.0)	(79.0, 0.0)	(80.0, 0.0)	(81.0, 0.0)	(82.0, 0.0)	(83.0, 0.0)	(84.0, 0.0)	(85.0, 0.0)	(86.0, 0.0)	(87.0, 0.0)	(88.0, 0.0)	(89.0, 0.0)	(90.0, 0.0)	(91.0, 0.0)	(92.0, 0.0)	(93.0, 0.0)	(94.0, 0.0)	(95.0, 0.0)	(96.0, 0.0)	(97.0, 0.0)	(98.0, 0.0)	(99.0, 0.0)	(100.0, 0.0)
SRR8438132_1	(0.0, 0.0)	(1.0, 0.0)	(2.0, 0.0)	(3.0, 0.0)	(4.0, 0.0)	(5.0, 0.0)	(6.0, 0.0)	(7.0, 0.0)	(8.0, 0.0)	(9.0, 0.0)	(10.0, 0.0)	(11.0, 0.0)	(12.0, 0.0)	(13.0, 0.0)	(14.0, 0.0)	(15.0, 0.0)	(16.0, 0.0)	(17.0, 0.0)	(18.0, 0.0)	(19.0, 0.0)	(20.0, 0.0)	(21.0, 0.0)	(22.0, 0.0)	(23.0, 0.0)	(24.0, 0.0)	(25.0, 0.0)	(26.0, 0.0)	(27.0, 0.0)	(28.0, 0.0)	(29.0, 0.0)	(30.0, 0.0)	(31.0, 0.0)	(32.0, 0.0)	(33.0, 0.0011808187797425751)	(34.0, 0.004132865729099013)	(35.0, 0.006494503288584164)	(36.0, 0.007084912678455452)	(37.0, 0.011217778407554462)	(38.0, 0.011217778407554462)	(39.0, 0.05018479813905939)	(40.0, 0.07557240190352486)	(41.0, 0.102140824447733)	(42.0, 0.1399270253994951)	(43.0, 0.15114480380704942)	(44.0, 0.27690200384963404)	(45.0, 0.28871019164706013)	(46.0, 0.2615513597129801)	(47.0, 0.304060835783714)	(48.0, 0.25151440008516796)	(49.0, 0.30583206395332796)	(50.0, 1.1383093036718481)	(51.0, 37.88775136680912)	(52.0, 48.47969582106148)	(53.0, 7.303364152709103)	(54.0, 1.6005998559411188)	(55.0, 0.6217010875344615)	(56.0, 0.33830458039624967)	(57.0, 0.21313778974353373)	(58.0, 0.09977918688824784)	(59.0, 0.032472516442920825)	(60.0, 0.019483509865752497)	(61.0, 0.006494503288584164)	(62.0, 0.004132865729099013)	(63.0, 0.0023616375594851502)	(64.0, 0.0011808187797425751)	(65.0, 0.0005904093898712876)	(66.0, 0.001771228169613863)	(67.0, 0.0)	(68.0, 0.0)	(69.0, 0.0)	(70.0, 0.0)	(71.0, 0.0)	(72.0, 0.0)	(73.0, 0.0)	(74.0, 0.0)	(75.0, 0.0)	(76.0, 0.0)	(77.0, 0.0)	(78.0, 0.0)	(79.0, 0.0)	(80.0, 0.0)	(81.0, 0.0)	(82.0, 0.0)	(83.0, 0.0)	(84.0, 0.0)	(85.0, 0.0)	(86.0, 0.0)	(87.0, 0.0)	(88.0, 0.0)	(89.0, 0.0)	(90.0, 0.0)	(91.0, 0.0)	(92.0, 0.0)	(93.0, 0.0)	(94.0, 0.0)	(95.0, 0.0)	(96.0, 0.0)	(97.0, 0.0)	(98.0, 0.0)	(99.0, 0.0)	(100.0, 0.0)
SRR8438132_2	(0.0, 0.0)	(1.0, 0.0)	(2.0, 0.0)	(3.0, 0.0)	(4.0, 0.0)	(5.0, 0.0)	(6.0, 0.0)	(7.0, 0.0)	(8.0, 0.0)	(9.0, 0.0)	(10.0, 0.0)	(11.0, 0.0)	(12.0, 0.0)	(13.0, 0.0)	(14.0, 0.0)	(15.0, 0.0)	(16.0, 0.0)	(17.0, 0.0)	(18.0, 0.0)	(19.0, 0.0)	(20.0, 0.0)	(21.0, 0.0)	(22.0, 0.0)	(23.0, 0.0)	(24.0, 0.0)	(25.0, 0.0)	(26.0, 0.0)	(27.0, 0.0)	(28.0, 0.0)	(29.0, 0.0)	(30.0, 0.0)	(31.0, 0.0)	(32.0, 0.0006075260324905822)	(33.0, 0.0006075260324905822)	(34.0, 0.0012150520649811644)	(35.0, 0.002126341113717038)	(36.0, 0.0027338671462076203)	(37.0, 0.0012150520649811644)	(38.0, 0.00789783842237757)	(39.0, 0.01093546858483048)	(40.0, 0.03948919211188784)	(41.0, 0.07351064993136049)	(42.0, 0.08991385280860632)	(43.0, 0.11694876125443743)	(44.0, 0.1473250628789661)	(45.0, 0.15674171638257)	(46.0, 0.21870937169660853)	(47.0, 0.2761205817669696)	(48.0, 0.2597173788897234)	(49.0, 0.3219887972200098)	(50.0, 0.4927036123498661)	(51.0, 1.5750112392318865)	(52.0, 31.056427017919702)	(53.0, 44.00402182231189)	(54.0, 11.58278757244681)	(55.0, 3.957424575643416)	(56.0, 1.9422607258724591)	(57.0, 1.1014446969054235)	(58.0, 0.6792141043244643)	(59.0, 0.49817134664228097)	(60.0, 0.386994082696504)	(61.0, 0.27763939684819605)	(62.0, 0.20959648120924987)	(63.0, 0.15613419035007942)	(64.0, 0.11360736807573919)	(65.0, 0.07533322802883224)	(66.0, 0.05771497308660523)	(67.0, 0.034628983851963197)	(68.0, 0.02187093716966097)	(69.0, 0.01154299461732106)	(70.0, 0.006682786357396406)	(71.0, 0.006682786357396406)	(72.0, 0.002430104129962329)	(73.0, 0.002430104129962329)	(74.0, 0.002430104129962329)	(75.0, 0.0)	(76.0, 0.0012150520649811644)	(77.0, 0.0036451561949434937)	(78.0, 0.0036451561949434937)	(79.0, 0.0030376301624529113)	(80.0, 0.0012150520649811644)	(81.0, 0.0006075260324905822)	(82.0, 0.0006075260324905822)	(83.0, 0.0006075260324905822)	(84.0, 0.0)	(85.0, 0.0006075260324905822)	(86.0, 0.0006075260324905822)	(87.0, 0.0006075260324905822)	(88.0, 0.0006075260324905822)	(89.0, 0.0)	(90.0, 0.0)	(91.0, 0.0)	(92.0, 0.0)	(93.0, 0.0)	(94.0, 0.0)	(95.0, 0.0)	(96.0, 0.0)	(97.0, 0.0)	(98.0, 0.0)	(99.0, 0.0)	(100.0, 0.0)
SRR8438133	(0.0, 0.0)	(1.0, 0.0)	(2.0, 0.0)	(3.0, 0.0)	(4.0, 0.0)	(5.0, 0.0)	(6.0, 0.0)	(7.0, 0.0)	(8.0, 0.0)	(9.0, 0.0)	(10.0, 0.0)	(11.0, 0.0)	(12.0, 0.0)	(13.0, 0.0)	(14.0, 0.0)	(15.0, 0.0)	(16.0, 0.0)	(17.0, 0.0)	(18.0, 0.0)	(19.0, 0.0)	(20.0, 0.0)	(21.0, 0.0)	(22.0, 0.0)	(23.0, 0.0)	(24.0, 0.0)	(25.0, 0.0)	(26.0, 0.0)	(27.0, 0.0)	(28.0, 0.0)	(29.0, 0.0)	(30.0, 0.0)	(31.0, 0.0)	(32.0, 0.0)	(33.0, 0.0)	(34.0, 0.0)	(35.0, 0.0)	(36.0, 0.0)	(37.0, 0.0)	(38.0, 0.0)	(39.0, 0.0)	(40.0, 0.0)	(41.0, 0.0)	(42.0, 0.0)	(43.0, 0.0)	(44.0, 25.0)	(45.0, 0.0)	(46.0, 25.0)	(47.0, 0.0)	(48.0, 25.0)	(49.0, 0.0)	(50.0, 25.0)	(51.0, 0.0)	(52.0, 0.0)	(53.0, 0.0)	(54.0, 0.0)	(55.0, 0.0)	(56.0, 0.0)	(57.0, 0.0)	(58.0, 0.0)	(59.0, 0.0)	(60.0, 0.0)	(61.0, 0.0)	(62.0, 0.0)	(63.0, 0.0)	(64.0, 0.0)	(65.0, 0.0)	(66.0, 0.0)	(67.0, 0.0)	(68.0, 0.0)	(69.0, 0.0)	(70.0, 0.0)	(71.0, 0.0)	(72.0, 0.0)	(73.0, 0.0)	(74.0, 0.0)	(75.0, 0.0)	(76.0, 0.0)	(77.0, 0.0)	(78.0, 0.0)	(79.0, 0.0)	(80.0, 0.0)	(81.0, 0.0)	(82.0, 0.0)	(83.0, 0.0)	(84.0, 0.0)	(85.0, 0.0)	(86.0, 0.0)	(87.0, 0.0)	(88.0, 0.0)	(89.0, 0.0)	(90.0, 0.0)	(91.0, 0.0)	(92.0, 0.0)	(93.0, 0.0)	(94.0, 0.0)	(95.0, 0.0)	(96.0, 0.0)	(97.0, 0.0)	(98.0, 0.0)	(99.0, 0.0)	(100.0, 0.0)
SRR8438133_1	(0.0, 0.0)	(1.0, 0.0)	(2.0, 0.0)	(3.0, 0.0)	(4.0, 0.0)	(5.0, 0.0)	(6.0, 0.0)	(7.0, 0.0)	(8.0, 0.0)	(9.0, 0.0)	(10.0, 0.0)	(11.0, 0.0)	(12.0, 0.0)	(13.0, 0.0)	(14.0, 0.0)	(15.0, 0.0)	(16.0, 0.0)	(17.0, 0.0)	(18.0, 0.0)	(19.0, 0.0)	(20.0, 0.0)	(21.0, 0.0)	(22.0, 0.0)	(23.0, 0.0)	(24.0, 0.0)	(25.0, 0.0)	(26.0, 0.0)	(27.0, 0.0)	(28.0, 0.0)	(29.0, 0.0)	(30.0, 0.0)	(31.0, 0.0)	(32.0, 0.0)	(33.0, 0.0)	(34.0, 0.002281750559028676)	(35.0, 0.002281750559028676)	(36.0, 0.004563501118057352)	(37.0, 0.004563501118057352)	(38.0, 0.01140875279514338)	(39.0, 0.031944507826401465)	(40.0, 0.16200428969103592)	(41.0, 0.2395838086980108)	(42.0, 0.16884954136812189)	(43.0, 0.6639894126773427)	(44.0, 1.2207365490803466)	(45.0, 0.7575411855975172)	(46.0, 1.1066490211289093)	(47.0, 0.4563501118057362)	(48.0, 0.45863186236476483)	(49.0, 1.6291698991464911)	(50.0, 3.3747090768033403)	(51.0, 28.619997261901254)	(52.0, 27.043307625612517)	(53.0, 7.919956190388645)	(54.0, 16.494774791218152)	(55.0, 4.939989960297167)	(56.0, 1.4945466161637955)	(57.0, 1.1796650390178292)	(58.0, 1.1500022817504556)	(59.0, 0.44494135901059295)	(60.0, 0.06845251677086028)	(61.0, 0.052480262857659526)	(62.0, 0.02509925614931544)	(63.0, 0.06160726509377425)	(64.0, 0.18025829416326525)	(65.0, 0.02509925614931544)	(66.0, 0.0)	(67.0, 0.002281750559028676)	(68.0, 0.0)	(69.0, 0.0)	(70.0, 0.0)	(71.0, 0.0)	(72.0, 0.0)	(73.0, 0.002281750559028676)	(74.0, 0.0)	(75.0, 0.0)	(76.0, 0.0)	(77.0, 0.0)	(78.0, 0.0)	(79.0, 0.0)	(80.0, 0.0)	(81.0, 0.0)	(82.0, 0.0)	(83.0, 0.0)	(84.0, 0.0)	(85.0, 0.0)	(86.0, 0.0)	(87.0, 0.0)	(88.0, 0.0)	(89.0, 0.0)	(90.0, 0.0)	(91.0, 0.0)	(92.0, 0.0)	(93.0, 0.0)	(94.0, 0.0)	(95.0, 0.0)	(96.0, 0.0)	(97.0, 0.0)	(98.0, 0.0)	(99.0, 0.0)	(100.0, 0.0)
SRR8438133_2	(0.0, 0.0)	(1.0, 0.0)	(2.0, 0.0)	(3.0, 0.0)	(4.0, 0.0)	(5.0, 0.0)	(6.0, 0.0)	(7.0, 0.0)	(8.0, 0.0)	(9.0, 0.0)	(10.0, 0.0)	(11.0, 0.0)	(12.0, 0.0)	(13.0, 0.0)	(14.0, 0.0)	(15.0, 0.0)	(16.0, 0.0)	(17.0, 0.0)	(18.0, 0.0)	(19.0, 0.0)	(20.0, 0.0)	(21.0, 0.0)	(22.0, 0.0)	(23.0, 0.0)	(24.0, 0.0)	(25.0, 0.0)	(26.0, 0.0)	(27.0, 0.0)	(28.0, 0.0)	(29.0, 0.0)	(30.0, 0.0)	(31.0, 0.0)	(32.0, 0.0)	(33.0, 0.0)	(34.0, 0.0)	(35.0, 0.0)	(36.0, 0.0023462887577573944)	(37.0, 0.004692577515514789)	(38.0, 0.023462887577573945)	(39.0, 0.10323670534132542)	(40.0, 0.14781619173871582)	(41.0, 0.1149681491301124)	(42.0, 0.22055114322919478)	(43.0, 0.7132717823582454)	(44.0, 1.2881125280088155)	(45.0, 1.0089041658356774)	(46.0, 0.6968477610539439)	(47.0, 0.47629661782475197)	(48.0, 0.3636747574523968)	(49.0, 0.5091446604333549)	(50.0, 2.543377013408994)	(51.0, 5.624054152344622)	(52.0, 23.840640067575862)	(53.0, 17.658169190882315)	(54.0, 13.833718515736418)	(55.0, 14.225548738281816)	(56.0, 6.144930256566823)	(57.0, 3.4771999389963835)	(58.0, 2.1351227695592305)	(59.0, 1.346769746952752)	(60.0, 0.8915897279478049)	(61.0, 0.6804237397496423)	(62.0, 0.5513778580729876)	(63.0, 0.3730599124834264)	(64.0, 0.2768620734153726)	(65.0, 0.2510528970800411)	(66.0, 0.2041271219248931)	(67.0, 0.10792928285684023)	(68.0, 0.05865721894393485)	(69.0, 0.028155465093088736)	(70.0, 0.032848042608603516)	(71.0, 0.014077732546544366)	(72.0, 0.009385155031029577)	(73.0, 0.004692577515514789)	(74.0, 0.0023462887577573944)	(75.0, 0.004692577515514789)	(76.0, 0.0023462887577573944)	(77.0, 0.0)	(78.0, 0.0)	(79.0, 0.0)	(80.0, 0.0)	(81.0, 0.0)	(82.0, 0.0)	(83.0, 0.0)	(84.0, 0.0)	(85.0, 0.0)	(86.0, 0.0)	(87.0, 0.0)	(88.0, 0.0)	(89.0, 0.0)	(90.0, 0.0)	(91.0, 0.0)	(92.0, 0.0)	(93.0, 0.0)	(94.0, 0.0)	(95.0, 0.0)	(96.0, 0.0)	(97.0, 0.0)	(98.0, 0.0)	(99.0, 0.0)	(100.0, 0.003519433136636092)
SRR8438134	(0.0, 0.0)	(1.0, 0.0)	(2.0, 0.0)	(3.0, 0.0)	(4.0, 0.0)	(5.0, 0.0)	(6.0, 0.0)	(7.0, 0.0)	(8.0, 0.0)	(9.0, 0.0)	(10.0, 0.0)	(11.0, 0.0)	(12.0, 0.0)	(13.0, 0.0)	(14.0, 0.0)	(15.0, 0.0)	(16.0, 0.0)	(17.0, 0.0)	(18.0, 0.0)	(19.0, 0.0)	(20.0, 0.0)	(21.0, 0.0)	(22.0, 0.0)	(23.0, 0.0)	(24.0, 0.0)	(25.0, 0.0)	(26.0, 0.0)	(27.0, 0.0)	(28.0, 0.0)	(29.0, 0.0)	(30.0, 0.0)	(31.0, 0.0)	(32.0, 0.0)	(33.0, 0.0)	(34.0, 0.0)	(35.0, 0.0)	(36.0, 0.0)	(37.0, 0.0)	(38.0, 0.0)	(39.0, 0.0)	(40.0, 0.0)	(41.0, 0.0)	(42.0, 0.0)	(43.0, 0.0)	(44.0, 14.285714285714285)	(45.0, 14.285714285714285)	(46.0, 0.0)	(47.0, 0.0)	(48.0, 28.57142857142857)	(49.0, 28.57142857142857)	(50.0, 14.285714285714285)	(51.0, 0.0)	(52.0, 0.0)	(53.0, 0.0)	(54.0, 0.0)	(55.0, 0.0)	(56.0, 0.0)	(57.0, 0.0)	(58.0, 0.0)	(59.0, 0.0)	(60.0, 0.0)	(61.0, 0.0)	(62.0, 0.0)	(63.0, 0.0)	(64.0, 0.0)	(65.0, 0.0)	(66.0, 0.0)	(67.0, 0.0)	(68.0, 0.0)	(69.0, 0.0)	(70.0, 0.0)	(71.0, 0.0)	(72.0, 0.0)	(73.0, 0.0)	(74.0, 0.0)	(75.0, 0.0)	(76.0, 0.0)	(77.0, 0.0)	(78.0, 0.0)	(79.0, 0.0)	(80.0, 0.0)	(81.0, 0.0)	(82.0, 0.0)	(83.0, 0.0)	(84.0, 0.0)	(85.0, 0.0)	(86.0, 0.0)	(87.0, 0.0)	(88.0, 0.0)	(89.0, 0.0)	(90.0, 0.0)	(91.0, 0.0)	(92.0, 0.0)	(93.0, 0.0)	(94.0, 0.0)	(95.0, 0.0)	(96.0, 0.0)	(97.0, 0.0)	(98.0, 0.0)	(99.0, 0.0)	(100.0, 0.0)
SRR8438134_1	(0.0, 0.0)	(1.0, 0.0)	(2.0, 0.0)	(3.0, 0.0)	(4.0, 0.0)	(5.0, 0.0)	(6.0, 0.0)	(7.0, 0.0)	(8.0, 0.0)	(9.0, 0.0)	(10.0, 0.0)	(11.0, 0.0)	(12.0, 0.0)	(13.0, 0.0)	(14.0, 0.0)	(15.0, 0.0)	(16.0, 0.0)	(17.0, 0.0)	(18.0, 0.0)	(19.0, 0.0)	(20.0, 0.0)	(21.0, 0.0)	(22.0, 0.0)	(23.0, 0.0)	(24.0, 0.0)	(25.0, 0.0)	(26.0, 0.0)	(27.0, 0.0)	(28.0, 0.01815953148408789)	(29.0, 0.027239297226131838)	(30.0, 0.03177918009715381)	(31.0, 0.01815953148408789)	(32.0, 0.04085894583919776)	(33.0, 0.08625777454941747)	(34.0, 0.186135197711901)	(35.0, 0.20429472919598893)	(36.0, 0.36773051255277944)	(37.0, 0.608344304716945)	(38.0, 1.039633177464032)	(39.0, 1.2484677895310397)	(40.0, 1.5208607617923542)	(41.0, 1.8295727970218476)	(42.0, 1.929450220184334)	(43.0, 4.385526853407215)	(44.0, 2.601352885095605)	(45.0, 1.9748490488945547)	(46.0, 3.177918009715412)	(47.0, 2.7511690198393346)	(48.0, 1.5707994733735953)	(49.0, 2.4061379216416547)	(50.0, 4.694238888636691)	(51.0, 12.253143868888747)	(52.0, 22.091070050391703)	(53.0, 17.351432333045842)	(54.0, 6.605529577336833)	(55.0, 3.8452807917556306)	(56.0, 2.74208925409729)	(57.0, 1.7887138511826488)	(58.0, 0.2950923866164281)	(59.0, 0.06355836019430762)	(60.0, 0.03177918009715381)	(61.0, 0.01361964861306592)	(62.0, 0.004539882871021973)	(63.0, 0.022699414355109863)	(64.0, 0.0)	(65.0, 0.009079765742043945)	(66.0, 0.0817178916783955)	(67.0, 0.0817178916783955)	(68.0, 0.0)	(69.0, 0.0)	(70.0, 0.0)	(71.0, 0.0)	(72.0, 0.0)	(73.0, 0.0)	(74.0, 0.0)	(75.0, 0.0)	(76.0, 0.0)	(77.0, 0.0)	(78.0, 0.0)	(79.0, 0.0)	(80.0, 0.0)	(81.0, 0.0)	(82.0, 0.0)	(83.0, 0.0)	(84.0, 0.0)	(85.0, 0.0)	(86.0, 0.0)	(87.0, 0.0)	(88.0, 0.0)	(89.0, 0.0)	(90.0, 0.0)	(91.0, 0.0)	(92.0, 0.0)	(93.0, 0.0)	(94.0, 0.0)	(95.0, 0.0)	(96.0, 0.0)	(97.0, 0.0)	(98.0, 0.0)	(99.0, 0.0)	(100.0, 0.0)
SRR8438134_2	(0.0, 0.0)	(1.0, 0.0)	(2.0, 0.0)	(3.0, 0.0)	(4.0, 0.0)	(5.0, 0.0)	(6.0, 0.0)	(7.0, 0.0)	(8.0, 0.0)	(9.0, 0.0)	(10.0, 0.0)	(11.0, 0.0)	(12.0, 0.0)	(13.0, 0.0)	(14.0, 0.0)	(15.0, 0.0)	(16.0, 0.0)	(17.0, 0.0)	(18.0, 0.0)	(19.0, 0.0)	(20.0, 0.0)	(21.0, 0.0)	(22.0, 0.0)	(23.0, 0.0)	(24.0, 0.0)	(25.0, 0.0)	(26.0, 0.0)	(27.0, 0.0044640864247132055)	(28.0, 0.0)	(29.0, 0.0044640864247132055)	(30.0, 0.013392259274139616)	(31.0, 0.013392259274139616)	(32.0, 0.013392259274139616)	(33.0, 0.008928172849426411)	(34.0, 0.008928172849426411)	(35.0, 0.022320432123566027)	(36.0, 0.07142538279541127)	(37.0, 0.12945850631668296)	(38.0, 0.08481764206955088)	(39.0, 0.12053033346725653)	(40.0, 0.21427614838623404)	(41.0, 0.3571269139770561)	(42.0, 0.49104950671845243)	(43.0, 2.129369224588201)	(44.0, 3.580197312620021)	(45.0, 3.3212802999866606)	(46.0, 1.8749162983795409)	(47.0, 1.807955002008841)	(48.0, 2.870407571090614)	(49.0, 3.490915584125762)	(50.0, 6.1515110932546815)	(51.0, 5.901522253470756)	(52.0, 13.615463595375891)	(53.0, 22.18650953082333)	(54.0, 14.95468952278958)	(55.0, 5.606892549439701)	(56.0, 3.6694790411142804)	(57.0, 2.299004508727308)	(58.0, 2.249899558055461)	(59.0, 1.2901209767421127)	(60.0, 0.504441765992592)	(61.0, 0.24998883978393954)	(62.0, 0.2187402348109472)	(63.0, 0.12053033346725653)	(64.0, 0.07588946922012448)	(65.0, 0.04910495067184527)	(66.0, 0.04910495067184527)	(67.0, 0.05356903709655846)	(68.0, 0.04017677782241885)	(69.0, 0.013392259274139616)	(70.0, 0.008928172849426411)	(71.0, 0.008928172849426411)	(72.0, 0.008928172849426411)	(73.0, 0.0)	(74.0, 0.0044640864247132055)	(75.0, 0.0)	(76.0, 0.0044640864247132055)	(77.0, 0.0044640864247132055)	(78.0, 0.0044640864247132055)	(79.0, 0.0044640864247132055)	(80.0, 0.0)	(81.0, 0.0044640864247132055)	(82.0, 0.0)	(83.0, 0.0)	(84.0, 0.0)	(85.0, 0.0)	(86.0, 0.0)	(87.0, 0.0)	(88.0, 0.008928172849426411)	(89.0, 0.0044640864247132055)	(90.0, 0.0)	(91.0, 0.0)	(92.0, 0.0)	(93.0, 0.0)	(94.0, 0.0)	(95.0, 0.0)	(96.0, 0.0)	(97.0, 0.0)	(98.0, 0.0)	(99.0, 0.0)	(100.0, 0.0)
SRR8438135	(0.0, 0.0)	(1.0, 0.0)	(2.0, 0.0)	(3.0, 0.0)	(4.0, 0.0)	(5.0, 0.0)	(6.0, 0.0)	(7.0, 0.0)	(8.0, 0.0)	(9.0, 0.0)	(10.0, 0.0)	(11.0, 0.0)	(12.0, 0.0)	(13.0, 0.0)	(14.0, 0.0)	(15.0, 0.0)	(16.0, 0.0)	(17.0, 0.0)	(18.0, 0.0)	(19.0, 0.0)	(20.0, 0.0)	(21.0, 0.0)	(22.0, 0.0)	(23.0, 0.0)	(24.0, 0.0)	(25.0, 0.0)	(26.0, 0.0)	(27.0, 0.0)	(28.0, 0.0)	(29.0, 0.0)	(30.0, 0.0)	(31.0, 0.0)	(32.0, 0.0)	(33.0, 0.0)	(34.0, 0.0)	(35.0, 0.0)	(36.0, 0.0)	(37.0, 0.0)	(38.0, 0.0)	(39.0, 0.0)	(40.0, 0.0)	(41.0, 0.0)	(42.0, 0.0)	(43.0, 12.5)	(44.0, 12.5)	(45.0, 25.0)	(46.0, 12.5)	(47.0, 0.0)	(48.0, 12.5)	(49.0, 25.0)	(50.0, 0.0)	(51.0, 0.0)	(52.0, 0.0)	(53.0, 0.0)	(54.0, 0.0)	(55.0, 0.0)	(56.0, 0.0)	(57.0, 0.0)	(58.0, 0.0)	(59.0, 0.0)	(60.0, 0.0)	(61.0, 0.0)	(62.0, 0.0)	(63.0, 0.0)	(64.0, 0.0)	(65.0, 0.0)	(66.0, 0.0)	(67.0, 0.0)	(68.0, 0.0)	(69.0, 0.0)	(70.0, 0.0)	(71.0, 0.0)	(72.0, 0.0)	(73.0, 0.0)	(74.0, 0.0)	(75.0, 0.0)	(76.0, 0.0)	(77.0, 0.0)	(78.0, 0.0)	(79.0, 0.0)	(80.0, 0.0)	(81.0, 0.0)	(82.0, 0.0)	(83.0, 0.0)	(84.0, 0.0)	(85.0, 0.0)	(86.0, 0.0)	(87.0, 0.0)	(88.0, 0.0)	(89.0, 0.0)	(90.0, 0.0)	(91.0, 0.0)	(92.0, 0.0)	(93.0, 0.0)	(94.0, 0.0)	(95.0, 0.0)	(96.0, 0.0)	(97.0, 0.0)	(98.0, 0.0)	(99.0, 0.0)	(100.0, 0.0)
SRR8438135_1	(0.0, 0.0)	(1.0, 0.0)	(2.0, 0.0)	(3.0, 0.0)	(4.0, 0.0)	(5.0, 0.0)	(6.0, 0.0)	(7.0, 0.0)	(8.0, 0.0)	(9.0, 0.0)	(10.0, 0.0)	(11.0, 0.0)	(12.0, 0.0)	(13.0, 0.0)	(14.0, 0.0)	(15.0, 0.0)	(16.0, 0.0)	(17.0, 0.0)	(18.0, 0.0)	(19.0, 0.0)	(20.0, 0.0)	(21.0, 0.0)	(22.0, 0.0)	(23.0, 0.0)	(24.0, 0.0)	(25.0, 0.0)	(26.0, 0.0)	(27.0, 0.0)	(28.0, 0.0)	(29.0, 0.0)	(30.0, 0.00582818510315883)	(31.0, 0.01165637020631766)	(32.0, 0.017484555309476492)	(33.0, 0.02914092551579415)	(34.0, 0.08159459144422361)	(35.0, 0.13987644247581188)	(36.0, 0.19233010840424145)	(37.0, 0.466254808252706)	(38.0, 0.7634922485138074)	(39.0, 0.9499941718148913)	(40.0, 1.404592609861277)	(41.0, 1.6901736799160558)	(42.0, 1.6202354586781507)	(43.0, 2.366243151882476)	(44.0, 3.595990208649024)	(45.0, 4.464389789019715)	(46.0, 4.6100944165986775)	(47.0, 1.7834246415665955)	(48.0, 1.1889497610444035)	(49.0, 4.656719897423946)	(50.0, 8.124490033803253)	(51.0, 15.1474530831103)	(52.0, 14.657885534444903)	(53.0, 7.005478493996821)	(54.0, 6.5450518708473)	(55.0, 4.1962932742744)	(56.0, 5.14628744608926)	(57.0, 3.2055018067373715)	(58.0, 2.2321948945098193)	(59.0, 0.9907914675370033)	(60.0, 0.2739246998484652)	(61.0, 0.11656370206317655)	(62.0, 0.0582818510315883)	(63.0, 0.040797295722111805)	(64.0, 0.09325096165054127)	(65.0, 0.11656370206317655)	(66.0, 0.16901736799160605)	(67.0, 0.18067373819792373)	(68.0, 0.3205501806737357)	(69.0, 0.35551929129268856)	(70.0, 0.3904884019116414)	(71.0, 0.3147219955705769)	(72.0, 0.13987644247581188)	(73.0, 0.06993822123790597)	(74.0, 0.03496911061895298)	(75.0, 0.017484555309476492)	(76.0, 0.00582818510315883)	(77.0, 0.00582818510315883)	(78.0, 0.00582818510315883)	(79.0, 0.0)	(80.0, 0.0)	(81.0, 0.0)	(82.0, 0.0)	(83.0, 0.0)	(84.0, 0.0)	(85.0, 0.0)	(86.0, 0.0)	(87.0, 0.0)	(88.0, 0.0)	(89.0, 0.0)	(90.0, 0.0)	(91.0, 0.0)	(92.0, 0.0)	(93.0, 0.0)	(94.0, 0.0)	(95.0, 0.0)	(96.0, 0.0)	(97.0, 0.0)	(98.0, 0.0)	(99.0, 0.0)	(100.0, 0.0)
SRR8438135_2	(0.0, 0.0)	(1.0, 0.0)	(2.0, 0.0)	(3.0, 0.0)	(4.0, 0.0)	(5.0, 0.0)	(6.0, 0.0)	(7.0, 0.0)	(8.0, 0.0)	(9.0, 0.0)	(10.0, 0.0)	(11.0, 0.0)	(12.0, 0.0)	(13.0, 0.0)	(14.0, 0.0)	(15.0, 0.0)	(16.0, 0.0)	(17.0, 0.0)	(18.0, 0.0)	(19.0, 0.0)	(20.0, 0.0)	(21.0, 0.0)	(22.0, 0.0)	(23.0, 0.0)	(24.0, 0.0)	(25.0, 0.0)	(26.0, 0.0)	(27.0, 0.0)	(28.0, 0.0)	(29.0, 0.0)	(30.0, 0.0)	(31.0, 0.0)	(32.0, 0.0)	(33.0, 0.0)	(34.0, 0.0)	(35.0, 0.011814046901766191)	(36.0, 0.01772107035264929)	(37.0, 0.01772107035264929)	(38.0, 0.029535117254415474)	(39.0, 0.09451237521412952)	(40.0, 0.15358260972296048)	(41.0, 0.27172307874062257)	(42.0, 0.5080040167759456)	(43.0, 1.5653612144840174)	(44.0, 4.400732470907954)	(45.0, 4.6488274558450415)	(46.0, 2.734951857758874)	(47.0, 2.1029003485143716)	(48.0, 4.270777954988522)	(49.0, 5.759347864611001)	(50.0, 6.42093449110987)	(51.0, 7.755921791009373)	(52.0, 11.288321814637643)	(53.0, 12.694193395947979)	(54.0, 7.667316439246133)	(55.0, 6.143304388918381)	(56.0, 4.276684978439406)	(57.0, 3.626912398842247)	(58.0, 2.6936026936026907)	(59.0, 3.349282296650733)	(60.0, 2.835371256423889)	(61.0, 1.0337291039045442)	(62.0, 0.41349164156181645)	(63.0, 0.2776301021915057)	(64.0, 0.7147498375568548)	(65.0, 1.116427432216908)	(66.0, 0.5907023450883089)	(67.0, 0.2776301021915057)	(68.0, 0.10041939866501262)	(69.0, 0.041349164156181666)	(70.0, 0.03544214070529857)	(71.0, 0.011814046901766191)	(72.0, 0.005907023450883096)	(73.0, 0.023628093803532382)	(74.0, 0.005907023450883096)	(75.0, 0.011814046901766191)	(76.0, 0.0)	(77.0, 0.0)	(78.0, 0.0)	(79.0, 0.0)	(80.0, 0.0)	(81.0, 0.0)	(82.0, 0.0)	(83.0, 0.0)	(84.0, 0.0)	(85.0, 0.0)	(86.0, 0.0)	(87.0, 0.0)	(88.0, 0.0)	(89.0, 0.0)	(90.0, 0.0)	(91.0, 0.0)	(92.0, 0.0)	(93.0, 0.0)	(94.0, 0.0)	(95.0, 0.0)	(96.0, 0.0)	(97.0, 0.0)	(98.0, 0.0)	(99.0, 0.0)	(100.0, 0.0)
SRR8438136	(0.0, 0.0)	(1.0, 0.0)	(2.0, 0.0)	(3.0, 0.0)	(4.0, 0.0)	(5.0, 0.0)	(6.0, 0.0)	(7.0, 0.0)	(8.0, 0.0)	(9.0, 0.0)	(10.0, 0.0)	(11.0, 0.0)	(12.0, 0.0)	(13.0, 0.0)	(14.0, 0.0)	(15.0, 0.0)	(16.0, 0.0)	(17.0, 0.0)	(18.0, 0.0)	(19.0, 0.0)	(20.0, 0.0)	(21.0, 0.0)	(22.0, 0.0)	(23.0, 0.0)	(24.0, 0.0)	(25.0, 0.0)	(26.0, 0.0)	(27.0, 0.0)	(28.0, 0.0)	(29.0, 0.0)	(30.0, 0.0)	(31.0, 0.0)	(32.0, 0.0)	(33.0, 0.0)	(34.0, 0.0)	(35.0, 0.0)	(36.0, 0.0)	(37.0, 0.0)	(38.0, 0.0)	(39.0, 0.0)	(40.0, 0.0)	(41.0, 0.0)	(42.0, 0.0)	(43.0, 33.33333333333333)	(44.0, 33.33333333333333)	(45.0, 33.33333333333333)	(46.0, 0.0)	(47.0, 0.0)	(48.0, 0.0)	(49.0, 0.0)	(50.0, 0.0)	(51.0, 0.0)	(52.0, 0.0)	(53.0, 0.0)	(54.0, 0.0)	(55.0, 0.0)	(56.0, 0.0)	(57.0, 0.0)	(58.0, 0.0)	(59.0, 0.0)	(60.0, 0.0)	(61.0, 0.0)	(62.0, 0.0)	(63.0, 0.0)	(64.0, 0.0)	(65.0, 0.0)	(66.0, 0.0)	(67.0, 0.0)	(68.0, 0.0)	(69.0, 0.0)	(70.0, 0.0)	(71.0, 0.0)	(72.0, 0.0)	(73.0, 0.0)	(74.0, 0.0)	(75.0, 0.0)	(76.0, 0.0)	(77.0, 0.0)	(78.0, 0.0)	(79.0, 0.0)	(80.0, 0.0)	(81.0, 0.0)	(82.0, 0.0)	(83.0, 0.0)	(84.0, 0.0)	(85.0, 0.0)	(86.0, 0.0)	(87.0, 0.0)	(88.0, 0.0)	(89.0, 0.0)	(90.0, 0.0)	(91.0, 0.0)	(92.0, 0.0)	(93.0, 0.0)	(94.0, 0.0)	(95.0, 0.0)	(96.0, 0.0)	(97.0, 0.0)	(98.0, 0.0)	(99.0, 0.0)	(100.0, 0.0)
SRR8438136_1	(0.0, 0.0)	(1.0, 0.0)	(2.0, 0.0)	(3.0, 0.0)	(4.0, 0.0)	(5.0, 0.0)	(6.0, 0.0)	(7.0, 0.0)	(8.0, 0.0)	(9.0, 0.0)	(10.0, 0.0)	(11.0, 0.0)	(12.0, 0.0)	(13.0, 0.0)	(14.0, 0.0)	(15.0, 0.0)	(16.0, 0.0)	(17.0, 0.0)	(18.0, 0.0)	(19.0, 0.0)	(20.0, 0.0)	(21.0, 0.0)	(22.0, 0.0)	(23.0, 0.0)	(24.0, 0.0)	(25.0, 0.0)	(26.0, 0.0)	(27.0, 0.0)	(28.0, 0.0)	(29.0, 0.008907892392659844)	(30.0, 0.013361838588989768)	(31.0, 0.01781578478531969)	(32.0, 0.02226973098164961)	(33.0, 0.062355246748618906)	(34.0, 0.14252627828255754)	(35.0, 0.21378941742383642)	(36.0, 0.4453946196329917)	(37.0, 0.6680919294494894)	(38.0, 1.055585248530191)	(39.0, 1.282736504543014)	(40.0, 1.8083021557099412)	(41.0, 2.222519151968636)	(42.0, 2.347229645465877)	(43.0, 2.6322822020310004)	(44.0, 2.57438090147871)	(45.0, 2.396223053625508)	(46.0, 2.039907357919104)	(47.0, 2.6723677177979708)	(48.0, 4.222340994120759)	(49.0, 8.934616069837906)	(50.0, 7.1530375913057345)	(51.0, 7.718688758239699)	(52.0, 5.006235524674781)	(53.0, 5.576340637804979)	(54.0, 15.43737751647973)	(55.0, 13.620167468377517)	(56.0, 5.15766969534999)	(57.0, 3.923926598966672)	(58.0, 0.4097630500623523)	(59.0, 0.12025654730090787)	(60.0, 0.05790130055228898)	(61.0, 0.01781578478531969)	(62.0, 0.013361838588989768)	(63.0, 0.004453946196329922)	(64.0, 0.0)	(65.0, 0.0)	(66.0, 0.0)	(67.0, 0.0)	(68.0, 0.0)	(69.0, 0.0)	(70.0, 0.0)	(71.0, 0.0)	(72.0, 0.0)	(73.0, 0.0)	(74.0, 0.0)	(75.0, 0.0)	(76.0, 0.0)	(77.0, 0.0)	(78.0, 0.0)	(79.0, 0.0)	(80.0, 0.0)	(81.0, 0.0)	(82.0, 0.0)	(83.0, 0.0)	(84.0, 0.0)	(85.0, 0.0)	(86.0, 0.0)	(87.0, 0.0)	(88.0, 0.0)	(89.0, 0.0)	(90.0, 0.0)	(91.0, 0.0)	(92.0, 0.0)	(93.0, 0.0)	(94.0, 0.0)	(95.0, 0.0)	(96.0, 0.0)	(97.0, 0.0)	(98.0, 0.0)	(99.0, 0.0)	(100.0, 0.0)
SRR8438136_2	(0.0, 0.0)	(1.0, 0.0)	(2.0, 0.0)	(3.0, 0.0)	(4.0, 0.0)	(5.0, 0.0)	(6.0, 0.0)	(7.0, 0.0)	(8.0, 0.0)	(9.0, 0.0)	(10.0, 0.0)	(11.0, 0.0)	(12.0, 0.0)	(13.0, 0.0)	(14.0, 0.0)	(15.0, 0.0)	(16.0, 0.0)	(17.0, 0.0)	(18.0, 0.0)	(19.0, 0.0)	(20.0, 0.0)	(21.0, 0.0)	(22.0, 0.0)	(23.0, 0.0)	(24.0, 0.0)	(25.0, 0.004519161243673131)	(26.0, 0.0)	(27.0, 0.009038322487346262)	(28.0, 0.009038322487346262)	(29.0, 0.009038322487346262)	(30.0, 0.018076644974692524)	(31.0, 0.022595806218365655)	(32.0, 0.022595806218365655)	(33.0, 0.022595806218365655)	(34.0, 0.022595806218365655)	(35.0, 0.004519161243673131)	(36.0, 0.018076644974692524)	(37.0, 0.04067245119305818)	(38.0, 0.09942154736080884)	(39.0, 0.15365148228488648)	(40.0, 0.2530730296456954)	(41.0, 0.3886478669558888)	(42.0, 0.6823933477946439)	(43.0, 0.8902747650036088)	(44.0, 1.0665220535068585)	(45.0, 1.5003615328994728)	(46.0, 1.834779464931284)	(47.0, 2.6572668112798175)	(48.0, 4.550795372378821)	(49.0, 9.693600867679022)	(50.0, 12.590383224873827)	(51.0, 7.791033984092416)	(52.0, 7.827187274041806)	(53.0, 7.339117859725051)	(54.0, 6.683839479392419)	(55.0, 13.164316702820381)	(56.0, 10.032537960954544)	(57.0, 5.056941431670183)	(58.0, 3.014280549530005)	(59.0, 1.174981923355012)	(60.0, 0.5197035430224101)	(61.0, 0.2666305133767147)	(62.0, 0.18076644974692532)	(63.0, 0.11297903109182825)	(64.0, 0.08586406362978947)	(65.0, 0.049710773680404455)	(66.0, 0.03163412870571192)	(67.0, 0.03163412870571192)	(68.0, 0.022595806218365655)	(69.0, 0.018076644974692524)	(70.0, 0.013557483731019393)	(71.0, 0.009038322487346262)	(72.0, 0.0)	(73.0, 0.0)	(74.0, 0.0)	(75.0, 0.004519161243673131)	(76.0, 0.0)	(77.0, 0.0)	(78.0, 0.0)	(79.0, 0.0)	(80.0, 0.0)	(81.0, 0.004519161243673131)	(82.0, 0.0)	(83.0, 0.0)	(84.0, 0.0)	(85.0, 0.0)	(86.0, 0.0)	(87.0, 0.0)	(88.0, 0.0)	(89.0, 0.0)	(90.0, 0.0)	(91.0, 0.0)	(92.0, 0.0)	(93.0, 0.0)	(94.0, 0.0)	(95.0, 0.0)	(96.0, 0.0)	(97.0, 0.0)	(98.0, 0.0)	(99.0, 0.0)	(100.0, 0.0)
SRR8438137	(0.0, 0.0)	(1.0, 0.0)	(2.0, 0.0)	(3.0, 0.0)	(4.0, 0.0)	(5.0, 0.0)	(6.0, 0.0)	(7.0, 0.0)	(8.0, 0.0)	(9.0, 0.0)	(10.0, 0.0)	(11.0, 0.0)	(12.0, 0.0)	(13.0, 0.0)	(14.0, 0.0)	(15.0, 0.0)	(16.0, 0.0)	(17.0, 0.0)	(18.0, 0.0)	(19.0, 0.0)	(20.0, 0.0)	(21.0, 0.0)	(22.0, 0.0)	(23.0, 0.0)	(24.0, 0.0)	(25.0, 0.0)	(26.0, 0.0)	(27.0, 0.0)	(28.0, 0.0)	(29.0, 0.0)	(30.0, 0.0)	(31.0, 0.0)	(32.0, 0.0)	(33.0, 0.0)	(34.0, 0.0)	(35.0, 0.0)	(36.0, 0.0)	(37.0, 0.0)	(38.0, 0.0)	(39.0, 0.0)	(40.0, 0.0)	(41.0, 8.333333333333334)	(42.0, 0.0)	(43.0, 16.666666666666668)	(44.0, 16.666666666666668)	(45.0, 16.666666666666668)	(46.0, 16.666666666666668)	(47.0, 0.0)	(48.0, 16.666666666666668)	(49.0, 8.333333333333334)	(50.0, 0.0)	(51.0, 0.0)	(52.0, 0.0)	(53.0, 0.0)	(54.0, 0.0)	(55.0, 0.0)	(56.0, 0.0)	(57.0, 0.0)	(58.0, 0.0)	(59.0, 0.0)	(60.0, 0.0)	(61.0, 0.0)	(62.0, 0.0)	(63.0, 0.0)	(64.0, 0.0)	(65.0, 0.0)	(66.0, 0.0)	(67.0, 0.0)	(68.0, 0.0)	(69.0, 0.0)	(70.0, 0.0)	(71.0, 0.0)	(72.0, 0.0)	(73.0, 0.0)	(74.0, 0.0)	(75.0, 0.0)	(76.0, 0.0)	(77.0, 0.0)	(78.0, 0.0)	(79.0, 0.0)	(80.0, 0.0)	(81.0, 0.0)	(82.0, 0.0)	(83.0, 0.0)	(84.0, 0.0)	(85.0, 0.0)	(86.0, 0.0)	(87.0, 0.0)	(88.0, 0.0)	(89.0, 0.0)	(90.0, 0.0)	(91.0, 0.0)	(92.0, 0.0)	(93.0, 0.0)	(94.0, 0.0)	(95.0, 0.0)	(96.0, 0.0)	(97.0, 0.0)	(98.0, 0.0)	(99.0, 0.0)	(100.0, 0.0)
SRR8438137_1	(0.0, 0.0)	(1.0, 0.0)	(2.0, 0.0)	(3.0, 0.0)	(4.0, 0.0)	(5.0, 0.0)	(6.0, 0.0)	(7.0, 0.0)	(8.0, 0.0)	(9.0, 0.0)	(10.0, 0.0)	(11.0, 0.0)	(12.0, 0.0)	(13.0, 0.0)	(14.0, 0.0)	(15.0, 0.0)	(16.0, 0.0)	(17.0, 0.0)	(18.0, 0.0)	(19.0, 0.0)	(20.0, 0.0)	(21.0, 0.0)	(22.0, 0.0)	(23.0, 0.0)	(24.0, 0.0)	(25.0, 0.0)	(26.0, 0.0)	(27.0, 0.002787068004459337)	(28.0, 0.002787068004459337)	(29.0, 0.0)	(30.0, 0.0)	(31.0, 0.002787068004459337)	(32.0, 0.008361204013378013)	(33.0, 0.022296544035674697)	(34.0, 0.044593088071349395)	(35.0, 0.06967670011148341)	(36.0, 0.15050167224080424)	(37.0, 0.19230769230769418)	(38.0, 0.5518394648829501)	(39.0, 0.7692307692307753)	(40.0, 2.1571906354515504)	(41.0, 2.759197324414733)	(42.0, 0.9503901895206297)	(43.0, 0.8639910813823913)	(44.0, 0.8472686733556356)	(45.0, 2.399665551839499)	(46.0, 2.1404682274247957)	(47.0, 0.8305462653288798)	(48.0, 1.3600891861761588)	(49.0, 3.6538461538461298)	(50.0, 10.197881828316731)	(51.0, 10.320512820512915)	(52.0, 13.520066889631508)	(53.0, 9.821627647714807)	(54.0, 5.507246376811692)	(55.0, 9.89966555183965)	(56.0, 12.35228539576331)	(57.0, 3.7430323299888233)	(58.0, 1.649944258639938)	(59.0, 1.7530657748049367)	(60.0, 1.1036789297658924)	(61.0, 0.18115942028985688)	(62.0, 0.09754738015607683)	(63.0, 0.03901895206243072)	(64.0, 0.016722408026756022)	(65.0, 0.008361204013378013)	(66.0, 0.002787068004459337)	(67.0, 0.0)	(68.0, 0.002787068004459337)	(69.0, 0.002787068004459337)	(70.0, 0.0)	(71.0, 0.0)	(72.0, 0.0)	(73.0, 0.0)	(74.0, 0.0)	(75.0, 0.0)	(76.0, 0.0)	(77.0, 0.0)	(78.0, 0.0)	(79.0, 0.0)	(80.0, 0.0)	(81.0, 0.0)	(82.0, 0.0)	(83.0, 0.0)	(84.0, 0.0)	(85.0, 0.0)	(86.0, 0.0)	(87.0, 0.0)	(88.0, 0.0)	(89.0, 0.0)	(90.0, 0.0)	(91.0, 0.0)	(92.0, 0.0)	(93.0, 0.0)	(94.0, 0.0)	(95.0, 0.0)	(96.0, 0.0)	(97.0, 0.0)	(98.0, 0.0)	(99.0, 0.0)	(100.0, 0.0)
SRR8438137_2	(0.0, 0.0)	(1.0, 0.0)	(2.0, 0.0)	(3.0, 0.0)	(4.0, 0.0)	(5.0, 0.0)	(6.0, 0.0)	(7.0, 0.0)	(8.0, 0.0)	(9.0, 0.0)	(10.0, 0.0)	(11.0, 0.0)	(12.0, 0.0)	(13.0, 0.0)	(14.0, 0.0)	(15.0, 0.0)	(16.0, 0.0)	(17.0, 0.0)	(18.0, 0.0)	(19.0, 0.0)	(20.0, 0.0)	(21.0, 0.0)	(22.0, 0.0)	(23.0, 0.0)	(24.0, 0.0)	(25.0, 0.0)	(26.0, 0.0)	(27.0, 0.0)	(28.0, 0.0)	(29.0, 0.0)	(30.0, 0.0)	(31.0, 0.002835029626059575)	(32.0, 0.002835029626059575)	(33.0, 0.0)	(34.0, 0.00567005925211915)	(35.0, 0.014175148130297875)	(36.0, 0.18711195531993188)	(37.0, 0.5131403623167844)	(38.0, 1.3466390723782993)	(39.0, 1.0177756357553822)	(40.0, 0.6010262807246306)	(41.0, 0.4479346809174137)	(42.0, 0.36855385138774505)	(43.0, 0.33736852550108953)	(44.0, 0.4479346809174137)	(45.0, 0.6237065177331069)	(46.0, 1.3381339835001205)	(47.0, 2.1149321010404663)	(48.0, 2.3360644118731058)	(49.0, 2.8010092705468495)	(50.0, 8.44271822640578)	(51.0, 6.424177132651134)	(52.0, 9.074929833017013)	(53.0, 13.931335582455961)	(54.0, 10.041674935503107)	(55.0, 5.896861622203993)	(56.0, 4.8053752161709316)	(57.0, 9.296062143849609)	(58.0, 6.80974116179528)	(59.0, 4.57857284608614)	(60.0, 2.097921923284108)	(61.0, 1.3352989538740607)	(62.0, 1.3211238057437624)	(63.0, 0.5726759844640353)	(64.0, 0.30901822924049355)	(65.0, 0.1615966886853958)	(66.0, 0.08505088878178726)	(67.0, 0.0793808295296681)	(68.0, 0.093555977659966)	(69.0, 0.0652056813993702)	(70.0, 0.02551526663453618)	(71.0, 0.008505088878178725)	(72.0, 0.0113401185042383)	(73.0, 0.00567005925211915)	(74.0, 0.002835029626059575)	(75.0, 0.002835029626059575)	(76.0, 0.002835029626059575)	(77.0, 0.0)	(78.0, 0.0)	(79.0, 0.002835029626059575)	(80.0, 0.002835029626059575)	(81.0, 0.0)	(82.0, 0.0)	(83.0, 0.0)	(84.0, 0.0)	(85.0, 0.002835029626059575)	(86.0, 0.0)	(87.0, 0.002835029626059575)	(88.0, 0.0)	(89.0, 0.0)	(90.0, 0.0)	(91.0, 0.0)	(92.0, 0.0)	(93.0, 0.0)	(94.0, 0.0)	(95.0, 0.0)	(96.0, 0.0)	(97.0, 0.0)	(98.0, 0.0)	(99.0, 0.0)	(100.0, 0.0)
SRR8438138	(0.0, 0.0)	(1.0, 0.0)	(2.0, 0.0)	(3.0, 0.0)	(4.0, 0.0)	(5.0, 0.0)	(6.0, 0.0)	(7.0, 0.0)	(8.0, 0.0)	(9.0, 0.0)	(10.0, 0.0)	(11.0, 0.0)	(12.0, 0.0)	(13.0, 0.0)	(14.0, 0.0)	(15.0, 0.0)	(16.0, 0.0)	(17.0, 0.0)	(18.0, 0.0)	(19.0, 0.0)	(20.0, 0.0)	(21.0, 0.0)	(22.0, 0.0)	(23.0, 0.0)	(24.0, 0.0)	(25.0, 0.0)	(26.0, 0.0)	(27.0, 0.0)	(28.0, 0.0)	(29.0, 0.0)	(30.0, 0.0)	(31.0, 0.0)	(32.0, 0.0)	(33.0, 0.0)	(34.0, 0.0)	(35.0, 0.0)	(36.0, 0.0)	(37.0, 0.0)	(38.0, 0.0)	(39.0, 0.0)	(40.0, 0.0)	(41.0, 2.2727272727272725)	(42.0, 0.0)	(43.0, 6.8181818181818175)	(44.0, 4.545454545454545)	(45.0, 4.545454545454545)	(46.0, 9.09090909090909)	(47.0, 9.09090909090909)	(48.0, 11.363636363636362)	(49.0, 13.636363636363633)	(50.0, 11.363636363636362)	(51.0, 13.636363636363633)	(52.0, 9.09090909090909)	(53.0, 0.0)	(54.0, 2.2727272727272725)	(55.0, 2.2727272727272725)	(56.0, 0.0)	(57.0, 0.0)	(58.0, 0.0)	(59.0, 0.0)	(60.0, 0.0)	(61.0, 0.0)	(62.0, 0.0)	(63.0, 0.0)	(64.0, 0.0)	(65.0, 0.0)	(66.0, 0.0)	(67.0, 0.0)	(68.0, 0.0)	(69.0, 0.0)	(70.0, 0.0)	(71.0, 0.0)	(72.0, 0.0)	(73.0, 0.0)	(74.0, 0.0)	(75.0, 0.0)	(76.0, 0.0)	(77.0, 0.0)	(78.0, 0.0)	(79.0, 0.0)	(80.0, 0.0)	(81.0, 0.0)	(82.0, 0.0)	(83.0, 0.0)	(84.0, 0.0)	(85.0, 0.0)	(86.0, 0.0)	(87.0, 0.0)	(88.0, 0.0)	(89.0, 0.0)	(90.0, 0.0)	(91.0, 0.0)	(92.0, 0.0)	(93.0, 0.0)	(94.0, 0.0)	(95.0, 0.0)	(96.0, 0.0)	(97.0, 0.0)	(98.0, 0.0)	(99.0, 0.0)	(100.0, 0.0)
SRR8438138_1	(0.0, 0.0)	(1.0, 0.0)	(2.0, 0.0)	(3.0, 0.0)	(4.0, 0.0)	(5.0, 0.0)	(6.0, 0.0)	(7.0, 0.0)	(8.0, 0.0)	(9.0, 0.0)	(10.0, 0.0)	(11.0, 0.0)	(12.0, 0.0)	(13.0, 0.0)	(14.0, 0.0)	(15.0, 0.0)	(16.0, 0.0)	(17.0, 0.0)	(18.0, 0.0)	(19.0, 0.0)	(20.0, 0.0)	(21.0, 0.0)	(22.0, 0.0)	(23.0, 0.0)	(24.0, 0.0)	(25.0, 0.0)	(26.0, 0.0008801732180890877)	(27.0, 0.0)	(28.0, 0.007041385744712702)	(29.0, 0.009681905398979966)	(30.0, 0.0008801732180890877)	(31.0, 0.0)	(32.0, 0.0017603464361781755)	(33.0, 0.00792155896280179)	(34.0, 0.07833541640992871)	(35.0, 0.02640519654267263)	(36.0, 0.012322425053247228)	(37.0, 0.017603464361781746)	(38.0, 0.044008660904454405)	(39.0, 0.061612125266236106)	(40.0, 0.11354234513349239)	(41.0, 0.16283204534648166)	(42.0, 0.1795553364901742)	(43.0, 0.23676659566596409)	(44.0, 0.34678824792709884)	(45.0, 0.34502790149092066)	(46.0, 0.8520076751102347)	(47.0, 1.1820726318936237)	(48.0, 0.43392539651792106)	(49.0, 0.42776418399129723)	(50.0, 1.417959054341497)	(51.0, 27.867164257922077)	(52.0, 44.98565317655848)	(53.0, 15.374865773578005)	(54.0, 3.3340961501214434)	(55.0, 1.093175136866631)	(56.0, 0.6310841973698823)	(57.0, 0.4858556163851787)	(58.0, 0.12498459696865061)	(59.0, 0.05193021986725617)	(60.0, 0.02552502332458354)	(61.0, 0.0211241572341381)	(62.0, 0.013202598271336312)	(63.0, 0.008801732180890878)	(64.0, 0.00792155896280179)	(65.0, 0.004400866090445438)	(66.0, 0.0017603464361781755)	(67.0, 0.0017603464361781755)	(68.0, 0.0)	(69.0, 0.0)	(70.0, 0.0)	(71.0, 0.0)	(72.0, 0.0)	(73.0, 0.0)	(74.0, 0.0)	(75.0, 0.0)	(76.0, 0.0)	(77.0, 0.0)	(78.0, 0.0)	(79.0, 0.0)	(80.0, 0.0)	(81.0, 0.0)	(82.0, 0.0)	(83.0, 0.0)	(84.0, 0.0)	(85.0, 0.0)	(86.0, 0.0)	(87.0, 0.0)	(88.0, 0.0)	(89.0, 0.0)	(90.0, 0.0)	(91.0, 0.0)	(92.0, 0.0)	(93.0, 0.0)	(94.0, 0.0)	(95.0, 0.0)	(96.0, 0.0)	(97.0, 0.0)	(98.0, 0.0)	(99.0, 0.0)	(100.0, 0.0)
SRR8438138_2	(0.0, 0.0)	(1.0, 0.0)	(2.0, 0.0)	(3.0, 0.0)	(4.0, 0.0)	(5.0, 0.0)	(6.0, 0.0)	(7.0, 0.0)	(8.0, 0.0)	(9.0, 0.0)	(10.0, 0.0)	(11.0, 0.0)	(12.0, 0.0)	(13.0, 0.0)	(14.0, 0.0)	(15.0, 0.0)	(16.0, 0.0)	(17.0, 0.0)	(18.0, 0.0)	(19.0, 0.0)	(20.0, 0.0)	(21.0, 0.0)	(22.0, 0.0)	(23.0, 0.0)	(24.0, 0.0)	(25.0, 0.0)	(26.0, 0.0)	(27.0, 0.0)	(28.0, 0.0)	(29.0, 0.0008956159598763017)	(30.0, 0.0008956159598763017)	(31.0, 0.006269311719134111)	(32.0, 0.008060543638886714)	(33.0, 0.0008956159598763017)	(34.0, 0.004478079799381507)	(35.0, 0.04209395011418621)	(36.0, 0.06537996507096996)	(37.0, 0.023286014956783837)	(38.0, 0.019703551117278627)	(39.0, 0.027764094756165356)	(40.0, 0.06627558103084627)	(41.0, 0.11911692266354823)	(42.0, 0.15673279297835316)	(43.0, 0.17195826429625036)	(44.0, 0.2409206932067246)	(45.0, 0.313465585956704)	(46.0, 0.3900407505261287)	(47.0, 1.0519009448747034)	(48.0, 0.9520397653485014)	(49.0, 0.6546952666695833)	(50.0, 0.8544176257219901)	(51.0, 2.3138238323405003)	(52.0, 22.896869822211194)	(53.0, 38.57955308765369)	(54.0, 17.755586404543543)	(55.0, 6.071380592001206)	(56.0, 2.90358694191906)	(57.0, 1.5100085083514283)	(58.0, 0.8974071917960501)	(59.0, 0.5973758452374984)	(60.0, 0.3985491021449538)	(61.0, 0.2937620348394257)	(62.0, 0.22121714208944626)	(63.0, 0.14240293762033224)	(64.0, 0.08508351618824854)	(65.0, 0.05373695759257809)	(66.0, 0.036720254354928386)	(67.0, 0.021494783037031232)	(68.0, 0.009851775558639319)	(69.0, 0.008060543638886714)	(70.0, 0.005373695759257809)	(71.0, 0.002686847879628905)	(72.0, 0.004478079799381507)	(73.0, 0.004478079799381507)	(74.0, 0.0008956159598763017)	(75.0, 0.0008956159598763017)	(76.0, 0.0008956159598763017)	(77.0, 0.0008956159598763017)	(78.0, 0.0)	(79.0, 0.0)	(80.0, 0.0008956159598763017)	(81.0, 0.0)	(82.0, 0.0)	(83.0, 0.0)	(84.0, 0.0)	(85.0, 0.0)	(86.0, 0.0)	(87.0, 0.0008956159598763017)	(88.0, 0.0017912319197526034)	(89.0, 0.0008956159598763017)	(90.0, 0.0)	(91.0, 0.0008956159598763017)	(92.0, 0.0017912319197526034)	(93.0, 0.0008956159598763017)	(94.0, 0.0008956159598763017)	(95.0, 0.0008956159598763017)	(96.0, 0.0)	(97.0, 0.0008956159598763017)	(98.0, 0.0008956159598763017)	(99.0, 0.0)	(100.0, 0.0)
SRR8438139	(0.0, 0.0)	(1.0, 0.0)	(2.0, 0.0)	(3.0, 0.0)	(4.0, 0.0)	(5.0, 0.0)	(6.0, 0.0)	(7.0, 0.0)	(8.0, 0.0)	(9.0, 0.0)	(10.0, 0.0)	(11.0, 0.0)	(12.0, 0.0)	(13.0, 0.0)	(14.0, 0.0)	(15.0, 0.0)	(16.0, 0.0)	(17.0, 0.0)	(18.0, 0.0)	(19.0, 0.0)	(20.0, 0.0)	(21.0, 0.0)	(22.0, 0.0)	(23.0, 0.0)	(24.0, 0.0)	(25.0, 0.0)	(26.0, 0.0)	(27.0, 0.0)	(28.0, 0.0)	(29.0, 0.0)	(30.0, 0.0)	(31.0, 0.0)	(32.0, 0.0)	(33.0, 0.0)	(34.0, 0.0)	(35.0, 0.0)	(36.0, 0.0)	(37.0, 0.0)	(38.0, 0.0)	(39.0, 2.941176470588235)	(40.0, 2.941176470588235)	(41.0, 0.0)	(42.0, 5.88235294117647)	(43.0, 5.88235294117647)	(44.0, 14.705882352941174)	(45.0, 11.76470588235294)	(46.0, 0.0)	(47.0, 11.76470588235294)	(48.0, 5.88235294117647)	(49.0, 14.705882352941174)	(50.0, 11.76470588235294)	(51.0, 2.941176470588235)	(52.0, 5.88235294117647)	(53.0, 2.941176470588235)	(54.0, 0.0)	(55.0, 0.0)	(56.0, 0.0)	(57.0, 0.0)	(58.0, 0.0)	(59.0, 0.0)	(60.0, 0.0)	(61.0, 0.0)	(62.0, 0.0)	(63.0, 0.0)	(64.0, 0.0)	(65.0, 0.0)	(66.0, 0.0)	(67.0, 0.0)	(68.0, 0.0)	(69.0, 0.0)	(70.0, 0.0)	(71.0, 0.0)	(72.0, 0.0)	(73.0, 0.0)	(74.0, 0.0)	(75.0, 0.0)	(76.0, 0.0)	(77.0, 0.0)	(78.0, 0.0)	(79.0, 0.0)	(80.0, 0.0)	(81.0, 0.0)	(82.0, 0.0)	(83.0, 0.0)	(84.0, 0.0)	(85.0, 0.0)	(86.0, 0.0)	(87.0, 0.0)	(88.0, 0.0)	(89.0, 0.0)	(90.0, 0.0)	(91.0, 0.0)	(92.0, 0.0)	(93.0, 0.0)	(94.0, 0.0)	(95.0, 0.0)	(96.0, 0.0)	(97.0, 0.0)	(98.0, 0.0)	(99.0, 0.0)	(100.0, 0.0)
SRR8438139_1	(0.0, 0.0)	(1.0, 0.0)	(2.0, 0.0)	(3.0, 0.0)	(4.0, 0.0)	(5.0, 0.0)	(6.0, 0.0)	(7.0, 0.0)	(8.0, 0.0)	(9.0, 0.0)	(10.0, 0.0)	(11.0, 0.0)	(12.0, 0.0)	(13.0, 0.0)	(14.0, 0.0)	(15.0, 0.0)	(16.0, 0.0)	(17.0, 0.0)	(18.0, 0.0)	(19.0, 0.0)	(20.0, 0.0)	(21.0, 0.0)	(22.0, 0.0)	(23.0, 0.0)	(24.0, 0.0)	(25.0, 0.0)	(26.0, 0.0)	(27.0, 0.0)	(28.0, 0.0)	(29.0, 0.002414001207000603)	(30.0, 0.004828002414001206)	(31.0, 0.009656004828002412)	(32.0, 0.021726010863005428)	(33.0, 0.03138201569100784)	(34.0, 0.021726010863005428)	(35.0, 0.033796016898008444)	(36.0, 0.045866022933011445)	(37.0, 0.04345202172601085)	(38.0, 0.08207604103802053)	(39.0, 0.12070006035003022)	(40.0, 0.19070609535304747)	(41.0, 0.3162341581170793)	(42.0, 0.5045262522631268)	(43.0, 0.7942063971031951)	(44.0, 0.9173204586602242)	(45.0, 1.260108630054319)	(46.0, 1.7211828605914474)	(47.0, 1.7380808690404523)	(48.0, 1.460470730235375)	(49.0, 1.873264936632488)	(50.0, 4.613156306578172)	(51.0, 35.787567893783766)	(52.0, 12.400724200361301)	(53.0, 6.363307181653807)	(54.0, 6.747133373566948)	(55.0, 7.145443572722092)	(56.0, 5.745322872661583)	(57.0, 3.7923958961978728)	(58.0, 2.40193120096559)	(59.0, 1.4749547374773788)	(60.0, 1.0669885334942655)	(61.0, 0.5866022933011461)	(62.0, 0.3548581774290892)	(63.0, 0.18105009052504512)	(64.0, 0.08449004224502114)	(65.0, 0.03138201569100784)	(66.0, 0.00724200362100181)	(67.0, 0.00724200362100181)	(68.0, 0.009656004828002412)	(69.0, 0.0)	(70.0, 0.0)	(71.0, 0.002414001207000603)	(72.0, 0.002414001207000603)	(73.0, 0.0)	(74.0, 0.0)	(75.0, 0.0)	(76.0, 0.0)	(77.0, 0.0)	(78.0, 0.0)	(79.0, 0.0)	(80.0, 0.0)	(81.0, 0.0)	(82.0, 0.0)	(83.0, 0.0)	(84.0, 0.0)	(85.0, 0.0)	(86.0, 0.0)	(87.0, 0.0)	(88.0, 0.0)	(89.0, 0.0)	(90.0, 0.0)	(91.0, 0.0)	(92.0, 0.0)	(93.0, 0.0)	(94.0, 0.0)	(95.0, 0.0)	(96.0, 0.0)	(97.0, 0.0)	(98.0, 0.0)	(99.0, 0.0)	(100.0, 0.0)
SRR8438139_2	(0.0, 0.0)	(1.0, 0.0)	(2.0, 0.0)	(3.0, 0.0)	(4.0, 0.0)	(5.0, 0.0)	(6.0, 0.0)	(7.0, 0.0)	(8.0, 0.0)	(9.0, 0.0)	(10.0, 0.0)	(11.0, 0.0)	(12.0, 0.0)	(13.0, 0.0)	(14.0, 0.0)	(15.0, 0.0)	(16.0, 0.0)	(17.0, 0.0)	(18.0, 0.0)	(19.0, 0.0)	(20.0, 0.0)	(21.0, 0.0)	(22.0, 0.0)	(23.0, 0.0)	(24.0, 0.0)	(25.0, 0.0)	(26.0, 0.0)	(27.0, 0.0)	(28.0, 0.004726568038946801)	(29.0, 0.007089852058420203)	(30.0, 0.0023632840194734005)	(31.0, 0.004726568038946801)	(32.0, 0.0)	(33.0, 0.009453136077893602)	(34.0, 0.009453136077893602)	(35.0, 0.018906272155787204)	(36.0, 0.030722692253154212)	(37.0, 0.05671881646736159)	(38.0, 0.06617195254525522)	(39.0, 0.09216807675946267)	(40.0, 0.2670510942004942)	(41.0, 0.48919979203099473)	(42.0, 0.510469348206255)	(43.0, 0.5624615966346691)	(44.0, 1.155645885522495)	(45.0, 1.350616817129056)	(46.0, 1.1213782672401296)	(47.0, 1.3624332372264234)	(48.0, 1.5940350711348232)	(49.0, 1.7039277780403397)	(50.0, 1.8480881032282181)	(51.0, 5.181500212695526)	(52.0, 31.4635817932622)	(53.0, 14.632273006568294)	(54.0, 6.538025239873411)	(55.0, 5.3504750200878926)	(56.0, 5.513541617431575)	(57.0, 5.5466275937042075)	(58.0, 4.050668809377374)	(59.0, 3.124261473743782)	(60.0, 2.3042019189865584)	(61.0, 1.5999432811835068)	(62.0, 0.9382237557309359)	(63.0, 0.6120905610436098)	(64.0, 0.40412156732995247)	(65.0, 0.19378928959681865)	(66.0, 0.08980479273998927)	(67.0, 0.0638086685257818)	(68.0, 0.0496289644089414)	(69.0, 0.025996124214207415)	(70.0, 0.011816420097367004)	(71.0, 0.014179704116840403)	(72.0, 0.004726568038946801)	(73.0, 0.0)	(74.0, 0.007089852058420203)	(75.0, 0.0023632840194734005)	(76.0, 0.0023632840194734005)	(77.0, 0.0023632840194734005)	(78.0, 0.0023632840194734005)	(79.0, 0.0023632840194734005)	(80.0, 0.0)	(81.0, 0.0)	(82.0, 0.0)	(83.0, 0.0)	(84.0, 0.0)	(85.0, 0.0)	(86.0, 0.0)	(87.0, 0.0)	(88.0, 0.0)	(89.0, 0.0)	(90.0, 0.0)	(91.0, 0.0)	(92.0, 0.0)	(93.0, 0.0)	(94.0, 0.0)	(95.0, 0.0)	(96.0, 0.0)	(97.0, 0.0)	(98.0, 0.0)	(99.0, 0.0)	(100.0, 0.0)
SRR8438140	(0.0, 0.0)	(1.0, 0.0)	(2.0, 0.0)	(3.0, 0.0)	(4.0, 0.0)	(5.0, 0.0)	(6.0, 0.0)	(7.0, 0.0)	(8.0, 0.0)	(9.0, 0.0)	(10.0, 0.0)	(11.0, 0.0)	(12.0, 0.0)	(13.0, 0.0)	(14.0, 0.0)	(15.0, 0.0)	(16.0, 0.0)	(17.0, 0.0)	(18.0, 0.0)	(19.0, 0.0)	(20.0, 0.0)	(21.0, 0.0)	(22.0, 0.0)	(23.0, 0.0)	(24.0, 0.0)	(25.0, 0.0)	(26.0, 0.0)	(27.0, 0.0)	(28.0, 0.0)	(29.0, 0.0)	(30.0, 0.0)	(31.0, 0.0)	(32.0, 0.0)	(33.0, 0.0)	(34.0, 0.0)	(35.0, 0.0)	(36.0, 0.0)	(37.0, 0.0)	(38.0, 2.0)	(39.0, 2.0)	(40.0, 2.0)	(41.0, 0.0)	(42.0, 2.0)	(43.0, 8.0)	(44.0, 14.000000000000002)	(45.0, 6.000000000000001)	(46.0, 10.0)	(47.0, 10.0)	(48.0, 18.000000000000004)	(49.0, 10.0)	(50.0, 12.000000000000002)	(51.0, 2.0)	(52.0, 0.0)	(53.0, 0.0)	(54.0, 0.0)	(55.0, 0.0)	(56.0, 2.0)	(57.0, 0.0)	(58.0, 0.0)	(59.0, 0.0)	(60.0, 0.0)	(61.0, 0.0)	(62.0, 0.0)	(63.0, 0.0)	(64.0, 0.0)	(65.0, 0.0)	(66.0, 0.0)	(67.0, 0.0)	(68.0, 0.0)	(69.0, 0.0)	(70.0, 0.0)	(71.0, 0.0)	(72.0, 0.0)	(73.0, 0.0)	(74.0, 0.0)	(75.0, 0.0)	(76.0, 0.0)	(77.0, 0.0)	(78.0, 0.0)	(79.0, 0.0)	(80.0, 0.0)	(81.0, 0.0)	(82.0, 0.0)	(83.0, 0.0)	(84.0, 0.0)	(85.0, 0.0)	(86.0, 0.0)	(87.0, 0.0)	(88.0, 0.0)	(89.0, 0.0)	(90.0, 0.0)	(91.0, 0.0)	(92.0, 0.0)	(93.0, 0.0)	(94.0, 0.0)	(95.0, 0.0)	(96.0, 0.0)	(97.0, 0.0)	(98.0, 0.0)	(99.0, 0.0)	(100.0, 0.0)
SRR8438140_1	(0.0, 0.0)	(1.0, 0.0)	(2.0, 0.0)	(3.0, 0.0)	(4.0, 0.0)	(5.0, 0.0)	(6.0, 0.0)	(7.0, 0.0)	(8.0, 0.0)	(9.0, 0.0)	(10.0, 0.0)	(11.0, 0.0)	(12.0, 0.0)	(13.0, 0.0)	(14.0, 0.0)	(15.0, 0.0)	(16.0, 0.0)	(17.0, 0.0)	(18.0, 0.0)	(19.0, 0.0)	(20.0, 0.0)	(21.0, 0.0)	(22.0, 0.0)	(23.0, 0.0)	(24.0, 0.0)	(25.0, 0.0)	(26.0, 0.0)	(27.0, 0.0)	(28.0, 0.0)	(29.0, 0.004989895461690357)	(30.0, 0.0024949477308451786)	(31.0, 0.0074848431925355376)	(32.0, 0.012474738654225893)	(33.0, 0.0074848431925355376)	(34.0, 0.004989895461690357)	(35.0, 0.009979790923380714)	(36.0, 0.01995958184676143)	(37.0, 0.04989895461690356)	(38.0, 0.05239390234774874)	(39.0, 0.0997979092338072)	(40.0, 0.26695940720043393)	(41.0, 0.4166562710511457)	(42.0, 0.6012824031336876)	(43.0, 0.7759287442928477)	(44.0, 0.9181407649510208)	(45.0, 1.0004740400689125)	(46.0, 0.97552456276046)	(47.0, 0.9680397195679242)	(48.0, 0.8732317057958082)	(49.0, 1.0927871061101868)	(50.0, 5.501359746513722)	(51.0, 70.92387914473106)	(52.0, 12.883910082083663)	(53.0, 0.9331104513360918)	(54.0, 0.48900975524565615)	(55.0, 0.35927247324170625)	(56.0, 0.33432299593325426)	(57.0, 0.1921109752750786)	(58.0, 0.08732317057958129)	(59.0, 0.06736358873281982)	(60.0, 0.034929268231832504)	(61.0, 0.017464634115916252)	(62.0, 0.0074848431925355376)	(63.0, 0.004989895461690357)	(64.0, 0.0024949477308451786)	(65.0, 0.0)	(66.0, 0.0)	(67.0, 0.0)	(68.0, 0.0)	(69.0, 0.0)	(70.0, 0.0)	(71.0, 0.0)	(72.0, 0.0)	(73.0, 0.0)	(74.0, 0.0)	(75.0, 0.0)	(76.0, 0.0)	(77.0, 0.0)	(78.0, 0.0)	(79.0, 0.0)	(80.0, 0.0)	(81.0, 0.0)	(82.0, 0.0)	(83.0, 0.0)	(84.0, 0.0)	(85.0, 0.0)	(86.0, 0.0)	(87.0, 0.0)	(88.0, 0.0)	(89.0, 0.0)	(90.0, 0.0)	(91.0, 0.0)	(92.0, 0.0)	(93.0, 0.0)	(94.0, 0.0)	(95.0, 0.0)	(96.0, 0.0)	(97.0, 0.0)	(98.0, 0.0)	(99.0, 0.0)	(100.0, 0.0)
SRR8438140_2	(0.0, 0.0)	(1.0, 0.0)	(2.0, 0.0)	(3.0, 0.0)	(4.0, 0.0)	(5.0, 0.0)	(6.0, 0.0)	(7.0, 0.0)	(8.0, 0.0)	(9.0, 0.0)	(10.0, 0.0)	(11.0, 0.0)	(12.0, 0.0)	(13.0, 0.0)	(14.0, 0.0)	(15.0, 0.0)	(16.0, 0.0)	(17.0, 0.0)	(18.0, 0.0)	(19.0, 0.0)	(20.0, 0.002077102027251837)	(21.0, 0.002077102027251837)	(22.0, 0.0)	(23.0, 0.0)	(24.0, 0.002077102027251837)	(25.0, 0.002077102027251837)	(26.0, 0.0)	(27.0, 0.0)	(28.0, 0.0)	(29.0, 0.002077102027251837)	(30.0, 0.002077102027251837)	(31.0, 0.0)	(32.0, 0.002077102027251837)	(33.0, 0.008308408109007348)	(34.0, 0.008308408109007348)	(35.0, 0.006231306081755512)	(36.0, 0.008308408109007348)	(37.0, 0.022848122299770207)	(38.0, 0.039464938517784896)	(39.0, 0.10904785643072148)	(40.0, 0.312603855101402)	(41.0, 0.43203722166838276)	(42.0, 0.4818876703224261)	(43.0, 0.5867813226986424)	(44.0, 0.6542871385843262)	(45.0, 0.7643735460286719)	(46.0, 0.8370721169824868)	(47.0, 0.8090312396145863)	(48.0, 0.7134845463610027)	(49.0, 0.6304004652709303)	(50.0, 1.2919574609506521)	(51.0, 23.057909604526163)	(52.0, 52.924559654361644)	(53.0, 11.180001661682212)	(54.0, 2.244308740445591)	(55.0, 0.9118477899635552)	(56.0, 0.5628946493852466)	(57.0, 0.3842638750415909)	(58.0, 0.2762545696244946)	(59.0, 0.23471252907945753)	(60.0, 0.15785975407113947)	(61.0, 0.09139248919908088)	(62.0, 0.07269857095381432)	(63.0, 0.060235958790303266)	(64.0, 0.033233632436029385)	(65.0, 0.020771020272518374)	(66.0, 0.008308408109007348)	(67.0, 0.006231306081755512)	(68.0, 0.006231306081755512)	(69.0, 0.010385510136259185)	(70.0, 0.004154204054503674)	(71.0, 0.004154204054503674)	(72.0, 0.002077102027251837)	(73.0, 0.002077102027251837)	(74.0, 0.002077102027251837)	(75.0, 0.0)	(76.0, 0.0)	(77.0, 0.002077102027251837)	(78.0, 0.0)	(79.0, 0.0)	(80.0, 0.0)	(81.0, 0.0)	(82.0, 0.002077102027251837)	(83.0, 0.002077102027251837)	(84.0, 0.0)	(85.0, 0.0)	(86.0, 0.0)	(87.0, 0.0)	(88.0, 0.0)	(89.0, 0.0)	(90.0, 0.0)	(91.0, 0.0)	(92.0, 0.0)	(93.0, 0.0)	(94.0, 0.002077102027251837)	(95.0, 0.002077102027251837)	(96.0, 0.0)	(97.0, 0.0)	(98.0, 0.0)	(99.0, 0.0)	(100.0, 0.0)
SRR8438141	(0.0, 0.0)	(1.0, 0.0)	(2.0, 0.0)	(3.0, 0.0)	(4.0, 0.0)	(5.0, 0.0)	(6.0, 0.0)	(7.0, 0.0)	(8.0, 0.0)	(9.0, 0.0)	(10.0, 0.0)	(11.0, 0.0)	(12.0, 0.0)	(13.0, 0.0)	(14.0, 0.0)	(15.0, 0.0)	(16.0, 0.0)	(17.0, 0.0)	(18.0, 0.0)	(19.0, 0.0)	(20.0, 0.0)	(21.0, 0.0)	(22.0, 0.0)	(23.0, 0.0)	(24.0, 0.0)	(25.0, 0.0)	(26.0, 0.0)	(27.0, 0.0)	(28.0, 0.0)	(29.0, 0.0)	(30.0, 0.0)	(31.0, 0.0)	(32.0, 0.0)	(33.0, 0.0)	(34.0, 0.0)	(35.0, 0.0)	(36.0, 0.0)	(37.0, 0.0)	(38.0, 2.9411764705882346)	(39.0, 0.0)	(40.0, 0.0)	(41.0, 2.9411764705882346)	(42.0, 5.882352941176469)	(43.0, 14.705882352941172)	(44.0, 8.823529411764703)	(45.0, 5.882352941176469)	(46.0, 8.823529411764703)	(47.0, 5.882352941176469)	(48.0, 14.705882352941172)	(49.0, 11.764705882352938)	(50.0, 8.823529411764703)	(51.0, 2.9411764705882346)	(52.0, 2.9411764705882346)	(53.0, 2.9411764705882346)	(54.0, 0.0)	(55.0, 0.0)	(56.0, 0.0)	(57.0, 0.0)	(58.0, 0.0)	(59.0, 0.0)	(60.0, 0.0)	(61.0, 0.0)	(62.0, 0.0)	(63.0, 0.0)	(64.0, 0.0)	(65.0, 0.0)	(66.0, 0.0)	(67.0, 0.0)	(68.0, 0.0)	(69.0, 0.0)	(70.0, 0.0)	(71.0, 0.0)	(72.0, 0.0)	(73.0, 0.0)	(74.0, 0.0)	(75.0, 0.0)	(76.0, 0.0)	(77.0, 0.0)	(78.0, 0.0)	(79.0, 0.0)	(80.0, 0.0)	(81.0, 0.0)	(82.0, 0.0)	(83.0, 0.0)	(84.0, 0.0)	(85.0, 0.0)	(86.0, 0.0)	(87.0, 0.0)	(88.0, 0.0)	(89.0, 0.0)	(90.0, 0.0)	(91.0, 0.0)	(92.0, 0.0)	(93.0, 0.0)	(94.0, 0.0)	(95.0, 0.0)	(96.0, 0.0)	(97.0, 0.0)	(98.0, 0.0)	(99.0, 0.0)	(100.0, 0.0)
SRR8438141_1	(0.0, 0.0)	(1.0, 0.0)	(2.0, 0.0)	(3.0, 0.0)	(4.0, 0.0)	(5.0, 0.0)	(6.0, 0.0)	(7.0, 0.0)	(8.0, 0.0)	(9.0, 0.0)	(10.0, 0.0)	(11.0, 0.0)	(12.0, 0.0)	(13.0, 0.0)	(14.0, 0.0)	(15.0, 0.0)	(16.0, 0.0)	(17.0, 0.0)	(18.0, 0.0)	(19.0, 0.0)	(20.0, 0.0)	(21.0, 0.0)	(22.0, 0.0)	(23.0, 0.0)	(24.0, 0.0)	(25.0, 0.0)	(26.0, 0.0)	(27.0, 0.0005942123715019138)	(28.0, 0.0005942123715019138)	(29.0, 0.0005942123715019138)	(30.0, 0.0005942123715019138)	(31.0, 0.0)	(32.0, 0.0005942123715019138)	(33.0, 0.0011884247430038275)	(34.0, 0.0017826371145057414)	(35.0, 0.002376849486007655)	(36.0, 0.002376849486007655)	(37.0, 0.0029710618575095687)	(38.0, 0.00475369897201531)	(39.0, 0.01960900825956316)	(40.0, 0.0499138392061607)	(41.0, 0.07605918355224502)	(42.0, 0.09091449283979297)	(43.0, 0.12656723512990778)	(44.0, 0.162814189791524)	(45.0, 0.17707528670756972)	(46.0, 0.19133638362361544)	(47.0, 0.2400617980867722)	(48.0, 3.0821795709802235)	(49.0, 56.064531463500614)	(50.0, 27.80438528733625)	(51.0, 6.570206191697656)	(52.0, 2.6240418325523525)	(53.0, 1.129597718225142)	(54.0, 0.5906470972728999)	(55.0, 0.36187533424466795)	(56.0, 0.2751203280053861)	(57.0, 0.17945213619357736)	(58.0, 0.07962445778125653)	(59.0, 0.04218907837663585)	(60.0, 0.021985857745570818)	(61.0, 0.011884247430038271)	(62.0, 0.0041594866005133955)	(63.0, 0.0017826371145057414)	(64.0, 0.0017826371145057414)	(65.0, 0.0005942123715019138)	(66.0, 0.0)	(67.0, 0.0005942123715019138)	(68.0, 0.0005942123715019138)	(69.0, 0.0)	(70.0, 0.0)	(71.0, 0.0)	(72.0, 0.0)	(73.0, 0.0)	(74.0, 0.0)	(75.0, 0.0)	(76.0, 0.0)	(77.0, 0.0)	(78.0, 0.0)	(79.0, 0.0)	(80.0, 0.0)	(81.0, 0.0)	(82.0, 0.0)	(83.0, 0.0)	(84.0, 0.0)	(85.0, 0.0)	(86.0, 0.0)	(87.0, 0.0)	(88.0, 0.0)	(89.0, 0.0)	(90.0, 0.0)	(91.0, 0.0)	(92.0, 0.0)	(93.0, 0.0)	(94.0, 0.0)	(95.0, 0.0)	(96.0, 0.0)	(97.0, 0.0)	(98.0, 0.0)	(99.0, 0.0)	(100.0, 0.0)
SRR8438141_2	(0.0, 0.0)	(1.0, 0.0)	(2.0, 0.0)	(3.0, 0.0)	(4.0, 0.0)	(5.0, 0.0)	(6.0, 0.0)	(7.0, 0.0)	(8.0, 0.0)	(9.0, 0.0)	(10.0, 0.0)	(11.0, 0.0)	(12.0, 0.0)	(13.0, 0.0)	(14.0, 0.0)	(15.0, 0.0)	(16.0, 0.0)	(17.0, 0.0)	(18.0, 0.0)	(19.0, 0.0)	(20.0, 0.0)	(21.0, 0.0)	(22.0, 0.0)	(23.0, 0.0)	(24.0, 0.0)	(25.0, 0.0005056122964912044)	(26.0, 0.0005056122964912044)	(27.0, 0.0005056122964912044)	(28.0, 0.0)	(29.0, 0.0005056122964912044)	(30.0, 0.0)	(31.0, 0.0)	(32.0, 0.0)	(33.0, 0.0)	(34.0, 0.0)	(35.0, 0.0005056122964912044)	(36.0, 0.0020224491859648177)	(37.0, 0.002528061482456022)	(38.0, 0.0015168368894736134)	(39.0, 0.0121346951157889)	(40.0, 0.029325513196489857)	(41.0, 0.04120740216403312)	(42.0, 0.054858934169295645)	(43.0, 0.07938113054911924)	(44.0, 0.08797653958946977)	(45.0, 0.10921225604210025)	(46.0, 0.11831327737894182)	(47.0, 0.16002629183946557)	(48.0, 0.3640408534736708)	(49.0, 24.49742137731278)	(50.0, 43.01521893008947)	(51.0, 14.644554555570757)	(52.0, 6.571190211348743)	(53.0, 3.4753261199321788)	(54.0, 1.9905956112858427)	(55.0, 1.3120639093947184)	(56.0, 0.9586409141473264)	(57.0, 0.7043179290122342)	(58.0, 0.5415107695420757)	(59.0, 0.40347861259998463)	(60.0, 0.2917382950754266)	(61.0, 0.18303165132981503)	(62.0, 0.12387501264034496)	(63.0, 0.07836990595613683)	(64.0, 0.04196582060876992)	(65.0, 0.027303064010525045)	(66.0, 0.01769643037719216)	(67.0, 0.012640307412280106)	(68.0, 0.00960663363333288)	(69.0, 0.008089796743859269)	(70.0, 0.0030336737789472264)	(71.0, 0.0015168368894736134)	(72.0, 0.0005056122964912044)	(73.0, 0.002528061482456022)	(74.0, 0.0010112245929824089)	(75.0, 0.0010112245929824089)	(76.0, 0.0020224491859648177)	(77.0, 0.0020224491859648177)	(78.0, 0.0015168368894736134)	(79.0, 0.0005056122964912044)	(80.0, 0.0020224491859648177)	(81.0, 0.0005056122964912044)	(82.0, 0.0005056122964912044)	(83.0, 0.0)	(84.0, 0.0)	(85.0, 0.0)	(86.0, 0.0005056122964912044)	(87.0, 0.0)	(88.0, 0.0005056122964912044)	(89.0, 0.0010112245929824089)	(90.0, 0.0005056122964912044)	(91.0, 0.0005056122964912044)	(92.0, 0.0010112245929824089)	(93.0, 0.0005056122964912044)	(94.0, 0.0005056122964912044)	(95.0, 0.0010112245929824089)	(96.0, 0.0)	(97.0, 0.0)	(98.0, 0.0)	(99.0, 0.0)	(100.0, 0.0015168368894736134)
SRR8438142	(0.0, 0.0)	(1.0, 0.0)	(2.0, 0.0)	(3.0, 0.0)	(4.0, 0.0)	(5.0, 0.0)	(6.0, 0.0)	(7.0, 0.0)	(8.0, 0.0)	(9.0, 0.0)	(10.0, 0.0)	(11.0, 0.0)	(12.0, 0.0)	(13.0, 0.0)	(14.0, 0.0)	(15.0, 0.0)	(16.0, 0.0)	(17.0, 0.0)	(18.0, 0.0)	(19.0, 0.0)	(20.0, 0.0)	(21.0, 0.0)	(22.0, 0.0)	(23.0, 0.0)	(24.0, 0.0)	(25.0, 0.0)	(26.0, 0.0)	(27.0, 0.0)	(28.0, 0.0)	(29.0, 0.0)	(30.0, 0.0)	(31.0, 0.0)	(32.0, 0.0)	(33.0, 0.0)	(34.0, 0.0)	(35.0, 0.0)	(36.0, 0.0)	(37.0, 0.0)	(38.0, 0.0)	(39.0, 0.0)	(40.0, 0.0)	(41.0, 9.09090909090909)	(42.0, 9.09090909090909)	(43.0, 0.0)	(44.0, 0.0)	(45.0, 18.18181818181818)	(46.0, 9.09090909090909)	(47.0, 9.09090909090909)	(48.0, 9.09090909090909)	(49.0, 0.0)	(50.0, 9.09090909090909)	(51.0, 9.09090909090909)	(52.0, 0.0)	(53.0, 9.09090909090909)	(54.0, 9.09090909090909)	(55.0, 0.0)	(56.0, 0.0)	(57.0, 0.0)	(58.0, 0.0)	(59.0, 0.0)	(60.0, 0.0)	(61.0, 0.0)	(62.0, 0.0)	(63.0, 0.0)	(64.0, 0.0)	(65.0, 0.0)	(66.0, 0.0)	(67.0, 0.0)	(68.0, 0.0)	(69.0, 0.0)	(70.0, 0.0)	(71.0, 0.0)	(72.0, 0.0)	(73.0, 0.0)	(74.0, 0.0)	(75.0, 0.0)	(76.0, 0.0)	(77.0, 0.0)	(78.0, 0.0)	(79.0, 0.0)	(80.0, 0.0)	(81.0, 0.0)	(82.0, 0.0)	(83.0, 0.0)	(84.0, 0.0)	(85.0, 0.0)	(86.0, 0.0)	(87.0, 0.0)	(88.0, 0.0)	(89.0, 0.0)	(90.0, 0.0)	(91.0, 0.0)	(92.0, 0.0)	(93.0, 0.0)	(94.0, 0.0)	(95.0, 0.0)	(96.0, 0.0)	(97.0, 0.0)	(98.0, 0.0)	(99.0, 0.0)	(100.0, 0.0)
SRR8438142_1	(0.0, 0.0)	(1.0, 0.0)	(2.0, 0.0)	(3.0, 0.0)	(4.0, 0.0)	(5.0, 0.0)	(6.0, 0.0)	(7.0, 0.0)	(8.0, 0.0)	(9.0, 0.0)	(10.0, 0.0)	(11.0, 0.0)	(12.0, 0.0)	(13.0, 0.0)	(14.0, 0.0)	(15.0, 0.0)	(16.0, 0.0)	(17.0, 0.0)	(18.0, 0.0)	(19.0, 0.0)	(20.0, 0.0)	(21.0, 0.0)	(22.0, 0.0)	(23.0, 0.0)	(24.0, 0.0)	(25.0, 0.0)	(26.0, 0.0)	(27.0, 0.002582111134063102)	(28.0, 0.010328444536252408)	(29.0, 0.002582111134063102)	(30.0, 0.005164222268126204)	(31.0, 0.012910555670315509)	(32.0, 0.01549266680437861)	(33.0, 0.023239000206567915)	(34.0, 0.028403222474694127)	(35.0, 0.018074777938441713)	(36.0, 0.02582111134063102)	(37.0, 0.030985333608757222)	(38.0, 0.04647800041313582)	(39.0, 0.0929560008262717)	(40.0, 0.1445982235075337)	(41.0, 0.20656889072504797)	(42.0, 0.24013633546786814)	(43.0, 0.5370791158851259)	(44.0, 0.6093782276388917)	(45.0, 0.8236934517661263)	(46.0, 1.3168766783721855)	(47.0, 1.8152241272463783)	(48.0, 1.7609997934310517)	(49.0, 1.9959719066307995)	(50.0, 4.172691592645905)	(51.0, 27.411691799217696)	(52.0, 12.345073331955046)	(53.0, 8.084589960751897)	(54.0, 8.247262962197835)	(55.0, 9.024478413550652)	(56.0, 7.513943400123939)	(57.0, 4.903429043585846)	(58.0, 3.4316256971698023)	(59.0, 2.321317909522732)	(60.0, 1.3607725676512594)	(61.0, 0.6920057839289099)	(62.0, 0.3718240033050872)	(63.0, 0.17300144598222775)	(64.0, 0.059388556083451324)	(65.0, 0.04906011154719892)	(66.0, 0.02582111134063102)	(67.0, 0.018074777938441713)	(68.0, 0.018074777938441713)	(69.0, 0.0077463334021893055)	(70.0, 0.002582111134063102)	(71.0, 0.0)	(72.0, 0.0)	(73.0, 0.0)	(74.0, 0.0)	(75.0, 0.0)	(76.0, 0.0)	(77.0, 0.0)	(78.0, 0.0)	(79.0, 0.0)	(80.0, 0.0)	(81.0, 0.0)	(82.0, 0.0)	(83.0, 0.0)	(84.0, 0.0)	(85.0, 0.0)	(86.0, 0.0)	(87.0, 0.0)	(88.0, 0.0)	(89.0, 0.0)	(90.0, 0.0)	(91.0, 0.0)	(92.0, 0.0)	(93.0, 0.0)	(94.0, 0.0)	(95.0, 0.0)	(96.0, 0.0)	(97.0, 0.0)	(98.0, 0.0)	(99.0, 0.0)	(100.0, 0.0)
SRR8438142_2	(0.0, 0.0)	(1.0, 0.0)	(2.0, 0.0)	(3.0, 0.0)	(4.0, 0.0)	(5.0, 0.0)	(6.0, 0.0)	(7.0, 0.0)	(8.0, 0.0)	(9.0, 0.0)	(10.0, 0.0)	(11.0, 0.0)	(12.0, 0.0)	(13.0, 0.0)	(14.0, 0.0)	(15.0, 0.0)	(16.0, 0.0)	(17.0, 0.0)	(18.0, 0.0)	(19.0, 0.0)	(20.0, 0.0)	(21.0, 0.0)	(22.0, 0.0)	(23.0, 0.0)	(24.0, 0.0025576101690579648)	(25.0, 0.0051152203381159295)	(26.0, 0.0025576101690579648)	(27.0, 0.0)	(28.0, 0.0)	(29.0, 0.01534566101434779)	(30.0, 0.02557610169057965)	(31.0, 0.007672830507173895)	(32.0, 0.0)	(33.0, 0.010230440676231859)	(34.0, 0.012788050845289825)	(35.0, 0.020460881352463718)	(36.0, 0.012788050845289825)	(37.0, 0.023018491521521686)	(38.0, 0.03069132202869558)	(39.0, 0.07417069490268098)	(40.0, 0.16112944065065174)	(41.0, 0.35039259316094157)	(42.0, 0.29156755927260797)	(43.0, 0.3977083812885143)	(44.0, 0.7570526100411552)	(45.0, 0.945036957466913)	(46.0, 0.7736770761400318)	(47.0, 1.321005652318443)	(48.0, 1.7903271183405929)	(49.0, 1.9054195759482047)	(50.0, 1.9591293894984232)	(51.0, 5.220082355047364)	(52.0, 24.141282385740535)	(53.0, 13.504181692625128)	(54.0, 7.291746591984551)	(55.0, 7.007851863219085)	(56.0, 6.9490268293307444)	(57.0, 7.24826721911056)	(58.0, 5.301925880457228)	(59.0, 3.8492033044321525)	(60.0, 3.2583953553797964)	(61.0, 2.2992915419831137)	(62.0, 1.3606486099388426)	(63.0, 0.7391493388577497)	(64.0, 0.40921762704927517)	(65.0, 0.19693598301746312)	(66.0, 0.11253484743855052)	(67.0, 0.08695874574797083)	(68.0, 0.05370981355021725)	(69.0, 0.03069132202869558)	(70.0, 0.020460881352463718)	(71.0, 0.007672830507173895)	(72.0, 0.0)	(73.0, 0.0025576101690579648)	(74.0, 0.0025576101690579648)	(75.0, 0.0)	(76.0, 0.0025576101690579648)	(77.0, 0.0051152203381159295)	(78.0, 0.0)	(79.0, 0.0)	(80.0, 0.0)	(81.0, 0.0)	(82.0, 0.0)	(83.0, 0.0)	(84.0, 0.0)	(85.0, 0.0)	(86.0, 0.0)	(87.0, 0.0)	(88.0, 0.0025576101690579648)	(89.0, 0.0)	(90.0, 0.0)	(91.0, 0.0)	(92.0, 0.0)	(93.0, 0.0)	(94.0, 0.0)	(95.0, 0.0)	(96.0, 0.0)	(97.0, 0.0)	(98.0, 0.0)	(99.0, 0.0)	(100.0, 0.0)
SRR8438143	(0.0, 0.0)	(1.0, 0.0)	(2.0, 0.0)	(3.0, 0.0)	(4.0, 0.0)	(5.0, 0.0)	(6.0, 0.0)	(7.0, 0.0)	(8.0, 0.0)	(9.0, 0.0)	(10.0, 0.0)	(11.0, 0.0)	(12.0, 0.0)	(13.0, 0.0)	(14.0, 0.0)	(15.0, 0.0)	(16.0, 0.0)	(17.0, 0.0)	(18.0, 0.0)	(19.0, 0.0)	(20.0, 0.0)	(21.0, 0.0)	(22.0, 0.0)	(23.0, 0.0)	(24.0, 0.0)	(25.0, 0.0)	(26.0, 0.0)	(27.0, 0.0)	(28.0, 0.0)	(29.0, 0.0)	(30.0, 0.0)	(31.0, 0.0)	(32.0, 0.0)	(33.0, 0.0)	(34.0, 0.0)	(35.0, 0.0)	(36.0, 0.0)	(37.0, 0.0)	(38.0, 0.0)	(39.0, 9.090909090909092)	(40.0, 9.090909090909092)	(41.0, 0.0)	(42.0, 0.0)	(43.0, 0.0)	(44.0, 18.181818181818183)	(45.0, 9.090909090909092)	(46.0, 9.090909090909092)	(47.0, 9.090909090909092)	(48.0, 0.0)	(49.0, 18.181818181818183)	(50.0, 9.090909090909092)	(51.0, 9.090909090909092)	(52.0, 0.0)	(53.0, 0.0)	(54.0, 0.0)	(55.0, 0.0)	(56.0, 0.0)	(57.0, 0.0)	(58.0, 0.0)	(59.0, 0.0)	(60.0, 0.0)	(61.0, 0.0)	(62.0, 0.0)	(63.0, 0.0)	(64.0, 0.0)	(65.0, 0.0)	(66.0, 0.0)	(67.0, 0.0)	(68.0, 0.0)	(69.0, 0.0)	(70.0, 0.0)	(71.0, 0.0)	(72.0, 0.0)	(73.0, 0.0)	(74.0, 0.0)	(75.0, 0.0)	(76.0, 0.0)	(77.0, 0.0)	(78.0, 0.0)	(79.0, 0.0)	(80.0, 0.0)	(81.0, 0.0)	(82.0, 0.0)	(83.0, 0.0)	(84.0, 0.0)	(85.0, 0.0)	(86.0, 0.0)	(87.0, 0.0)	(88.0, 0.0)	(89.0, 0.0)	(90.0, 0.0)	(91.0, 0.0)	(92.0, 0.0)	(93.0, 0.0)	(94.0, 0.0)	(95.0, 0.0)	(96.0, 0.0)	(97.0, 0.0)	(98.0, 0.0)	(99.0, 0.0)	(100.0, 0.0)
SRR8438143_1	(0.0, 0.0)	(1.0, 0.0)	(2.0, 0.0)	(3.0, 0.0)	(4.0, 0.0)	(5.0, 0.0)	(6.0, 0.0)	(7.0, 0.0)	(8.0, 0.0)	(9.0, 0.0)	(10.0, 0.0)	(11.0, 0.0)	(12.0, 0.0)	(13.0, 0.0)	(14.0, 0.0)	(15.0, 0.0)	(16.0, 0.0)	(17.0, 0.0)	(18.0, 0.0)	(19.0, 0.0)	(20.0, 0.0)	(21.0, 0.0)	(22.0, 0.0)	(23.0, 0.0)	(24.0, 0.0)	(25.0, 0.0024863252113377014)	(26.0, 0.0)	(27.0, 0.0024863252113377014)	(28.0, 0.0024863252113377014)	(29.0, 0.0074589756340131055)	(30.0, 0.0074589756340131055)	(31.0, 0.01740427647936391)	(32.0, 0.03480855295872782)	(33.0, 0.08453505718548188)	(34.0, 0.05221282943809172)	(35.0, 0.05718547986076712)	(36.0, 0.05967180507210481)	(37.0, 0.049726504226754016)	(38.0, 0.04724017901541632)	(39.0, 0.09945300845350812)	(40.0, 0.1765290900049767)	(41.0, 0.29587270014918654)	(42.0, 0.33565390353059005)	(43.0, 0.45748383888613825)	(44.0, 0.805569368473412)	(45.0, 1.3774241670810932)	(46.0, 2.1606166086524703)	(47.0, 2.257583291894635)	(48.0, 1.9990054699155286)	(49.0, 2.4291397314769267)	(50.0, 4.201889607160672)	(51.0, 15.939830929884918)	(52.0, 10.22128294380905)	(53.0, 9.525111884634653)	(54.0, 10.1442068622576)	(55.0, 11.951765290899697)	(56.0, 9.96270512182999)	(57.0, 6.200895077076412)	(58.0, 3.85877672799603)	(59.0, 2.2277473893585844)	(60.0, 1.434609646941862)	(61.0, 0.7732471407260223)	(62.0, 0.33068125310791463)	(63.0, 0.18150174042765208)	(64.0, 0.12431626056688516)	(65.0, 0.06713078070611794)	(66.0, 0.029835902536052422)	(67.0, 0.004972650422675403)	(68.0, 0.0)	(69.0, 0.0)	(70.0, 0.0)	(71.0, 0.0)	(72.0, 0.0)	(73.0, 0.0)	(74.0, 0.0)	(75.0, 0.0)	(76.0, 0.0)	(77.0, 0.0)	(78.0, 0.0)	(79.0, 0.0)	(80.0, 0.0)	(81.0, 0.0)	(82.0, 0.0)	(83.0, 0.0)	(84.0, 0.0)	(85.0, 0.0)	(86.0, 0.0)	(87.0, 0.0)	(88.0, 0.0)	(89.0, 0.0)	(90.0, 0.0)	(91.0, 0.0)	(92.0, 0.0)	(93.0, 0.0)	(94.0, 0.0)	(95.0, 0.0)	(96.0, 0.0)	(97.0, 0.0)	(98.0, 0.0)	(99.0, 0.0)	(100.0, 0.0)
SRR8438143_2	(0.0, 0.0)	(1.0, 0.0)	(2.0, 0.0)	(3.0, 0.0)	(4.0, 0.0)	(5.0, 0.0)	(6.0, 0.0)	(7.0, 0.0)	(8.0, 0.0)	(9.0, 0.0)	(10.0, 0.0)	(11.0, 0.0)	(12.0, 0.0)	(13.0, 0.0)	(14.0, 0.0)	(15.0, 0.0)	(16.0, 0.0)	(17.0, 0.0)	(18.0, 0.0)	(19.0, 0.0)	(20.0, 0.0)	(21.0, 0.0)	(22.0, 0.0)	(23.0, 0.0)	(24.0, 0.0)	(25.0, 0.0)	(26.0, 0.0)	(27.0, 0.00248022024355765)	(28.0, 0.0049604404871153)	(29.0, 0.00248022024355765)	(30.0, 0.0297626429226918)	(31.0, 0.06448572633249888)	(32.0, 0.022321982192018853)	(33.0, 0.017361541704903546)	(34.0, 0.0198417619484612)	(35.0, 0.04464396438403769)	(36.0, 0.07936704779384482)	(37.0, 0.05208462511471063)	(38.0, 0.04216374414048004)	(39.0, 0.08184726803740247)	(40.0, 0.2033780599717271)	(41.0, 0.3794736972643211)	(42.0, 0.37699347702076347)	(43.0, 0.4042758996998978)	(44.0, 0.9896078771794979)	(45.0, 1.3988442173665219)	(46.0, 1.3839628959051755)	(47.0, 1.708871747811237)	(48.0, 2.1974751357920828)	(49.0, 2.6253131278057533)	(50.0, 2.392172424911348)	(51.0, 4.265978818919123)	(52.0, 14.38279719238962)	(53.0, 10.163942558099016)	(54.0, 8.549319179543353)	(55.0, 8.631166447580737)	(56.0, 9.003199484114301)	(57.0, 9.144572037997055)	(58.0, 7.185198045586809)	(59.0, 4.895954760782837)	(60.0, 3.42518415635305)	(61.0, 2.5521466306208067)	(62.0, 1.4038046578536374)	(63.0, 0.7639078350157534)	(64.0, 0.48116272725018533)	(65.0, 0.26042312557355307)	(66.0, 0.11409013120365198)	(67.0, 0.06696594657605653)	(68.0, 0.07936704779384482)	(69.0, 0.05704506560182593)	(70.0, 0.0148813214613459)	(71.0, 0.0099208809742306)	(72.0, 0.0)	(73.0, 0.00744066073067295)	(74.0, 0.0099208809742306)	(75.0, 0.00248022024355765)	(76.0, 0.00248022024355765)	(77.0, 0.0)	(78.0, 0.0)	(79.0, 0.0)	(80.0, 0.0)	(81.0, 0.00248022024355765)	(82.0, 0.0)	(83.0, 0.0)	(84.0, 0.0)	(85.0, 0.0)	(86.0, 0.0)	(87.0, 0.0)	(88.0, 0.0)	(89.0, 0.0)	(90.0, 0.0)	(91.0, 0.0)	(92.0, 0.0)	(93.0, 0.0)	(94.0, 0.0)	(95.0, 0.0)	(96.0, 0.0)	(97.0, 0.0)	(98.0, 0.0)	(99.0, 0.0)	(100.0, 0.0)
SRR8438144	(0.0, 0.0)	(1.0, 0.0)	(2.0, 0.0)	(3.0, 0.0)	(4.0, 0.0)	(5.0, 0.0)	(6.0, 0.0)	(7.0, 0.0)	(8.0, 0.0)	(9.0, 0.0)	(10.0, 0.0)	(11.0, 0.0)	(12.0, 0.0)	(13.0, 0.0)	(14.0, 0.0)	(15.0, 0.0)	(16.0, 0.0)	(17.0, 0.0)	(18.0, 0.0)	(19.0, 0.0)	(20.0, 0.0)	(21.0, 0.0)	(22.0, 0.0)	(23.0, 0.0)	(24.0, 0.0)	(25.0, 0.0)	(26.0, 0.0)	(27.0, 0.0)	(28.0, 0.0)	(29.0, 0.0)	(30.0, 0.0)	(31.0, 0.0)	(32.0, 0.0)	(33.0, 0.0)	(34.0, 0.0)	(35.0, 0.0)	(36.0, 0.0)	(37.0, 0.0)	(38.0, 0.0)	(39.0, 0.0)	(40.0, 2.9411764705882346)	(41.0, 2.9411764705882346)	(42.0, 2.9411764705882346)	(43.0, 5.882352941176469)	(44.0, 8.823529411764703)	(45.0, 11.764705882352938)	(46.0, 8.823529411764703)	(47.0, 14.705882352941172)	(48.0, 20.58823529411764)	(49.0, 8.823529411764703)	(50.0, 2.9411764705882346)	(51.0, 2.9411764705882346)	(52.0, 2.9411764705882346)	(53.0, 2.9411764705882346)	(54.0, 0.0)	(55.0, 0.0)	(56.0, 0.0)	(57.0, 0.0)	(58.0, 0.0)	(59.0, 0.0)	(60.0, 0.0)	(61.0, 0.0)	(62.0, 0.0)	(63.0, 0.0)	(64.0, 0.0)	(65.0, 0.0)	(66.0, 0.0)	(67.0, 0.0)	(68.0, 0.0)	(69.0, 0.0)	(70.0, 0.0)	(71.0, 0.0)	(72.0, 0.0)	(73.0, 0.0)	(74.0, 0.0)	(75.0, 0.0)	(76.0, 0.0)	(77.0, 0.0)	(78.0, 0.0)	(79.0, 0.0)	(80.0, 0.0)	(81.0, 0.0)	(82.0, 0.0)	(83.0, 0.0)	(84.0, 0.0)	(85.0, 0.0)	(86.0, 0.0)	(87.0, 0.0)	(88.0, 0.0)	(89.0, 0.0)	(90.0, 0.0)	(91.0, 0.0)	(92.0, 0.0)	(93.0, 0.0)	(94.0, 0.0)	(95.0, 0.0)	(96.0, 0.0)	(97.0, 0.0)	(98.0, 0.0)	(99.0, 0.0)	(100.0, 0.0)
SRR8438144_1	(0.0, 0.0)	(1.0, 0.0)	(2.0, 0.0)	(3.0, 0.0)	(4.0, 0.0)	(5.0, 0.0)	(6.0, 0.0)	(7.0, 0.0)	(8.0, 0.0)	(9.0, 0.0)	(10.0, 0.0)	(11.0, 0.0)	(12.0, 0.0)	(13.0, 0.0)	(14.0, 0.0)	(15.0, 0.0)	(16.0, 0.0)	(17.0, 0.0)	(18.0, 0.0)	(19.0, 0.0)	(20.0, 0.0)	(21.0, 0.0)	(22.0, 0.0)	(23.0, 0.0)	(24.0, 0.0)	(25.0, 0.0)	(26.0, 0.0)	(27.0, 0.0)	(28.0, 0.002349237672375362)	(29.0, 0.009396950689501448)	(30.0, 0.016444663706627533)	(31.0, 0.02114313905137826)	(32.0, 0.030540089740879708)	(33.0, 0.06342941715413476)	(34.0, 0.0610801794817594)	(35.0, 0.05168322879225795)	(36.0, 0.05638170413700867)	(37.0, 0.0822233185331377)	(38.0, 0.13860502267014635)	(39.0, 0.1973359644795302)	(40.0, 0.3124486104259234)	(41.0, 0.4134658303380647)	(42.0, 0.46279982145794735)	(43.0, 0.9843305847252739)	(44.0, 1.2051589259285642)	(45.0, 1.7760236803157934)	(46.0, 2.8308313952122734)	(47.0, 3.1291845796039275)	(48.0, 2.79324359245427)	(49.0, 3.3100758803768198)	(50.0, 3.97021166631432)	(51.0, 6.864472478681096)	(52.0, 8.433763243827599)	(53.0, 10.771254727840555)	(54.0, 12.72582047125641)	(55.0, 12.159654192214077)	(56.0, 9.65536683346251)	(57.0, 6.678882702563421)	(58.0, 4.602156600183365)	(59.0, 2.6358446684051295)	(60.0, 1.6844034110931514)	(61.0, 0.9021072661921339)	(62.0, 0.5262292386120813)	(63.0, 0.19968520215190555)	(64.0, 0.1315573096530203)	(65.0, 0.05638170413700867)	(66.0, 0.025841614396128986)	(67.0, 0.023492376723753622)	(68.0, 0.004698475344750724)	(69.0, 0.0)	(70.0, 0.0)	(71.0, 0.0)	(72.0, 0.0)	(73.0, 0.0)	(74.0, 0.0)	(75.0, 0.0)	(76.0, 0.0)	(77.0, 0.0)	(78.0, 0.0)	(79.0, 0.0)	(80.0, 0.0)	(81.0, 0.0)	(82.0, 0.0)	(83.0, 0.0)	(84.0, 0.0)	(85.0, 0.0)	(86.0, 0.0)	(87.0, 0.0)	(88.0, 0.0)	(89.0, 0.0)	(90.0, 0.0)	(91.0, 0.0)	(92.0, 0.0)	(93.0, 0.0)	(94.0, 0.0)	(95.0, 0.0)	(96.0, 0.0)	(97.0, 0.0)	(98.0, 0.0)	(99.0, 0.0)	(100.0, 0.0)
SRR8438144_2	(0.0, 0.0)	(1.0, 0.0)	(2.0, 0.0)	(3.0, 0.0)	(4.0, 0.0)	(5.0, 0.0)	(6.0, 0.0)	(7.0, 0.0)	(8.0, 0.0)	(9.0, 0.0)	(10.0, 0.0)	(11.0, 0.0)	(12.0, 0.0)	(13.0, 0.0)	(14.0, 0.0)	(15.0, 0.0)	(16.0, 0.0)	(17.0, 0.0)	(18.0, 0.0)	(19.0, 0.0)	(20.0, 0.0)	(21.0, 0.0)	(22.0, 0.0)	(23.0, 0.0)	(24.0, 0.0)	(25.0, 0.0)	(26.0, 0.0023586296361813876)	(27.0, 0.0)	(28.0, 0.0)	(29.0, 0.0023586296361813876)	(30.0, 0.0188690370894511)	(31.0, 0.02122766672563249)	(32.0, 0.0188690370894511)	(33.0, 0.0188690370894511)	(34.0, 0.011793148180906939)	(35.0, 0.02122766672563249)	(36.0, 0.05188985199599051)	(37.0, 0.12029011144525084)	(38.0, 0.09906244471961836)	(39.0, 0.16510407453269707)	(40.0, 0.37266348251666)	(41.0, 0.6297541128604294)	(42.0, 0.6769267055840564)	(43.0, 0.7854236688483988)	(44.0, 1.4576331151601083)	(45.0, 1.863317412583314)	(46.0, 1.4953711893390116)	(47.0, 2.214753228374321)	(48.0, 2.981307860133229)	(49.0, 3.4388820095523918)	(50.0, 3.072115101126207)	(51.0, 3.687717436169525)	(52.0, 6.0640367946225435)	(53.0, 7.424966094699297)	(54.0, 9.042986025119362)	(55.0, 9.974644731410798)	(56.0, 10.550150362638925)	(57.0, 9.70340232325)	(58.0, 7.368358983430956)	(59.0, 5.507400200483673)	(60.0, 4.082787900229952)	(61.0, 2.9883837490417724)	(62.0, 1.9246417831240266)	(63.0, 0.9977003361047245)	(64.0, 0.5071053717789988)	(65.0, 0.2547320007075898)	(66.0, 0.10613833362816254)	(67.0, 0.10613833362816254)	(68.0, 0.07075888908544163)	(69.0, 0.02122766672563249)	(70.0, 0.0188690370894511)	(71.0, 0.0188690370894511)	(72.0, 0.007075888908544164)	(73.0, 0.00943451854472555)	(74.0, 0.004717259272362775)	(75.0, 0.0)	(76.0, 0.0023586296361813876)	(77.0, 0.007075888908544164)	(78.0, 0.004717259272362775)	(79.0, 0.0)	(80.0, 0.0)	(81.0, 0.0)	(82.0, 0.0)	(83.0, 0.0)	(84.0, 0.0)	(85.0, 0.0)	(86.0, 0.0)	(87.0, 0.0)	(88.0, 0.0)	(89.0, 0.0)	(90.0, 0.0)	(91.0, 0.0)	(92.0, 0.0)	(93.0, 0.0)	(94.0, 0.0)	(95.0, 0.0)	(96.0, 0.0)	(97.0, 0.0)	(98.0, 0.0)	(99.0, 0.0)	(100.0, 0.003537944454272082)
SRR8438145	(0.0, 0.0)	(1.0, 0.0)	(2.0, 0.0)	(3.0, 0.0)	(4.0, 0.0)	(5.0, 0.0)	(6.0, 0.0)	(7.0, 0.0)	(8.0, 0.0)	(9.0, 0.0)	(10.0, 0.0)	(11.0, 0.0)	(12.0, 0.0)	(13.0, 0.0)	(14.0, 0.0)	(15.0, 0.0)	(16.0, 0.0)	(17.0, 0.0)	(18.0, 0.0)	(19.0, 0.0)	(20.0, 0.0)	(21.0, 0.0)	(22.0, 0.0)	(23.0, 0.0)	(24.0, 0.0)	(25.0, 0.0)	(26.0, 0.0)	(27.0, 0.0)	(28.0, 0.0)	(29.0, 0.0)	(30.0, 0.0)	(31.0, 0.0)	(32.0, 0.0)	(33.0, 0.0)	(34.0, 0.0)	(35.0, 0.0)	(36.0, 0.0)	(37.0, 0.0)	(38.0, 0.0)	(39.0, 0.0)	(40.0, 0.0)	(41.0, 3.0303030303030307)	(42.0, 3.0303030303030307)	(43.0, 3.0303030303030307)	(44.0, 6.060606060606061)	(45.0, 12.121212121212123)	(46.0, 21.21212121212121)	(47.0, 18.181818181818183)	(48.0, 15.151515151515152)	(49.0, 6.060606060606061)	(50.0, 6.060606060606061)	(51.0, 6.060606060606061)	(52.0, 0.0)	(53.0, 0.0)	(54.0, 0.0)	(55.0, 0.0)	(56.0, 0.0)	(57.0, 0.0)	(58.0, 0.0)	(59.0, 0.0)	(60.0, 0.0)	(61.0, 0.0)	(62.0, 0.0)	(63.0, 0.0)	(64.0, 0.0)	(65.0, 0.0)	(66.0, 0.0)	(67.0, 0.0)	(68.0, 0.0)	(69.0, 0.0)	(70.0, 0.0)	(71.0, 0.0)	(72.0, 0.0)	(73.0, 0.0)	(74.0, 0.0)	(75.0, 0.0)	(76.0, 0.0)	(77.0, 0.0)	(78.0, 0.0)	(79.0, 0.0)	(80.0, 0.0)	(81.0, 0.0)	(82.0, 0.0)	(83.0, 0.0)	(84.0, 0.0)	(85.0, 0.0)	(86.0, 0.0)	(87.0, 0.0)	(88.0, 0.0)	(89.0, 0.0)	(90.0, 0.0)	(91.0, 0.0)	(92.0, 0.0)	(93.0, 0.0)	(94.0, 0.0)	(95.0, 0.0)	(96.0, 0.0)	(97.0, 0.0)	(98.0, 0.0)	(99.0, 0.0)	(100.0, 0.0)
SRR8438145_1	(0.0, 0.0)	(1.0, 0.0)	(2.0, 0.0)	(3.0, 0.0)	(4.0, 0.0)	(5.0, 0.0)	(6.0, 0.0)	(7.0, 0.0)	(8.0, 0.0)	(9.0, 0.0)	(10.0, 0.0)	(11.0, 0.0)	(12.0, 0.0)	(13.0, 0.0)	(14.0, 0.0)	(15.0, 0.0)	(16.0, 0.0)	(17.0, 0.0)	(18.0, 0.0)	(19.0, 0.01557940402788298)	(20.0, 0.013781780486204175)	(21.0, 0.0)	(22.0, 0.0)	(23.0, 0.0)	(24.0, 0.0)	(25.0, 0.0)	(26.0, 0.0)	(27.0, 0.0005992078472262687)	(28.0, 0.0005992078472262687)	(29.0, 0.0)	(30.0, 0.0)	(31.0, 0.0)	(32.0, 0.0)	(33.0, 0.0017976235416788061)	(34.0, 0.03894851006970745)	(35.0, 0.02336910604182449)	(36.0, 0.006591286319488956)	(37.0, 0.010186533402846566)	(38.0, 0.01557940402788298)	(39.0, 0.023968313889050758)	(40.0, 0.11684553020912267)	(41.0, 0.1480043382648882)	(42.0, 0.12463523222306407)	(43.0, 0.17856393847342747)	(44.0, 0.240881554584959)	(45.0, 0.22230611132094447)	(46.0, 0.2157148250014556)	(47.0, 0.24627442520999557)	(48.0, 0.2630522449323316)	(49.0, 0.36671520250247897)	(50.0, 0.9569349320203343)	(51.0, 38.517679627540225)	(52.0, 46.3079808493006)	(53.0, 7.156339319424572)	(54.0, 2.483117318905595)	(55.0, 1.0857646191739967)	(56.0, 0.5452791409759049)	(57.0, 0.2942110529880984)	(58.0, 0.15159958534824577)	(59.0, 0.10965503604240745)	(60.0, 0.06051999256985307)	(61.0, 0.02636514527795584)	(62.0, 0.011384949097299101)	(63.0, 0.00898811770839403)	(64.0, 0.006591286319488956)	(65.0, 0.0017976235416788061)	(66.0, 0.0005992078472262687)	(67.0, 0.0011984156944525373)	(68.0, 0.0)	(69.0, 0.0)	(70.0, 0.0)	(71.0, 0.0)	(72.0, 0.0)	(73.0, 0.0)	(74.0, 0.0)	(75.0, 0.0)	(76.0, 0.0)	(77.0, 0.0)	(78.0, 0.0)	(79.0, 0.0)	(80.0, 0.0)	(81.0, 0.0)	(82.0, 0.0)	(83.0, 0.0)	(84.0, 0.0)	(85.0, 0.0)	(86.0, 0.0)	(87.0, 0.0)	(88.0, 0.0)	(89.0, 0.0)	(90.0, 0.0)	(91.0, 0.0)	(92.0, 0.0)	(93.0, 0.0)	(94.0, 0.0)	(95.0, 0.0)	(96.0, 0.0)	(97.0, 0.0)	(98.0, 0.0)	(99.0, 0.0)	(100.0, 0.0)
SRR8438145_2	(0.0, 0.0)	(1.0, 0.0)	(2.0, 0.0)	(3.0, 0.0)	(4.0, 0.0)	(5.0, 0.0)	(6.0, 0.0)	(7.0, 0.0)	(8.0, 0.0)	(9.0, 0.0)	(10.0, 0.0)	(11.0, 0.0)	(12.0, 0.0)	(13.0, 0.0)	(14.0, 0.0)	(15.0, 0.0)	(16.0, 0.0020168812964512306)	(17.0, 0.002689175061934974)	(18.0, 0.002689175061934974)	(19.0, 0.007395231420321178)	(20.0, 0.012773581544191124)	(21.0, 0.0020168812964512306)	(22.0, 0.0020168812964512306)	(23.0, 0.0)	(24.0, 0.0)	(25.0, 0.0)	(26.0, 0.0)	(27.0, 0.0)	(28.0, 0.0)	(29.0, 0.0)	(30.0, 0.0)	(31.0, 0.004706056358386204)	(32.0, 0.005378350123869948)	(33.0, 0.00403376259290246)	(34.0, 0.008739818951288664)	(35.0, 0.02823633815031724)	(36.0, 0.011428994013223635)	(37.0, 0.006722937654837435)	(38.0, 0.04974973864579697)	(39.0, 0.05344735435595756)	(40.0, 0.0668932296656324)	(41.0, 0.075969195499663)	(42.0, 0.12504664037997662)	(43.0, 0.1983266608177037)	(44.0, 0.2406811680431789)	(45.0, 0.19630977952125248)	(46.0, 0.15866132865416338)	(47.0, 0.17883014161867541)	(48.0, 0.1969820732867362)	(49.0, 0.24269804933963013)	(50.0, 0.4961527989270079)	(51.0, 1.6340099970082833)	(52.0, 24.65402082094588)	(53.0, 39.64112958798349)	(54.0, 16.530359105708285)	(55.0, 6.150143366645828)	(56.0, 3.076416270853474)	(57.0, 1.724433508465857)	(58.0, 1.1455885763842881)	(59.0, 0.7926343495053236)	(60.0, 0.5815341071434402)	(61.0, 0.45514287923249847)	(62.0, 0.3583325770028366)	(63.0, 0.2756404438483338)	(64.0, 0.21244482989286212)	(65.0, 0.13042499050384657)	(66.0, 0.08807048327837047)	(67.0, 0.0551280887696669)	(68.0, 0.034286982039670934)	(69.0, 0.02420257555741477)	(70.0, 0.01479046284064235)	(71.0, 0.009412112716772407)	(72.0, 0.009412112716772407)	(73.0, 0.004706056358386204)	(74.0, 0.00403376259290246)	(75.0, 0.0006722937654837435)	(76.0, 0.0006722937654837435)	(77.0, 0.0006722937654837435)	(78.0, 0.0006722937654837435)	(79.0, 0.0006722937654837435)	(80.0, 0.0006722937654837435)	(81.0, 0.001344587530967487)	(82.0, 0.001344587530967487)	(83.0, 0.001344587530967487)	(84.0, 0.001344587530967487)	(85.0, 0.0)	(86.0, 0.0)	(87.0, 0.0)	(88.0, 0.0006722937654837435)	(89.0, 0.0)	(90.0, 0.0)	(91.0, 0.0)	(92.0, 0.0)	(93.0, 0.0)	(94.0, 0.0)	(95.0, 0.0)	(96.0, 0.0)	(97.0, 0.0)	(98.0, 0.0006722937654837435)	(99.0, 0.001344587530967487)	(100.0, 0.0010084406482256153)
SRR8438146	(0.0, 0.0)	(1.0, 0.0)	(2.0, 0.0)	(3.0, 0.0)	(4.0, 0.0)	(5.0, 0.0)	(6.0, 0.0)	(7.0, 0.0)	(8.0, 0.0)	(9.0, 0.0)	(10.0, 0.0)	(11.0, 0.0)	(12.0, 0.0)	(13.0, 0.0)	(14.0, 0.0)	(15.0, 0.0)	(16.0, 0.0)	(17.0, 0.0)	(18.0, 0.0)	(19.0, 0.0)	(20.0, 0.0)	(21.0, 0.0)	(22.0, 0.0)	(23.0, 0.0)	(24.0, 0.0)	(25.0, 0.0)	(26.0, 0.0)	(27.0, 0.0)	(28.0, 0.0)	(29.0, 0.0)	(30.0, 0.0)	(31.0, 0.0)	(32.0, 0.0)	(33.0, 0.0)	(34.0, 0.0)	(35.0, 0.0)	(36.0, 0.0)	(37.0, 0.0)	(38.0, 0.0)	(39.0, 5.0)	(40.0, 5.0)	(41.0, 0.0)	(42.0, 0.0)	(43.0, 5.0)	(44.0, 5.0)	(45.0, 10.0)	(46.0, 5.0)	(47.0, 10.0)	(48.0, 25.0)	(49.0, 20.0)	(50.0, 10.0)	(51.0, 0.0)	(52.0, 0.0)	(53.0, 0.0)	(54.0, 0.0)	(55.0, 0.0)	(56.0, 0.0)	(57.0, 0.0)	(58.0, 0.0)	(59.0, 0.0)	(60.0, 0.0)	(61.0, 0.0)	(62.0, 0.0)	(63.0, 0.0)	(64.0, 0.0)	(65.0, 0.0)	(66.0, 0.0)	(67.0, 0.0)	(68.0, 0.0)	(69.0, 0.0)	(70.0, 0.0)	(71.0, 0.0)	(72.0, 0.0)	(73.0, 0.0)	(74.0, 0.0)	(75.0, 0.0)	(76.0, 0.0)	(77.0, 0.0)	(78.0, 0.0)	(79.0, 0.0)	(80.0, 0.0)	(81.0, 0.0)	(82.0, 0.0)	(83.0, 0.0)	(84.0, 0.0)	(85.0, 0.0)	(86.0, 0.0)	(87.0, 0.0)	(88.0, 0.0)	(89.0, 0.0)	(90.0, 0.0)	(91.0, 0.0)	(92.0, 0.0)	(93.0, 0.0)	(94.0, 0.0)	(95.0, 0.0)	(96.0, 0.0)	(97.0, 0.0)	(98.0, 0.0)	(99.0, 0.0)	(100.0, 0.0)
SRR8438146_1	(0.0, 0.0)	(1.0, 0.0)	(2.0, 0.0)	(3.0, 0.0)	(4.0, 0.0)	(5.0, 0.0)	(6.0, 0.0)	(7.0, 0.0)	(8.0, 0.0)	(9.0, 0.0)	(10.0, 0.0)	(11.0, 0.0)	(12.0, 0.0)	(13.0, 0.0)	(14.0, 0.0)	(15.0, 0.0)	(16.0, 0.0)	(17.0, 0.0)	(18.0, 0.0)	(19.0, 0.0)	(20.0, 0.0)	(21.0, 0.0)	(22.0, 0.0)	(23.0, 0.0)	(24.0, 0.0)	(25.0, 0.0)	(26.0, 0.0)	(27.0, 0.0)	(28.0, 0.0)	(29.0, 0.0)	(30.0, 0.0)	(31.0, 0.0)	(32.0, 0.0)	(33.0, 0.0)	(34.0, 0.003996350000333448)	(35.0, 0.00732664166727799)	(36.0, 0.0059945250005001725)	(37.0, 0.00999087500083362)	(38.0, 0.00732664166727799)	(39.0, 0.02264598333522288)	(40.0, 0.3023904833585641)	(41.0, 0.24510946668711686)	(42.0, 0.12122261667678158)	(43.0, 0.13987225001167086)	(44.0, 0.16185217501350452)	(45.0, 0.20181567501683842)	(46.0, 0.1685127583473935)	(47.0, 0.17783757501483807)	(48.0, 0.2557664000213392)	(49.0, 2.503047216875505)	(50.0, 1.7230929084771613)	(51.0, 36.886976561419836)	(52.0, 44.78709445371693)	(53.0, 6.8437493755719085)	(54.0, 3.037226000253288)	(55.0, 1.202901350100365)	(56.0, 0.6061130833839068)	(57.0, 0.30172442502517516)	(58.0, 0.11322991667611461)	(59.0, 0.07326641667277985)	(60.0, 0.04462590833705682)	(61.0, 0.023978100002000697)	(62.0, 0.008658758334055805)	(63.0, 0.006660583333889081)	(64.0, 0.001998175000166724)	(65.0, 0.000666058333388908)	(66.0, 0.001998175000166724)	(67.0, 0.000666058333388908)	(68.0, 0.000666058333388908)	(69.0, 0.0)	(70.0, 0.0)	(71.0, 0.0)	(72.0, 0.0)	(73.0, 0.0)	(74.0, 0.0)	(75.0, 0.0)	(76.0, 0.0)	(77.0, 0.0)	(78.0, 0.0)	(79.0, 0.0)	(80.0, 0.0)	(81.0, 0.0)	(82.0, 0.0)	(83.0, 0.0)	(84.0, 0.0)	(85.0, 0.0)	(86.0, 0.0)	(87.0, 0.0)	(88.0, 0.0)	(89.0, 0.0)	(90.0, 0.0)	(91.0, 0.0)	(92.0, 0.0)	(93.0, 0.0)	(94.0, 0.0)	(95.0, 0.0)	(96.0, 0.0)	(97.0, 0.0)	(98.0, 0.0)	(99.0, 0.0)	(100.0, 0.0)
SRR8438146_2	(0.0, 0.0)	(1.0, 0.0)	(2.0, 0.0)	(3.0, 0.0)	(4.0, 0.0)	(5.0, 0.0)	(6.0, 0.0)	(7.0, 0.0)	(8.0, 0.0)	(9.0, 0.0)	(10.0, 0.0)	(11.0, 0.0)	(12.0, 0.0)	(13.0, 0.0)	(14.0, 0.0)	(15.0, 0.0)	(16.0, 0.0)	(17.0, 0.0)	(18.0, 0.0)	(19.0, 0.0)	(20.0, 0.0)	(21.0, 0.0)	(22.0, 0.0)	(23.0, 0.0)	(24.0, 0.0)	(25.0, 0.0)	(26.0, 0.0)	(27.0, 0.0)	(28.0, 0.0)	(29.0, 0.0)	(30.0, 0.0)	(31.0, 0.0)	(32.0, 0.0015038894340486633)	(33.0, 0.0030077788680973267)	(34.0, 0.0007519447170243317)	(35.0, 0.003759723585121658)	(36.0, 0.006015557736194653)	(37.0, 0.00902333660429198)	(38.0, 0.10301642623233355)	(39.0, 0.1669317271794017)	(40.0, 0.21054452076681232)	(41.0, 0.09549697906209018)	(42.0, 0.12557476774306364)	(43.0, 0.1462532474612329)	(44.0, 0.14023768972503822)	(45.0, 0.11955921000686895)	(46.0, 0.1451253303856964)	(47.0, 0.14136560680057475)	(48.0, 0.1345981043473557)	(49.0, 0.3225842836034376)	(50.0, 2.352083074852205)	(51.0, 2.2641055429603623)	(52.0, 17.884253149700523)	(53.0, 38.81012267979698)	(54.0, 19.311444222613673)	(55.0, 7.244235403813184)	(56.0, 3.504814326050243)	(57.0, 2.0031807261528893)	(58.0, 1.232437391202862)	(59.0, 0.9091011628824046)	(60.0, 0.667726908717608)	(61.0, 0.5030510156892822)	(62.0, 0.35416596171846043)	(63.0, 0.30228177624378005)	(64.0, 0.2346067517115906)	(65.0, 0.17294728491559627)	(66.0, 0.12256698887496631)	(67.0, 0.08421780830672512)	(68.0, 0.05489196434277617)	(69.0, 0.032333622832046285)	(70.0, 0.027070009812875946)	(71.0, 0.016542783774535292)	(72.0, 0.007519447170243317)	(73.0, 0.003759723585121658)	(74.0, 0.0007519447170243317)	(75.0, 0.0007519447170243317)	(76.0, 0.0)	(77.0, 0.0015038894340486633)	(78.0, 0.002255834151072995)	(79.0, 0.0007519447170243317)	(80.0, 0.0007519447170243317)	(81.0, 0.0015038894340486633)	(82.0, 0.0007519447170243317)	(83.0, 0.0015038894340486633)	(84.0, 0.0)	(85.0, 0.0007519447170243317)	(86.0, 0.0007519447170243317)	(87.0, 0.0007519447170243317)	(88.0, 0.0)	(89.0, 0.0007519447170243317)	(90.0, 0.0007519447170243317)	(91.0, 0.0007519447170243317)	(92.0, 0.0)	(93.0, 0.0)	(94.0, 0.0)	(95.0, 0.002255834151072995)	(96.0, 0.0015038894340486633)	(97.0, 0.0)	(98.0, 0.0)	(99.0, 0.0007519447170243317)	(100.0, 0.005639585377682488)
SRR8438147	(0.0, 0.0)	(1.0, 0.0)	(2.0, 0.0)	(3.0, 0.0)	(4.0, 0.0)	(5.0, 0.0)	(6.0, 0.0)	(7.0, 0.0)	(8.0, 0.0)	(9.0, 0.0)	(10.0, 0.0)	(11.0, 0.0)	(12.0, 0.0)	(13.0, 0.0)	(14.0, 0.0)	(15.0, 0.0)	(16.0, 0.0)	(17.0, 0.0)	(18.0, 0.0)	(19.0, 0.0)	(20.0, 0.0)	(21.0, 0.0)	(22.0, 0.0)	(23.0, 0.0)	(24.0, 0.0)	(25.0, 0.0)	(26.0, 0.0)	(27.0, 0.0)	(28.0, 0.0)	(29.0, 0.0)	(30.0, 0.0)	(31.0, 0.0)	(32.0, 0.0)	(33.0, 0.0)	(34.0, 0.0)	(35.0, 0.0)	(36.0, 0.0)	(37.0, 0.0)	(38.0, 0.0)	(39.0, 0.0)	(40.0, 0.0)	(41.0, 0.0)	(42.0, 0.0)	(43.0, 0.0)	(44.0, 14.285714285714288)	(45.0, 14.285714285714288)	(46.0, 0.0)	(47.0, 14.285714285714288)	(48.0, 28.571428571428577)	(49.0, 0.0)	(50.0, 14.285714285714288)	(51.0, 14.285714285714288)	(52.0, 0.0)	(53.0, 0.0)	(54.0, 0.0)	(55.0, 0.0)	(56.0, 0.0)	(57.0, 0.0)	(58.0, 0.0)	(59.0, 0.0)	(60.0, 0.0)	(61.0, 0.0)	(62.0, 0.0)	(63.0, 0.0)	(64.0, 0.0)	(65.0, 0.0)	(66.0, 0.0)	(67.0, 0.0)	(68.0, 0.0)	(69.0, 0.0)	(70.0, 0.0)	(71.0, 0.0)	(72.0, 0.0)	(73.0, 0.0)	(74.0, 0.0)	(75.0, 0.0)	(76.0, 0.0)	(77.0, 0.0)	(78.0, 0.0)	(79.0, 0.0)	(80.0, 0.0)	(81.0, 0.0)	(82.0, 0.0)	(83.0, 0.0)	(84.0, 0.0)	(85.0, 0.0)	(86.0, 0.0)	(87.0, 0.0)	(88.0, 0.0)	(89.0, 0.0)	(90.0, 0.0)	(91.0, 0.0)	(92.0, 0.0)	(93.0, 0.0)	(94.0, 0.0)	(95.0, 0.0)	(96.0, 0.0)	(97.0, 0.0)	(98.0, 0.0)	(99.0, 0.0)	(100.0, 0.0)
SRR8438147_1	(0.0, 0.0)	(1.0, 0.0)	(2.0, 0.0)	(3.0, 0.0)	(4.0, 0.0)	(5.0, 0.0)	(6.0, 0.0)	(7.0, 0.0)	(8.0, 0.0)	(9.0, 0.0)	(10.0, 0.0)	(11.0, 0.0)	(12.0, 0.0)	(13.0, 0.0)	(14.0, 0.0)	(15.0, 0.0)	(16.0, 0.0)	(17.0, 0.0)	(18.0, 0.0)	(19.0, 0.0)	(20.0, 0.0)	(21.0, 0.0)	(22.0, 0.0)	(23.0, 0.0)	(24.0, 0.0)	(25.0, 0.0)	(26.0, 0.0)	(27.0, 0.0)	(28.0, 0.0)	(29.0, 0.0)	(30.0, 0.0010044295342460853)	(31.0, 0.0020088590684921707)	(32.0, 0.0010044295342460853)	(33.0, 0.007031006739722598)	(34.0, 0.021093020219167785)	(35.0, 0.023101879287659957)	(36.0, 0.051225906246550386)	(37.0, 0.07533221506845635)	(38.0, 0.09943852389036234)	(39.0, 0.21997006799989285)	(40.0, 0.334475034903945)	(41.0, 0.3917275183559713)	(42.0, 0.4590242971504609)	(43.0, 0.5313432236161811)	(44.0, 0.6548880563284531)	(45.0, 0.6900430900270671)	(46.0, 0.9773099368214381)	(47.0, 1.294709669643183)	(48.0, 0.6930563786298055)	(49.0, 0.5614761096435645)	(50.0, 0.7000873853695282)	(51.0, 14.520033347061675)	(52.0, 16.109040870237536)	(53.0, 3.915266324491192)	(54.0, 30.905292339220136)	(55.0, 23.09083056277573)	(56.0, 2.393555580108483)	(57.0, 0.7101316807119894)	(58.0, 0.27220040378068855)	(59.0, 0.14865557106842087)	(60.0, 0.06729677879448769)	(61.0, 0.03113731556162865)	(62.0, 0.014062013479445195)	(63.0, 0.009039865808214769)	(64.0, 0.009039865808214769)	(65.0, 0.007031006739722598)	(66.0, 0.004017718136984341)	(67.0, 0.0010044295342460853)	(68.0, 0.0)	(69.0, 0.0010044295342460853)	(70.0, 0.0010044295342460853)	(71.0, 0.0010044295342460853)	(72.0, 0.0)	(73.0, 0.0)	(74.0, 0.0)	(75.0, 0.0)	(76.0, 0.0)	(77.0, 0.0)	(78.0, 0.0)	(79.0, 0.0)	(80.0, 0.0)	(81.0, 0.0)	(82.0, 0.0)	(83.0, 0.0)	(84.0, 0.0)	(85.0, 0.0)	(86.0, 0.0)	(87.0, 0.0)	(88.0, 0.0)	(89.0, 0.0)	(90.0, 0.0)	(91.0, 0.0)	(92.0, 0.0)	(93.0, 0.0)	(94.0, 0.0)	(95.0, 0.0)	(96.0, 0.0)	(97.0, 0.0)	(98.0, 0.0)	(99.0, 0.0)	(100.0, 0.0)
SRR8438147_2	(0.0, 0.0)	(1.0, 0.0)	(2.0, 0.0)	(3.0, 0.0)	(4.0, 0.0)	(5.0, 0.0)	(6.0, 0.0)	(7.0, 0.0)	(8.0, 0.0)	(9.0, 0.0)	(10.0, 0.0)	(11.0, 0.0)	(12.0, 0.0)	(13.0, 0.0)	(14.0, 0.0)	(15.0, 0.0)	(16.0, 0.0)	(17.0, 0.0)	(18.0, 0.0)	(19.0, 0.0)	(20.0, 0.0)	(21.0, 0.0)	(22.0, 0.0)	(23.0, 0.0)	(24.0, 0.0)	(25.0, 0.0)	(26.0, 0.0)	(27.0, 0.0)	(28.0, 0.0)	(29.0, 0.0)	(30.0, 0.0)	(31.0, 0.0)	(32.0, 0.0)	(33.0, 0.0)	(34.0, 0.0021519607051975484)	(35.0, 0.010759803525987743)	(36.0, 0.010759803525987743)	(37.0, 0.006455882115592644)	(38.0, 0.010759803525987743)	(39.0, 0.02151960705197548)	(40.0, 0.05487499798253751)	(41.0, 0.10329411384948219)	(42.0, 0.10652205490727852)	(43.0, 0.15924509218461885)	(44.0, 0.1796887188839957)	(45.0, 0.2609252355052026)	(46.0, 0.31364827278254176)	(47.0, 0.755338207524347)	(48.0, 1.0899680971825527)	(49.0, 0.8823038891310012)	(50.0, 1.0211053546162352)	(51.0, 1.546183766684407)	(52.0, 11.128864786930576)	(53.0, 12.53947502918821)	(54.0, 11.26766625241588)	(55.0, 28.745891100023417)	(56.0, 16.261291068824914)	(57.0, 6.029793895963062)	(58.0, 2.8750195021440264)	(59.0, 1.546183766684407)	(60.0, 0.9759141798070892)	(61.0, 0.6359043883858796)	(62.0, 0.43039214103950785)	(63.0, 0.35184557529979765)	(64.0, 0.2539313632133106)	(65.0, 0.17108087606320543)	(66.0, 0.08285048715010554)	(67.0, 0.06778676221372276)	(68.0, 0.04626715516174732)	(69.0, 0.020443626699376705)	(70.0, 0.0053799017629938715)	(71.0, 0.0053799017629938715)	(72.0, 0.003227941057796323)	(73.0, 0.0010759803525987742)	(74.0, 0.0)	(75.0, 0.0010759803525987742)	(76.0, 0.0010759803525987742)	(77.0, 0.0)	(78.0, 0.0)	(79.0, 0.0010759803525987742)	(80.0, 0.0021519607051975484)	(81.0, 0.0)	(82.0, 0.0)	(83.0, 0.0)	(84.0, 0.0)	(85.0, 0.0)	(86.0, 0.0)	(87.0, 0.0)	(88.0, 0.0010759803525987742)	(89.0, 0.0010759803525987742)	(90.0, 0.0)	(91.0, 0.0)	(92.0, 0.0010759803525987742)	(93.0, 0.0010759803525987742)	(94.0, 0.0)	(95.0, 0.0)	(96.0, 0.0)	(97.0, 0.0)	(98.0, 0.0021519607051975484)	(99.0, 0.0021519607051975484)	(100.0, 0.004841911586694484)
SRR8438148	(0.0, 0.0)	(1.0, 0.0)	(2.0, 0.0)	(3.0, 0.0)	(4.0, 0.0)	(5.0, 0.0)	(6.0, 0.0)	(7.0, 0.0)	(8.0, 0.0)	(9.0, 0.0)	(10.0, 0.0)	(11.0, 0.0)	(12.0, 0.0)	(13.0, 0.0)	(14.0, 0.0)	(15.0, 0.0)	(16.0, 0.0)	(17.0, 0.0)	(18.0, 0.0)	(19.0, 0.0)	(20.0, 0.0)	(21.0, 0.0)	(22.0, 0.0)	(23.0, 0.0)	(24.0, 0.0)	(25.0, 0.0)	(26.0, 0.0)	(27.0, 0.0)	(28.0, 0.0)	(29.0, 0.0)	(30.0, 0.0)	(31.0, 0.0)	(32.0, 0.0)	(33.0, 0.0)	(34.0, 0.0)	(35.0, 0.0)	(36.0, 0.0)	(37.0, 0.0)	(38.0, 0.0)	(39.0, 0.0)	(40.0, 0.0)	(41.0, 14.285714285714285)	(42.0, 14.285714285714285)	(43.0, 0.0)	(44.0, 0.0)	(45.0, 28.57142857142857)	(46.0, 28.57142857142857)	(47.0, 0.0)	(48.0, 0.0)	(49.0, 14.285714285714285)	(50.0, 0.0)	(51.0, 0.0)	(52.0, 0.0)	(53.0, 0.0)	(54.0, 0.0)	(55.0, 0.0)	(56.0, 0.0)	(57.0, 0.0)	(58.0, 0.0)	(59.0, 0.0)	(60.0, 0.0)	(61.0, 0.0)	(62.0, 0.0)	(63.0, 0.0)	(64.0, 0.0)	(65.0, 0.0)	(66.0, 0.0)	(67.0, 0.0)	(68.0, 0.0)	(69.0, 0.0)	(70.0, 0.0)	(71.0, 0.0)	(72.0, 0.0)	(73.0, 0.0)	(74.0, 0.0)	(75.0, 0.0)	(76.0, 0.0)	(77.0, 0.0)	(78.0, 0.0)	(79.0, 0.0)	(80.0, 0.0)	(81.0, 0.0)	(82.0, 0.0)	(83.0, 0.0)	(84.0, 0.0)	(85.0, 0.0)	(86.0, 0.0)	(87.0, 0.0)	(88.0, 0.0)	(89.0, 0.0)	(90.0, 0.0)	(91.0, 0.0)	(92.0, 0.0)	(93.0, 0.0)	(94.0, 0.0)	(95.0, 0.0)	(96.0, 0.0)	(97.0, 0.0)	(98.0, 0.0)	(99.0, 0.0)	(100.0, 0.0)
SRR8438148_1	(0.0, 0.0)	(1.0, 0.0)	(2.0, 0.0)	(3.0, 0.0)	(4.0, 0.0)	(5.0, 0.0)	(6.0, 0.0)	(7.0, 0.0)	(8.0, 0.0)	(9.0, 0.0)	(10.0, 0.0)	(11.0, 0.0)	(12.0, 0.0)	(13.0, 0.0)	(14.0, 0.0)	(15.0, 0.0)	(16.0, 0.0)	(17.0, 0.0)	(18.0, 0.0)	(19.0, 0.0)	(20.0, 0.0)	(21.0, 0.0)	(22.0, 0.0)	(23.0, 0.0)	(24.0, 0.0)	(25.0, 0.0)	(26.0, 0.0)	(27.0, 0.0)	(28.0, 0.0)	(29.0, 0.0)	(30.0, 0.0)	(31.0, 0.0)	(32.0, 0.000719103709136723)	(33.0, 0.0)	(34.0, 0.0)	(35.0, 0.0)	(36.0, 0.002157311127410169)	(37.0, 0.005752829673093784)	(38.0, 0.007910140800503954)	(39.0, 0.01797759272841807)	(40.0, 0.05033725963957058)	(41.0, 0.040269807711656495)	(42.0, 0.05033725963957058)	(43.0, 0.09420258589691079)	(44.0, 0.1100228674979188)	(45.0, 0.12943866764461046)	(46.0, 0.24809077965216825)	(47.0, 0.2811695502724572)	(48.0, 0.12800046022633702)	(49.0, 0.4120464253353446)	(50.0, 0.6745192791702455)	(51.0, 14.114567602932407)	(52.0, 14.24544447799517)	(53.0, 3.410708892435304)	(54.0, 35.53019516476139)	(55.0, 27.025355596786905)	(56.0, 2.405401907062394)	(57.0, 0.5702492413454265)	(58.0, 0.20134903855828193)	(59.0, 0.0999554155700046)	(60.0, 0.04674174109388698)	(61.0, 0.030921459492879104)	(62.0, 0.025887733528922034)	(63.0, 0.016539385310144622)	(64.0, 0.008629244509640676)	(65.0, 0.006471933382230508)	(66.0, 0.002157311127410169)	(67.0, 0.002876414836546892)	(68.0, 0.002876414836546892)	(69.0, 0.000719103709136723)	(70.0, 0.0)	(71.0, 0.0)	(72.0, 0.0)	(73.0, 0.0)	(74.0, 0.0)	(75.0, 0.0)	(76.0, 0.0)	(77.0, 0.0)	(78.0, 0.0)	(79.0, 0.0)	(80.0, 0.0)	(81.0, 0.0)	(82.0, 0.0)	(83.0, 0.0)	(84.0, 0.0)	(85.0, 0.0)	(86.0, 0.0)	(87.0, 0.0)	(88.0, 0.0)	(89.0, 0.0)	(90.0, 0.0)	(91.0, 0.0)	(92.0, 0.0)	(93.0, 0.0)	(94.0, 0.0)	(95.0, 0.0)	(96.0, 0.0)	(97.0, 0.0)	(98.0, 0.0)	(99.0, 0.0)	(100.0, 0.0)
SRR8438148_2	(0.0, 0.0)	(1.0, 0.0)	(2.0, 0.0)	(3.0, 0.0)	(4.0, 0.0)	(5.0, 0.0)	(6.0, 0.0)	(7.0, 0.0)	(8.0, 0.0)	(9.0, 0.0)	(10.0, 0.0)	(11.0, 0.0)	(12.0, 0.0)	(13.0, 0.0)	(14.0, 0.0)	(15.0, 0.0)	(16.0, 0.0)	(17.0, 0.0)	(18.0, 0.0)	(19.0, 0.0)	(20.0, 0.0)	(21.0, 0.0)	(22.0, 0.0)	(23.0, 0.0)	(24.0, 0.0)	(25.0, 0.0)	(26.0, 0.0)	(27.0, 0.0)	(28.0, 0.0)	(29.0, 0.0)	(30.0, 0.0)	(31.0, 0.0)	(32.0, 0.0)	(33.0, 0.0)	(34.0, 0.0007694320052935944)	(35.0, 0.0015388640105871887)	(36.0, 0.0023082960158807837)	(37.0, 0.0015388640105871887)	(38.0, 0.006155456042348755)	(39.0, 0.015773356108518682)	(40.0, 0.030392564209096994)	(41.0, 0.02000523213763345)	(42.0, 0.033085576227624584)	(43.0, 0.05770740039701954)	(44.0, 0.07001831248171701)	(45.0, 0.07848206453994655)	(46.0, 0.09579428465905254)	(47.0, 0.18427896526781576)	(48.0, 0.2062077774186829)	(49.0, 0.16465844913282937)	(50.0, 0.44819414308352146)	(51.0, 0.915239370296719)	(52.0, 9.001585029931276)	(53.0, 11.947740178198387)	(54.0, 11.946201314187801)	(55.0, 32.71240170507539)	(56.0, 18.273240693711276)	(57.0, 6.483234076604195)	(58.0, 2.856131603649818)	(59.0, 1.4803871781848827)	(60.0, 0.9194712463258335)	(61.0, 0.594770940091955)	(62.0, 0.4339596509855896)	(63.0, 0.32162257821272155)	(64.0, 0.23544619361983904)	(65.0, 0.15850299309048071)	(66.0, 0.12080082483109456)	(67.0, 0.08079036055582736)	(68.0, 0.04770478432820285)	(69.0, 0.02000523213763345)	(70.0, 0.011541480079403916)	(71.0, 0.005386024037055161)	(72.0, 0.0015388640105871887)	(73.0, 0.0)	(74.0, 0.0007694320052935944)	(75.0, 0.0015388640105871887)	(76.0, 0.0023082960158807837)	(77.0, 0.0007694320052935944)	(78.0, 0.0)	(79.0, 0.0015388640105871887)	(80.0, 0.0015388640105871887)	(81.0, 0.0)	(82.0, 0.0)	(83.0, 0.0)	(84.0, 0.0)	(85.0, 0.0015388640105871887)	(86.0, 0.0007694320052935944)	(87.0, 0.0007694320052935944)	(88.0, 0.0015388640105871887)	(89.0, 0.0)	(90.0, 0.0007694320052935944)	(91.0, 0.0007694320052935944)	(92.0, 0.0)	(93.0, 0.0)	(94.0, 0.0)	(95.0, 0.0)	(96.0, 0.0)	(97.0, 0.0)	(98.0, 0.0)	(99.0, 0.0007694320052935944)	(100.0, 0.0)
SRR8438149	(0.0, 0.0)	(1.0, 0.0)	(2.0, 0.0)	(3.0, 0.0)	(4.0, 0.0)	(5.0, 0.0)	(6.0, 0.0)	(7.0, 0.0)	(8.0, 0.0)	(9.0, 0.0)	(10.0, 0.0)	(11.0, 0.0)	(12.0, 0.0)	(13.0, 0.0)	(14.0, 0.0)	(15.0, 0.0)	(16.0, 0.0)	(17.0, 0.0)	(18.0, 0.0)	(19.0, 0.0)	(20.0, 0.0)	(21.0, 0.0)	(22.0, 0.0)	(23.0, 0.0)	(24.0, 0.0)	(25.0, 0.0)	(26.0, 0.0)	(27.0, 0.0)	(28.0, 0.0)	(29.0, 0.0)	(30.0, 0.0)	(31.0, 0.0)	(32.0, 0.0)	(33.0, 0.0)	(34.0, 0.0)	(35.0, 0.0)	(36.0, 0.0)	(37.0, 0.0)	(38.0, 0.0)	(39.0, 0.0)	(40.0, 0.0)	(41.0, 5.555555555555555)	(42.0, 11.11111111111111)	(43.0, 5.555555555555555)	(44.0, 5.555555555555555)	(45.0, 5.555555555555555)	(46.0, 5.555555555555555)	(47.0, 5.555555555555555)	(48.0, 16.666666666666664)	(49.0, 0.0)	(50.0, 11.11111111111111)	(51.0, 11.11111111111111)	(52.0, 11.11111111111111)	(53.0, 5.555555555555555)	(54.0, 0.0)	(55.0, 0.0)	(56.0, 0.0)	(57.0, 0.0)	(58.0, 0.0)	(59.0, 0.0)	(60.0, 0.0)	(61.0, 0.0)	(62.0, 0.0)	(63.0, 0.0)	(64.0, 0.0)	(65.0, 0.0)	(66.0, 0.0)	(67.0, 0.0)	(68.0, 0.0)	(69.0, 0.0)	(70.0, 0.0)	(71.0, 0.0)	(72.0, 0.0)	(73.0, 0.0)	(74.0, 0.0)	(75.0, 0.0)	(76.0, 0.0)	(77.0, 0.0)	(78.0, 0.0)	(79.0, 0.0)	(80.0, 0.0)	(81.0, 0.0)	(82.0, 0.0)	(83.0, 0.0)	(84.0, 0.0)	(85.0, 0.0)	(86.0, 0.0)	(87.0, 0.0)	(88.0, 0.0)	(89.0, 0.0)	(90.0, 0.0)	(91.0, 0.0)	(92.0, 0.0)	(93.0, 0.0)	(94.0, 0.0)	(95.0, 0.0)	(96.0, 0.0)	(97.0, 0.0)	(98.0, 0.0)	(99.0, 0.0)	(100.0, 0.0)
SRR8438149_1	(0.0, 0.0)	(1.0, 0.0)	(2.0, 0.0)	(3.0, 0.0)	(4.0, 0.0)	(5.0, 0.0)	(6.0, 0.0)	(7.0, 0.0)	(8.0, 0.0)	(9.0, 0.0)	(10.0, 0.0)	(11.0, 0.0)	(12.0, 0.0)	(13.0, 0.0)	(14.0, 0.0)	(15.0, 0.0)	(16.0, 0.0)	(17.0, 0.0)	(18.0, 0.0)	(19.0, 0.0)	(20.0, 0.0)	(21.0, 0.0)	(22.0, 0.0)	(23.0, 0.0)	(24.0, 0.0)	(25.0, 0.002279063760606896)	(26.0, 0.0037984396010114926)	(27.0, 0.002279063760606896)	(28.0, 0.0)	(29.0, 0.0007596879202022986)	(30.0, 0.0030387516808091943)	(31.0, 0.0030387516808091943)	(32.0, 0.002279063760606896)	(33.0, 0.0007596879202022986)	(34.0, 0.0037984396010114926)	(35.0, 0.004558127521213791)	(36.0, 0.004558127521213791)	(37.0, 0.006837191281820687)	(38.0, 0.013674382563641372)	(39.0, 0.03342626848890116)	(40.0, 0.047100651052542505)	(41.0, 0.07520910410002747)	(42.0, 0.0987594296262989)	(43.0, 0.13522444979600948)	(44.0, 0.1473794565192463)	(45.0, 0.19903823509300186)	(46.0, 0.2598132687091849)	(47.0, 0.2165110572576545)	(48.0, 0.1846041646091584)	(49.0, 0.2271466881404865)	(50.0, 1.035454635235714)	(51.0, 39.0434009708979)	(52.0, 47.839067710968116)	(53.0, 7.485964765674308)	(54.0, 1.8430028944108268)	(55.0, 0.5416574871042443)	(56.0, 0.21423199349704763)	(57.0, 0.12079037931216571)	(58.0, 0.07444941617982516)	(59.0, 0.049379714813149386)	(60.0, 0.01747282216465286)	(61.0, 0.02355032552627126)	(62.0, 0.01899219800505746)	(63.0, 0.013674382563641372)	(64.0, 0.002279063760606896)	(65.0, 0.0)	(66.0, 0.0007596879202022986)	(67.0, 0.0)	(68.0, 0.0)	(69.0, 0.0)	(70.0, 0.0)	(71.0, 0.0)	(72.0, 0.0)	(73.0, 0.0)	(74.0, 0.0)	(75.0, 0.0)	(76.0, 0.0)	(77.0, 0.0)	(78.0, 0.0)	(79.0, 0.0)	(80.0, 0.0)	(81.0, 0.0)	(82.0, 0.0)	(83.0, 0.0)	(84.0, 0.0)	(85.0, 0.0)	(86.0, 0.0)	(87.0, 0.0)	(88.0, 0.0)	(89.0, 0.0)	(90.0, 0.0)	(91.0, 0.0)	(92.0, 0.0)	(93.0, 0.0)	(94.0, 0.0)	(95.0, 0.0)	(96.0, 0.0)	(97.0, 0.0)	(98.0, 0.0)	(99.0, 0.0)	(100.0, 0.0)
SRR8438149_2	(0.0, 0.0)	(1.0, 0.0)	(2.0, 0.0)	(3.0, 0.0)	(4.0, 0.0)	(5.0, 0.0)	(6.0, 0.0)	(7.0, 0.0)	(8.0, 0.0)	(9.0, 0.0)	(10.0, 0.0)	(11.0, 0.0)	(12.0, 0.0)	(13.0, 0.0)	(14.0, 0.0)	(15.0, 0.0)	(16.0, 0.0)	(17.0, 0.0)	(18.0, 0.0)	(19.0, 0.0)	(20.0, 0.0007839263736347955)	(21.0, 0.0007839263736347955)	(22.0, 0.0)	(23.0, 0.0)	(24.0, 0.0)	(25.0, 0.0)	(26.0, 0.004703558241808773)	(27.0, 0.003135705494539182)	(28.0, 0.0007839263736347955)	(29.0, 0.0007839263736347955)	(30.0, 0.001567852747269591)	(31.0, 0.001567852747269591)	(32.0, 0.001567852747269591)	(33.0, 0.001567852747269591)	(34.0, 0.003135705494539182)	(35.0, 0.003919631868173977)	(36.0, 0.001567852747269591)	(37.0, 0.0007839263736347955)	(38.0, 0.003919631868173977)	(39.0, 0.01489460109906111)	(40.0, 0.03527668681356582)	(41.0, 0.04468380329718335)	(42.0, 0.06349803626441837)	(43.0, 0.0952470543966277)	(44.0, 0.13797104175972436)	(45.0, 0.22224312692546394)	(46.0, 0.27986171538762056)	(47.0, 0.1940217774746117)	(48.0, 0.1587450906610464)	(49.0, 0.19284588791415952)	(50.0, 0.3511990153883881)	(51.0, 1.7215023165020424)	(52.0, 31.901099848710345)	(53.0, 43.71878993124807)	(54.0, 11.980746768260197)	(55.0, 4.071713584658859)	(56.0, 1.777161089030119)	(57.0, 0.938359869240838)	(58.0, 0.6216536142923986)	(59.0, 0.43115950549913956)	(60.0, 0.29710809560758583)	(61.0, 0.23596183846407265)	(62.0, 0.15208171648515073)	(63.0, 0.11523717692431511)	(64.0, 0.08152834285801867)	(65.0, 0.04468380329718335)	(66.0, 0.026653496703583055)	(67.0, 0.01959815934086988)	(68.0, 0.010191042857252343)	(69.0, 0.007839263736347956)	(70.0, 0.007055337362713161)	(71.0, 0.003919631868173977)	(72.0, 0.003135705494539182)	(73.0, 0.002351779120904387)	(74.0, 0.001567852747269591)	(75.0, 0.0)	(76.0, 0.0)	(77.0, 0.001567852747269591)	(78.0, 0.001567852747269591)	(79.0, 0.0)	(80.0, 0.0)	(81.0, 0.0)	(82.0, 0.0)	(83.0, 0.0007839263736347955)	(84.0, 0.0007839263736347955)	(85.0, 0.0007839263736347955)	(86.0, 0.0)	(87.0, 0.0007839263736347955)	(88.0, 0.001567852747269591)	(89.0, 0.0)	(90.0, 0.0)	(91.0, 0.0)	(92.0, 0.0)	(93.0, 0.0)	(94.0, 0.0)	(95.0, 0.0)	(96.0, 0.0)	(97.0, 0.0)	(98.0, 0.0)	(99.0, 0.0)	(100.0, 0.0)
SRR8438150	(0.0, 0.0)	(1.0, 0.0)	(2.0, 0.0)	(3.0, 0.0)	(4.0, 0.0)	(5.0, 0.0)	(6.0, 0.0)	(7.0, 0.0)	(8.0, 0.0)	(9.0, 0.0)	(10.0, 0.0)	(11.0, 0.0)	(12.0, 0.0)	(13.0, 0.0)	(14.0, 0.0)	(15.0, 0.0)	(16.0, 0.0)	(17.0, 0.0)	(18.0, 0.0)	(19.0, 0.0)	(20.0, 0.0)	(21.0, 0.0)	(22.0, 0.0)	(23.0, 0.0)	(24.0, 0.0)	(25.0, 0.0)	(26.0, 0.0)	(27.0, 0.0)	(28.0, 0.0)	(29.0, 0.0)	(30.0, 0.0)	(31.0, 0.0)	(32.0, 0.0)	(33.0, 0.0)	(34.0, 0.0)	(35.0, 0.0)	(36.0, 0.0)	(37.0, 0.0)	(38.0, 0.0)	(39.0, 0.0)	(40.0, 0.0)	(41.0, 0.0)	(42.0, 0.0)	(43.0, 4.3478260869565215)	(44.0, 8.695652173913043)	(45.0, 4.3478260869565215)	(46.0, 17.391304347826086)	(47.0, 4.3478260869565215)	(48.0, 8.695652173913043)	(49.0, 17.391304347826086)	(50.0, 8.695652173913043)	(51.0, 4.3478260869565215)	(52.0, 13.043478260869565)	(53.0, 0.0)	(54.0, 0.0)	(55.0, 0.0)	(56.0, 4.3478260869565215)	(57.0, 4.3478260869565215)	(58.0, 0.0)	(59.0, 0.0)	(60.0, 0.0)	(61.0, 0.0)	(62.0, 0.0)	(63.0, 0.0)	(64.0, 0.0)	(65.0, 0.0)	(66.0, 0.0)	(67.0, 0.0)	(68.0, 0.0)	(69.0, 0.0)	(70.0, 0.0)	(71.0, 0.0)	(72.0, 0.0)	(73.0, 0.0)	(74.0, 0.0)	(75.0, 0.0)	(76.0, 0.0)	(77.0, 0.0)	(78.0, 0.0)	(79.0, 0.0)	(80.0, 0.0)	(81.0, 0.0)	(82.0, 0.0)	(83.0, 0.0)	(84.0, 0.0)	(85.0, 0.0)	(86.0, 0.0)	(87.0, 0.0)	(88.0, 0.0)	(89.0, 0.0)	(90.0, 0.0)	(91.0, 0.0)	(92.0, 0.0)	(93.0, 0.0)	(94.0, 0.0)	(95.0, 0.0)	(96.0, 0.0)	(97.0, 0.0)	(98.0, 0.0)	(99.0, 0.0)	(100.0, 0.0)
SRR8438150_1	(0.0, 0.0)	(1.0, 0.0)	(2.0, 0.0)	(3.0, 0.0)	(4.0, 0.0)	(5.0, 0.0)	(6.0, 0.0)	(7.0, 0.0)	(8.0, 0.0)	(9.0, 0.0)	(10.0, 0.0)	(11.0, 0.0)	(12.0, 0.0)	(13.0, 0.0)	(14.0, 0.0)	(15.0, 0.0)	(16.0, 0.0)	(17.0, 0.0)	(18.0, 0.0)	(19.0, 0.0)	(20.0, 0.0)	(21.0, 0.0)	(22.0, 0.0)	(23.0, 0.0)	(24.0, 0.0)	(25.0, 0.0)	(26.0, 0.0)	(27.0, 0.0)	(28.0, 0.001009295612591557)	(29.0, 0.001009295612591557)	(30.0, 0.0030278868377746713)	(31.0, 0.004037182450366228)	(32.0, 0.005046478062957785)	(33.0, 0.005046478062957785)	(34.0, 0.002018591225183114)	(35.0, 0.0030278868377746713)	(36.0, 0.0070650692881408985)	(37.0, 0.01110225173850713)	(38.0, 0.030278868377746713)	(39.0, 0.04844618940439477)	(40.0, 0.08175294461991604)	(41.0, 0.14432927260059283)	(42.0, 0.16451518485242414)	(43.0, 0.3270117784796631)	(44.0, 0.545019630799443)	(45.0, 0.715590589327421)	(46.0, 0.5773170904023738)	(47.0, 0.5389638571238935)	(48.0, 0.3835323327847895)	(49.0, 0.35829994247000096)	(50.0, 1.3665862594489435)	(51.0, 37.23493373974131)	(52.0, 44.84805054553327)	(53.0, 7.462731759501982)	(54.0, 2.362761029076892)	(55.0, 0.8165201505865761)	(56.0, 0.7943156471095631)	(57.0, 0.7852319865962396)	(58.0, 0.22204503477014267)	(59.0, 0.08276224023250758)	(60.0, 0.0403718245036623)	(61.0, 0.01917661663923958)	(62.0, 0.005046478062957785)	(63.0, 0.002018591225183114)	(64.0, 0.0)	(65.0, 0.0)	(66.0, 0.0)	(67.0, 0.0)	(68.0, 0.0)	(69.0, 0.0)	(70.0, 0.0)	(71.0, 0.0)	(72.0, 0.0)	(73.0, 0.0)	(74.0, 0.0)	(75.0, 0.0)	(76.0, 0.0)	(77.0, 0.0)	(78.0, 0.0)	(79.0, 0.0)	(80.0, 0.0)	(81.0, 0.0)	(82.0, 0.0)	(83.0, 0.0)	(84.0, 0.0)	(85.0, 0.0)	(86.0, 0.0)	(87.0, 0.0)	(88.0, 0.0)	(89.0, 0.0)	(90.0, 0.0)	(91.0, 0.0)	(92.0, 0.0)	(93.0, 0.0)	(94.0, 0.0)	(95.0, 0.0)	(96.0, 0.0)	(97.0, 0.0)	(98.0, 0.0)	(99.0, 0.0)	(100.0, 0.0)
SRR8438150_2	(0.0, 0.0)	(1.0, 0.0)	(2.0, 0.0)	(3.0, 0.0)	(4.0, 0.0)	(5.0, 0.0)	(6.0, 0.0)	(7.0, 0.0)	(8.0, 0.0)	(9.0, 0.0)	(10.0, 0.0)	(11.0, 0.0)	(12.0, 0.0)	(13.0, 0.0)	(14.0, 0.0)	(15.0, 0.0)	(16.0, 0.0)	(17.0, 0.0)	(18.0, 0.0)	(19.0, 0.0)	(20.0, 0.0)	(21.0, 0.0)	(22.0, 0.0)	(23.0, 0.0)	(24.0, 0.0)	(25.0, 0.0)	(26.0, 0.0010363338653178462)	(27.0, 0.0)	(28.0, 0.0)	(29.0, 0.0)	(30.0, 0.0)	(31.0, 0.0010363338653178462)	(32.0, 0.0031090015959535384)	(33.0, 0.0010363338653178462)	(34.0, 0.0031090015959535384)	(35.0, 0.0020726677306356924)	(36.0, 0.0)	(37.0, 0.010363338653178462)	(38.0, 0.012954173316473078)	(39.0, 0.029535515161558615)	(40.0, 0.06477086658236537)	(41.0, 0.14871390967311113)	(42.0, 0.25079279540691857)	(43.0, 0.34199017555488775)	(44.0, 0.5057309262751097)	(45.0, 0.48085891350748067)	(46.0, 0.48189524737279854)	(47.0, 0.3938068688207793)	(48.0, 0.3948432026860972)	(49.0, 0.41971521545372603)	(50.0, 0.49847658921788457)	(51.0, 2.4219122432478644)	(52.0, 30.540759010916886)	(53.0, 40.48749145025566)	(54.0, 11.605902957696362)	(55.0, 4.200261156133143)	(56.0, 2.142102099612014)	(57.0, 1.6850788650067923)	(58.0, 1.0798598876611885)	(59.0, 0.6010736418843542)	(60.0, 0.3596078512652909)	(61.0, 0.23939312288842243)	(62.0, 0.16995875391212711)	(63.0, 0.11814206064623443)	(64.0, 0.09327004787860603)	(65.0, 0.07565237216820271)	(66.0, 0.05078035940057449)	(67.0, 0.024872012767628297)	(68.0, 0.015545007979767688)	(69.0, 0.013472340249131997)	(70.0, 0.009327004787860615)	(71.0, 0.00518166932658923)	(72.0, 0.004145335461271385)	(73.0, 0.0020726677306356924)	(74.0, 0.0010363338653178462)	(75.0, 0.0010363338653178462)	(76.0, 0.0)	(77.0, 0.0020726677306356924)	(78.0, 0.0010363338653178462)	(79.0, 0.0)	(80.0, 0.0)	(81.0, 0.0)	(82.0, 0.0)	(83.0, 0.0)	(84.0, 0.0)	(85.0, 0.0)	(86.0, 0.0)	(87.0, 0.0)	(88.0, 0.0)	(89.0, 0.0010363338653178462)	(90.0, 0.0010363338653178462)	(91.0, 0.0010363338653178462)	(92.0, 0.0)	(93.0, 0.0)	(94.0, 0.0)	(95.0, 0.0)	(96.0, 0.0)	(97.0, 0.0)	(98.0, 0.0)	(99.0, 0.0)	(100.0, 0.0)
SRR8438151	(0.0, 0.0)	(1.0, 0.0)	(2.0, 0.0)	(3.0, 0.0)	(4.0, 0.0)	(5.0, 0.0)	(6.0, 0.0)	(7.0, 0.0)	(8.0, 0.0)	(9.0, 0.0)	(10.0, 0.0)	(11.0, 0.0)	(12.0, 0.0)	(13.0, 0.0)	(14.0, 0.0)	(15.0, 0.0)	(16.0, 0.0)	(17.0, 0.0)	(18.0, 0.0)	(19.0, 0.0)	(20.0, 0.0)	(21.0, 0.0)	(22.0, 0.0)	(23.0, 0.0)	(24.0, 0.0)	(25.0, 0.0)	(26.0, 0.0)	(27.0, 0.0)	(28.0, 0.0)	(29.0, 0.0)	(30.0, 0.0)	(31.0, 0.0)	(32.0, 0.0)	(33.0, 0.0)	(34.0, 0.0)	(35.0, 0.0)	(36.0, 0.0)	(37.0, 0.0)	(38.0, 0.0)	(39.0, 0.0)	(40.0, 0.0)	(41.0, 5.88235294117647)	(42.0, 5.88235294117647)	(43.0, 5.88235294117647)	(44.0, 5.88235294117647)	(45.0, 0.0)	(46.0, 23.52941176470588)	(47.0, 23.52941176470588)	(48.0, 11.76470588235294)	(49.0, 11.76470588235294)	(50.0, 5.88235294117647)	(51.0, 0.0)	(52.0, 0.0)	(53.0, 0.0)	(54.0, 0.0)	(55.0, 0.0)	(56.0, 0.0)	(57.0, 0.0)	(58.0, 0.0)	(59.0, 0.0)	(60.0, 0.0)	(61.0, 0.0)	(62.0, 0.0)	(63.0, 0.0)	(64.0, 0.0)	(65.0, 0.0)	(66.0, 0.0)	(67.0, 0.0)	(68.0, 0.0)	(69.0, 0.0)	(70.0, 0.0)	(71.0, 0.0)	(72.0, 0.0)	(73.0, 0.0)	(74.0, 0.0)	(75.0, 0.0)	(76.0, 0.0)	(77.0, 0.0)	(78.0, 0.0)	(79.0, 0.0)	(80.0, 0.0)	(81.0, 0.0)	(82.0, 0.0)	(83.0, 0.0)	(84.0, 0.0)	(85.0, 0.0)	(86.0, 0.0)	(87.0, 0.0)	(88.0, 0.0)	(89.0, 0.0)	(90.0, 0.0)	(91.0, 0.0)	(92.0, 0.0)	(93.0, 0.0)	(94.0, 0.0)	(95.0, 0.0)	(96.0, 0.0)	(97.0, 0.0)	(98.0, 0.0)	(99.0, 0.0)	(100.0, 0.0)
SRR8438151_1	(0.0, 0.0)	(1.0, 0.0)	(2.0, 0.0)	(3.0, 0.0)	(4.0, 0.0)	(5.0, 0.0)	(6.0, 0.0)	(7.0, 0.0)	(8.0, 0.0)	(9.0, 0.0)	(10.0, 0.0)	(11.0, 0.0)	(12.0, 0.0)	(13.0, 0.0)	(14.0, 0.0)	(15.0, 0.0)	(16.0, 0.0)	(17.0, 0.0)	(18.0, 0.0)	(19.0, 0.0)	(20.0, 0.0)	(21.0, 0.0)	(22.0, 0.0)	(23.0, 0.0)	(24.0, 0.0)	(25.0, 0.0)	(26.0, 0.0)	(27.0, 0.0)	(28.0, 0.0)	(29.0, 0.0)	(30.0, 0.0)	(31.0, 0.0)	(32.0, 0.0)	(33.0, 0.0026195840100591175)	(34.0, 0.007858752030177352)	(35.0, 0.01833708807041382)	(36.0, 0.026195840100591176)	(37.0, 0.041913344160945866)	(38.0, 0.08644627233195089)	(39.0, 0.14669670456331058)	(40.0, 0.17551212867396077)	(41.0, 0.24624089694555668)	(42.0, 0.30649132917691674)	(43.0, 0.3746005134384543)	(44.0, 0.48462304186093796)	(45.0, 0.7622989469272008)	(46.0, 1.233824068737845)	(47.0, 1.0373552679834055)	(48.0, 0.8906585634200958)	(49.0, 0.8120710431183233)	(50.0, 1.576989574055599)	(51.0, 32.37805836433637)	(52.0, 41.420862367052216)	(53.0, 9.192120291297547)	(54.0, 4.631424529784497)	(55.0, 2.0066013517053065)	(56.0, 0.7701576989573781)	(57.0, 0.45056844973016924)	(58.0, 0.45842720176034657)	(59.0, 0.2200450568449656)	(60.0, 0.17289254466390166)	(61.0, 0.041913344160945866)	(62.0, 0.013097920050295586)	(63.0, 0.005239168020118235)	(64.0, 0.005239168020118235)	(65.0, 0.0026195840100591175)	(66.0, 0.0)	(67.0, 0.0)	(68.0, 0.0)	(69.0, 0.0)	(70.0, 0.0)	(71.0, 0.0)	(72.0, 0.0)	(73.0, 0.0)	(74.0, 0.0)	(75.0, 0.0)	(76.0, 0.0)	(77.0, 0.0)	(78.0, 0.0)	(79.0, 0.0)	(80.0, 0.0)	(81.0, 0.0)	(82.0, 0.0)	(83.0, 0.0)	(84.0, 0.0)	(85.0, 0.0)	(86.0, 0.0)	(87.0, 0.0)	(88.0, 0.0)	(89.0, 0.0)	(90.0, 0.0)	(91.0, 0.0)	(92.0, 0.0)	(93.0, 0.0)	(94.0, 0.0)	(95.0, 0.0)	(96.0, 0.0)	(97.0, 0.0)	(98.0, 0.0)	(99.0, 0.0)	(100.0, 0.0)
SRR8438151_2	(0.0, 0.0)	(1.0, 0.0)	(2.0, 0.0)	(3.0, 0.0)	(4.0, 0.0)	(5.0, 0.0)	(6.0, 0.0)	(7.0, 0.0)	(8.0, 0.0)	(9.0, 0.0)	(10.0, 0.0)	(11.0, 0.0)	(12.0, 0.0)	(13.0, 0.0)	(14.0, 0.0)	(15.0, 0.0)	(16.0, 0.0)	(17.0, 0.0)	(18.0, 0.0)	(19.0, 0.0)	(20.0, 0.0)	(21.0, 0.0)	(22.0, 0.0)	(23.0, 0.0)	(24.0, 0.0)	(25.0, 0.0)	(26.0, 0.0)	(27.0, 0.0)	(28.0, 0.0)	(29.0, 0.0)	(30.0, 0.0)	(31.0, 0.0)	(32.0, 0.0)	(33.0, 0.0)	(34.0, 0.0)	(35.0, 0.0)	(36.0, 0.0)	(37.0, 0.0026926960619318694)	(38.0, 0.02288791652642089)	(39.0, 0.04442948502187584)	(40.0, 0.07270279367216045)	(41.0, 0.11309323460113858)	(42.0, 0.17502524402557143)	(43.0, 0.3742847526085303)	(44.0, 0.5331538202625113)	(45.0, 0.9397509256142179)	(46.0, 1.0743857287108112)	(47.0, 0.7243352406596714)	(48.0, 0.5789296533153524)	(49.0, 0.7364523729383646)	(50.0, 1.1726691349713274)	(51.0, 1.9683608212722172)	(52.0, 24.75934028946577)	(53.0, 35.88286772130756)	(54.0, 12.722988892627447)	(55.0, 6.3574554022213015)	(56.0, 3.8074722315715883)	(57.0, 2.3534163581284613)	(58.0, 1.32211376640855)	(59.0, 1.0986199932681986)	(60.0, 0.9720632783573997)	(61.0, 0.7243352406596714)	(62.0, 0.4200605856613724)	(63.0, 0.31773813530796063)	(64.0, 0.23964994951193608)	(65.0, 0.15886906765398026)	(66.0, 0.0996297542914792)	(67.0, 0.053853921238637366)	(68.0, 0.04039044092897803)	(69.0, 0.035005048805114305)	(70.0, 0.026926960619318693)	(71.0, 0.0026926960619318694)	(72.0, 0.005385392123863739)	(73.0, 0.005385392123863739)	(74.0, 0.010770784247727478)	(75.0, 0.013463480309659347)	(76.0, 0.005385392123863739)	(77.0, 0.0)	(78.0, 0.0026926960619318694)	(79.0, 0.005385392123863739)	(80.0, 0.0)	(81.0, 0.0)	(82.0, 0.0026926960619318694)	(83.0, 0.0026926960619318694)	(84.0, 0.0026926960619318694)	(85.0, 0.0)	(86.0, 0.0)	(87.0, 0.0026926960619318694)	(88.0, 0.0026926960619318694)	(89.0, 0.0)	(90.0, 0.0026926960619318694)	(91.0, 0.0)	(92.0, 0.0)	(93.0, 0.0)	(94.0, 0.0)	(95.0, 0.0)	(96.0, 0.0)	(97.0, 0.0)	(98.0, 0.0)	(99.0, 0.0026926960619318694)	(100.0, 0.004039044092897804)
SRR8438152	(0.0, 0.0)	(1.0, 0.0)	(2.0, 0.0)	(3.0, 0.0)	(4.0, 0.0)	(5.0, 0.0)	(6.0, 0.0)	(7.0, 0.0)	(8.0, 0.0)	(9.0, 0.0)	(10.0, 0.0)	(11.0, 0.0)	(12.0, 0.0)	(13.0, 0.0)	(14.0, 0.0)	(15.0, 0.0)	(16.0, 0.0)	(17.0, 0.0)	(18.0, 0.0)	(19.0, 0.0)	(20.0, 0.0)	(21.0, 0.0)	(22.0, 0.0)	(23.0, 0.0)	(24.0, 0.0)	(25.0, 0.0)	(26.0, 0.0)	(27.0, 0.0)	(28.0, 0.0)	(29.0, 0.0)	(30.0, 0.0)	(31.0, 0.0)	(32.0, 0.0)	(33.0, 0.0)	(34.0, 0.0)	(35.0, 0.0)	(36.0, 0.0)	(37.0, 0.0)	(38.0, 0.0)	(39.0, 0.0)	(40.0, 0.0)	(41.0, 0.0)	(42.0, 0.0)	(43.0, 0.0)	(44.0, 33.33333333333333)	(45.0, 0.0)	(46.0, 0.0)	(47.0, 0.0)	(48.0, 66.66666666666666)	(49.0, 0.0)	(50.0, 0.0)	(51.0, 0.0)	(52.0, 0.0)	(53.0, 0.0)	(54.0, 0.0)	(55.0, 0.0)	(56.0, 0.0)	(57.0, 0.0)	(58.0, 0.0)	(59.0, 0.0)	(60.0, 0.0)	(61.0, 0.0)	(62.0, 0.0)	(63.0, 0.0)	(64.0, 0.0)	(65.0, 0.0)	(66.0, 0.0)	(67.0, 0.0)	(68.0, 0.0)	(69.0, 0.0)	(70.0, 0.0)	(71.0, 0.0)	(72.0, 0.0)	(73.0, 0.0)	(74.0, 0.0)	(75.0, 0.0)	(76.0, 0.0)	(77.0, 0.0)	(78.0, 0.0)	(79.0, 0.0)	(80.0, 0.0)	(81.0, 0.0)	(82.0, 0.0)	(83.0, 0.0)	(84.0, 0.0)	(85.0, 0.0)	(86.0, 0.0)	(87.0, 0.0)	(88.0, 0.0)	(89.0, 0.0)	(90.0, 0.0)	(91.0, 0.0)	(92.0, 0.0)	(93.0, 0.0)	(94.0, 0.0)	(95.0, 0.0)	(96.0, 0.0)	(97.0, 0.0)	(98.0, 0.0)	(99.0, 0.0)	(100.0, 0.0)
SRR8438152_1	(0.0, 0.0)	(1.0, 0.0)	(2.0, 0.0)	(3.0, 0.0)	(4.0, 0.0)	(5.0, 0.0)	(6.0, 0.0)	(7.0, 0.0)	(8.0, 0.0)	(9.0, 0.0)	(10.0, 0.0)	(11.0, 0.0)	(12.0, 0.0)	(13.0, 0.0)	(14.0, 0.0)	(15.0, 0.0)	(16.0, 0.0)	(17.0, 0.0)	(18.0, 0.0)	(19.0, 0.0)	(20.0, 0.010609516736513004)	(21.0, 0.005304758368256502)	(22.0, 0.0)	(23.0, 0.0)	(24.0, 0.0)	(25.0, 0.0)	(26.0, 0.0)	(27.0, 0.0)	(28.0, 0.005304758368256502)	(29.0, 0.010609516736513004)	(30.0, 0.0)	(31.0, 0.005304758368256502)	(32.0, 0.01591427510476951)	(33.0, 0.01591427510476951)	(34.0, 0.04243806694605202)	(35.0, 0.06365710041907804)	(36.0, 0.10609516736513001)	(37.0, 0.14322847594292556)	(38.0, 0.27584743514933824)	(39.0, 0.3288950188319031)	(40.0, 0.3288950188319031)	(41.0, 0.48803776987959757)	(42.0, 0.7585804466606809)	(43.0, 1.6550846108960227)	(44.0, 1.6444750941595099)	(45.0, 1.1776563577529442)	(46.0, 1.4800275847435604)	(47.0, 2.180255689353415)	(48.0, 2.2067794811946984)	(49.0, 2.0529414885152555)	(50.0, 2.8221314519124703)	(51.0, 28.380457270170282)	(52.0, 36.708927908333905)	(53.0, 8.06853747811796)	(54.0, 3.580711898573172)	(55.0, 1.7717892949976641)	(56.0, 1.8460559121532538)	(57.0, 1.1988753912259698)	(58.0, 0.2705426767810818)	(59.0, 0.09548565062861702)	(60.0, 0.047742825314308526)	(61.0, 0.03713330857779552)	(62.0, 0.01591427510476951)	(63.0, 0.06896185878733453)	(64.0, 0.07957137552384753)	(65.0, 0.005304758368256502)	(66.0, 0.0)	(67.0, 0.0)	(68.0, 0.0)	(69.0, 0.0)	(70.0, 0.0)	(71.0, 0.0)	(72.0, 0.0)	(73.0, 0.0)	(74.0, 0.0)	(75.0, 0.0)	(76.0, 0.0)	(77.0, 0.0)	(78.0, 0.0)	(79.0, 0.0)	(80.0, 0.0)	(81.0, 0.0)	(82.0, 0.0)	(83.0, 0.0)	(84.0, 0.0)	(85.0, 0.0)	(86.0, 0.0)	(87.0, 0.0)	(88.0, 0.0)	(89.0, 0.0)	(90.0, 0.0)	(91.0, 0.0)	(92.0, 0.0)	(93.0, 0.0)	(94.0, 0.0)	(95.0, 0.0)	(96.0, 0.0)	(97.0, 0.0)	(98.0, 0.0)	(99.0, 0.0)	(100.0, 0.0)
SRR8438152_2	(0.0, 0.0)	(1.0, 0.0)	(2.0, 0.0)	(3.0, 0.0)	(4.0, 0.0)	(5.0, 0.0)	(6.0, 0.0)	(7.0, 0.0)	(8.0, 0.0)	(9.0, 0.0)	(10.0, 0.0)	(11.0, 0.0)	(12.0, 0.0)	(13.0, 0.0)	(14.0, 0.0)	(15.0, 0.0)	(16.0, 0.0)	(17.0, 0.0)	(18.0, 0.0)	(19.0, 0.005429471169508218)	(20.0, 0.005429471169508218)	(21.0, 0.005429471169508218)	(22.0, 0.0)	(23.0, 0.0)	(24.0, 0.0)	(25.0, 0.0)	(26.0, 0.0)	(27.0, 0.0)	(28.0, 0.005429471169508218)	(29.0, 0.005429471169508218)	(30.0, 0.005429471169508218)	(31.0, 0.010858942339016436)	(32.0, 0.0)	(33.0, 0.005429471169508218)	(34.0, 0.0)	(35.0, 0.010858942339016436)	(36.0, 0.043435769356065745)	(37.0, 0.043435769356065745)	(38.0, 0.03800629818655753)	(39.0, 0.04886524052557397)	(40.0, 0.08144206754262327)	(41.0, 0.16288413508524655)	(42.0, 0.19546096210229597)	(43.0, 0.5972418286459038)	(44.0, 1.2650667824954145)	(45.0, 1.2433488978173821)	(46.0, 1.2976436095124635)	(47.0, 1.1347594744272191)	(48.0, 1.509392985123281)	(49.0, 2.492127266804272)	(50.0, 3.5345857313498796)	(51.0, 3.9798023672495666)	(52.0, 21.375827994353546)	(53.0, 30.595070040176402)	(54.0, 12.818981431209222)	(55.0, 6.520794874579285)	(56.0, 4.278423281572517)	(57.0, 2.502986209143289)	(58.0, 1.4225214464111509)	(59.0, 0.770984906070168)	(60.0, 0.4017808665436079)	(61.0, 0.3909219242045915)	(62.0, 0.25518514496688643)	(63.0, 0.2280377891193453)	(64.0, 0.18460201976327947)	(65.0, 0.17917254859377124)	(66.0, 0.0923010098816397)	(67.0, 0.07601259637311505)	(68.0, 0.08144206754262327)	(69.0, 0.027147355847541094)	(70.0, 0.016288413508524655)	(71.0, 0.0)	(72.0, 0.005429471169508218)	(73.0, 0.0)	(74.0, 0.010858942339016436)	(75.0, 0.010858942339016436)	(76.0, 0.005429471169508218)	(77.0, 0.0)	(78.0, 0.0)	(79.0, 0.0)	(80.0, 0.0)	(81.0, 0.0)	(82.0, 0.005429471169508218)	(83.0, 0.010858942339016436)	(84.0, 0.005429471169508218)	(85.0, 0.0)	(86.0, 0.0)	(87.0, 0.0)	(88.0, 0.0)	(89.0, 0.0)	(90.0, 0.0)	(91.0, 0.0)	(92.0, 0.0)	(93.0, 0.0)	(94.0, 0.0)	(95.0, 0.0)	(96.0, 0.0)	(97.0, 0.0)	(98.0, 0.0)	(99.0, 0.0)	(100.0, 0.0)
SRR8438153	(0.0, 0.0)	(1.0, 0.0)	(2.0, 0.0)	(3.0, 0.0)	(4.0, 0.0)	(5.0, 0.0)	(6.0, 0.0)	(7.0, 0.0)	(8.0, 0.0)	(9.0, 0.0)	(10.0, 0.0)	(11.0, 0.0)	(12.0, 0.0)	(13.0, 0.0)	(14.0, 0.0)	(15.0, 0.0)	(16.0, 0.0)	(17.0, 0.0)	(18.0, 0.0)	(19.0, 0.0)	(20.0, 0.0)	(21.0, 0.0)	(22.0, 0.0)	(23.0, 0.0)	(24.0, 0.0)	(25.0, 0.0)	(26.0, 0.0)	(27.0, 0.0)	(28.0, 0.0)	(29.0, 0.0)	(30.0, 0.0)	(31.0, 0.0)	(32.0, 0.0)	(33.0, 0.0)	(34.0, 0.0)	(35.0, 0.0)	(36.0, 0.0)	(37.0, 0.0)	(38.0, 0.0)	(39.0, 0.0)	(40.0, 0.0)	(41.0, 0.0)	(42.0, 0.0)	(43.0, 0.0)	(44.0, 0.0)	(45.0, 25.0)	(46.0, 37.5)	(47.0, 12.5)	(48.0, 0.0)	(49.0, 12.5)	(50.0, 12.5)	(51.0, 0.0)	(52.0, 0.0)	(53.0, 0.0)	(54.0, 0.0)	(55.0, 0.0)	(56.0, 0.0)	(57.0, 0.0)	(58.0, 0.0)	(59.0, 0.0)	(60.0, 0.0)	(61.0, 0.0)	(62.0, 0.0)	(63.0, 0.0)	(64.0, 0.0)	(65.0, 0.0)	(66.0, 0.0)	(67.0, 0.0)	(68.0, 0.0)	(69.0, 0.0)	(70.0, 0.0)	(71.0, 0.0)	(72.0, 0.0)	(73.0, 0.0)	(74.0, 0.0)	(75.0, 0.0)	(76.0, 0.0)	(77.0, 0.0)	(78.0, 0.0)	(79.0, 0.0)	(80.0, 0.0)	(81.0, 0.0)	(82.0, 0.0)	(83.0, 0.0)	(84.0, 0.0)	(85.0, 0.0)	(86.0, 0.0)	(87.0, 0.0)	(88.0, 0.0)	(89.0, 0.0)	(90.0, 0.0)	(91.0, 0.0)	(92.0, 0.0)	(93.0, 0.0)	(94.0, 0.0)	(95.0, 0.0)	(96.0, 0.0)	(97.0, 0.0)	(98.0, 0.0)	(99.0, 0.0)	(100.0, 0.0)
SRR8438153_1	(0.0, 0.0)	(1.0, 0.0)	(2.0, 0.0)	(3.0, 0.0)	(4.0, 0.0)	(5.0, 0.0)	(6.0, 0.0)	(7.0, 0.0)	(8.0, 0.0)	(9.0, 0.0)	(10.0, 0.0)	(11.0, 0.0)	(12.0, 0.0)	(13.0, 0.0)	(14.0, 0.0)	(15.0, 0.0)	(16.0, 0.0)	(17.0, 0.0)	(18.0, 0.0)	(19.0, 0.0)	(20.0, 0.0)	(21.0, 0.0)	(22.0, 0.0)	(23.0, 0.0)	(24.0, 0.0)	(25.0, 0.0)	(26.0, 0.0)	(27.0, 0.0)	(28.0, 0.0)	(29.0, 0.0)	(30.0, 0.0)	(31.0, 0.003992494111071253)	(32.0, 0.003992494111071253)	(33.0, 0.007984988222142506)	(34.0, 0.06787239988821128)	(35.0, 0.5789116461053325)	(36.0, 0.29544456421927245)	(37.0, 0.1397372938874939)	(38.0, 0.1596997644428502)	(39.0, 0.23954964666427514)	(40.0, 0.3553319758853411)	(41.0, 0.4112268934403387)	(42.0, 0.6986864694374709)	(43.0, 3.245897712300953)	(44.0, 2.195871761089199)	(45.0, 1.8485247734259902)	(46.0, 1.0460334571006664)	(47.0, 1.0819659041003071)	(48.0, 3.3017926298559477)	(49.0, 3.916636722960886)	(50.0, 2.2477741845331267)	(51.0, 3.4175749590770077)	(52.0, 5.976763684273536)	(53.0, 6.120493472272092)	(54.0, 20.75697688345807)	(55.0, 29.15718449315323)	(56.0, 7.366151634926463)	(57.0, 2.8945582305266884)	(58.0, 1.0540184453228088)	(59.0, 0.6787239988821145)	(60.0, 0.2794745877749875)	(61.0, 0.2435421407753464)	(62.0, 0.12775981155428012)	(63.0, 0.03593244699964128)	(64.0, 0.023954964666427516)	(65.0, 0.015969976444285012)	(66.0, 0.003992494111071253)	(67.0, 0.0)	(68.0, 0.0)	(69.0, 0.0)	(70.0, 0.0)	(71.0, 0.0)	(72.0, 0.0)	(73.0, 0.0)	(74.0, 0.0)	(75.0, 0.0)	(76.0, 0.0)	(77.0, 0.0)	(78.0, 0.0)	(79.0, 0.0)	(80.0, 0.0)	(81.0, 0.0)	(82.0, 0.0)	(83.0, 0.0)	(84.0, 0.0)	(85.0, 0.0)	(86.0, 0.0)	(87.0, 0.0)	(88.0, 0.0)	(89.0, 0.0)	(90.0, 0.0)	(91.0, 0.0)	(92.0, 0.0)	(93.0, 0.0)	(94.0, 0.0)	(95.0, 0.0)	(96.0, 0.0)	(97.0, 0.0)	(98.0, 0.0)	(99.0, 0.0)	(100.0, 0.0)
SRR8438153_2	(0.0, 0.0)	(1.0, 0.0)	(2.0, 0.0)	(3.0, 0.0)	(4.0, 0.0)	(5.0, 0.0)	(6.0, 0.0)	(7.0, 0.0)	(8.0, 0.0)	(9.0, 0.0)	(10.0, 0.0)	(11.0, 0.0)	(12.0, 0.0)	(13.0, 0.0)	(14.0, 0.0)	(15.0, 0.0)	(16.0, 0.0)	(17.0, 0.0)	(18.0, 0.0)	(19.0, 0.0)	(20.0, 0.0)	(21.0, 0.0)	(22.0, 0.0)	(23.0, 0.0)	(24.0, 0.0)	(25.0, 0.0)	(26.0, 0.0)	(27.0, 0.0)	(28.0, 0.0)	(29.0, 0.0)	(30.0, 0.0)	(31.0, 0.0)	(32.0, 0.0)	(33.0, 0.0)	(34.0, 0.0)	(35.0, 0.012484394506866565)	(36.0, 0.0332917186849775)	(37.0, 0.2829796088223086)	(38.0, 0.49521431543904043)	(39.0, 0.16229712858926543)	(40.0, 0.09571369121931028)	(41.0, 0.12068248023304345)	(42.0, 0.153974198918021)	(43.0, 0.819808572617573)	(44.0, 3.3791094465252427)	(45.0, 2.1348314606741887)	(46.0, 1.3607990012484497)	(47.0, 1.240116521015408)	(48.0, 3.325010403662157)	(49.0, 2.8006658343737576)	(50.0, 3.050353724511096)	(51.0, 2.5135247607158187)	(52.0, 4.456928838951328)	(53.0, 5.921764461090255)	(54.0, 6.404494382022404)	(55.0, 16.529338327091057)	(56.0, 20.374531835205087)	(57.0, 11.993341656263636)	(58.0, 5.880149812734035)	(59.0, 3.0461922596754736)	(60.0, 1.4773200166458693)	(61.0, 0.7865168539325957)	(62.0, 0.4411152725759516)	(63.0, 0.2704952143154421)	(64.0, 0.12484394506866564)	(65.0, 0.09571369121931028)	(66.0, 0.09155222638368811)	(67.0, 0.02080732417811094)	(68.0, 0.0332917186849775)	(69.0, 0.024968789013733127)	(70.0, 0.029130253849355314)	(71.0, 0.012484394506866565)	(72.0, 0.0)	(73.0, 0.004161464835622188)	(74.0, 0.0)	(75.0, 0.0)	(76.0, 0.0)	(77.0, 0.0)	(78.0, 0.0)	(79.0, 0.0)	(80.0, 0.0)	(81.0, 0.0)	(82.0, 0.0)	(83.0, 0.0)	(84.0, 0.0)	(85.0, 0.0)	(86.0, 0.0)	(87.0, 0.0)	(88.0, 0.0)	(89.0, 0.0)	(90.0, 0.0)	(91.0, 0.0)	(92.0, 0.0)	(93.0, 0.0)	(94.0, 0.0)	(95.0, 0.0)	(96.0, 0.0)	(97.0, 0.0)	(98.0, 0.0)	(99.0, 0.0)	(100.0, 0.0)
SRR8438154	(0.0, 0.0)	(1.0, 0.0)	(2.0, 0.0)	(3.0, 0.0)	(4.0, 0.0)	(5.0, 0.0)	(6.0, 0.0)	(7.0, 0.0)	(8.0, 0.0)	(9.0, 0.0)	(10.0, 0.0)	(11.0, 0.0)	(12.0, 0.0)	(13.0, 0.0)	(14.0, 0.0)	(15.0, 0.0)	(16.0, 0.0)	(17.0, 0.0)	(18.0, 0.0)	(19.0, 0.0)	(20.0, 0.0)	(21.0, 0.0)	(22.0, 0.0)	(23.0, 0.0)	(24.0, 0.0)	(25.0, 0.0)	(26.0, 0.0)	(27.0, 0.0)	(28.0, 0.0)	(29.0, 0.0)	(30.0, 0.0)	(31.0, 0.0)	(32.0, 0.0)	(33.0, 0.0)	(34.0, 0.0)	(35.0, 0.0)	(36.0, 0.0)	(37.0, 0.0)	(38.0, 0.0)	(39.0, 0.0)	(40.0, 1.6949152542372885)	(41.0, 1.6949152542372885)	(42.0, 3.389830508474577)	(43.0, 8.474576271186443)	(44.0, 8.474576271186443)	(45.0, 10.16949152542373)	(46.0, 11.864406779661019)	(47.0, 11.864406779661019)	(48.0, 11.864406779661019)	(49.0, 11.864406779661019)	(50.0, 3.389830508474577)	(51.0, 6.779661016949154)	(52.0, 3.389830508474577)	(53.0, 1.6949152542372885)	(54.0, 1.6949152542372885)	(55.0, 0.0)	(56.0, 1.6949152542372885)	(57.0, 0.0)	(58.0, 0.0)	(59.0, 0.0)	(60.0, 0.0)	(61.0, 0.0)	(62.0, 0.0)	(63.0, 0.0)	(64.0, 0.0)	(65.0, 0.0)	(66.0, 0.0)	(67.0, 0.0)	(68.0, 0.0)	(69.0, 0.0)	(70.0, 0.0)	(71.0, 0.0)	(72.0, 0.0)	(73.0, 0.0)	(74.0, 0.0)	(75.0, 0.0)	(76.0, 0.0)	(77.0, 0.0)	(78.0, 0.0)	(79.0, 0.0)	(80.0, 0.0)	(81.0, 0.0)	(82.0, 0.0)	(83.0, 0.0)	(84.0, 0.0)	(85.0, 0.0)	(86.0, 0.0)	(87.0, 0.0)	(88.0, 0.0)	(89.0, 0.0)	(90.0, 0.0)	(91.0, 0.0)	(92.0, 0.0)	(93.0, 0.0)	(94.0, 0.0)	(95.0, 0.0)	(96.0, 0.0)	(97.0, 0.0)	(98.0, 0.0)	(99.0, 0.0)	(100.0, 0.0)
SRR8438154_1	(0.0, 0.0)	(1.0, 0.0)	(2.0, 0.0)	(3.0, 0.0)	(4.0, 0.0)	(5.0, 0.0)	(6.0, 0.0)	(7.0, 0.0)	(8.0, 0.0)	(9.0, 0.0)	(10.0, 0.0)	(11.0, 0.0)	(12.0, 0.0)	(13.0, 0.0)	(14.0, 0.0)	(15.0, 0.0)	(16.0, 0.0)	(17.0, 0.0)	(18.0, 0.0)	(19.0, 0.0)	(20.0, 0.0)	(21.0, 0.0)	(22.0, 0.0)	(23.0, 0.0)	(24.0, 0.0)	(25.0, 0.0)	(26.0, 0.0)	(27.0, 0.0)	(28.0, 0.0)	(29.0, 0.0)	(30.0, 0.0)	(31.0, 0.0)	(32.0, 0.00042826185642942687)	(33.0, 0.0021413092821471343)	(34.0, 0.0021413092821471343)	(35.0, 0.0029978329950059884)	(36.0, 0.005995665990011977)	(37.0, 0.010278284554306242)	(38.0, 0.014989164975029947)	(39.0, 0.035117472227212974)	(40.0, 0.065095802177273)	(41.0, 0.08522410942945614)	(42.0, 0.10235458368663297)	(43.0, 0.1293350806416865)	(44.0, 0.14732207861172217)	(45.0, 0.15931341059174595)	(46.0, 0.2903615386591541)	(47.0, 2.3460184495202263)	(48.0, 6.771248212005254)	(49.0, 52.34559018766928)	(50.0, 24.277736379131355)	(51.0, 6.901868078216111)	(52.0, 3.700182439550495)	(53.0, 1.555875324408113)	(54.0, 0.652671069198432)	(55.0, 0.21498745192757282)	(56.0, 0.09850022697876817)	(57.0, 0.04625228049437809)	(58.0, 0.01798699797003594)	(59.0, 0.008565237128588536)	(60.0, 0.006423927846441403)	(61.0, 0.0008565237128588537)	(62.0, 0.0008565237128588537)	(63.0, 0.00042826185642942687)	(64.0, 0.0)	(65.0, 0.0)	(66.0, 0.00042826185642942687)	(67.0, 0.00042826185642942687)	(68.0, 0.0)	(69.0, 0.0)	(70.0, 0.0)	(71.0, 0.0)	(72.0, 0.0)	(73.0, 0.0)	(74.0, 0.0)	(75.0, 0.0)	(76.0, 0.0)	(77.0, 0.0)	(78.0, 0.0)	(79.0, 0.0)	(80.0, 0.0)	(81.0, 0.0)	(82.0, 0.0)	(83.0, 0.0)	(84.0, 0.0)	(85.0, 0.0)	(86.0, 0.0)	(87.0, 0.0)	(88.0, 0.0)	(89.0, 0.0)	(90.0, 0.0)	(91.0, 0.0)	(92.0, 0.0)	(93.0, 0.0)	(94.0, 0.0)	(95.0, 0.0)	(96.0, 0.0)	(97.0, 0.0)	(98.0, 0.0)	(99.0, 0.0)	(100.0, 0.0)
SRR8438154_2	(0.0, 0.0)	(1.0, 0.0)	(2.0, 0.0)	(3.0, 0.0)	(4.0, 0.0)	(5.0, 0.0)	(6.0, 0.0)	(7.0, 0.0)	(8.0, 0.0)	(9.0, 0.0)	(10.0, 0.0)	(11.0, 0.0)	(12.0, 0.0)	(13.0, 0.0)	(14.0, 0.0)	(15.0, 0.0)	(16.0, 0.0)	(17.0, 0.0)	(18.0, 0.0)	(19.0, 0.0)	(20.0, 0.0)	(21.0, 0.0)	(22.0, 0.0)	(23.0, 0.0)	(24.0, 0.0)	(25.0, 0.00036112946852583636)	(26.0, 0.00036112946852583636)	(27.0, 0.0)	(28.0, 0.0)	(29.0, 0.0)	(30.0, 0.0)	(31.0, 0.0)	(32.0, 0.0)	(33.0, 0.0)	(34.0, 0.0)	(35.0, 0.0007222589370516727)	(36.0, 0.0007222589370516727)	(37.0, 0.0014445178741033455)	(38.0, 0.003611294685258364)	(39.0, 0.010292189852986338)	(40.0, 0.016070261349399727)	(41.0, 0.03430729950995441)	(42.0, 0.04947473718803964)	(43.0, 0.0686145990199091)	(44.0, 0.11285295891432345)	(45.0, 1.5510510673184172)	(46.0, 2.3374104850333284)	(47.0, 0.7834703819668155)	(48.0, 0.8325839896863345)	(49.0, 30.971185479677594)	(50.0, 44.937506545497975)	(51.0, 8.902924787564265)	(52.0, 4.088346713181642)	(53.0, 2.811031783005178)	(54.0, 1.307469240797796)	(55.0, 0.4992614902369593)	(56.0, 0.26543015936649256)	(57.0, 0.14156275166212715)	(58.0, 0.0823375188238907)	(59.0, 0.07078137583106409)	(60.0, 0.04369666569162621)	(61.0, 0.022751156517127682)	(62.0, 0.015167437678085136)	(63.0, 0.007944848307568397)	(64.0, 0.0046946830908358725)	(65.0, 0.0021667768111550178)	(66.0, 0.0021667768111550178)	(67.0, 0.0021667768111550178)	(68.0, 0.0007222589370516727)	(69.0, 0.0007222589370516727)	(70.0, 0.0025279062796808543)	(71.0, 0.0021667768111550178)	(72.0, 0.00036112946852583636)	(73.0, 0.001083388405577509)	(74.0, 0.0007222589370516727)	(75.0, 0.0)	(76.0, 0.00036112946852583636)	(77.0, 0.00036112946852583636)	(78.0, 0.0007222589370516727)	(79.0, 0.0)	(80.0, 0.001083388405577509)	(81.0, 0.00036112946852583636)	(82.0, 0.0007222589370516727)	(83.0, 0.0007222589370516727)	(84.0, 0.0007222589370516727)	(85.0, 0.0007222589370516727)	(86.0, 0.0)	(87.0, 0.00036112946852583636)	(88.0, 0.0014445178741033455)	(89.0, 0.0007222589370516727)	(90.0, 0.0)	(91.0, 0.0)	(92.0, 0.0)	(93.0, 0.00036112946852583636)	(94.0, 0.0)	(95.0, 0.0)	(96.0, 0.0)	(97.0, 0.0)	(98.0, 0.0)	(99.0, 0.0)	(100.0, 0.001083388405577509)
SRR8438155	(0.0, 0.0)	(1.0, 0.0)	(2.0, 0.0)	(3.0, 0.0)	(4.0, 0.0)	(5.0, 0.0)	(6.0, 0.0)	(7.0, 0.0)	(8.0, 0.0)	(9.0, 0.0)	(10.0, 0.0)	(11.0, 0.0)	(12.0, 0.0)	(13.0, 0.0)	(14.0, 0.0)	(15.0, 0.0)	(16.0, 0.0)	(17.0, 0.0)	(18.0, 0.0)	(19.0, 0.0)	(20.0, 0.0)	(21.0, 0.0)	(22.0, 0.0)	(23.0, 0.0)	(24.0, 0.0)	(25.0, 0.0)	(26.0, 0.0)	(27.0, 0.0)	(28.0, 0.0)	(29.0, 0.0)	(30.0, 0.0)	(31.0, 0.0)	(32.0, 0.0)	(33.0, 0.0)	(34.0, 0.0)	(35.0, 0.0)	(36.0, 0.0)	(37.0, 2.272727272727272)	(38.0, 4.545454545454544)	(39.0, 2.272727272727272)	(40.0, 2.272727272727272)	(41.0, 4.545454545454544)	(42.0, 9.090909090909088)	(43.0, 15.909090909090903)	(44.0, 9.090909090909088)	(45.0, 9.090909090909088)	(46.0, 6.818181818181817)	(47.0, 11.36363636363636)	(48.0, 6.818181818181817)	(49.0, 2.272727272727272)	(50.0, 2.272727272727272)	(51.0, 2.272727272727272)	(52.0, 2.272727272727272)	(53.0, 2.272727272727272)	(54.0, 0.0)	(55.0, 2.272727272727272)	(56.0, 2.272727272727272)	(57.0, 0.0)	(58.0, 0.0)	(59.0, 0.0)	(60.0, 0.0)	(61.0, 0.0)	(62.0, 0.0)	(63.0, 0.0)	(64.0, 0.0)	(65.0, 0.0)	(66.0, 0.0)	(67.0, 0.0)	(68.0, 0.0)	(69.0, 0.0)	(70.0, 0.0)	(71.0, 0.0)	(72.0, 0.0)	(73.0, 0.0)	(74.0, 0.0)	(75.0, 0.0)	(76.0, 0.0)	(77.0, 0.0)	(78.0, 0.0)	(79.0, 0.0)	(80.0, 0.0)	(81.0, 0.0)	(82.0, 0.0)	(83.0, 0.0)	(84.0, 0.0)	(85.0, 0.0)	(86.0, 0.0)	(87.0, 0.0)	(88.0, 0.0)	(89.0, 0.0)	(90.0, 0.0)	(91.0, 0.0)	(92.0, 0.0)	(93.0, 0.0)	(94.0, 0.0)	(95.0, 0.0)	(96.0, 0.0)	(97.0, 0.0)	(98.0, 0.0)	(99.0, 0.0)	(100.0, 0.0)
SRR8438155_1	(0.0, 0.0)	(1.0, 0.0)	(2.0, 0.0)	(3.0, 0.0)	(4.0, 0.0)	(5.0, 0.0)	(6.0, 0.0)	(7.0, 0.0)	(8.0, 0.0)	(9.0, 0.0)	(10.0, 0.0)	(11.0, 0.0)	(12.0, 0.0)	(13.0, 0.0)	(14.0, 0.0)	(15.0, 0.0)	(16.0, 0.0)	(17.0, 0.0)	(18.0, 0.0)	(19.0, 0.0)	(20.0, 0.0006172572790065066)	(21.0, 0.0006172572790065066)	(22.0, 0.0)	(23.0, 0.0006172572790065066)	(24.0, 0.0006172572790065066)	(25.0, 0.0018517718370195198)	(26.0, 0.001234514558013013)	(27.0, 0.0)	(28.0, 0.0030862863950325324)	(29.0, 0.005555315511058559)	(30.0, 0.005555315511058559)	(31.0, 0.015431431975162658)	(32.0, 0.016048689254169166)	(33.0, 0.04876332504151397)	(34.0, 0.11666162573223005)	(35.0, 0.2610998290197516)	(36.0, 0.5771355558710831)	(37.0, 1.004277592943571)	(38.0, 1.6332627602512726)	(39.0, 2.314097538995384)	(40.0, 2.9782663712062343)	(41.0, 3.523921805847862)	(42.0, 3.929459838155138)	(43.0, 5.620127525354728)	(44.0, 4.003530711635952)	(45.0, 3.1881338460683986)	(46.0, 2.7597572944379802)	(47.0, 3.0214743807366795)	(48.0, 3.7973667804476854)	(49.0, 2.4091551599623644)	(50.0, 1.533267081052207)	(51.0, 7.926200719723619)	(52.0, 14.364811397034632)	(53.0, 8.111995160704408)	(54.0, 11.529131457281322)	(55.0, 9.977346657860375)	(56.0, 2.223977976260455)	(57.0, 0.948724437832979)	(58.0, 0.6370095119347109)	(59.0, 0.48454696402011244)	(60.0, 0.3944274012851608)	(61.0, 0.3222082996413975)	(62.0, 0.25554451350869284)	(63.0, 0.03333189306635136)	(64.0, 0.009258859185097596)	(65.0, 0.006172572790065067)	(66.0, 0.001234514558013013)	(67.0, 0.0030862863950325324)	(68.0, 0.0)	(69.0, 0.0)	(70.0, 0.0)	(71.0, 0.0)	(72.0, 0.0)	(73.0, 0.0)	(74.0, 0.0)	(75.0, 0.0)	(76.0, 0.0)	(77.0, 0.0)	(78.0, 0.0)	(79.0, 0.0)	(80.0, 0.0)	(81.0, 0.0)	(82.0, 0.0)	(83.0, 0.0)	(84.0, 0.0)	(85.0, 0.0)	(86.0, 0.0)	(87.0, 0.0)	(88.0, 0.0)	(89.0, 0.0)	(90.0, 0.0)	(91.0, 0.0)	(92.0, 0.0)	(93.0, 0.0)	(94.0, 0.0)	(95.0, 0.0)	(96.0, 0.0)	(97.0, 0.0)	(98.0, 0.0)	(99.0, 0.0)	(100.0, 0.0)
SRR8438155_2	(0.0, 0.0)	(1.0, 0.0)	(2.0, 0.0)	(3.0, 0.0)	(4.0, 0.0)	(5.0, 0.0)	(6.0, 0.0)	(7.0, 0.0)	(8.0, 0.0)	(9.0, 0.0)	(10.0, 0.0)	(11.0, 0.0)	(12.0, 0.0)	(13.0, 0.0)	(14.0, 0.0)	(15.0, 0.0)	(16.0, 0.0)	(17.0, 0.0)	(18.0, 0.0)	(19.0, 0.0)	(20.0, 0.0)	(21.0, 0.0)	(22.0, 0.0)	(23.0, 0.0)	(24.0, 0.0)	(25.0, 0.0)	(26.0, 0.0)	(27.0, 0.0)	(28.0, 0.0)	(29.0, 0.0006192103829197345)	(30.0, 0.001238420765839469)	(31.0, 0.001238420765839469)	(32.0, 0.001238420765839469)	(33.0, 0.0030960519145986727)	(34.0, 0.0030960519145986727)	(35.0, 0.004953683063357876)	(36.0, 0.011764997275474953)	(37.0, 0.019814732253431507)	(38.0, 0.0532520929310971)	(39.0, 0.11764997275474987)	(40.0, 0.21053153019270876)	(41.0, 0.43654331995841716)	(42.0, 0.7511021944816277)	(43.0, 1.3882696785060729)	(44.0, 3.453336305543093)	(45.0, 3.4663397235844045)	(46.0, 3.4217565760141935)	(47.0, 3.9976222321295474)	(48.0, 5.284341407837341)	(49.0, 5.655867637589351)	(50.0, 5.197651954228539)	(51.0, 4.568534205181803)	(52.0, 8.497424084808094)	(53.0, 13.64058552533473)	(54.0, 10.74144251250717)	(55.0, 10.940209045424224)	(56.0, 7.721553475010371)	(57.0, 4.046539852380229)	(58.0, 2.243399217318207)	(59.0, 1.2972457522168614)	(60.0, 0.6483132709169577)	(61.0, 0.5517164511814845)	(62.0, 0.33003913409621977)	(63.0, 0.411774904641627)	(64.0, 0.4575964729776887)	(65.0, 0.21548521325606657)	(66.0, 0.07925892901372607)	(67.0, 0.039629464506863)	(68.0, 0.029722098380147274)	(69.0, 0.017337890721752566)	(70.0, 0.006811314212117081)	(71.0, 0.0018576311487592037)	(72.0, 0.004953683063357876)	(73.0, 0.002476841531678938)	(74.0, 0.002476841531678938)	(75.0, 0.0030960519145986727)	(76.0, 0.0030960519145986727)	(77.0, 0.0018576311487592037)	(78.0, 0.004334472680438141)	(79.0, 0.001238420765839469)	(80.0, 0.0006192103829197345)	(81.0, 0.0006192103829197345)	(82.0, 0.0006192103829197345)	(83.0, 0.0)	(84.0, 0.0018576311487592037)	(85.0, 0.0018576311487592037)	(86.0, 0.0006192103829197345)	(87.0, 0.0)	(88.0, 0.0)	(89.0, 0.0)	(90.0, 0.0006192103829197345)	(91.0, 0.0006192103829197345)	(92.0, 0.0)	(93.0, 0.0)	(94.0, 0.0)	(95.0, 0.0)	(96.0, 0.0006192103829197345)	(97.0, 0.0006192103829197345)	(98.0, 0.0)	(99.0, 0.0)	(100.0, 0.0)
SRR8438156	(0.0, 0.0)	(1.0, 0.0)	(2.0, 0.0)	(3.0, 0.0)	(4.0, 0.0)	(5.0, 0.0)	(6.0, 0.0)	(7.0, 0.0)	(8.0, 0.0)	(9.0, 0.0)	(10.0, 0.0)	(11.0, 0.0)	(12.0, 0.0)	(13.0, 0.0)	(14.0, 0.0)	(15.0, 0.0)	(16.0, 0.0)	(17.0, 0.0)	(18.0, 0.0)	(19.0, 0.0)	(20.0, 0.0)	(21.0, 0.0)	(22.0, 0.0)	(23.0, 0.0)	(24.0, 0.0)	(25.0, 0.0)	(26.0, 0.0)	(27.0, 0.0)	(28.0, 0.0)	(29.0, 0.0)	(30.0, 0.0)	(31.0, 0.0)	(32.0, 0.0)	(33.0, 0.0)	(34.0, 0.0)	(35.0, 0.0)	(36.0, 0.0)	(37.0, 0.0)	(38.0, 0.0)	(39.0, 0.0)	(40.0, 0.0)	(41.0, 0.0)	(42.0, 5.263157894736842)	(43.0, 5.263157894736842)	(44.0, 5.263157894736842)	(45.0, 0.0)	(46.0, 10.526315789473683)	(47.0, 15.789473684210527)	(48.0, 21.052631578947366)	(49.0, 26.31578947368421)	(50.0, 10.526315789473683)	(51.0, 0.0)	(52.0, 0.0)	(53.0, 0.0)	(54.0, 0.0)	(55.0, 0.0)	(56.0, 0.0)	(57.0, 0.0)	(58.0, 0.0)	(59.0, 0.0)	(60.0, 0.0)	(61.0, 0.0)	(62.0, 0.0)	(63.0, 0.0)	(64.0, 0.0)	(65.0, 0.0)	(66.0, 0.0)	(67.0, 0.0)	(68.0, 0.0)	(69.0, 0.0)	(70.0, 0.0)	(71.0, 0.0)	(72.0, 0.0)	(73.0, 0.0)	(74.0, 0.0)	(75.0, 0.0)	(76.0, 0.0)	(77.0, 0.0)	(78.0, 0.0)	(79.0, 0.0)	(80.0, 0.0)	(81.0, 0.0)	(82.0, 0.0)	(83.0, 0.0)	(84.0, 0.0)	(85.0, 0.0)	(86.0, 0.0)	(87.0, 0.0)	(88.0, 0.0)	(89.0, 0.0)	(90.0, 0.0)	(91.0, 0.0)	(92.0, 0.0)	(93.0, 0.0)	(94.0, 0.0)	(95.0, 0.0)	(96.0, 0.0)	(97.0, 0.0)	(98.0, 0.0)	(99.0, 0.0)	(100.0, 0.0)
SRR8438156_1	(0.0, 0.0)	(1.0, 0.0)	(2.0, 0.0)	(3.0, 0.0)	(4.0, 0.0)	(5.0, 0.0)	(6.0, 0.0)	(7.0, 0.0)	(8.0, 0.0)	(9.0, 0.0)	(10.0, 0.0)	(11.0, 0.0)	(12.0, 0.0)	(13.0, 0.0)	(14.0, 0.0)	(15.0, 0.0)	(16.0, 0.0)	(17.0, 0.0)	(18.0, 0.0)	(19.0, 0.0)	(20.0, 0.0)	(21.0, 0.0)	(22.0, 0.0)	(23.0, 0.0)	(24.0, 0.0)	(25.0, 0.0)	(26.0, 0.0)	(27.0, 0.0)	(28.0, 0.0)	(29.0, 0.0)	(30.0, 0.0)	(31.0, 0.0)	(32.0, 0.0)	(33.0, 0.012013834879324387)	(34.0, 0.018969212967354303)	(35.0, 0.00505845679129448)	(36.0, 0.00758768518694172)	(37.0, 0.011381527780412577)	(38.0, 0.0246599768575606)	(39.0, 0.06765685958356363)	(40.0, 0.08409684415527081)	(41.0, 0.12013834879324424)	(42.0, 0.18842751547571876)	(43.0, 0.22889516980607402)	(44.0, 0.27442128092772505)	(45.0, 0.22699824850933864)	(46.0, 0.23648285499301563)	(47.0, 0.4868764661620992)	(48.0, 0.9535191051589885)	(49.0, 0.9023022301471348)	(50.0, 1.8463367288225625)	(51.0, 31.552756542819115)	(52.0, 42.20966038783999)	(53.0, 14.201617441554818)	(54.0, 3.533964375817832)	(55.0, 1.2639818907247193)	(56.0, 0.7347408489355146)	(57.0, 0.5159625927120407)	(58.0, 0.14416601855189268)	(59.0, 0.07650915896832904)	(60.0, 0.04742303241838571)	(61.0, 0.013278449077148006)	(62.0, 0.00569076389020629)	(63.0, 0.00252922839564724)	(64.0, 0.00126461419782362)	(65.0, 0.0)	(66.0, 0.00063230709891181)	(67.0, 0.0)	(68.0, 0.0)	(69.0, 0.0)	(70.0, 0.0)	(71.0, 0.0)	(72.0, 0.0)	(73.0, 0.0)	(74.0, 0.0)	(75.0, 0.0)	(76.0, 0.0)	(77.0, 0.0)	(78.0, 0.0)	(79.0, 0.0)	(80.0, 0.0)	(81.0, 0.0)	(82.0, 0.0)	(83.0, 0.0)	(84.0, 0.0)	(85.0, 0.0)	(86.0, 0.0)	(87.0, 0.0)	(88.0, 0.0)	(89.0, 0.0)	(90.0, 0.0)	(91.0, 0.0)	(92.0, 0.0)	(93.0, 0.0)	(94.0, 0.0)	(95.0, 0.0)	(96.0, 0.0)	(97.0, 0.0)	(98.0, 0.0)	(99.0, 0.0)	(100.0, 0.0)
SRR8438156_2	(0.0, 0.0)	(1.0, 0.0)	(2.0, 0.0)	(3.0, 0.0)	(4.0, 0.0)	(5.0, 0.0)	(6.0, 0.0)	(7.0, 0.0)	(8.0, 0.0)	(9.0, 0.0)	(10.0, 0.0)	(11.0, 0.0)	(12.0, 0.0)	(13.0, 0.0)	(14.0, 0.0)	(15.0, 0.0)	(16.0, 0.0)	(17.0, 0.0)	(18.0, 0.0)	(19.0, 0.0)	(20.0, 0.0)	(21.0, 0.0)	(22.0, 0.0)	(23.0, 0.0)	(24.0, 0.0)	(25.0, 0.0)	(26.0, 0.0)	(27.0, 0.0)	(28.0, 0.0)	(29.0, 0.0)	(30.0, 0.0)	(31.0, 0.0)	(32.0, 0.0)	(33.0, 0.0057171170484425025)	(34.0, 0.007622822731256669)	(35.0, 0.0038114113656283347)	(36.0, 0.017786586372932227)	(37.0, 0.027950350014607803)	(38.0, 0.01461041023490861)	(39.0, 0.01079899886928028)	(40.0, 0.027950350014607803)	(41.0, 0.07432252162975254)	(42.0, 0.11878898756208342)	(43.0, 0.14832742564570267)	(44.0, 0.2134390364751858)	(45.0, 0.2201090063650353)	(46.0, 0.24964744444865467)	(47.0, 0.23948368080697904)	(48.0, 0.494848242304084)	(49.0, 1.020187775533167)	(50.0, 1.1142025892186767)	(51.0, 3.068186149330644)	(52.0, 27.393248720014196)	(53.0, 38.22400935065621)	(54.0, 16.73336636555996)	(55.0, 5.018993533305065)	(56.0, 2.381496868290095)	(57.0, 1.4648524348565233)	(58.0, 0.66509128330214)	(59.0, 0.3341337297200852)	(60.0, 0.22042662397883767)	(61.0, 0.148645043259505)	(62.0, 0.10671951823759361)	(63.0, 0.08385105004382344)	(64.0, 0.05272452389119191)	(65.0, 0.03557317274586446)	(66.0, 0.017786586372932227)	(67.0, 0.010163763641675557)	(68.0, 0.0063523522760472245)	(69.0, 0.0025409409104188902)	(70.0, 0.0019057056828141673)	(71.0, 0.0031761761380236122)	(72.0, 0.0038114113656283347)	(73.0, 0.0012704704552094451)	(74.0, 0.0012704704552094451)	(75.0, 0.0006352352276047226)	(76.0, 0.0019057056828141673)	(77.0, 0.0006352352276047226)	(78.0, 0.0)	(79.0, 0.0)	(80.0, 0.0)	(81.0, 0.0)	(82.0, 0.0006352352276047226)	(83.0, 0.0012704704552094451)	(84.0, 0.0012704704552094451)	(85.0, 0.0)	(86.0, 0.0)	(87.0, 0.0006352352276047226)	(88.0, 0.0)	(89.0, 0.0)	(90.0, 0.0)	(91.0, 0.0006352352276047226)	(92.0, 0.0)	(93.0, 0.0)	(94.0, 0.0)	(95.0, 0.0006352352276047226)	(96.0, 0.0)	(97.0, 0.0019057056828141673)	(98.0, 0.0006352352276047226)	(99.0, 0.0)	(100.0, 0.0)
SRR8438157	(0.0, 0.0)	(1.0, 0.0)	(2.0, 0.0)	(3.0, 0.0)	(4.0, 0.0)	(5.0, 0.0)	(6.0, 0.0)	(7.0, 0.0)	(8.0, 0.0)	(9.0, 0.0)	(10.0, 0.0)	(11.0, 0.0)	(12.0, 0.0)	(13.0, 0.0)	(14.0, 0.0)	(15.0, 0.0)	(16.0, 0.0)	(17.0, 0.0)	(18.0, 0.0)	(19.0, 0.0)	(20.0, 0.0)	(21.0, 0.0)	(22.0, 0.0)	(23.0, 0.0)	(24.0, 0.0)	(25.0, 0.0)	(26.0, 0.0)	(27.0, 0.0)	(28.0, 0.0)	(29.0, 0.0)	(30.0, 0.0)	(31.0, 0.0)	(32.0, 0.0)	(33.0, 0.0)	(34.0, 0.0)	(35.0, 0.0)	(36.0, 0.0)	(37.0, 0.0)	(38.0, 2.5)	(39.0, 4.166666666666666)	(40.0, 5.833333333333333)	(41.0, 6.666666666666667)	(42.0, 7.5)	(43.0, 10.833333333333332)	(44.0, 7.5)	(45.0, 5.833333333333333)	(46.0, 11.666666666666666)	(47.0, 8.333333333333334)	(48.0, 10.0)	(49.0, 8.333333333333334)	(50.0, 4.166666666666666)	(51.0, 0.8333333333333334)	(52.0, 0.8333333333333334)	(53.0, 2.5)	(54.0, 0.0)	(55.0, 1.6666666666666667)	(56.0, 0.8333333333333334)	(57.0, 0.0)	(58.0, 0.0)	(59.0, 0.0)	(60.0, 0.0)	(61.0, 0.0)	(62.0, 0.0)	(63.0, 0.0)	(64.0, 0.0)	(65.0, 0.0)	(66.0, 0.0)	(67.0, 0.0)	(68.0, 0.0)	(69.0, 0.0)	(70.0, 0.0)	(71.0, 0.0)	(72.0, 0.0)	(73.0, 0.0)	(74.0, 0.0)	(75.0, 0.0)	(76.0, 0.0)	(77.0, 0.0)	(78.0, 0.0)	(79.0, 0.0)	(80.0, 0.0)	(81.0, 0.0)	(82.0, 0.0)	(83.0, 0.0)	(84.0, 0.0)	(85.0, 0.0)	(86.0, 0.0)	(87.0, 0.0)	(88.0, 0.0)	(89.0, 0.0)	(90.0, 0.0)	(91.0, 0.0)	(92.0, 0.0)	(93.0, 0.0)	(94.0, 0.0)	(95.0, 0.0)	(96.0, 0.0)	(97.0, 0.0)	(98.0, 0.0)	(99.0, 0.0)	(100.0, 0.0)
SRR8438157_1	(0.0, 0.0)	(1.0, 0.0)	(2.0, 0.0)	(3.0, 0.0)	(4.0, 0.0)	(5.0, 0.0)	(6.0, 0.0)	(7.0, 0.0)	(8.0, 0.0)	(9.0, 0.0)	(10.0, 0.0)	(11.0, 0.0)	(12.0, 0.0)	(13.0, 0.0)	(14.0, 0.0)	(15.0, 0.0)	(16.0, 0.0)	(17.0, 0.0)	(18.0, 0.0)	(19.0, 0.0)	(20.0, 0.0004918524639349269)	(21.0, 0.0004918524639349269)	(22.0, 0.0004918524639349269)	(23.0, 0.0014755573918047808)	(24.0, 0.0029511147836095617)	(25.0, 0.0034429672475444883)	(26.0, 0.005902229567219123)	(27.0, 0.0034429672475444883)	(28.0, 0.0063940820311540495)	(29.0, 0.00786963942295883)	(30.0, 0.010328901742633461)	(31.0, 0.018690393629527232)	(32.0, 0.039840049578729046)	(33.0, 0.0841067713328727)	(34.0, 0.1824772641198569)	(35.0, 0.4023353154987731)	(36.0, 0.8386084510090427)	(37.0, 1.6782006069460014)	(38.0, 2.9299651276601058)	(39.0, 4.536355274872244)	(40.0, 6.13930245483677)	(41.0, 7.701917732756612)	(42.0, 8.602499594220644)	(43.0, 8.82383320299116)	(44.0, 8.321651837314056)	(45.0, 7.289745367979518)	(46.0, 6.136351340053164)	(47.0, 7.962107686177952)	(48.0, 7.795369700904163)	(49.0, 3.484282854514958)	(50.0, 2.2305509239447985)	(51.0, 5.150187149863313)	(52.0, 5.249049495114278)	(53.0, 2.3131821378858475)	(54.0, 1.20257927432093)	(55.0, 0.3551174789610209)	(56.0, 0.22034990384284708)	(57.0, 0.15640908353130614)	(58.0, 0.05312006610497208)	(59.0, 0.031970410155770235)	(60.0, 0.007377786959023903)	(61.0, 0.0024592623196746347)	(62.0, 0.0019674098557397077)	(63.0, 0.003934819711479415)	(64.0, 0.003934819711479415)	(65.0, 0.0009837049278698538)	(66.0, 0.0004918524639349269)	(67.0, 0.0004918524639349269)	(68.0, 0.0004918524639349269)	(69.0, 0.0009837049278698538)	(70.0, 0.0009837049278698538)	(71.0, 0.0009837049278698538)	(72.0, 0.0004918524639349269)	(73.0, 0.0004918524639349269)	(74.0, 0.0004918524639349269)	(75.0, 0.0)	(76.0, 0.0)	(77.0, 0.0)	(78.0, 0.0)	(79.0, 0.0)	(80.0, 0.0)	(81.0, 0.0)	(82.0, 0.0)	(83.0, 0.0)	(84.0, 0.0)	(85.0, 0.0)	(86.0, 0.0)	(87.0, 0.0)	(88.0, 0.0)	(89.0, 0.0)	(90.0, 0.0)	(91.0, 0.0)	(92.0, 0.0)	(93.0, 0.0)	(94.0, 0.0)	(95.0, 0.0)	(96.0, 0.0)	(97.0, 0.0)	(98.0, 0.0)	(99.0, 0.0)	(100.0, 0.0)
SRR8438157_2	(0.0, 0.0)	(1.0, 0.0)	(2.0, 0.0)	(3.0, 0.0)	(4.0, 0.0)	(5.0, 0.0)	(6.0, 0.0)	(7.0, 0.0)	(8.0, 0.0)	(9.0, 0.0)	(10.0, 0.0)	(11.0, 0.0)	(12.0, 0.0)	(13.0, 0.0)	(14.0, 0.0)	(15.0, 0.0)	(16.0, 0.0)	(17.0, 0.0)	(18.0, 0.0)	(19.0, 0.0)	(20.0, 0.0)	(21.0, 0.0004937759540986215)	(22.0, 0.0)	(23.0, 0.0)	(24.0, 0.0004937759540986215)	(25.0, 0.0)	(26.0, 0.0004937759540986215)	(27.0, 0.000987551908197243)	(28.0, 0.000987551908197243)	(29.0, 0.001975103816394486)	(30.0, 0.003950207632788972)	(31.0, 0.004937759540986216)	(32.0, 0.0014813278622958647)	(33.0, 0.004443983586887594)	(34.0, 0.011850622898366912)	(35.0, 0.02172614198033936)	(36.0, 0.02715767747542419)	(37.0, 0.0632033221246236)	(38.0, 0.13504772344597268)	(39.0, 0.2693547829607993)	(40.0, 0.5569792762232393)	(41.0, 1.0033527387284096)	(42.0, 1.6585934298173062)	(43.0, 2.638244922748749)	(44.0, 3.804049950375855)	(45.0, 7.5172451251972)	(46.0, 10.089817846048678)	(47.0, 8.064842658292074)	(48.0, 7.77672438907579)	(49.0, 7.7742555093052985)	(50.0, 7.654514840436493)	(51.0, 6.9523654337088905)	(52.0, 9.12497963174085)	(53.0, 8.85735306461964)	(54.0, 5.586087368718591)	(55.0, 3.453469022965674)	(56.0, 2.384444082342115)	(57.0, 1.5939087798304017)	(58.0, 1.048286350551389)	(59.0, 0.6863485761970709)	(60.0, 0.4587178613576192)	(61.0, 0.2844149495608076)	(62.0, 0.16343984080664303)	(63.0, 0.09431120723283698)	(64.0, 0.056784234721341476)	(65.0, 0.029626557245917288)	(66.0, 0.020738590072142116)	(67.0, 0.017775934347550384)	(68.0, 0.016294606485254513)	(69.0, 0.010863070990169671)	(70.0, 0.007406639311479322)	(71.0, 0.007900415265577942)	(72.0, 0.009875519081972428)	(73.0, 0.01036929503607105)	(74.0, 0.007900415265577942)	(75.0, 0.004443983586887594)	(76.0, 0.0034564316786903507)	(77.0, 0.0029626557245917293)	(78.0, 0.0034564316786903507)	(79.0, 0.001975103816394486)	(80.0, 0.0024688797704931075)	(81.0, 0.0024688797704931075)	(82.0, 0.000987551908197243)	(83.0, 0.0014813278622958647)	(84.0, 0.0004937759540986215)	(85.0, 0.0004937759540986215)	(86.0, 0.0004937759540986215)	(87.0, 0.0)	(88.0, 0.0004937759540986215)	(89.0, 0.0)	(90.0, 0.0004937759540986215)	(91.0, 0.0004937759540986215)	(92.0, 0.0004937759540986215)	(93.0, 0.0)	(94.0, 0.0)	(95.0, 0.0)	(96.0, 0.000987551908197243)	(97.0, 0.000987551908197243)	(98.0, 0.0)	(99.0, 0.0)	(100.0, 0.0)
SRR8438158	(0.0, 0.0)	(1.0, 0.0)	(2.0, 0.0)	(3.0, 0.0)	(4.0, 0.0)	(5.0, 0.0)	(6.0, 0.0)	(7.0, 0.0)	(8.0, 0.0)	(9.0, 0.0)	(10.0, 0.0)	(11.0, 0.0)	(12.0, 0.0)	(13.0, 0.0)	(14.0, 0.0)	(15.0, 0.0)	(16.0, 0.0)	(17.0, 0.0)	(18.0, 0.0)	(19.0, 0.0)	(20.0, 0.0)	(21.0, 0.0)	(22.0, 0.0)	(23.0, 0.0)	(24.0, 0.0)	(25.0, 0.0)	(26.0, 0.0)	(27.0, 0.0)	(28.0, 0.0)	(29.0, 0.0)	(30.0, 0.0)	(31.0, 0.0)	(32.0, 0.0)	(33.0, 0.0)	(34.0, 0.0)	(35.0, 0.0)	(36.0, 0.0)	(37.0, 0.0)	(38.0, 0.0)	(39.0, 0.0)	(40.0, 0.0)	(41.0, 0.0)	(42.0, 4.651162790697674)	(43.0, 13.95348837209302)	(44.0, 9.302325581395348)	(45.0, 13.95348837209302)	(46.0, 18.604651162790695)	(47.0, 18.604651162790695)	(48.0, 9.302325581395348)	(49.0, 9.302325581395348)	(50.0, 2.325581395348837)	(51.0, 0.0)	(52.0, 0.0)	(53.0, 0.0)	(54.0, 0.0)	(55.0, 0.0)	(56.0, 0.0)	(57.0, 0.0)	(58.0, 0.0)	(59.0, 0.0)	(60.0, 0.0)	(61.0, 0.0)	(62.0, 0.0)	(63.0, 0.0)	(64.0, 0.0)	(65.0, 0.0)	(66.0, 0.0)	(67.0, 0.0)	(68.0, 0.0)	(69.0, 0.0)	(70.0, 0.0)	(71.0, 0.0)	(72.0, 0.0)	(73.0, 0.0)	(74.0, 0.0)	(75.0, 0.0)	(76.0, 0.0)	(77.0, 0.0)	(78.0, 0.0)	(79.0, 0.0)	(80.0, 0.0)	(81.0, 0.0)	(82.0, 0.0)	(83.0, 0.0)	(84.0, 0.0)	(85.0, 0.0)	(86.0, 0.0)	(87.0, 0.0)	(88.0, 0.0)	(89.0, 0.0)	(90.0, 0.0)	(91.0, 0.0)	(92.0, 0.0)	(93.0, 0.0)	(94.0, 0.0)	(95.0, 0.0)	(96.0, 0.0)	(97.0, 0.0)	(98.0, 0.0)	(99.0, 0.0)	(100.0, 0.0)
SRR8438158_1	(0.0, 0.0)	(1.0, 0.0)	(2.0, 0.0)	(3.0, 0.0)	(4.0, 0.0)	(5.0, 0.0)	(6.0, 0.0)	(7.0, 0.0)	(8.0, 0.0)	(9.0, 0.0)	(10.0, 0.0)	(11.0, 0.0)	(12.0, 0.0)	(13.0, 0.0)	(14.0, 0.0)	(15.0, 0.0)	(16.0, 0.0)	(17.0, 0.0)	(18.0, 0.0)	(19.0, 0.0)	(20.0, 0.0)	(21.0, 0.0)	(22.0, 0.0)	(23.0, 0.0)	(24.0, 0.0)	(25.0, 0.0)	(26.0, 0.0)	(27.0, 0.0)	(28.0, 0.0)	(29.0, 0.00204589627305845)	(30.0, 0.11184232959386219)	(31.0, 0.2564189995566577)	(32.0, 0.1063866061990396)	(33.0, 0.03273434036893522)	(34.0, 0.023868789852348592)	(35.0, 0.006819654243528168)	(36.0, 0.011593412213997881)	(37.0, 0.029324513247171138)	(38.0, 0.04296382173422744)	(39.0, 0.10434070992598114)	(40.0, 0.1643536672690287)	(41.0, 0.18685852627267135)	(42.0, 0.23255020970430942)	(43.0, 0.33961878132770346)	(44.0, 0.4814675895930934)	(45.0, 0.486923312987916)	(46.0, 0.44873324922415725)	(47.0, 0.8933747059021748)	(48.0, 3.4896170764131407)	(49.0, 2.530773689773299)	(50.0, 1.0727316125069597)	(51.0, 6.900808129027005)	(52.0, 39.886111774124416)	(53.0, 32.35653152386602)	(54.0, 6.160875643603862)	(55.0, 2.043850376785481)	(56.0, 0.7276571077844498)	(57.0, 0.45350700719462705)	(58.0, 0.20527159273019713)	(59.0, 0.1002489173798642)	(60.0, 0.0361441674906993)	(61.0, 0.03137040952022959)	(62.0, 0.01773110103317323)	(63.0, 0.011593412213997881)	(64.0, 0.0081835850922338)	(65.0, 0.0013639308487056333)	(66.0, 0.0)	(67.0, 0.0)	(68.0, 0.0)	(69.0, 0.0)	(70.0, 0.0)	(71.0, 0.0006819654243528166)	(72.0, 0.0)	(73.0, 0.0006819654243528166)	(74.0, 0.0006819654243528166)	(75.0, 0.0006819654243528166)	(76.0, 0.0006819654243528166)	(77.0, 0.0)	(78.0, 0.0)	(79.0, 0.0)	(80.0, 0.0)	(81.0, 0.0)	(82.0, 0.0)	(83.0, 0.0)	(84.0, 0.0)	(85.0, 0.0)	(86.0, 0.0)	(87.0, 0.0)	(88.0, 0.0)	(89.0, 0.0)	(90.0, 0.0)	(91.0, 0.0)	(92.0, 0.0)	(93.0, 0.0)	(94.0, 0.0)	(95.0, 0.0)	(96.0, 0.0)	(97.0, 0.0)	(98.0, 0.0)	(99.0, 0.0)	(100.0, 0.0)
SRR8438158_2	(0.0, 0.0)	(1.0, 0.0)	(2.0, 0.0)	(3.0, 0.0)	(4.0, 0.0)	(5.0, 0.0)	(6.0, 0.0)	(7.0, 0.0)	(8.0, 0.0)	(9.0, 0.0)	(10.0, 0.0)	(11.0, 0.0)	(12.0, 0.0)	(13.0, 0.0)	(14.0, 0.0)	(15.0, 0.0)	(16.0, 0.0)	(17.0, 0.0)	(18.0, 0.0)	(19.0, 0.0)	(20.0, 0.0)	(21.0, 0.0)	(22.0, 0.0)	(23.0, 0.0)	(24.0, 0.0)	(25.0, 0.0)	(26.0, 0.0)	(27.0, 0.0)	(28.0, 0.0020578389946763)	(29.0, 0.0775119354661406)	(30.0, 0.2215606650934807)	(31.0, 0.11318114470719673)	(32.0, 0.04252867255664352)	(33.0, 0.02606596059923314)	(34.0, 0.018520550952086694)	(35.0, 0.006859463315587666)	(36.0, 0.009260275476043349)	(37.0, 0.015776765625851626)	(38.0, 0.016462711957410392)	(39.0, 0.06619382099542089)	(40.0, 0.08848707677108095)	(41.0, 0.0898589694341985)	(42.0, 0.11215222520985856)	(43.0, 0.17628820721060276)	(44.0, 0.25174230368206596)	(45.0, 0.2784942106128582)	(46.0, 0.3069609833725478)	(47.0, 0.44929484717099594)	(48.0, 2.1216320035113574)	(49.0, 3.647862591229266)	(50.0, 2.2780277671067206)	(51.0, 1.8582286121927662)	(52.0, 6.115211545846885)	(53.0, 29.982028206119864)	(54.0, 30.917659002367724)	(55.0, 10.760440103161784)	(56.0, 4.331751083793281)	(57.0, 2.1374087691372052)	(58.0, 1.17914174394951)	(59.0, 0.7840366569716616)	(60.0, 0.5158316413321982)	(61.0, 0.3395434341215901)	(62.0, 0.21881687976724568)	(63.0, 0.1399330516379886)	(64.0, 0.09534654008666867)	(65.0, 0.0637930088349652)	(66.0, 0.03841299456729093)	(67.0, 0.021950282609880533)	(68.0, 0.015776765625851626)	(69.0, 0.0082313559787052)	(70.0, 0.007545409647146433)	(71.0, 0.006859463315587666)	(72.0, 0.004115677989352599)	(73.0, 0.006859463315587666)	(74.0, 0.0061735169840289)	(75.0, 0.004115677989352599)	(76.0, 0.004115677989352599)	(77.0, 0.0020578389946763)	(78.0, 0.0020578389946763)	(79.0, 0.003429731657793833)	(80.0, 0.003429731657793833)	(81.0, 0.002743785326235066)	(82.0, 0.001371892663117533)	(83.0, 0.0006859463315587665)	(84.0, 0.0006859463315587665)	(85.0, 0.001371892663117533)	(86.0, 0.001371892663117533)	(87.0, 0.0)	(88.0, 0.0)	(89.0, 0.0)	(90.0, 0.0)	(91.0, 0.0)	(92.0, 0.0)	(93.0, 0.0)	(94.0, 0.0)	(95.0, 0.0)	(96.0, 0.0)	(97.0, 0.0)	(98.0, 0.0006859463315587665)	(99.0, 0.0)	(100.0, 0.0)
