Sample	0	1	2	3	4	5	6	7	8	9	10	11	12	13	14	15	16	17	18	19	20	21	22	23	24	25	26	27	28	29	30	31	32	33	34	35	36	37	38	39	40	41	42	43	44	45	46	47	48	49	50	51	52	53	54	55
SRR8438042 - illumina_universal_adapter	(1, 3.7037037037037037)	(2, 3.7037037037037037)	(3, 3.7037037037037037)	(4, 3.7037037037037037)	(5, 3.7037037037037037)	(6, 3.7037037037037037)	(7, 3.7037037037037037)	(8, 3.7037037037037037)	(9, 3.7037037037037037)	(10, 3.7037037037037037)	(15, 3.7037037037037037)	(20, 3.7037037037037037)	(25, 3.7037037037037037)	(30, 3.7037037037037037)	(35, 3.7037037037037037)	(40, 3.7037037037037037)	(45, 3.7037037037037037)	(50, 3.7037037037037037)	(55, 3.7037037037037037)	(60, 3.7037037037037037)	(65, 3.7037037037037037)	(70, 7.407407407407407)	(75, 7.407407407407407)	(80, 7.407407407407407)	(85, 8.148148148148149)	(90, 11.11111111111111)	(95, 11.11111111111111)	(100, 11.11111111111111)	(105, 11.11111111111111)	(110, 12.592592592592592)	(115, 14.814814814814815)	(120, 17.037037037037038)	(125, 21.481481481481485)	(130, 27.40740740740741)	(135, 31.851851851851855)	(140, 33.333333333333336)	(145, 34.074074074074076)	(150, 40.74074074074074)	(155, 41.48148148148148)	(160, 49.629629629629626)	(165, 54.074074074074076)	(170, 59.25925925925926)	(175, 65.18518518518519)	(180, 72.5925925925926)	(185, 80.0)	(190, 85.18518518518519)	(195, 85.18518518518519)	(200, 85.18518518518519)	(205, 85.18518518518519)	(210, 85.18518518518519)	(215, 85.18518518518519)	(220, 85.18518518518519)	(225, 85.18518518518519)	(230, 85.18518518518519)	(235, 85.18518518518519)	(240, 85.18518518518519)
SRR8438042 - polya	(1, 0.0)	(2, 0.0)	(3, 0.0)	(4, 0.0)	(5, 0.0)	(6, 0.0)	(7, 0.0)	(8, 0.0)	(9, 0.0)	(10, 0.0)	(15, 0.0)	(20, 0.0)	(25, 0.0)	(30, 0.0)	(35, 0.0)	(40, 0.0)	(45, 0.0)	(50, 0.0)	(55, 0.0)	(60, 0.0)	(65, 0.0)	(70, 0.0)	(75, 0.0)	(80, 0.0)	(85, 0.0)	(90, 0.0)	(95, 0.0)	(100, 0.0)	(105, 0.0)	(110, 0.0)	(115, 0.0)	(120, 0.0)	(125, 0.0)	(130, 2.962962962962963)	(135, 3.7037037037037037)	(140, 3.7037037037037037)	(145, 3.7037037037037037)	(150, 3.7037037037037037)	(155, 3.7037037037037037)	(160, 3.7037037037037037)	(165, 3.7037037037037037)	(170, 3.7037037037037037)	(175, 3.7037037037037037)	(180, 3.7037037037037037)	(185, 3.7037037037037037)	(190, 3.7037037037037037)	(195, 3.7037037037037037)	(200, 3.7037037037037037)	(205, 3.7037037037037037)	(210, 3.7037037037037037)	(215, 3.7037037037037037)	(220, 7.407407407407407)	(225, 12.592592592592592)	(230, 14.814814814814815)	(235, 15.555555555555554)	(240, 18.51851851851852)
SRR8438042_1 - polya	(1, 0.0)	(2, 0.0)	(3, 0.0)	(4, 0.0)	(5, 0.0)	(6, 0.0)	(7, 0.0)	(8, 0.0)	(9, 0.0)	(10, 0.0)	(15, 0.0)	(20, 0.0)	(25, 0.0006160385640141073)	(30, 0.0015400964100352682)	(35, 0.0015400964100352682)	(40, 0.0015400964100352682)	(45, 0.0015400964100352682)	(50, 0.002464154256056429)	(55, 0.0030801928200705365)	(60, 0.0030801928200705365)	(65, 0.040658545224931085)	(70, 0.1786511835640911)	(75, 0.30463106990497607)	(80, 0.37886371686867604)	(85, 0.3865641989188523)	(90, 0.39395666168702154)	(95, 1.1449076712202184)	(100, 1.3331074525265283)	(105, 1.3503565323189233)	(110, 1.3679136313933253)	(115, 1.3706858049313888)	(120, 1.372225901341424)	(125, 1.372225901341424)	(130, 1.372225901341424)	(135, 1.372225901341424)	(140, 1.3728419399054381)	(145, 1.3845466726217062)	(150, 1.3845466726217062)	(155, 1.3845466726217062)	(160, 1.3968674439019884)	(165, 1.3968674439019884)	(170, 1.3968674439019884)	(175, 1.3968674439019884)	(180, 1.3968674439019884)	(185, 1.3968674439019884)	(190, 1.401487733132094)	(195, 1.401487733132094)	(200, 1.401487733132094)	(205, 1.401487733132094)	(210, 1.401487733132094)	(215, 1.401487733132094)	(220, 1.401487733132094)	(225, 1.401487733132094)	(230, 1.4045679259521644)	(235, 1.758482080978269)	(240, 1.7587901002602764)
SRR8438042_2 - polya	(1, 0.0)	(2, 0.0)	(3, 0.0)	(4, 0.0)	(5, 0.0)	(6, 0.0)	(7, 0.0)	(8, 0.0)	(9, 0.0)	(10, 0.0)	(15, 0.0)	(20, 0.0)	(25, 0.0)	(30, 0.0)	(35, 0.0)	(40, 0.0)	(45, 0.0)	(50, 0.0)	(55, 0.0)	(60, 0.029261831790670094)	(65, 0.03449815958479001)	(70, 0.0671482034775377)	(75, 0.0763887819377493)	(80, 0.07700482050176341)	(85, 0.09394588101215137)	(90, 0.11704732716268038)	(95, 0.11889544285472271)	(100, 0.13060017557099074)	(105, 0.14138085044123763)	(110, 0.14322896613327996)	(115, 0.14322896613327996)	(120, 0.14322896613327996)	(125, 0.14322896613327996)	(130, 0.143536985415287)	(135, 0.1475412360813787)	(140, 0.14938935177342103)	(145, 0.14938935177342103)	(150, 0.15216152531148447)	(155, 0.15400964100352682)	(160, 0.15400964100352682)	(165, 0.15400964100352682)	(170, 0.15400964100352682)	(175, 0.15400964100352682)	(180, 0.154933698849548)	(185, 0.1555497374135621)	(190, 0.1555497374135621)	(195, 0.1555497374135621)	(200, 0.1555497374135621)	(205, 0.1555497374135621)	(210, 0.1555497374135621)	(215, 0.1555497374135621)	(220, 0.1555497374135621)	(225, 0.21037716961081765)	(230, 0.24795552201567822)	(235, 0.24795552201567822)	(240, 0.2479555220156782)
SRR8438043 - illumina_universal_adapter	(1, 0.0)	(2, 0.0)	(3, 0.0)	(4, 0.0)	(5, 0.0)	(6, 0.0)	(7, 0.0)	(8, 0.0)	(9, 0.0)	(10, 0.0)	(15, 0.0)	(20, 0.0)	(25, 0.0)	(30, 0.0)	(35, 0.0)	(40, 0.0)	(45, 0.0)	(50, 0.0)	(55, 0.0)	(60, 0.0)	(65, 0.0)	(70, 0.0)	(75, 0.0)	(80, 60.0)	(85, 100.0)	(90, 100.0)	(95, 100.0)	(100, 100.0)	(105, 100.0)	(110, 100.0)	(115, 100.0)	(120, 100.0)	(125, 100.0)	(130, 100.0)	(135, 100.0)	(140, 100.0)	(145, 100.0)	(150, 100.0)	(155, 100.0)	(160, 100.0)	(165, 100.0)	(170, 100.0)	(175, 100.0)	(180, 100.0)	(185, 100.0)	(190, 100.0)	(195, 100.0)	(200, 100.0)	(205, 100.0)	(210, 100.0)	(215, 100.0)	(220, 100.0)	(225, 100.0)	(230, 100.0)	(235, 100.0)	(240, 100.0)
SRR8438044 - illumina_universal_adapter	(1, 0.0)	(2, 0.0)	(3, 0.0)	(4, 0.0)	(5, 0.0)	(6, 0.0)	(7, 0.0)	(8, 0.0)	(9, 0.0)	(10, 0.0)	(15, 0.0)	(20, 0.0)	(25, 0.0)	(30, 0.0)	(35, 0.0)	(40, 0.0)	(45, 0.0)	(50, 0.0)	(55, 0.0)	(60, 0.0)	(65, 1.4814814814814814)	(70, 3.7037037037037037)	(75, 3.7037037037037037)	(80, 5.925925925925926)	(85, 7.407407407407407)	(90, 7.407407407407407)	(95, 7.407407407407407)	(100, 7.407407407407407)	(105, 7.407407407407407)	(110, 10.37037037037037)	(115, 16.296296296296298)	(120, 21.481481481481485)	(125, 27.40740740740741)	(130, 39.99999999999999)	(135, 43.70370370370371)	(140, 44.44444444444444)	(145, 45.18518518518518)	(150, 52.592592592592595)	(155, 55.55555555555556)	(160, 56.29629629629629)	(165, 62.222222222222214)	(170, 68.14814814814815)	(175, 72.5925925925926)	(180, 77.77777777777777)	(185, 87.40740740740742)	(190, 92.5925925925926)	(195, 92.5925925925926)	(200, 92.5925925925926)	(205, 92.5925925925926)	(210, 92.5925925925926)	(215, 92.5925925925926)	(220, 92.5925925925926)	(225, 92.5925925925926)	(230, 92.5925925925926)	(235, 92.5925925925926)	(240, 92.5925925925926)
SRR8438044 - polya	(1, 0.0)	(2, 0.0)	(3, 0.0)	(4, 0.0)	(5, 0.0)	(6, 0.0)	(7, 0.0)	(8, 0.0)	(9, 0.0)	(10, 0.0)	(15, 0.0)	(20, 0.0)	(25, 0.0)	(30, 0.0)	(35, 0.0)	(40, 0.0)	(45, 0.0)	(50, 0.0)	(55, 0.0)	(60, 0.0)	(65, 0.0)	(70, 0.0)	(75, 0.0)	(80, 0.0)	(85, 0.0)	(90, 0.0)	(95, 0.0)	(100, 0.0)	(105, 0.0)	(110, 0.0)	(115, 0.0)	(120, 0.0)	(125, 0.7407407407407407)	(130, 3.7037037037037037)	(135, 3.7037037037037037)	(140, 3.7037037037037037)	(145, 3.7037037037037037)	(150, 3.7037037037037037)	(155, 3.7037037037037037)	(160, 3.7037037037037037)	(165, 3.7037037037037037)	(170, 3.7037037037037037)	(175, 3.7037037037037037)	(180, 3.7037037037037037)	(185, 4.444444444444445)	(190, 7.407407407407407)	(195, 7.407407407407407)	(200, 7.407407407407407)	(205, 7.407407407407407)	(210, 10.37037037037037)	(215, 11.11111111111111)	(220, 11.11111111111111)	(225, 11.11111111111111)	(230, 11.851851851851851)	(235, 16.296296296296298)	(240, 18.51851851851852)
SRR8438044_1 - polya	(1, 0.0)	(2, 0.0)	(3, 0.0)	(4, 0.0)	(5, 0.0)	(6, 0.0)	(7, 0.0)	(8, 0.0)	(9, 0.0)	(10, 0.0)	(15, 0.0)	(20, 0.0)	(25, 0.0)	(30, 0.0)	(35, 0.0)	(40, 0.0)	(45, 0.0)	(50, 0.0)	(55, 0.0)	(60, 0.0)	(65, 0.001076339369803299)	(70, 0.026729094350115258)	(75, 0.03856882741795155)	(80, 0.04269479500219753)	(85, 0.0511261200656567)	(90, 0.053278798805263296)	(95, 0.05794293607441092)	(100, 0.06188951376368969)	(105, 0.06224829355362412)	(110, 0.06978266914224722)	(115, 0.07337046704159154)	(120, 0.07677887504596866)	(125, 0.0771376548359031)	(130, 0.0771376548359031)	(135, 0.7053610670110952)	(140, 1.1220837930199392)	(145, 1.1220837930199392)	(150, 1.1220837930199392)	(155, 1.12656854039412)	(160, 1.1290799989236606)	(165, 1.1427136309411692)	(170, 1.1427136309411692)	(175, 1.145045699575743)	(180, 1.1480953277901855)	(185, 1.1524006852693989)	(190, 1.1552709235888743)	(195, 1.1552709235888743)	(200, 1.1552709235888743)	(205, 1.1552709235888743)	(210, 1.1572442124335138)	(215, 1.1588587214882187)	(220, 1.1595762810680874)	(225, 1.16262590928253)	(230, 1.1782328301446778)	(235, 1.4143099319215344)	(240, 1.415386271291338)
SRR8438044_2 - polya	(1, 0.0)	(2, 0.0)	(3, 0.0)	(4, 0.0)	(5, 0.0)	(6, 0.0)	(7, 0.0)	(8, 0.0)	(9, 0.0)	(10, 0.0)	(15, 0.0)	(20, 0.0)	(25, 0.0)	(30, 0.0)	(35, 0.0)	(40, 0.0)	(45, 0.0)	(50, 0.0)	(55, 0.0)	(60, 0.0021526787396065976)	(65, 0.0057404766389509265)	(70, 0.006458036218819793)	(75, 0.00968705432822969)	(80, 0.009866444223196907)	(85, 0.009866444223196907)	(90, 0.009866444223196907)	(95, 0.009866444223196907)	(100, 0.01112217348796742)	(105, 0.013095462332606805)	(110, 0.01686265012691835)	(115, 0.01793898949672165)	(120, 0.018118379391688866)	(125, 0.10027895128667401)	(130, 0.4321502569760245)	(135, 0.4387876830898116)	(140, 0.4395052426696805)	(145, 0.4398640224596148)	(150, 0.4404021921445165)	(155, 0.4425548708841231)	(160, 0.44309304056902477)	(165, 0.44309304056902477)	(170, 0.4447075496237297)	(175, 0.4484747374180412)	(180, 0.4493716868928773)	(185, 0.4493716868928773)	(190, 0.4493716868928773)	(195, 0.4493716868928773)	(200, 0.4493716868928773)	(205, 0.4493716868928773)	(210, 0.4493716868928773)	(215, 0.4493716868928773)	(220, 0.4493716868928773)	(225, 0.4970893989541569)	(230, 0.5220245943546)	(235, 0.5220245943546)	(240, 0.5220245943546)
SRR8438045 - illumina_universal_adapter	(1, 0.0)	(2, 0.0)	(3, 0.0)	(4, 0.0)	(5, 0.0)	(6, 0.0)	(7, 0.0)	(8, 0.0)	(9, 0.0)	(10, 0.0)	(15, 0.0)	(20, 0.0)	(25, 0.0)	(30, 0.0)	(35, 0.0)	(40, 0.0)	(45, 0.0)	(50, 0.0)	(55, 0.0)	(60, 0.0)	(65, 0.0)	(70, 0.0)	(75, 0.0)	(80, 0.0)	(85, 0.0)	(90, 0.0)	(95, 0.0)	(100, 0.0)	(105, 0.0)	(110, 0.0)	(115, 0.0)	(120, 0.0)	(125, 0.0)	(130, 0.0)	(135, 0.0)	(140, 0.0)	(145, 80.0)	(150, 100.0)	(155, 100.0)	(160, 100.0)	(165, 100.0)	(170, 100.0)	(175, 100.0)	(180, 100.0)	(185, 100.0)	(190, 100.0)	(195, 100.0)	(200, 100.0)	(205, 100.0)	(210, 100.0)	(215, 100.0)	(220, 100.0)	(225, 100.0)	(230, 100.0)	(235, 100.0)	(240, 100.0)
SRR8438045_1 - polya	(1, 0.0)	(2, 0.0)	(3, 0.0)	(4, 0.0)	(5, 0.0)	(6, 0.0)	(7, 0.0)	(8, 0.0)	(9, 0.0)	(10, 0.0)	(15, 0.0)	(20, 0.0)	(25, 0.0)	(30, 0.0)	(35, 0.0)	(40, 0.0)	(45, 0.0)	(50, 0.0022150029533372713)	(55, 0.0036916715888954525)	(60, 0.0036916715888954525)	(65, 0.008121677495569994)	(70, 0.2864737152982871)	(75, 0.4850856467808624)	(80, 0.5906674542232723)	(85, 0.6475191966922622)	(90, 0.9539279385705848)	(95, 1.2839633786178382)	(100, 1.3046367395156526)	(105, 1.3105434140578853)	(110, 1.332693443591258)	(115, 1.332693443591258)	(120, 1.332693443591258)	(125, 1.332693443591258)	(130, 1.332693443591258)	(135, 1.332693443591258)	(140, 1.332693443591258)	(145, 1.332693443591258)	(150, 1.332693443591258)	(155, 1.332693443591258)	(160, 1.332693443591258)	(165, 1.332693443591258)	(170, 1.3349084465445953)	(175, 1.3363851151801536)	(180, 1.3363851151801536)	(185, 1.3363851151801536)	(190, 1.3363851151801536)	(195, 1.3363851151801536)	(200, 1.3363851151801536)	(205, 1.3363851151801536)	(210, 1.3363851151801536)	(215, 1.3363851151801536)	(220, 1.3363851151801536)	(225, 1.3363851151801536)	(230, 1.3363851151801536)	(235, 1.3548434731246308)	(240, 1.3548434731246308)
SRR8438045_2 - polya	(1, 0.0)	(2, 0.0)	(3, 0.0)	(4, 0.0)	(5, 0.0)	(6, 0.0)	(7, 0.0)	(8, 0.0)	(9, 0.0)	(10, 0.0)	(15, 0.0)	(20, 0.0)	(25, 0.0)	(30, 0.0)	(35, 0.0)	(40, 0.0)	(45, 0.0)	(50, 0.0)	(55, 0.0)	(60, 0.007383343177790905)	(65, 0.02953337271116362)	(70, 0.05832841110454815)	(75, 0.07457176609568812)	(80, 0.08933845245126994)	(85, 0.1402835203780272)	(90, 0.1454518606024808)	(95, 0.15135853514471354)	(100, 0.1535735380980508)	(105, 0.15652687536916715)	(110, 0.15874187832250444)	(115, 0.15948021264028353)	(120, 0.16243354991139988)	(125, 0.16317188422917897)	(130, 0.16612522150029532)	(135, 0.16612522150029532)	(140, 0.16612522150029532)	(145, 0.16612522150029532)	(150, 0.16612522150029532)	(155, 0.16612522150029532)	(160, 0.1683402244536326)	(165, 0.1698168930891908)	(170, 0.1698168930891908)	(175, 0.1698168930891908)	(180, 0.1698168930891908)	(185, 0.1698168930891908)	(190, 0.1698168930891908)	(195, 0.1698168930891908)	(200, 0.1698168930891908)	(205, 0.1698168930891908)	(210, 0.1698168930891908)	(215, 0.1698168930891908)	(220, 0.1698168930891908)	(225, 0.1698168930891908)	(230, 0.1698168930891908)	(235, 0.1698168930891908)	(240, 0.1698168930891908)
SRR8438046 - illumina_universal_adapter	(1, 0.0)	(2, 0.0)	(3, 0.0)	(4, 0.0)	(5, 0.0)	(6, 0.0)	(7, 0.0)	(8, 0.0)	(9, 0.0)	(10, 0.0)	(15, 0.0)	(20, 0.0)	(25, 0.0)	(30, 0.0)	(35, 0.0)	(40, 0.0)	(45, 0.0)	(50, 0.0)	(55, 0.0)	(60, 0.0)	(65, 0.0)	(70, 0.0)	(75, 0.0)	(80, 0.0)	(85, 0.0)	(90, 0.0)	(95, 0.0)	(100, 0.0)	(105, 0.0)	(110, 0.0)	(115, 0.0)	(120, 0.0)	(125, 0.0)	(130, 0.0)	(135, 0.0)	(140, 0.0)	(145, 0.0)	(150, 0.0)	(155, 0.0)	(160, 0.0)	(165, 0.0)	(170, 35.0)	(175, 50.0)	(180, 50.0)	(185, 50.0)	(190, 50.0)	(195, 50.0)	(200, 50.0)	(205, 50.0)	(210, 50.0)	(215, 50.0)	(220, 50.0)	(225, 50.0)	(230, 50.0)	(235, 50.0)	(240, 50.0)
SRR8438046_1 - nextera_transposase_sequence	(1, 0.0)	(2, 0.0)	(3, 0.0)	(4, 0.45633065270245)	(5, 0.45633065270245)	(6, 0.45633065270245)	(7, 0.45633065270245)	(8, 0.45633065270245)	(9, 0.45633065270245)	(10, 0.45633065270244993)	(15, 0.45633065270244993)	(20, 0.45633065270244993)	(25, 0.45633065270244993)	(30, 0.45633065270244993)	(35, 0.45633065270244993)	(40, 0.45633065270244993)	(45, 0.45633065270244993)	(50, 0.45633065270244993)	(55, 0.45633065270244993)	(60, 0.45633065270244993)	(65, 0.45633065270244993)	(70, 0.45633065270244993)	(75, 0.45633065270244993)	(80, 0.45633065270244993)	(85, 0.45633065270244993)	(90, 0.45633065270244993)	(95, 0.45633065270244993)	(100, 0.45633065270244993)	(105, 0.45633065270244993)	(110, 0.45633065270244993)	(115, 0.45633065270244993)	(120, 0.45633065270244993)	(125, 0.45633065270244993)	(130, 0.45633065270244993)	(135, 0.45633065270244993)	(140, 0.45633065270244993)	(145, 0.45633065270244993)	(150, 0.45633065270244993)	(155, 0.45633065270244993)	(160, 0.45633065270244993)	(165, 0.45633065270244993)	(170, 0.45633065270244993)	(175, 0.45633065270244993)	(180, 0.45633065270244993)	(185, 0.45633065270244993)	(190, 0.45633065270244993)	(195, 0.45633065270244993)	(200, 0.45633065270244993)	(205, 0.45633065270244993)	(210, 0.45633065270244993)	(215, 0.45633065270244993)	(220, 0.45633065270244993)	(225, 0.45633065270244993)	(230, 0.45633065270244993)	(235, 0.45633065270244993)	(240, 0.45633065270245)
SRR8438046_1 - polya	(1, 0.0)	(2, 0.0)	(3, 0.0)	(4, 0.0)	(5, 0.0)	(6, 0.0)	(7, 0.0)	(8, 0.0)	(9, 0.0)	(10, 0.0)	(15, 0.0)	(20, 0.0)	(25, 0.0)	(30, 0.0)	(35, 0.0)	(40, 0.0)	(45, 0.0)	(50, 0.0022442491116513932)	(55, 0.0037404151860856555)	(60, 0.007480830372171311)	(65, 0.20946325042079667)	(70, 1.2724892463063397)	(75, 1.865719094819525)	(80, 2.34149990648962)	(85, 3.236955302038526)	(90, 6.916027679072377)	(95, 8.757808116700954)	(100, 8.923882550963157)	(105, 9.122872638862912)	(110, 9.190200112212455)	(115, 9.208154105105667)	(120, 9.286702824013465)	(125, 9.287450907050683)	(130, 9.292687488311202)	(135, 9.333083972320928)	(140, 9.35103796521414)	(145, 9.357022629511874)	(150, 9.359266878623526)	(155, 9.362259210772395)	(160, 9.364503459884046)	(165, 9.365999625958482)	(170, 9.365999625958482)	(175, 9.367495792032916)	(180, 9.373480456330652)	(185, 9.38470170188891)	(190, 9.38470170188891)	(195, 9.38470170188891)	(200, 9.38470170188891)	(205, 9.395922947447167)	(210, 9.395922947447167)	(215, 9.398915279596034)	(220, 9.399663362633252)	(225, 9.401159528707685)	(230, 9.404151860856555)	(235, 9.407144193005424)	(240, 9.407144193005424)
SRR8438046_2 - polya	(1, 0.0)	(2, 0.0)	(3, 0.0)	(4, 0.0)	(5, 0.0)	(6, 0.0)	(7, 0.0)	(8, 0.0)	(9, 0.0)	(10, 0.0)	(15, 0.0)	(20, 0.0)	(25, 0.0)	(30, 0.0)	(35, 0.0)	(40, 0.0)	(45, 0.0)	(50, 0.0)	(55, 0.0)	(60, 0.04189265008415934)	(65, 0.10398354217318122)	(70, 0.15036469048064333)	(75, 0.19973817093697402)	(80, 0.285019637179727)	(85, 0.4488498223302787)	(90, 0.45109407144193003)	(95, 0.45782681877688425)	(100, 0.4645595661118384)	(105, 0.4862539741911352)	(110, 0.5086964653076491)	(115, 0.5161772956798205)	(120, 0.5176734617542548)	(125, 0.5737796895455396)	(130, 0.6455956611183842)	(135, 0.6545726575649897)	(140, 0.6545726575649897)	(145, 0.6545726575649897)	(150, 0.6545726575649897)	(155, 0.6545726575649897)	(160, 0.6545726575649897)	(165, 0.6545726575649897)	(170, 0.6545726575649897)	(175, 0.6545726575649897)	(180, 0.6545726575649897)	(185, 0.6545726575649897)	(190, 0.6545726575649897)	(195, 0.6545726575649897)	(200, 0.6545726575649897)	(205, 0.6545726575649897)	(210, 0.6545726575649897)	(215, 0.6545726575649897)	(220, 0.6545726575649897)	(225, 0.6575649897138583)	(230, 0.6583130727510754)	(235, 0.6583130727510754)	(240, 0.6583130727510754)
SRR8438047 - illumina_universal_adapter	(1, 0.0)	(2, 0.0)	(3, 0.0)	(4, 0.0)	(5, 0.0)	(6, 0.0)	(7, 0.0)	(8, 0.0)	(9, 0.0)	(10, 0.0)	(15, 0.0)	(20, 0.0)	(25, 0.0)	(30, 11.428571428571429)	(35, 14.285714285714286)	(40, 14.285714285714286)	(45, 14.285714285714286)	(50, 14.285714285714286)	(55, 14.285714285714286)	(60, 14.285714285714286)	(65, 14.285714285714286)	(70, 14.285714285714286)	(75, 14.285714285714286)	(80, 14.285714285714286)	(85, 14.285714285714286)	(90, 20.0)	(95, 28.571428571428573)	(100, 28.571428571428573)	(105, 28.571428571428573)	(110, 28.571428571428573)	(115, 28.571428571428573)	(120, 28.571428571428573)	(125, 40.0)	(130, 42.857142857142854)	(135, 42.857142857142854)	(140, 45.71428571428571)	(145, 57.142857142857146)	(150, 57.142857142857146)	(155, 57.142857142857146)	(160, 68.57142857142858)	(165, 74.28571428571429)	(170, 88.57142857142857)	(175, 100.0)	(180, 100.0)	(185, 100.0)	(190, 100.0)	(195, 100.0)	(200, 100.0)	(205, 100.0)	(210, 100.0)	(215, 100.0)	(220, 100.0)	(225, 100.0)	(230, 100.0)	(235, 100.0)	(240, 100.0)
SRR8438047 - polya	(1, 0.0)	(2, 0.0)	(3, 0.0)	(4, 0.0)	(5, 0.0)	(6, 0.0)	(7, 0.0)	(8, 0.0)	(9, 0.0)	(10, 0.0)	(15, 0.0)	(20, 0.0)	(25, 0.0)	(30, 0.0)	(35, 0.0)	(40, 0.0)	(45, 0.0)	(50, 0.0)	(55, 0.0)	(60, 0.0)	(65, 0.0)	(70, 0.0)	(75, 0.0)	(80, 0.0)	(85, 0.0)	(90, 0.0)	(95, 0.0)	(100, 0.0)	(105, 0.0)	(110, 0.0)	(115, 0.0)	(120, 0.0)	(125, 0.0)	(130, 0.0)	(135, 0.0)	(140, 0.0)	(145, 0.0)	(150, 2.857142857142857)	(155, 14.285714285714286)	(160, 14.285714285714286)	(165, 14.285714285714286)	(170, 14.285714285714286)	(175, 14.285714285714286)	(180, 14.285714285714286)	(185, 14.285714285714286)	(190, 14.285714285714286)	(195, 14.285714285714286)	(200, 14.285714285714286)	(205, 14.285714285714286)	(210, 14.285714285714286)	(215, 14.285714285714286)	(220, 14.285714285714286)	(225, 14.285714285714286)	(230, 14.285714285714286)	(235, 14.285714285714286)	(240, 14.285714285714286)
SRR8438047_1 - polya	(1, 0.0)	(2, 0.0)	(3, 0.0)	(4, 0.0)	(5, 0.0)	(6, 0.0)	(7, 0.0)	(8, 0.0)	(9, 0.0)	(10, 0.0)	(15, 0.0)	(20, 0.0)	(25, 0.0)	(30, 0.0)	(35, 0.0)	(40, 0.0)	(45, 0.0)	(50, 0.001987281399046105)	(55, 0.0033121356650768416)	(60, 0.0033121356650768416)	(65, 0.0033121356650768416)	(70, 0.008611552729199789)	(75, 0.02450980392156863)	(80, 0.03113407525172231)	(85, 0.04636989931107578)	(90, 0.05961844197138315)	(95, 0.07154213036565978)	(100, 0.10267620561738208)	(105, 0.12453630100688924)	(110, 0.13248542660307366)	(115, 0.13248542660307366)	(120, 0.14573396926338103)	(125, 0.16494435612082672)	(130, 0.1795177530471648)	(135, 0.18746687864334927)	(140, 0.1921038685744568)	(145, 0.1967408585055644)	(150, 0.20468998410174882)	(155, 0.21197668256491786)	(160, 0.21197668256491786)	(165, 0.21197668256491786)	(170, 0.21263910969793326)	(175, 0.2152888182299947)	(180, 0.2152888182299947)	(185, 0.2152888182299947)	(190, 0.2152888182299947)	(195, 0.2152888182299947)	(200, 0.2470853206147324)	(205, 0.2616587175410705)	(210, 0.2616587175410705)	(215, 0.2616587175410705)	(220, 0.27225755166931637)	(225, 0.2762321144674086)	(230, 0.28086910439851615)	(235, 0.3014043455219926)	(240, 0.3014043455219926)
SRR8438048 - illumina_universal_adapter	(1, 0.0)	(2, 0.0)	(3, 0.0)	(4, 0.0)	(5, 0.0)	(6, 0.0)	(7, 0.0)	(8, 0.0)	(9, 0.0)	(10, 0.0)	(15, 0.0)	(20, 0.0)	(25, 0.0)	(30, 0.0)	(35, 0.0)	(40, 0.0)	(45, 0.0)	(50, 0.0)	(55, 0.0)	(60, 0.0)	(65, 0.0)	(70, 0.0)	(75, 0.0)	(80, 0.0)	(85, 0.0)	(90, 5.333333333333334)	(95, 13.333333333333334)	(100, 13.333333333333334)	(105, 13.333333333333334)	(110, 13.333333333333334)	(115, 22.666666666666668)	(120, 29.333333333333336)	(125, 38.66666666666667)	(130, 40.0)	(135, 43.99999999999999)	(140, 48.0)	(145, 57.333333333333336)	(150, 60.0)	(155, 66.66666666666667)	(160, 73.33333333333333)	(165, 73.33333333333333)	(170, 76.0)	(175, 86.66666666666667)	(180, 93.33333333333333)	(185, 98.66666666666666)	(190, 100.0)	(195, 100.0)	(200, 100.0)	(205, 100.0)	(210, 100.0)	(215, 100.0)	(220, 100.0)	(225, 100.0)	(230, 100.0)	(235, 100.0)	(240, 100.0)
SRR8438048 - polya	(1, 0.0)	(2, 0.0)	(3, 0.0)	(4, 0.0)	(5, 0.0)	(6, 0.0)	(7, 0.0)	(8, 0.0)	(9, 0.0)	(10, 0.0)	(15, 0.0)	(20, 0.0)	(25, 0.0)	(30, 0.0)	(35, 0.0)	(40, 0.0)	(45, 0.0)	(50, 0.0)	(55, 0.0)	(60, 0.0)	(65, 0.0)	(70, 0.0)	(75, 0.0)	(80, 0.0)	(85, 0.0)	(90, 0.0)	(95, 0.0)	(100, 0.0)	(105, 0.0)	(110, 0.0)	(115, 0.0)	(120, 0.0)	(125, 0.0)	(130, 0.0)	(135, 0.0)	(140, 0.0)	(145, 0.0)	(150, 0.0)	(155, 0.0)	(160, 0.0)	(165, 0.0)	(170, 0.0)	(175, 0.0)	(180, 1.3333333333333335)	(185, 6.666666666666667)	(190, 6.666666666666667)	(195, 6.666666666666667)	(200, 6.666666666666667)	(205, 6.666666666666667)	(210, 6.666666666666667)	(215, 6.666666666666667)	(220, 6.666666666666667)	(225, 6.666666666666667)	(230, 6.666666666666667)	(235, 6.666666666666667)	(240, 6.666666666666667)
SRR8438049 - illumina_universal_adapter	(1, 0.0)	(2, 0.0)	(3, 0.0)	(4, 0.0)	(5, 0.0)	(6, 0.0)	(7, 0.0)	(8, 0.0)	(9, 0.0)	(10, 0.0)	(15, 0.0)	(20, 0.0)	(25, 0.0)	(30, 0.0)	(35, 0.0)	(40, 0.0)	(45, 0.0)	(50, 0.0)	(55, 0.0)	(60, 0.0)	(65, 0.0)	(70, 0.0)	(75, 0.0)	(80, 0.0)	(85, 4.0)	(90, 5.0)	(95, 5.0)	(100, 5.0)	(105, 5.0)	(110, 5.0)	(115, 6.0)	(120, 10.0)	(125, 10.0)	(130, 18.0)	(135, 35.0)	(140, 40.0)	(145, 40.0)	(150, 41.0)	(155, 50.0)	(160, 50.0)	(165, 62.0)	(170, 68.0)	(175, 70.0)	(180, 81.0)	(185, 93.0)	(190, 95.0)	(195, 95.0)	(200, 95.0)	(205, 95.0)	(210, 95.0)	(215, 95.0)	(220, 95.0)	(225, 95.0)	(230, 95.0)	(235, 95.0)	(240, 95.0)
SRR8438049 - polya	(1, 0.0)	(2, 0.0)	(3, 0.0)	(4, 0.0)	(5, 0.0)	(6, 0.0)	(7, 0.0)	(8, 0.0)	(9, 0.0)	(10, 0.0)	(15, 0.0)	(20, 0.0)	(25, 0.0)	(30, 0.0)	(35, 0.0)	(40, 0.0)	(45, 0.0)	(50, 0.0)	(55, 0.0)	(60, 0.0)	(65, 0.0)	(70, 0.0)	(75, 0.0)	(80, 0.0)	(85, 0.0)	(90, 0.0)	(95, 0.0)	(100, 0.0)	(105, 0.0)	(110, 0.0)	(115, 0.0)	(120, 0.0)	(125, 0.0)	(130, 0.0)	(135, 0.0)	(140, 0.0)	(145, 0.0)	(150, 0.0)	(155, 0.0)	(160, 0.0)	(165, 0.0)	(170, 0.0)	(175, 0.0)	(180, 5.0)	(185, 5.0)	(190, 5.0)	(195, 10.0)	(200, 14.0)	(205, 15.0)	(210, 15.0)	(215, 15.0)	(220, 15.0)	(225, 17.0)	(230, 22.0)	(235, 25.0)	(240, 25.0)
SRR8438050 - illumina_universal_adapter	(1, 0.0)	(2, 0.0)	(3, 0.0)	(4, 0.0)	(5, 0.0)	(6, 0.0)	(7, 0.0)	(8, 0.0)	(9, 0.0)	(10, 0.0)	(15, 0.0)	(20, 0.0)	(25, 0.0)	(30, 0.0)	(35, 0.0)	(40, 0.0)	(45, 0.0)	(50, 0.0)	(55, 4.705882352941177)	(60, 5.882352941176471)	(65, 5.882352941176471)	(70, 5.882352941176471)	(75, 5.882352941176471)	(80, 5.882352941176471)	(85, 11.764705882352942)	(90, 14.11764705882353)	(95, 23.529411764705884)	(100, 23.529411764705884)	(105, 23.529411764705884)	(110, 23.529411764705884)	(115, 27.05882352941176)	(120, 36.47058823529412)	(125, 41.1764705882353)	(130, 41.1764705882353)	(135, 45.88235294117648)	(140, 47.05882352941177)	(145, 54.11764705882352)	(150, 74.11764705882354)	(155, 85.88235294117648)	(160, 88.23529411764706)	(165, 88.23529411764706)	(170, 88.23529411764706)	(175, 88.23529411764706)	(180, 88.23529411764706)	(185, 94.11764705882354)	(190, 94.11764705882354)	(195, 94.11764705882354)	(200, 94.11764705882354)	(205, 94.11764705882354)	(210, 94.11764705882354)	(215, 94.11764705882354)	(220, 94.11764705882354)	(225, 94.11764705882354)	(230, 94.11764705882354)	(235, 94.11764705882354)	(240, 94.11764705882354)
SRR8438050 - polya	(1, 0.0)	(2, 0.0)	(3, 0.0)	(4, 0.0)	(5, 0.0)	(6, 0.0)	(7, 0.0)	(8, 0.0)	(9, 0.0)	(10, 0.0)	(15, 0.0)	(20, 0.0)	(25, 0.0)	(30, 0.0)	(35, 0.0)	(40, 0.0)	(45, 0.0)	(50, 0.0)	(55, 0.0)	(60, 0.0)	(65, 0.0)	(70, 0.0)	(75, 0.0)	(80, 0.0)	(85, 0.0)	(90, 0.0)	(95, 0.0)	(100, 0.0)	(105, 0.0)	(110, 0.0)	(115, 0.0)	(120, 0.0)	(125, 0.0)	(130, 0.0)	(135, 0.0)	(140, 0.0)	(145, 4.705882352941177)	(150, 5.882352941176471)	(155, 5.882352941176471)	(160, 5.882352941176471)	(165, 5.882352941176471)	(170, 10.588235294117649)	(175, 14.11764705882353)	(180, 22.352941176470587)	(185, 29.411764705882355)	(190, 29.411764705882355)	(195, 29.411764705882355)	(200, 29.411764705882355)	(205, 34.11764705882353)	(210, 44.70588235294118)	(215, 49.411764705882355)	(220, 52.94117647058823)	(225, 52.94117647058823)	(230, 52.94117647058823)	(235, 52.94117647058823)	(240, 52.94117647058823)
SRR8438050_1 - polya	(1, 0.0)	(2, 0.0)	(3, 0.0)	(4, 0.0)	(5, 0.0)	(6, 0.0)	(7, 0.0)	(8, 0.0)	(9, 0.0)	(10, 0.0)	(15, 0.0)	(20, 0.0)	(25, 0.0)	(30, 0.0)	(35, 0.0)	(40, 0.0)	(45, 0.0)	(50, 0.0)	(55, 0.0027691242644513675)	(60, 0.005538248528902735)	(65, 0.08168916580131533)	(70, 0.10176531671858775)	(75, 0.10730356524749048)	(80, 0.10730356524749048)	(85, 0.11561093804084459)	(90, 0.11768778123918311)	(95, 0.11768778123918311)	(100, 0.11768778123918311)	(105, 0.11768778123918311)	(110, 0.11768778123918311)	(115, 0.11768778123918311)	(120, 0.11768778123918311)	(125, 0.11768778123918311)	(130, 0.11768778123918311)	(135, 0.11768778123918311)	(140, 0.11768778123918311)	(145, 0.11768778123918311)	(150, 0.11768778123918311)	(155, 0.11768778123918311)	(160, 0.11768778123918311)	(165, 0.11768778123918311)	(170, 0.11768778123918311)	(175, 0.11768778123918311)	(180, 0.11768778123918311)	(185, 0.11768778123918311)	(190, 0.11768778123918311)	(195, 0.11768778123918311)	(200, 0.11768778123918311)	(205, 0.11768778123918311)	(210, 0.11768778123918311)	(215, 0.11768778123918311)	(220, 0.11768778123918311)	(225, 0.11768778123918311)	(230, 0.13707165109034267)	(235, 0.14191761855313256)	(240, 0.14191761855313256)
SRR8438051 - illumina_universal_adapter	(1, 0.0)	(2, 0.0)	(3, 0.0)	(4, 0.0)	(5, 0.0)	(6, 0.0)	(7, 0.0)	(8, 0.0)	(9, 0.0)	(10, 0.0)	(15, 0.0)	(20, 0.0)	(25, 0.0)	(30, 0.0)	(35, 0.0)	(40, 0.0)	(45, 0.0)	(50, 0.0)	(55, 0.0)	(60, 0.0)	(65, 0.0)	(70, 0.0)	(75, 0.0)	(80, 0.0)	(85, 0.0)	(90, 3.5294117647058827)	(95, 5.882352941176471)	(100, 5.882352941176471)	(105, 5.882352941176471)	(110, 5.882352941176471)	(115, 5.882352941176471)	(120, 10.588235294117649)	(125, 12.941176470588237)	(130, 17.647058823529413)	(135, 27.05882352941176)	(140, 31.76470588235294)	(145, 35.294117647058826)	(150, 45.88235294117648)	(155, 52.94117647058823)	(160, 52.94117647058823)	(165, 60.0)	(170, 70.58823529411765)	(175, 70.58823529411765)	(180, 83.52941176470588)	(185, 90.58823529411765)	(190, 100.0)	(195, 100.0)	(200, 100.0)	(205, 100.0)	(210, 100.0)	(215, 100.0)	(220, 100.0)	(225, 100.0)	(230, 100.0)	(235, 100.0)	(240, 100.0)
SRR8438051 - polya	(1, 0.0)	(2, 0.0)	(3, 0.0)	(4, 0.0)	(5, 0.0)	(6, 0.0)	(7, 0.0)	(8, 0.0)	(9, 0.0)	(10, 0.0)	(15, 0.0)	(20, 0.0)	(25, 0.0)	(30, 0.0)	(35, 0.0)	(40, 0.0)	(45, 0.0)	(50, 0.0)	(55, 0.0)	(60, 0.0)	(65, 0.0)	(70, 0.0)	(75, 0.0)	(80, 0.0)	(85, 0.0)	(90, 0.0)	(95, 0.0)	(100, 0.0)	(105, 0.0)	(110, 0.0)	(115, 0.0)	(120, 0.0)	(125, 0.0)	(130, 0.0)	(135, 0.0)	(140, 0.0)	(145, 0.0)	(150, 0.0)	(155, 0.0)	(160, 0.0)	(165, 0.0)	(170, 0.0)	(175, 0.0)	(180, 0.0)	(185, 0.0)	(190, 0.0)	(195, 0.0)	(200, 0.0)	(205, 0.0)	(210, 4.705882352941177)	(215, 5.882352941176471)	(220, 5.882352941176471)	(225, 5.882352941176471)	(230, 5.882352941176471)	(235, 5.882352941176471)	(240, 5.882352941176471)
SRR8438052 - illumina_universal_adapter	(1, 0.0)	(2, 0.0)	(3, 0.0)	(4, 0.0)	(5, 0.0)	(6, 0.0)	(7, 0.0)	(8, 0.0)	(9, 0.0)	(10, 0.0)	(15, 0.0)	(20, 0.0)	(25, 0.0)	(30, 0.0)	(35, 0.0)	(40, 0.0)	(45, 1.0638297872340425)	(50, 1.0638297872340425)	(55, 1.0638297872340425)	(60, 1.0638297872340425)	(65, 1.0638297872340425)	(70, 1.4893617021276595)	(75, 2.9787234042553195)	(80, 3.1914893617021276)	(85, 4.25531914893617)	(90, 5.957446808510639)	(95, 6.382978723404255)	(100, 8.085106382978724)	(105, 11.063829787234045)	(110, 12.553191489361703)	(115, 18.51063829787234)	(120, 19.361702127659576)	(125, 22.340425531914896)	(130, 27.659574468085104)	(135, 35.95744680851064)	(140, 44.68085106382979)	(145, 49.361702127659576)	(150, 55.95744680851063)	(155, 62.5531914893617)	(160, 69.36170212765957)	(165, 75.31914893617021)	(170, 80.42553191489363)	(175, 86.17021276595744)	(180, 91.91489361702129)	(185, 96.17021276595746)	(190, 96.80851063829788)	(195, 96.80851063829788)	(200, 96.80851063829788)	(205, 96.80851063829788)	(210, 96.80851063829788)	(215, 96.80851063829788)	(220, 96.80851063829788)	(225, 96.80851063829788)	(230, 96.80851063829788)	(235, 96.80851063829788)	(240, 96.80851063829788)
SRR8438052 - polya	(1, 0.0)	(2, 0.0)	(3, 0.0)	(4, 0.0)	(5, 0.0)	(6, 0.0)	(7, 0.0)	(8, 0.0)	(9, 0.0)	(10, 0.0)	(15, 0.0)	(20, 0.0)	(25, 0.0)	(30, 0.0)	(35, 0.0)	(40, 0.0)	(45, 0.0)	(50, 0.0)	(55, 0.0)	(60, 0.0)	(65, 0.0)	(70, 0.0)	(75, 0.0)	(80, 0.0)	(85, 0.0)	(90, 0.0)	(95, 0.0)	(100, 0.0)	(105, 0.851063829787234)	(110, 1.0638297872340425)	(115, 1.0638297872340425)	(120, 1.0638297872340425)	(125, 1.0638297872340425)	(130, 1.0638297872340425)	(135, 1.0638297872340425)	(140, 1.0638297872340425)	(145, 1.4893617021276595)	(150, 2.127659574468085)	(155, 2.127659574468085)	(160, 2.127659574468085)	(165, 3.404255319148936)	(170, 4.468085106382978)	(175, 6.595744680851064)	(180, 7.446808510638297)	(185, 7.872340425531914)	(190, 10.425531914893616)	(195, 12.553191489361703)	(200, 17.872340425531913)	(205, 21.48936170212766)	(210, 22.5531914893617)	(215, 25.957446808510632)	(220, 28.297872340425535)	(225, 32.5531914893617)	(230, 32.97872340425532)	(235, 34.46808510638298)	(240, 35.1063829787234)
SRR8438053 - illumina_universal_adapter	(1, 0.0)	(2, 0.0)	(3, 0.0)	(4, 0.0)	(5, 0.0)	(6, 0.0)	(7, 0.0)	(8, 0.0)	(9, 0.0)	(10, 0.0)	(15, 0.0)	(20, 0.0)	(25, 0.0)	(30, 0.0)	(35, 0.0)	(40, 0.0)	(45, 0.0)	(50, 0.0)	(55, 0.0)	(60, 0.0)	(65, 0.0)	(70, 0.0)	(75, 0.0)	(80, 0.0)	(85, 0.0)	(90, 0.0)	(95, 0.0)	(100, 0.0)	(105, 0.0)	(110, 0.0)	(115, 0.0)	(120, 1.6666666666666667)	(125, 8.333333333333334)	(130, 11.666666666666668)	(135, 16.666666666666668)	(140, 16.666666666666668)	(145, 20.0)	(150, 25.0)	(155, 25.0)	(160, 25.0)	(165, 33.33333333333333)	(170, 50.0)	(175, 66.66666666666667)	(180, 78.33333333333334)	(185, 91.66666666666667)	(190, 91.66666666666667)	(195, 91.66666666666667)	(200, 91.66666666666667)	(205, 91.66666666666667)	(210, 91.66666666666667)	(215, 91.66666666666667)	(220, 91.66666666666667)	(225, 91.66666666666667)	(230, 91.66666666666667)	(235, 91.66666666666667)	(240, 91.66666666666667)
SRR8438053 - polya	(1, 0.0)	(2, 0.0)	(3, 0.0)	(4, 0.0)	(5, 0.0)	(6, 0.0)	(7, 0.0)	(8, 0.0)	(9, 0.0)	(10, 0.0)	(15, 0.0)	(20, 0.0)	(25, 0.0)	(30, 0.0)	(35, 0.0)	(40, 0.0)	(45, 0.0)	(50, 0.0)	(55, 0.0)	(60, 0.0)	(65, 0.0)	(70, 0.0)	(75, 0.0)	(80, 0.0)	(85, 0.0)	(90, 0.0)	(95, 0.0)	(100, 0.0)	(105, 0.0)	(110, 0.0)	(115, 0.0)	(120, 0.0)	(125, 0.0)	(130, 0.0)	(135, 0.0)	(140, 0.0)	(145, 0.0)	(150, 0.0)	(155, 0.0)	(160, 0.0)	(165, 0.0)	(170, 0.0)	(175, 0.0)	(180, 0.0)	(185, 8.333333333333334)	(190, 8.333333333333334)	(195, 8.333333333333334)	(200, 8.333333333333334)	(205, 8.333333333333334)	(210, 8.333333333333334)	(215, 8.333333333333334)	(220, 8.333333333333334)	(225, 11.666666666666668)	(230, 20.0)	(235, 41.666666666666664)	(240, 41.666666666666664)
SRR8438053_1 - illumina_small_rna_3'_adapter	(1, 0.0)	(2, 0.0)	(3, 0.0)	(4, 0.0)	(5, 0.0)	(6, 0.0)	(7, 0.0)	(8, 0.0)	(9, 0.0)	(10, 0.0)	(15, 0.0)	(20, 0.0)	(25, 0.0)	(30, 0.0)	(35, 0.0)	(40, 0.0)	(45, 0.0)	(50, 0.0)	(55, 0.0)	(60, 0.0)	(65, 0.0)	(70, 0.0)	(75, 0.0)	(80, 0.0)	(85, 0.0)	(90, 0.0)	(95, 0.0)	(100, 0.0)	(105, 0.0)	(110, 0.0)	(115, 0.0)	(120, 0.0)	(125, 0.0)	(130, 0.0)	(135, 0.04298196166854566)	(140, 0.2254791431792559)	(145, 0.2254791431792559)	(150, 0.2254791431792559)	(155, 0.2254791431792559)	(160, 0.2254791431792559)	(165, 0.2254791431792559)	(170, 0.2254791431792559)	(175, 0.2254791431792559)	(180, 0.2254791431792559)	(185, 0.2254791431792559)	(190, 0.2254791431792559)	(195, 0.2254791431792559)	(200, 0.2254791431792559)	(205, 0.2254791431792559)	(210, 0.2254791431792559)	(215, 0.2254791431792559)	(220, 0.2254791431792559)	(225, 0.2254791431792559)	(230, 0.2254791431792559)	(235, 0.2254791431792559)	(240, 0.2254791431792559)
SRR8438053_1 - polya	(1, 0.0)	(2, 0.0)	(3, 0.0)	(4, 0.0)	(5, 0.0)	(6, 0.0)	(7, 0.0)	(8, 0.0)	(9, 0.0)	(10, 0.0)	(15, 0.0)	(20, 0.0007046223224351747)	(25, 0.0035231116121758736)	(30, 0.0035231116121758736)	(35, 0.0035231116121758736)	(40, 0.0035231116121758736)	(45, 0.0035231116121758736)	(50, 0.0035231116121758736)	(55, 0.0035231116121758736)	(60, 0.08244081172491544)	(65, 0.4608229988726043)	(70, 0.5883596392333709)	(75, 0.6123167981961668)	(80, 0.6278184892897407)	(85, 0.6792559188275085)	(90, 0.6912344983089064)	(95, 0.697576099210823)	(100, 0.697576099210823)	(105, 0.697576099210823)	(110, 0.697576099210823)	(115, 0.697576099210823)	(120, 0.697576099210823)	(125, 0.697576099210823)	(130, 0.697576099210823)	(135, 0.697576099210823)	(140, 0.697576099210823)	(145, 0.697576099210823)	(150, 0.697576099210823)	(155, 0.697576099210823)	(160, 0.697576099210823)	(165, 0.697576099210823)	(170, 0.697576099210823)	(175, 0.697576099210823)	(180, 0.697576099210823)	(185, 0.697576099210823)	(190, 0.697576099210823)	(195, 0.697576099210823)	(200, 0.697576099210823)	(205, 0.697576099210823)	(210, 0.697576099210823)	(215, 0.697576099210823)	(220, 0.697576099210823)	(225, 0.9928128523111612)	(230, 1.217587373167982)	(235, 1.2239289740698986)	(240, 1.226042841037204)
SRR8438053_2 - polya	(1, 0.0)	(2, 0.0)	(3, 0.0)	(4, 0.0)	(5, 0.0)	(6, 0.0)	(7, 0.0)	(8, 0.0)	(9, 0.0)	(10, 0.0)	(15, 0.0)	(20, 0.0)	(25, 0.0)	(30, 0.0)	(35, 0.0)	(40, 0.0)	(45, 0.0)	(50, 0.0)	(55, 0.0)	(60, 0.12401352874859076)	(65, 0.21420518602029315)	(70, 0.23886696730552423)	(75, 0.2430947012401353)	(80, 0.2487316798196167)	(85, 0.26071025930101466)	(90, 0.26352874859075537)	(95, 0.2663472378804961)	(100, 0.32483089064261556)	(105, 0.3720405862457723)	(110, 0.3734498308906426)	(115, 0.3734498308906426)	(120, 0.3734498308906426)	(125, 0.3734498308906426)	(130, 0.3734498308906426)	(135, 0.3734498308906426)	(140, 0.3734498308906426)	(145, 0.3734498308906426)	(150, 0.3734498308906426)	(155, 0.3734498308906426)	(160, 0.3734498308906426)	(165, 0.3734498308906426)	(170, 0.3734498308906426)	(175, 0.3734498308906426)	(180, 0.3734498308906426)	(185, 0.3734498308906426)	(190, 0.3734498308906426)	(195, 0.3734498308906426)	(200, 0.3734498308906426)	(205, 0.3734498308906426)	(210, 0.3734498308906426)	(215, 0.3734498308906426)	(220, 0.37556369785794813)	(225, 0.9160090191657272)	(230, 0.9160090191657272)	(235, 0.9160090191657272)	(240, 0.9160090191657272)
SRR8438054 - illumina_universal_adapter	(1, 0.0)	(2, 0.0)	(3, 0.0)	(4, 0.0)	(5, 0.0)	(6, 0.0)	(7, 0.0)	(8, 0.0)	(9, 0.0)	(10, 0.0)	(15, 0.0)	(20, 0.0)	(25, 0.0)	(30, 0.0)	(35, 0.0)	(40, 0.0)	(45, 0.0)	(50, 0.0)	(55, 0.0)	(60, 0.0)	(65, 0.0)	(70, 0.0)	(75, 0.0)	(80, 0.0)	(85, 0.0)	(90, 0.0)	(95, 0.0)	(100, 0.0)	(105, 0.0)	(110, 0.0)	(115, 0.0)	(120, 0.0)	(125, 0.0)	(130, 0.0)	(135, 0.0)	(140, 0.0)	(145, 0.0)	(150, 80.0)	(155, 100.0)	(160, 100.0)	(165, 100.0)	(170, 100.0)	(175, 100.0)	(180, 100.0)	(185, 100.0)	(190, 100.0)	(195, 100.0)	(200, 100.0)	(205, 100.0)	(210, 100.0)	(215, 100.0)	(220, 100.0)	(225, 100.0)	(230, 100.0)	(235, 100.0)	
SRR8438054_1 - polya	(1, 0.0)	(2, 0.0)	(3, 0.0)	(4, 0.0)	(5, 0.0)	(6, 0.0)	(7, 0.0)	(8, 0.0)	(9, 0.0)	(10, 0.0)	(15, 0.0)	(20, 0.0)	(25, 0.0)	(30, 0.0)	(35, 0.0)	(40, 0.0)	(45, 0.0)	(50, 0.0)	(55, 0.0)	(60, 0.0)	(65, 0.4837084313066846)	(70, 1.928115552569701)	(75, 2.586496472959355)	(80, 4.017467248908297)	(85, 5.529056096741686)	(90, 14.585152838427948)	(95, 19.704400403090357)	(100, 19.939536446086667)	(105, 20.0537453812563)	(110, 20.0537453812563)	(115, 20.0537453812563)	(120, 20.154517971111858)	(125, 20.577762848505206)	(130, 20.859926100100772)	(135, 20.859926100100772)	(140, 20.859926100100772)	(145, 20.859926100100772)	(150, 20.859926100100772)	(155, 20.859926100100772)	(160, 20.859926100100772)	(165, 20.859926100100772)	(170, 20.859926100100772)	(175, 20.859926100100772)	(180, 20.859926100100772)	(185, 20.859926100100772)	(190, 20.859926100100772)	(195, 20.859926100100772)	(200, 20.859926100100772)	(205, 20.859926100100772)	(210, 20.859926100100772)	(215, 20.859926100100772)	(220, 20.859926100100772)	(225, 20.859926100100772)	(230, 20.859926100100772)	(235, 20.859926100100772)	(240, 20.859926100100772)
SRR8438054_2 - polya	(1, 0.0)	(2, 0.0)	(3, 0.0)	(4, 0.0)	(5, 0.0)	(6, 0.0)	(7, 0.0)	(8, 0.0)	(9, 0.0)	(10, 0.0)	(15, 0.0)	(20, 0.0)	(25, 0.0)	(30, 0.0)	(35, 0.0)	(40, 0.0)	(45, 0.0)	(50, 0.0)	(55, 0.0)	(60, 0.16795431642593214)	(65, 0.16795431642593214)	(70, 0.33590863285186434)	(75, 0.611353711790393)	(80, 0.8599261001007725)	(85, 1.6123614376889486)	(90, 1.6123614376889486)	(95, 1.6123614376889486)	(100, 1.619079610345986)	(105, 1.6593886462882097)	(110, 1.6795431642593215)	(115, 1.7534430634867317)	(120, 1.9482700705408127)	(125, 1.9684245885119247)	(130, 1.9818609338259994)	(135, 1.9818609338259994)	(140, 1.9818609338259994)	(145, 1.9818609338259994)	(150, 1.9818609338259994)	(155, 1.9818609338259994)	(160, 1.9818609338259994)	(165, 1.9818609338259994)	(170, 1.9818609338259994)	(175, 1.9818609338259994)	(180, 1.9818609338259994)	(185, 1.9818609338259994)	(190, 1.9818609338259994)	(195, 1.9818609338259994)	(200, 1.9818609338259994)	(205, 1.9818609338259994)	(210, 1.9818609338259994)	(215, 1.9818609338259994)	(220, 1.9818609338259994)	(225, 1.9818609338259994)	(230, 1.9818609338259994)	(235, 1.9818609338259994)	(240, 1.9818609338259994)
SRR8438054_2 - polyg	(1, 0.0)	(2, 0.0)	(3, 0.0)	(4, 0.0)	(5, 0.0)	(6, 0.0)	(7, 0.0)	(8, 0.0)	(9, 0.0)	(10, 0.0)	(15, 0.0)	(20, 0.0)	(25, 0.0)	(30, 0.0)	(35, 0.0)	(40, 0.0)	(45, 0.0)	(50, 0.0)	(55, 0.0)	(60, 0.0)	(65, 0.0)	(70, 0.0)	(75, 0.0)	(80, 0.0)	(85, 0.0)	(90, 0.0)	(95, 0.0)	(100, 0.06718172657037286)	(105, 0.10077258985555929)	(110, 0.18139066174000668)	(115, 0.21498152502519313)	(120, 0.23513604299630503)	(125, 0.23513604299630503)	(130, 0.23513604299630503)	(135, 0.23513604299630503)	(140, 0.23513604299630503)	(145, 0.23513604299630503)	(150, 0.23513604299630503)	(155, 0.23513604299630503)	(160, 0.23513604299630503)	(165, 0.23513604299630503)	(170, 0.23513604299630503)	(175, 0.23513604299630503)	(180, 0.23513604299630503)	(185, 0.23513604299630503)	(190, 0.23513604299630503)	(195, 0.23513604299630503)	(200, 0.23513604299630503)	(205, 0.23513604299630503)	(210, 0.23513604299630503)	(215, 0.23513604299630503)	(220, 0.2418542156533423)	(225, 0.26872690628149143)	(230, 0.26872690628149143)	(235, 0.26872690628149143)	(240, 0.26872690628149143)
SRR8438055 - illumina_universal_adapter	(1, 0.0)	(2, 0.0)	(3, 0.0)	(4, 0.0)	(5, 0.0)	(6, 0.0)	(7, 0.0)	(8, 0.0)	(9, 0.0)	(10, 0.0)	(15, 0.0)	(20, 0.0)	(25, 0.0)	(30, 0.0)	(35, 0.0)	(40, 0.0)	(45, 0.0)	(50, 0.0)	(55, 0.0)	(60, 0.0)	(65, 0.0)	(70, 0.0)	(75, 0.0)	(80, 0.0)	(85, 2.4)	(90, 4.0)	(95, 6.4)	(100, 12.0)	(105, 12.0)	(110, 12.0)	(115, 12.0)	(120, 13.6)	(125, 16.0)	(130, 19.2)	(135, 24.8)	(140, 28.8)	(145, 35.2)	(150, 40.8)	(155, 56.0)	(160, 71.2)	(165, 81.6)	(170, 88.0)	(175, 91.2)	(180, 92.0)	(185, 93.6)	(190, 96.0)	(195, 96.0)	(200, 96.0)	(205, 96.0)	(210, 96.0)	(215, 96.0)	(220, 96.0)	(225, 96.0)	(230, 96.0)	(235, 96.0)	(240, 96.0)
SRR8438055 - polya	(1, 0.0)	(2, 0.0)	(3, 0.0)	(4, 0.0)	(5, 0.0)	(6, 0.0)	(7, 0.0)	(8, 0.0)	(9, 0.0)	(10, 0.0)	(15, 0.0)	(20, 0.0)	(25, 0.0)	(30, 0.0)	(35, 0.0)	(40, 0.0)	(45, 0.0)	(50, 0.0)	(55, 0.0)	(60, 0.0)	(65, 0.0)	(70, 0.0)	(75, 0.0)	(80, 0.0)	(85, 0.0)	(90, 0.0)	(95, 0.0)	(100, 0.0)	(105, 0.0)	(110, 0.0)	(115, 0.0)	(120, 0.0)	(125, 0.0)	(130, 0.0)	(135, 0.0)	(140, 0.0)	(145, 1.6)	(150, 4.0)	(155, 5.6)	(160, 8.0)	(165, 8.0)	(170, 8.0)	(175, 8.0)	(180, 8.8)	(185, 12.0)	(190, 12.0)	(195, 12.0)	(200, 12.0)	(205, 12.0)	(210, 12.0)	(215, 16.0)	(220, 16.0)	(225, 18.4)	(230, 20.0)	(235, 22.4)	(240, 24.0)
SRR8438056 - illumina_universal_adapter	(1, 0.0)	(2, 0.0)	(3, 0.0)	(4, 0.0)	(5, 0.0)	(6, 0.0)	(7, 0.0)	(8, 0.0)	(9, 0.0)	(10, 0.0)	(15, 0.0)	(20, 0.0)	(25, 0.0)	(30, 0.0)	(35, 0.0)	(40, 0.0)	(45, 0.0)	(50, 0.0)	(55, 8.0)	(60, 20.0)	(65, 20.0)	(70, 20.0)	(75, 20.0)	(80, 20.0)	(85, 20.0)	(90, 20.0)	(95, 20.0)	(100, 20.0)	(105, 20.0)	(110, 20.0)	(115, 20.0)	(120, 20.0)	(125, 20.0)	(130, 20.0)	(135, 20.0)	(140, 20.0)	(145, 32.0)	(150, 40.0)	(155, 40.0)	(160, 40.0)	(165, 56.0)	(170, 60.0)	(175, 64.0)	(180, 80.0)	(185, 80.0)	(190, 80.0)	(195, 80.0)	(200, 80.0)	(205, 80.0)	(210, 80.0)	(215, 80.0)	(220, 80.0)	(225, 80.0)	(230, 80.0)	(235, 80.0)	(240, 80.0)
SRR8438056 - polya	(1, 0.0)	(2, 0.0)	(3, 0.0)	(4, 0.0)	(5, 0.0)	(6, 0.0)	(7, 0.0)	(8, 0.0)	(9, 0.0)	(10, 0.0)	(15, 0.0)	(20, 0.0)	(25, 0.0)	(30, 0.0)	(35, 0.0)	(40, 0.0)	(45, 0.0)	(50, 0.0)	(55, 0.0)	(60, 0.0)	(65, 0.0)	(70, 0.0)	(75, 0.0)	(80, 0.0)	(85, 0.0)	(90, 0.0)	(95, 0.0)	(100, 0.0)	(105, 0.0)	(110, 0.0)	(115, 4.0)	(120, 20.0)	(125, 20.0)	(130, 20.0)	(135, 20.0)	(140, 20.0)	(145, 20.0)	(150, 20.0)	(155, 20.0)	(160, 20.0)	(165, 20.0)	(170, 20.0)	(175, 20.0)	(180, 20.0)	(185, 20.0)	(190, 20.0)	(195, 20.0)	(200, 20.0)	(205, 28.0)	(210, 40.0)	(215, 40.0)	(220, 40.0)	(225, 40.0)	(230, 40.0)	(235, 40.0)	(240, 40.0)
SRR8438056_1 - polya	(1, 0.0)	(2, 0.0)	(3, 0.0)	(4, 0.0)	(5, 0.0)	(6, 0.0)	(7, 0.0)	(8, 0.0)	(9, 0.0)	(10, 0.0)	(15, 0.0)	(20, 0.0)	(25, 0.0)	(30, 0.0)	(35, 0.0)	(40, 0.0)	(45, 0.0)	(50, 0.003845825143150158)	(55, 0.0064097085719169306)	(60, 0.0064097085719169306)	(65, 0.008973592000683702)	(70, 0.051277668575335444)	(75, 0.10768310400820442)	(80, 0.15383300572600633)	(85, 0.20553798820613625)	(90, 0.264507307067772)	(95, 0.29313733868900094)	(100, 0.3217673703102299)	(105, 0.3397145543115973)	(110, 0.3448423211691308)	(115, 0.3837278865054269)	(120, 0.4973933851807538)	(125, 0.5008118964191095)	(130, 0.5020938381334928)	(135, 0.5042304076574652)	(140, 0.5161951969917101)	(145, 0.5191863943252714)	(150, 0.522604905563627)	(155, 0.5234595333732159)	(160, 0.5234595333732159)	(165, 0.5243141611828048)	(170, 0.5255961028971883)	(175, 0.5255961028971883)	(180, 0.5255961028971883)	(185, 0.5268780446115716)	(190, 0.5277326724211606)	(195, 0.5277326724211606)	(200, 0.5277326724211606)	(205, 0.5277326724211606)	(210, 0.5277326724211606)	(215, 0.5277326724211606)	(220, 0.5277326724211606)	(225, 0.5277326724211606)	(230, 0.5277326724211606)	(235, 0.5277326724211606)	(240, 0.5277326724211606)
SRR8438056_2 - polya	(1, 0.0)	(2, 0.0)	(3, 0.0)	(4, 0.0)	(5, 0.0)	(6, 0.0)	(7, 0.0)	(8, 0.0)	(9, 0.0)	(10, 0.0)	(15, 0.0)	(20, 0.0)	(25, 0.0)	(30, 0.0)	(35, 0.0)	(40, 0.0)	(45, 0.0)	(50, 0.0)	(55, 0.0)	(60, 0.0)	(65, 0.0017092556191778481)	(70, 0.00854627809588924)	(75, 0.015810614477395093)	(80, 0.023074950858900947)	(85, 0.02777540381164003)	(90, 0.03247585676437911)	(95, 0.03931287924109051)	(100, 0.04315870438424066)	(105, 0.05042304076574652)	(110, 0.1149474403897103)	(115, 0.1474232971540894)	(120, 0.1474232971540894)	(125, 0.14913255277326726)	(130, 0.1495598666780617)	(135, 0.1495598666780617)	(140, 0.15041449448765062)	(145, 0.15169643620203402)	(150, 0.15169643620203402)	(155, 0.15169643620203402)	(160, 0.15169643620203402)	(165, 0.15169643620203402)	(170, 0.15169643620203402)	(175, 0.15169643620203402)	(180, 0.15169643620203402)	(185, 0.15169643620203402)	(190, 0.15169643620203402)	(195, 0.15169643620203402)	(200, 0.15169643620203402)	(205, 0.15169643620203402)	(210, 0.15169643620203402)	(215, 0.15169643620203402)	(220, 0.15169643620203402)	(225, 0.15169643620203402)	(230, 0.15169643620203402)	(235, 0.15169643620203402)	(240, 0.15169643620203402)
SRR8438057 - illumina_universal_adapter	(1, 0.0)	(2, 0.0)	(3, 0.0)	(4, 0.0)	(5, 0.0)	(6, 0.0)	(7, 0.0)	(8, 0.0)	(9, 0.0)	(10, 0.0)	(15, 0.0)	(20, 0.0)	(25, 0.0)	(30, 0.0)	(35, 0.0)	(40, 0.0)	(45, 0.0)	(50, 0.0)	(55, 3.5294117647058827)	(60, 5.882352941176471)	(65, 5.882352941176471)	(70, 5.882352941176471)	(75, 5.882352941176471)	(80, 5.882352941176471)	(85, 5.882352941176471)	(90, 11.764705882352942)	(95, 12.941176470588237)	(100, 17.647058823529413)	(105, 17.647058823529413)	(110, 17.647058823529413)	(115, 17.647058823529413)	(120, 17.647058823529413)	(125, 17.647058823529413)	(130, 17.647058823529413)	(135, 27.05882352941176)	(140, 37.64705882352941)	(145, 47.05882352941177)	(150, 48.23529411764706)	(155, 56.47058823529411)	(160, 58.82352941176471)	(165, 67.05882352941175)	(170, 76.47058823529412)	(175, 85.88235294117648)	(180, 89.41176470588235)	(185, 94.11764705882354)	(190, 94.11764705882354)	(195, 94.11764705882354)	(200, 94.11764705882354)	(205, 94.11764705882354)	(210, 94.11764705882354)	(215, 94.11764705882354)	(220, 94.11764705882354)	(225, 94.11764705882354)	(230, 94.11764705882354)	(235, 94.11764705882354)	(240, 94.11764705882354)
SRR8438057 - polya	(1, 0.0)	(2, 0.0)	(3, 0.0)	(4, 0.0)	(5, 0.0)	(6, 0.0)	(7, 0.0)	(8, 0.0)	(9, 0.0)	(10, 0.0)	(15, 0.0)	(20, 0.0)	(25, 0.0)	(30, 0.0)	(35, 0.0)	(40, 0.0)	(45, 0.0)	(50, 0.0)	(55, 0.0)	(60, 0.0)	(65, 0.0)	(70, 0.0)	(75, 0.0)	(80, 0.0)	(85, 0.0)	(90, 0.0)	(95, 0.0)	(100, 0.0)	(105, 0.0)	(110, 0.0)	(115, 0.0)	(120, 0.0)	(125, 0.0)	(130, 0.0)	(135, 0.0)	(140, 0.0)	(145, 0.0)	(150, 4.705882352941177)	(155, 5.882352941176471)	(160, 11.764705882352942)	(165, 11.764705882352942)	(170, 11.764705882352942)	(175, 11.764705882352942)	(180, 11.764705882352942)	(185, 11.764705882352942)	(190, 11.764705882352942)	(195, 18.823529411764707)	(200, 23.529411764705884)	(205, 23.529411764705884)	(210, 23.529411764705884)	(215, 23.529411764705884)	(220, 23.529411764705884)	(225, 29.411764705882355)	(230, 29.411764705882355)	(235, 31.76470588235294)	(240, 35.294117647058826)
SRR8438057_1 - polya	(1, 0.0)	(2, 0.0)	(3, 0.0)	(4, 0.0)	(5, 0.0)	(6, 0.0)	(7, 0.0)	(8, 0.0)	(9, 0.0)	(10, 0.0)	(15, 0.0)	(20, 0.0)	(25, 0.0)	(30, 0.0)	(35, 0.0)	(40, 0.0)	(45, 0.0)	(50, 0.0)	(55, 0.0)	(60, 0.0)	(65, 0.00046734431592475756)	(70, 0.0037387545273980605)	(75, 0.00934688631849515)	(80, 0.00934688631849515)	(85, 0.00934688631849515)	(90, 0.00934688631849515)	(95, 0.010515247108307046)	(100, 0.011216263582194182)	(105, 0.012851968687930834)	(110, 0.014020329477742727)	(115, 0.014020329477742727)	(120, 0.014020329477742727)	(125, 0.014020329477742727)	(130, 0.014020329477742727)	(135, 0.01916111695291506)	(140, 0.0231335436382755)	(145, 0.023367215796237878)	(150, 0.023367215796237878)	(155, 0.023834560112162635)	(160, 0.02453557658604977)	(165, 0.02453557658604977)	(170, 0.02453557658604977)	(175, 0.02453557658604977)	(180, 0.02453557658604977)	(185, 0.02453557658604977)	(190, 0.02453557658604977)	(195, 0.02453557658604977)	(200, 0.02453557658604977)	(205, 0.02453557658604977)	(210, 0.02453557658604977)	(215, 0.02453557658604977)	(220, 0.02453557658604977)	(225, 0.02453557658604977)	(230, 0.027573314639560698)	(235, 0.28718308213576355)	(240, 0.2885851150835378)
SRR8438058 - illumina_universal_adapter	(1, 0.0)	(2, 0.0)	(3, 0.0)	(4, 0.0)	(5, 0.0)	(6, 0.0)	(7, 0.0)	(8, 0.0)	(9, 0.0)	(10, 0.0)	(15, 0.0)	(20, 0.0)	(25, 0.0)	(30, 0.0)	(35, 0.0)	(40, 0.0)	(45, 0.0)	(50, 0.0)	(55, 0.0)	(60, 0.0)	(65, 0.0)	(70, 4.705882352941177)	(75, 5.882352941176471)	(80, 5.882352941176471)	(85, 5.882352941176471)	(90, 5.882352941176471)	(95, 5.882352941176471)	(100, 7.058823529411765)	(105, 11.764705882352942)	(110, 14.11764705882353)	(115, 20.0)	(120, 23.529411764705884)	(125, 25.88235294117647)	(130, 29.411764705882355)	(135, 29.411764705882355)	(140, 34.117647058823536)	(145, 41.1764705882353)	(150, 50.588235294117645)	(155, 56.47058823529411)	(160, 62.35294117647059)	(165, 64.70588235294117)	(170, 75.29411764705883)	(175, 85.88235294117648)	(180, 94.11764705882354)	(185, 100.0)	(190, 100.0)	(195, 100.0)	(200, 100.0)	(205, 100.0)	(210, 100.0)	(215, 100.0)	(220, 100.0)	(225, 100.0)	(230, 100.0)	(235, 100.0)	(240, 100.0)
SRR8438058 - polya	(1, 0.0)	(2, 0.0)	(3, 0.0)	(4, 0.0)	(5, 0.0)	(6, 0.0)	(7, 0.0)	(8, 0.0)	(9, 0.0)	(10, 0.0)	(15, 0.0)	(20, 0.0)	(25, 0.0)	(30, 0.0)	(35, 0.0)	(40, 0.0)	(45, 0.0)	(50, 0.0)	(55, 0.0)	(60, 0.0)	(65, 0.0)	(70, 0.0)	(75, 0.0)	(80, 0.0)	(85, 0.0)	(90, 0.0)	(95, 0.0)	(100, 0.0)	(105, 0.0)	(110, 0.0)	(115, 0.0)	(120, 0.0)	(125, 0.0)	(130, 3.5294117647058827)	(135, 5.882352941176471)	(140, 5.882352941176471)	(145, 5.882352941176471)	(150, 5.882352941176471)	(155, 5.882352941176471)	(160, 5.882352941176471)	(165, 5.882352941176471)	(170, 5.882352941176471)	(175, 5.882352941176471)	(180, 5.882352941176471)	(185, 5.882352941176471)	(190, 5.882352941176471)	(195, 5.882352941176471)	(200, 5.882352941176471)	(205, 5.882352941176471)	(210, 5.882352941176471)	(215, 5.882352941176471)	(220, 8.23529411764706)	(225, 11.764705882352942)	(230, 14.11764705882353)	(235, 17.647058823529413)	(240, 17.647058823529413)
SRR8438058_1 - illumina_small_rna_3'_adapter	(1, 0.0)	(2, 0.0)	(3, 0.0)	(4, 0.0)	(5, 0.0)	(6, 0.0)	(7, 0.0)	(8, 0.0)	(9, 0.0)	(10, 0.0)	(15, 0.0)	(20, 0.0)	(25, 0.0)	(30, 0.0)	(35, 0.0)	(40, 0.0)	(45, 0.0)	(50, 0.0)	(55, 0.0)	(60, 0.0)	(65, 0.0)	(70, 0.0)	(75, 0.0)	(80, 0.0)	(85, 0.0)	(90, 0.0)	(95, 0.0)	(100, 0.0)	(105, 0.0)	(110, 0.0)	(115, 0.0)	(120, 0.0)	(125, 0.0)	(130, 0.0)	(135, 0.029191616766467067)	(140, 0.17589820359281438)	(145, 0.17589820359281438)	(150, 0.17589820359281438)	(155, 0.17589820359281438)	(160, 0.17589820359281438)	(165, 0.17589820359281438)	(170, 0.17589820359281438)	(175, 0.17589820359281438)	(180, 0.17589820359281438)	(185, 0.17589820359281438)	(190, 0.17589820359281438)	(195, 0.17589820359281438)	(200, 0.17589820359281438)	(205, 0.17589820359281438)	(210, 0.17589820359281438)	(215, 0.17589820359281438)	(220, 0.17589820359281438)	(225, 0.17589820359281438)	(230, 0.17589820359281438)	(235, 0.17589820359281438)	(240, 0.17589820359281438)
SRR8438059 - illumina_universal_adapter	(1, 0.0)	(2, 0.0)	(3, 0.0)	(4, 0.0)	(5, 0.0)	(6, 0.0)	(7, 0.0)	(8, 0.0)	(9, 0.0)	(10, 0.0)	(15, 0.0)	(20, 0.0)	(25, 0.0)	(30, 0.0)	(35, 0.0)	(40, 0.0)	(45, 0.0)	(50, 0.0)	(55, 0.0)	(60, 0.0)	(65, 0.0)	(70, 0.0)	(75, 0.0)	(80, 2.666666666666667)	(85, 6.666666666666667)	(90, 6.666666666666667)	(95, 6.666666666666667)	(100, 8.0)	(105, 13.333333333333334)	(110, 13.333333333333334)	(115, 13.333333333333334)	(120, 17.333333333333336)	(125, 22.666666666666668)	(130, 26.666666666666668)	(135, 26.666666666666668)	(140, 33.333333333333336)	(145, 46.666666666666664)	(150, 52.0)	(155, 60.0)	(160, 70.66666666666666)	(165, 73.33333333333333)	(170, 73.33333333333333)	(175, 86.66666666666666)	(180, 100.0)	(185, 100.0)	(190, 100.0)	(195, 100.0)	(200, 100.0)	(205, 100.0)	(210, 100.0)	(215, 100.0)	(220, 100.0)	(225, 100.0)	(230, 100.0)	(235, 100.0)	(240, 100.0)
SRR8438059 - polya	(1, 0.0)	(2, 0.0)	(3, 0.0)	(4, 0.0)	(5, 0.0)	(6, 0.0)	(7, 0.0)	(8, 0.0)	(9, 0.0)	(10, 0.0)	(15, 0.0)	(20, 0.0)	(25, 0.0)	(30, 0.0)	(35, 0.0)	(40, 0.0)	(45, 0.0)	(50, 0.0)	(55, 0.0)	(60, 0.0)	(65, 0.0)	(70, 0.0)	(75, 0.0)	(80, 0.0)	(85, 0.0)	(90, 0.0)	(95, 0.0)	(100, 0.0)	(105, 0.0)	(110, 0.0)	(115, 0.0)	(120, 0.0)	(125, 0.0)	(130, 0.0)	(135, 0.0)	(140, 1.3333333333333335)	(145, 6.666666666666667)	(150, 6.666666666666667)	(155, 6.666666666666667)	(160, 6.666666666666667)	(165, 6.666666666666667)	(170, 6.666666666666667)	(175, 6.666666666666667)	(180, 6.666666666666667)	(185, 6.666666666666667)	(190, 6.666666666666667)	(195, 6.666666666666667)	(200, 6.666666666666667)	(205, 6.666666666666667)	(210, 6.666666666666667)	(215, 6.666666666666667)	(220, 9.333333333333334)	(225, 13.333333333333334)	(230, 13.333333333333334)	(235, 16.0)	(240, 26.666666666666668)
SRR8438059_1 - polya	(1, 0.0)	(2, 0.0)	(3, 0.0)	(4, 0.0)	(5, 0.0)	(6, 0.0)	(7, 0.0)	(8, 0.0)	(9, 0.0)	(10, 0.0)	(15, 0.0)	(20, 0.0)	(25, 0.0)	(30, 0.0)	(35, 0.0)	(40, 0.0)	(45, 0.0)	(50, 0.0012491152100595412)	(55, 0.0020818586834325686)	(60, 0.0020818586834325686)	(65, 0.013740267310654952)	(70, 0.06245576050297706)	(75, 0.09035266686097347)	(80, 0.10367656243494192)	(85, 0.11366948411541825)	(90, 0.11700045800891035)	(95, 0.12282966232252154)	(100, 0.12491152100595411)	(105, 0.12491152100595411)	(110, 0.12491152100595411)	(115, 0.12657700795270016)	(120, 0.13532081442311697)	(125, 0.13532081442311697)	(130, 0.13532081442311697)	(135, 0.13532081442311697)	(140, 0.13532081442311697)	(145, 0.13532081442311697)	(150, 0.13532081442311697)	(155, 0.1365699296331765)	(160, 0.13740267310654952)	(165, 0.13740267310654952)	(170, 0.13740267310654952)	(175, 0.13740267310654952)	(180, 0.13740267310654952)	(185, 0.1390681600532956)	(190, 0.14156639047341465)	(195, 0.14989382520714492)	(200, 0.15697214473081567)	(205, 0.18736728150893117)	(210, 0.18736728150893117)	(215, 0.18736728150893117)	(220, 0.18736728150893117)	(225, 0.18736728150893117)	(230, 0.1877836532456177)	(235, 0.29312570262730564)	(240, 0.29562393304742474)
SRR8438060 - illumina_universal_adapter	(1, 0.0)	(2, 0.0)	(3, 0.0)	(4, 0.0)	(5, 0.0)	(6, 0.0)	(7, 0.0)	(8, 0.0)	(9, 0.0)	(10, 0.0)	(15, 0.0)	(20, 0.0)	(25, 0.0)	(30, 0.0)	(35, 0.0)	(40, 0.0)	(45, 0.0)	(50, 0.0)	(55, 0.0)	(60, 0.0)	(65, 0.0)	(70, 0.0)	(75, 0.0)	(80, 0.0)	(85, 0.0)	(90, 0.0)	(95, 0.0)	(100, 6.666666666666667)	(105, 16.666666666666668)	(110, 16.666666666666668)	(115, 26.666666666666668)	(120, 33.333333333333336)	(125, 33.333333333333336)	(130, 33.333333333333336)	(135, 33.333333333333336)	(140, 33.333333333333336)	(145, 33.333333333333336)	(150, 33.333333333333336)	(155, 46.66666666666667)	(160, 50.0)	(165, 50.0)	(170, 50.0)	(175, 53.333333333333336)	(180, 66.66666666666667)	(185, 66.66666666666667)	(190, 66.66666666666667)	(195, 66.66666666666667)	(200, 66.66666666666667)	(205, 66.66666666666667)	(210, 66.66666666666667)	(215, 66.66666666666667)	(220, 66.66666666666667)	(225, 66.66666666666667)	(230, 66.66666666666667)	(235, 66.66666666666667)	(240, 66.66666666666667)
SRR8438060_1 - polya	(1, 0.0)	(2, 0.0)	(3, 0.0)	(4, 0.0)	(5, 0.0)	(6, 0.0)	(7, 0.0)	(8, 0.0)	(9, 0.0)	(10, 0.0)	(15, 0.0)	(20, 0.0)	(25, 0.0)	(30, 0.0)	(35, 0.0)	(40, 0.0)	(45, 0.0)	(50, 0.0032399157621901833)	(55, 0.005399859603650305)	(60, 0.005399859603650305)	(65, 0.1079971920730061)	(70, 1.0734920892056805)	(75, 2.132944543441871)	(80, 3.3770721961229007)	(85, 5.456018143528269)	(90, 12.57195312921864)	(95, 16.322695609914142)	(100, 16.46417193152978)	(105, 16.474971650737082)	(110, 16.500890976834604)	(115, 16.50953075220044)	(120, 16.523570387169933)	(125, 16.523570387169933)	(130, 16.523570387169933)	(135, 17.212592472595713)	(140, 17.679140342351097)	(145, 17.679140342351097)	(150, 17.679140342351097)	(155, 17.679140342351097)	(160, 17.679140342351097)	(165, 17.679140342351097)	(170, 17.679140342351097)	(175, 17.679140342351097)	(180, 17.679140342351097)	(185, 17.679140342351097)	(190, 17.679140342351097)	(195, 17.679140342351097)	(200, 17.679140342351097)	(205, 17.679140342351097)	(210, 17.679140342351097)	(215, 17.679140342351097)	(220, 17.679140342351097)	(225, 17.679140342351097)	(230, 17.679140342351097)	(235, 17.68454020195475)	(240, 17.68454020195475)
SRR8438060_2 - polya	(1, 0.0)	(2, 0.0)	(3, 0.0)	(4, 0.0)	(5, 0.0)	(6, 0.0)	(7, 0.0)	(8, 0.0)	(9, 0.0)	(10, 0.0)	(15, 0.0)	(20, 0.0)	(25, 0.0)	(30, 0.0)	(35, 0.0)	(40, 0.0)	(45, 0.0)	(50, 0.0)	(55, 0.0)	(60, 0.034559101463361955)	(65, 0.1468761812192883)	(70, 0.3628705653653005)	(75, 0.5324261569199201)	(80, 0.7192612992062206)	(85, 1.1285706571629137)	(90, 1.1372104325287542)	(95, 1.1404503482909445)	(100, 1.152330039418975)	(105, 1.1793293374372265)	(110, 1.2149684108213186)	(115, 1.220368270424969)	(120, 1.2365678492359198)	(125, 1.3704843674064473)	(130, 1.6793563367352449)	(135, 1.695555915546196)	(140, 1.695555915546196)	(145, 1.695555915546196)	(150, 1.695555915546196)	(155, 1.695555915546196)	(160, 1.695555915546196)	(165, 1.695555915546196)	(170, 1.695555915546196)	(175, 1.695555915546196)	(180, 1.695555915546196)	(185, 1.695555915546196)	(190, 1.695555915546196)	(195, 1.695555915546196)	(200, 1.695555915546196)	(205, 1.695555915546196)	(210, 1.695555915546196)	(215, 1.695555915546196)	(220, 1.695555915546196)	(225, 1.695555915546196)	(230, 1.695555915546196)	(235, 1.695555915546196)	(240, 1.695555915546196)
SRR8438060_2 - polyg	(1, 0.0)	(2, 0.0)	(3, 0.0)	(4, 0.005399859603650305)	(5, 0.005399859603650305)	(6, 0.005399859603650305)	(7, 0.005399859603650305)	(8, 0.005399859603650305)	(9, 0.005399859603650305)	(10, 0.005399859603650305)	(15, 0.005399859603650305)	(20, 0.005399859603650305)	(25, 0.00971974728657055)	(30, 0.01079971920730061)	(35, 0.01079971920730061)	(40, 0.01079971920730061)	(45, 0.01079971920730061)	(50, 0.01079971920730061)	(55, 0.01079971920730061)	(60, 0.01079971920730061)	(65, 0.01079971920730061)	(70, 0.01079971920730061)	(75, 0.01079971920730061)	(80, 0.01079971920730061)	(85, 0.025919326097521466)	(90, 0.03131918570117177)	(95, 0.033479129542631894)	(100, 0.0442788487499325)	(105, 0.049678708353582804)	(110, 0.06479831524380367)	(115, 0.06479831524380367)	(120, 0.06479831524380367)	(125, 0.06479831524380367)	(130, 0.06479831524380367)	(135, 0.06479831524380367)	(140, 0.06587828716453373)	(145, 0.07019817484745397)	(150, 0.07667800637183433)	(155, 0.18575517036557052)	(160, 0.21707435606674225)	(165, 0.22679410335331282)	(170, 0.22679410335331282)	(175, 0.22679410335331282)	(180, 0.22679410335331282)	(185, 0.22679410335331282)	(190, 0.22679410335331282)	(195, 0.22679410335331282)	(200, 0.23759382256061343)	(205, 0.23759382256061343)	(210, 0.23759382256061343)	(215, 0.23759382256061343)	(220, 0.23759382256061343)	(225, 0.23759382256061343)	(230, 0.23759382256061343)	(235, 0.24083373832280358)	(240, 0.24299368216426373)
SRR8438061 - illumina_universal_adapter	(1, 0.0)	(2, 0.0)	(3, 0.0)	(4, 0.0)	(5, 0.0)	(6, 0.0)	(7, 0.0)	(8, 0.0)	(9, 0.0)	(10, 0.0)	(15, 0.0)	(20, 0.0)	(25, 0.0)	(30, 0.0)	(35, 0.0)	(40, 0.0)	(45, 0.0)	(50, 0.0)	(55, 0.0)	(60, 0.0)	(65, 0.0)	(70, 0.0)	(75, 0.0)	(80, 2.5)	(85, 3.125)	(90, 3.125)	(95, 3.125)	(100, 4.375)	(105, 6.25)	(110, 7.5)	(115, 12.5)	(120, 18.75)	(125, 23.125)	(130, 25.0)	(135, 28.125)	(140, 36.25)	(145, 40.0)	(150, 42.5)	(155, 46.875)	(160, 53.125)	(165, 60.625)	(170, 66.25)	(175, 72.5)	(180, 80.0)	(185, 90.0)	(190, 93.75)	(195, 93.75)	(200, 93.75)	(205, 93.75)	(210, 93.75)	(215, 93.75)	(220, 93.75)	(225, 93.75)	(230, 93.75)	(235, 93.75)	(240, 93.75)
SRR8438061 - polya	(1, 0.0)	(2, 0.0)	(3, 0.0)	(4, 0.0)	(5, 0.0)	(6, 0.0)	(7, 0.0)	(8, 0.0)	(9, 0.0)	(10, 0.0)	(15, 0.0)	(20, 0.0)	(25, 0.0)	(30, 0.0)	(35, 0.0)	(40, 0.0)	(45, 0.0)	(50, 0.0)	(55, 0.0)	(60, 0.0)	(65, 0.0)	(70, 0.0)	(75, 0.0)	(80, 0.0)	(85, 0.0)	(90, 0.0)	(95, 0.0)	(100, 0.0)	(105, 0.0)	(110, 0.0)	(115, 0.0)	(120, 0.0)	(125, 0.0)	(130, 0.0)	(135, 0.0)	(140, 1.875)	(145, 3.125)	(150, 3.125)	(155, 3.125)	(160, 3.75)	(165, 6.25)	(170, 6.25)	(175, 6.25)	(180, 10.625)	(185, 16.25)	(190, 18.75)	(195, 20.625)	(200, 26.25)	(205, 28.125)	(210, 28.125)	(215, 28.125)	(220, 28.125)	(225, 28.125)	(230, 30.0)	(235, 34.375)	(240, 34.375)
SRR8438062 - illumina_universal_adapter	(1, 0.0)	(2, 0.0)	(3, 0.0)	(4, 0.0)	(5, 0.0)	(6, 0.0)	(7, 0.0)	(8, 0.0)	(9, 0.0)	(10, 0.0)	(15, 0.0)	(20, 0.0)	(25, 0.0)	(30, 0.0)	(35, 0.0)	(40, 0.0)	(45, 0.0)	(50, 0.0)	(55, 0.0)	(60, 0.0)	(65, 0.0)	(70, 0.0)	(75, 0.0)	(80, 0.0)	(85, 0.0)	(90, 0.0)	(95, 0.0)	(100, 0.0)	(105, 0.0)	(110, 0.0)	(115, 0.0)	(120, 0.0)	(125, 0.0)	(130, 25.0)	(135, 25.0)	(140, 25.0)	(145, 25.0)	(150, 30.0)	(155, 50.0)	(160, 50.0)	(165, 50.0)	(170, 50.0)	(175, 50.0)	(180, 50.0)	(185, 75.0)	(190, 75.0)	(195, 75.0)	(200, 75.0)	(205, 75.0)	(210, 75.0)	(215, 75.0)	(220, 75.0)	(225, 75.0)	(230, 75.0)	(235, 75.0)	(240, 75.0)
SRR8438062_1 - nextera_transposase_sequence	(1, 0.0)	(2, 0.0)	(3, 0.0)	(4, 1.512900918743467)	(5, 1.512900918743467)	(6, 1.512900918743467)	(7, 1.512900918743467)	(8, 1.512900918743467)	(9, 1.512900918743467)	(10, 1.512900918743467)	(15, 1.512900918743467)	(20, 1.512900918743467)	(25, 1.512900918743467)	(30, 1.512900918743467)	(35, 1.512900918743467)	(40, 1.5134510645321009)	(45, 1.5156516476866368)	(50, 1.5156516476866368)	(55, 1.5156516476866368)	(60, 1.5156516476866368)	(65, 1.5156516476866368)	(70, 1.5156516476866368)	(75, 1.5156516476866368)	(80, 1.5156516476866368)	(85, 1.5156516476866368)	(90, 1.5156516476866368)	(95, 1.5156516476866368)	(100, 1.5156516476866368)	(105, 1.5156516476866368)	(110, 1.5156516476866368)	(115, 1.5156516476866368)	(120, 1.5156516476866368)	(125, 1.5156516476866368)	(130, 1.5156516476866368)	(135, 1.5156516476866368)	(140, 1.5156516476866368)	(145, 1.5156516476866368)	(150, 1.5156516476866368)	(155, 1.5156516476866368)	(160, 1.5156516476866368)	(165, 1.5156516476866368)	(170, 1.5156516476866368)	(175, 1.5156516476866368)	(180, 1.5156516476866368)	(185, 1.5156516476866368)	(190, 1.5156516476866368)	(195, 1.5156516476866368)	(200, 1.5156516476866368)	(205, 1.5156516476866368)	(210, 1.5156516476866368)	(215, 1.5156516476866368)	(220, 1.5156516476866368)	(225, 1.5156516476866368)	(230, 1.5156516476866368)	(235, 1.5156516476866368)	(240, 1.5156516476866368)
SRR8438062_1 - polya	(1, 0.0)	(2, 0.0)	(3, 0.0)	(4, 0.0)	(5, 0.0)	(6, 0.0)	(7, 0.0)	(8, 0.0)	(9, 0.0)	(10, 0.0)	(15, 0.0)	(20, 0.0)	(25, 0.0)	(30, 0.0)	(35, 0.0)	(40, 0.0)	(45, 0.0)	(50, 0.001650437365901964)	(55, 0.00275072894316994)	(60, 0.00275072894316994)	(65, 0.26351983275568025)	(70, 1.565164768663696)	(75, 2.4332948231281293)	(80, 3.0098476096165485)	(85, 3.7558452990042364)	(90, 7.684986521428177)	(95, 9.934532651152555)	(100, 10.08142157671783)	(105, 10.403807008857347)	(110, 10.47202508664796)	(115, 10.502283105022832)	(120, 10.555647246520328)	(125, 10.564449579138472)	(130, 10.599658909611046)	(135, 10.629916927985917)	(140, 10.63871926060406)	(145, 10.643120426913132)	(150, 10.655773780051714)	(155, 10.664025966881223)	(160, 10.666776695824392)	(165, 10.676679320019806)	(170, 10.71463937943555)	(175, 10.741596523078616)	(180, 10.752599438851295)	(185, 10.759751334103537)	(190, 10.76965395829895)	(195, 10.777355999339825)	(200, 10.780106728282995)	(205, 10.780106728282995)	(210, 10.780106728282995)	(215, 10.780106728282995)	(220, 10.783407603014798)	(225, 10.789459206689774)	(230, 10.809264455080598)	(235, 11.82483358089894)	(240, 11.825383726687573)
SRR8438062_2 - polya	(1, 0.0)	(2, 0.0)	(3, 0.0)	(4, 0.0)	(5, 0.0)	(6, 0.0)	(7, 0.0)	(8, 0.0)	(9, 0.0)	(10, 0.0)	(15, 0.0)	(20, 0.0)	(25, 0.0)	(30, 0.0)	(35, 0.0)	(40, 0.0)	(45, 0.0)	(50, 0.0)	(55, 0.0)	(60, 0.07977113935192826)	(65, 0.23326181438081095)	(70, 0.3388898057985366)	(75, 0.41260934147549105)	(80, 0.508334708697805)	(85, 0.7355449194036419)	(90, 0.7465478351763217)	(95, 0.7603014798921715)	(100, 0.778456290917093)	(105, 0.8059635803487926)	(110, 0.8191670792760082)	(115, 0.82631897452825)	(120, 0.8279694118941519)	(125, 0.8725312207735051)	(130, 0.9412994443527534)	(135, 0.9501017769708973)	(140, 0.9517522143367992)	(145, 0.9517522143367992)	(150, 0.9517522143367992)	(155, 0.9545029432799692)	(160, 0.9550530890686032)	(165, 0.960004401166309)	(170, 0.960004401166309)	(175, 0.960004401166309)	(180, 0.960004401166309)	(185, 0.960004401166309)	(190, 0.960004401166309)	(195, 0.960004401166309)	(200, 0.960004401166309)	(205, 0.960004401166309)	(210, 0.960004401166309)	(215, 0.960004401166309)	(220, 0.960004401166309)	(225, 0.960004401166309)	(230, 0.960004401166309)	(235, 0.960004401166309)	(240, 0.960004401166309)
SRR8438063 - illumina_universal_adapter	(1, 0.0)	(2, 0.0)	(3, 0.0)	(4, 0.0)	(5, 0.0)	(6, 0.0)	(7, 0.0)	(8, 0.0)	(9, 0.0)	(10, 0.0)	(15, 0.0)	(20, 0.0)	(25, 0.0)	(30, 0.0)	(35, 0.0)	(40, 0.0)	(45, 0.0)	(50, 0.0)	(55, 0.0)	(60, 0.0)	(65, 0.0)	(70, 0.0)	(75, 0.0)	(80, 0.0)	(85, 2.857142857142857)	(90, 7.142857142857143)	(95, 7.142857142857143)	(100, 10.0)	(105, 14.285714285714286)	(110, 20.0)	(115, 27.142857142857146)	(120, 35.714285714285715)	(125, 35.714285714285715)	(130, 35.714285714285715)	(135, 35.714285714285715)	(140, 42.857142857142854)	(145, 54.28571428571429)	(150, 71.42857142857143)	(155, 71.42857142857143)	(160, 71.42857142857143)	(165, 71.42857142857143)	(170, 78.57142857142857)	(175, 85.71428571428571)	(180, 87.14285714285714)	(185, 92.85714285714286)	(190, 92.85714285714286)	(195, 92.85714285714286)	(200, 92.85714285714286)	(205, 92.85714285714286)	(210, 92.85714285714286)	(215, 92.85714285714286)	(220, 92.85714285714286)	(225, 92.85714285714286)	(230, 92.85714285714286)	(235, 92.85714285714286)	(240, 92.85714285714286)
SRR8438063 - polya	(1, 0.0)	(2, 0.0)	(3, 0.0)	(4, 0.0)	(5, 0.0)	(6, 0.0)	(7, 0.0)	(8, 0.0)	(9, 0.0)	(10, 0.0)	(15, 0.0)	(20, 0.0)	(25, 0.0)	(30, 0.0)	(35, 0.0)	(40, 0.0)	(45, 0.0)	(50, 0.0)	(55, 0.0)	(60, 0.0)	(65, 0.0)	(70, 0.0)	(75, 0.0)	(80, 0.0)	(85, 0.0)	(90, 0.0)	(95, 0.0)	(100, 0.0)	(105, 0.0)	(110, 0.0)	(115, 0.0)	(120, 0.0)	(125, 0.0)	(130, 0.0)	(135, 0.0)	(140, 0.0)	(145, 1.4285714285714286)	(150, 7.142857142857143)	(155, 7.142857142857143)	(160, 7.142857142857143)	(165, 7.142857142857143)	(170, 7.142857142857143)	(175, 7.142857142857143)	(180, 7.142857142857143)	(185, 7.142857142857143)	(190, 7.142857142857143)	(195, 7.142857142857143)	(200, 12.857142857142858)	(205, 14.285714285714286)	(210, 14.285714285714286)	(215, 14.285714285714286)	(220, 14.285714285714286)	(225, 14.285714285714286)	(230, 14.285714285714286)	(235, 14.285714285714286)	(240, 14.285714285714286)
SRR8438064 - illumina_universal_adapter	(1, 0.0)	(2, 0.0)	(3, 0.0)	(4, 0.0)	(5, 0.0)	(6, 0.0)	(7, 0.0)	(8, 0.0)	(9, 0.0)	(10, 0.0)	(15, 0.0)	(20, 0.0)	(25, 0.0)	(30, 0.0)	(35, 0.0)	(40, 0.0)	(45, 0.0)	(50, 0.0)	(55, 0.0)	(60, 0.0)	(65, 0.0)	(70, 0.0)	(75, 0.0)	(80, 0.0)	(85, 0.0)	(90, 0.0)	(95, 0.0)	(100, 0.0)	(105, 0.0)	(110, 0.0)	(115, 0.0)	(120, 0.0)	(125, 0.0)	(130, 0.0)	(135, 0.0)	(140, 0.0)	(145, 0.0)	(150, 0.0)	(155, 0.0)	(160, 15.0)	(165, 25.0)	(170, 35.0)	(175, 70.0)	(180, 75.0)	(185, 75.0)	(190, 75.0)	(195, 75.0)	(200, 75.0)	(205, 75.0)	(210, 75.0)	(215, 75.0)	(220, 75.0)	(225, 75.0)	(230, 75.0)	(235, 75.0)	(240, 75.0)
SRR8438064_1 - nextera_transposase_sequence	(1, 0.0)	(2, 0.0)	(3, 0.0)	(4, 1.0754955714888232)	(5, 1.0754955714888232)	(6, 1.0754955714888232)	(7, 1.0754955714888232)	(8, 1.0754955714888232)	(9, 1.0754955714888232)	(10, 1.0754955714888232)	(15, 1.0754955714888232)	(20, 1.0754955714888232)	(25, 1.0754955714888232)	(30, 1.0754955714888232)	(35, 1.0754955714888232)	(40, 1.079361732039927)	(45, 1.0948263742443414)	(50, 1.0948263742443414)	(55, 1.0948263742443414)	(60, 1.0948263742443414)	(65, 1.0948263742443414)	(70, 1.0948263742443414)	(75, 1.0948263742443414)	(80, 1.0948263742443414)	(85, 1.0948263742443414)	(90, 1.0948263742443414)	(95, 1.0948263742443414)	(100, 1.0948263742443414)	(105, 1.0948263742443414)	(110, 1.0948263742443414)	(115, 1.0948263742443414)	(120, 1.0948263742443414)	(125, 1.0948263742443414)	(130, 1.0948263742443414)	(135, 1.0948263742443414)	(140, 1.0948263742443414)	(145, 1.0948263742443414)	(150, 1.0948263742443414)	(155, 1.0948263742443414)	(160, 1.0948263742443414)	(165, 1.0948263742443414)	(170, 1.0948263742443414)	(175, 1.0948263742443414)	(180, 1.0948263742443414)	(185, 1.0948263742443414)	(190, 1.0948263742443414)	(195, 1.0948263742443414)	(200, 1.0948263742443414)	(205, 1.0948263742443414)	(210, 1.0948263742443414)	(215, 1.0948263742443414)	(220, 1.0948263742443414)	(225, 1.0948263742443414)	(230, 1.0948263742443414)	(235, 1.0948263742443414)	(240, 1.0948263742443414)
SRR8438064_1 - polya	(1, 0.0)	(2, 0.0)	(3, 0.0)	(4, 0.0)	(5, 0.0)	(6, 0.0)	(7, 0.0)	(8, 0.0)	(9, 0.0)	(10, 0.0)	(15, 0.0)	(20, 0.0)	(25, 0.0)	(30, 0.0)	(35, 0.0)	(40, 0.0)	(45, 0.0)	(50, 0.0)	(55, 0.0)	(60, 0.0)	(65, 0.1957683115422466)	(70, 0.8034584563475328)	(75, 1.111345423871784)	(80, 1.5872346407985378)	(85, 2.056445944046113)	(90, 4.096372838464783)	(95, 5.476943624349782)	(100, 5.633347392098974)	(105, 5.731758751581611)	(110, 5.738085196119782)	(115, 5.740545480106847)	(120, 5.746520455504006)	(125, 5.752143961760157)	(130, 5.75636159145227)	(135, 5.757064529734289)	(140, 5.758821875439336)	(145, 5.760227752003374)	(150, 5.762336566849431)	(155, 5.762336566849431)	(160, 5.762336566849431)	(165, 5.762336566849431)	(170, 5.762336566849431)	(175, 5.762336566849431)	(180, 5.762336566849431)	(185, 5.764445381695486)	(190, 5.766202727400534)	(195, 5.772529171938704)	(200, 5.7728806410797135)	(205, 5.773935048502741)	(210, 5.77463798678476)	(215, 5.77463798678476)	(220, 5.77463798678476)	(225, 5.77463798678476)	(230, 5.779910023899902)	(235, 6.054055953887248)	(240, 6.0558132995922955)
SRR8438064_2 - polya	(1, 0.0)	(2, 0.0)	(3, 0.0)	(4, 0.0)	(5, 0.0)	(6, 0.0)	(7, 0.0)	(8, 0.0)	(9, 0.0)	(10, 0.0)	(15, 0.0)	(20, 0.0)	(25, 0.0)	(30, 0.0)	(35, 0.0)	(40, 0.0)	(45, 0.0)	(50, 0.0)	(55, 0.0)	(60, 0.0636159145227049)	(65, 0.09841135948263742)	(70, 0.16343315056938001)	(75, 0.21334176859271756)	(80, 0.25481512723182903)	(85, 0.36166174609869256)	(90, 0.3672852523548433)	(95, 0.3676367214958527)	(100, 0.37150288204695625)	(105, 0.3943483762125686)	(110, 0.40454098130184163)	(115, 0.41086742584001124)	(120, 0.41438211725010543)	(125, 0.4323070434415858)	(130, 0.4586672290172923)	(135, 0.46147898214536764)	(140, 0.4639392661324336)	(145, 0.4639392661324336)	(150, 0.4639392661324336)	(155, 0.4639392661324336)	(160, 0.4639392661324336)	(165, 0.4639392661324336)	(170, 0.4639392661324336)	(175, 0.4639392661324336)	(180, 0.4639392661324336)	(185, 0.4639392661324336)	(190, 0.4639392661324336)	(195, 0.4639392661324336)	(200, 0.4639392661324336)	(205, 0.4639392661324336)	(210, 0.4639392661324336)	(215, 0.4639392661324336)	(220, 0.4639392661324336)	(225, 0.4639392661324336)	(230, 0.4639392661324336)	(235, 0.4639392661324336)	(240, 0.4639392661324336)
SRR8438065 - illumina_universal_adapter	(1, 0.0)	(2, 0.0)	(3, 0.0)	(4, 0.0)	(5, 0.0)	(6, 0.0)	(7, 0.0)	(8, 0.0)	(9, 0.0)	(10, 0.0)	(15, 0.0)	(20, 0.0)	(25, 0.0)	(30, 0.0)	(35, 0.0)	(40, 0.0)	(45, 0.0)	(50, 0.0)	(55, 0.0)	(60, 0.0)	(65, 0.0)	(70, 0.0)	(75, 0.0)	(80, 0.0)	(85, 0.0)	(90, 0.0)	(95, 0.0)	(100, 0.0)	(105, 0.0)	(110, 0.0)	(115, 0.0)	(120, 0.0)	(125, 7.692307692307692)	(130, 12.307692307692308)	(135, 20.0)	(140, 23.076923076923077)	(145, 23.076923076923077)	(150, 29.230769230769226)	(155, 38.46153846153846)	(160, 40.0)	(165, 49.230769230769226)	(170, 67.6923076923077)	(175, 70.76923076923076)	(180, 92.3076923076923)	(185, 100.0)	(190, 100.0)	(195, 100.0)	(200, 100.0)	(205, 100.0)	(210, 100.0)	(215, 100.0)	(220, 100.0)	(225, 100.0)	(230, 100.0)	(235, 100.0)	(240, 100.0)
SRR8438065 - polya	(1, 0.0)	(2, 0.0)	(3, 0.0)	(4, 0.0)	(5, 0.0)	(6, 0.0)	(7, 0.0)	(8, 0.0)	(9, 0.0)	(10, 0.0)	(15, 0.0)	(20, 0.0)	(25, 0.0)	(30, 0.0)	(35, 0.0)	(40, 0.0)	(45, 0.0)	(50, 0.0)	(55, 0.0)	(60, 0.0)	(65, 0.0)	(70, 0.0)	(75, 0.0)	(80, 0.0)	(85, 0.0)	(90, 0.0)	(95, 0.0)	(100, 0.0)	(105, 0.0)	(110, 0.0)	(115, 0.0)	(120, 0.0)	(125, 0.0)	(130, 0.0)	(135, 0.0)	(140, 0.0)	(145, 0.0)	(150, 0.0)	(155, 0.0)	(160, 0.0)	(165, 0.0)	(170, 0.0)	(175, 0.0)	(180, 0.0)	(185, 0.0)	(190, 3.076923076923077)	(195, 7.692307692307692)	(200, 7.692307692307692)	(205, 7.692307692307692)	(210, 7.692307692307692)	(215, 7.692307692307692)	(220, 7.692307692307692)	(225, 7.692307692307692)	(230, 7.692307692307692)	(235, 7.692307692307692)	(240, 7.6923076923076925)
SRR8438066 - illumina_universal_adapter	(1, 0.0)	(2, 0.0)	(3, 0.0)	(4, 0.0)	(5, 0.0)	(6, 0.0)	(7, 0.0)	(8, 0.0)	(9, 0.0)	(10, 0.0)	(15, 0.0)	(20, 0.0)	(25, 0.0)	(30, 0.0)	(35, 0.0)	(40, 0.0)	(45, 0.0)	(50, 0.0)	(55, 0.0)	(60, 0.0)	(65, 0.0)	(70, 0.0)	(75, 0.0)	(80, 0.0)	(85, 0.0)	(90, 0.0)	(95, 0.0)	(100, 0.0)	(105, 0.0)	(110, 0.0)	(115, 0.0)	(120, 0.0)	(125, 0.0)	(130, 4.545454545454546)	(135, 4.545454545454546)	(140, 5.454545454545455)	(145, 11.818181818181818)	(150, 18.181818181818183)	(155, 18.181818181818183)	(160, 30.909090909090907)	(165, 42.72727272727273)	(170, 50.0)	(175, 56.36363636363636)	(180, 64.54545454545455)	(185, 73.63636363636365)	(190, 81.81818181818181)	(195, 81.81818181818181)	(200, 81.81818181818181)	(205, 81.81818181818181)	(210, 81.81818181818181)	(215, 81.81818181818181)	(220, 81.81818181818181)	(225, 81.81818181818181)	(230, 81.81818181818181)	(235, 81.81818181818181)	(240, 81.81818181818181)
SRR8438066 - polya	(1, 0.0)	(2, 0.0)	(3, 0.0)	(4, 0.0)	(5, 0.0)	(6, 0.0)	(7, 0.0)	(8, 0.0)	(9, 0.0)	(10, 0.0)	(15, 0.0)	(20, 0.0)	(25, 0.0)	(30, 0.0)	(35, 0.0)	(40, 0.0)	(45, 0.0)	(50, 0.0)	(55, 0.0)	(60, 0.0)	(65, 0.0)	(70, 0.0)	(75, 0.0)	(80, 0.0)	(85, 0.0)	(90, 0.0)	(95, 0.0)	(100, 0.0)	(105, 0.0)	(110, 0.0)	(115, 0.0)	(120, 0.0)	(125, 0.0)	(130, 0.0)	(135, 0.0)	(140, 0.0)	(145, 0.0)	(150, 0.0)	(155, 0.0)	(160, 0.0)	(165, 0.0)	(170, 0.0)	(175, 0.0)	(180, 0.0)	(185, 0.0)	(190, 0.0)	(195, 0.0)	(200, 0.0)	(205, 0.0)	(210, 0.0)	(215, 0.0)	(220, 1.8181818181818183)	(225, 4.545454545454546)	(230, 4.545454545454546)	(235, 6.363636363636364)	(240, 9.090909090909092)
SRR8438067 - illumina_universal_adapter	(1, 0.0)	(2, 0.0)	(3, 0.0)	(4, 0.0)	(5, 0.0)	(6, 0.0)	(7, 0.0)	(8, 0.0)	(9, 0.0)	(10, 0.0)	(15, 0.0)	(20, 0.0)	(25, 0.0)	(30, 0.0)	(35, 0.0)	(40, 0.0)	(45, 0.0)	(50, 0.0)	(55, 0.0)	(60, 0.0)	(65, 0.0)	(70, 0.0)	(75, 12.0)	(80, 20.0)	(85, 20.0)	(90, 20.0)	(95, 20.0)	(100, 20.0)	(105, 20.0)	(110, 20.0)	(115, 20.0)	(120, 20.0)	(125, 20.0)	(130, 20.0)	(135, 20.0)	(140, 20.0)	(145, 20.0)	(150, 20.0)	(155, 20.0)	(160, 40.0)	(165, 60.0)	(170, 72.0)	(175, 80.0)	(180, 80.0)	(185, 80.0)	(190, 80.0)	(195, 80.0)	(200, 80.0)	(205, 80.0)	(210, 80.0)	(215, 80.0)	(220, 80.0)	(225, 80.0)	(230, 80.0)	(235, 80.0)	(240, 80.0)
SRR8438067_1 - illumina_small_rna_3'_adapter	(1, 0.0)	(2, 0.0)	(3, 0.0)	(4, 0.0)	(5, 0.0)	(6, 0.0)	(7, 0.0)	(8, 0.0)	(9, 0.0)	(10, 0.0)	(15, 0.0)	(20, 0.0)	(25, 0.0)	(30, 0.0)	(35, 0.0)	(40, 0.0)	(45, 0.0)	(50, 0.0)	(55, 0.0)	(60, 0.0)	(65, 0.0)	(70, 0.0)	(75, 0.0)	(80, 0.0)	(85, 0.0)	(90, 0.0)	(95, 0.0)	(100, 0.0)	(105, 0.0)	(110, 0.0)	(115, 0.0)	(120, 0.0)	(125, 0.0)	(130, 0.0)	(135, 0.11117009649314555)	(140, 0.549604971426787)	(145, 0.549604971426787)	(150, 0.549604971426787)	(155, 0.549604971426787)	(160, 0.549604971426787)	(165, 0.549604971426787)	(170, 0.549604971426787)	(175, 0.549604971426787)	(180, 0.549604971426787)	(185, 0.549604971426787)	(190, 0.549604971426787)	(195, 0.549604971426787)	(200, 0.549604971426787)	(205, 0.549604971426787)	(210, 0.549604971426787)	(215, 0.549604971426787)	(220, 0.549604971426787)	(225, 0.549604971426787)	(230, 0.549604971426787)	(235, 0.549604971426787)	(240, 0.549604971426787)
SRR8438067_1 - polya	(1, 0.0)	(2, 0.0)	(3, 0.0)	(4, 0.0)	(5, 0.0)	(6, 0.0)	(7, 0.0)	(8, 0.0)	(9, 0.0)	(10, 0.0)	(15, 0.0)	(20, 0.0)	(25, 0.0)	(30, 0.0)	(35, 0.0)	(40, 0.0)	(45, 0.0)	(50, 0.0)	(55, 0.0)	(60, 0.0)	(65, 0.0393467195453268)	(70, 0.22358929519407927)	(75, 0.3060300409080973)	(80, 0.30852824532367357)	(85, 0.35474502701183525)	(90, 0.6008181619461013)	(95, 0.761952346750773)	(100, 0.7681978577897136)	(105, 0.7681978577897136)	(110, 0.7681978577897136)	(115, 0.7838116353870656)	(120, 0.7900571464260063)	(125, 0.7919307997376885)	(130, 0.7994254129844175)	(135, 0.8312775192830154)	(140, 0.8525122568154139)	(145, 0.8525122568154139)	(150, 0.8550104612309901)	(155, 0.8556350123348843)	(160, 0.8556350123348843)	(165, 0.8556350123348843)	(170, 0.8556350123348843)	(175, 0.8556350123348843)	(180, 0.8556350123348843)	(185, 0.8556350123348843)	(190, 0.8556350123348843)	(195, 0.8568841145426724)	(200, 0.861880523373825)	(205, 0.861880523373825)	(210, 0.861880523373825)	(215, 0.861880523373825)	(220, 0.861880523373825)	(225, 0.861880523373825)	(230, 0.8737469943478124)	(235, 0.9630578022046654)	(240, 0.9649314555163476)
SRR8438067_2 - polya	(1, 0.0)	(2, 0.0)	(3, 0.0)	(4, 0.0)	(5, 0.0)	(6, 0.0)	(7, 0.0)	(8, 0.0)	(9, 0.0)	(10, 0.0)	(15, 0.0)	(20, 0.0)	(25, 0.0)	(30, 0.0)	(35, 0.0)	(40, 0.0)	(45, 0.0)	(50, 0.0)	(55, 0.0)	(60, 0.012491022077881522)	(65, 0.024357493051868972)	(70, 0.024982044155763047)	(75, 0.02685569746744527)	(80, 0.03185210629859788)	(85, 0.04996408831152609)	(90, 0.04996408831152609)	(95, 0.04996408831152609)	(100, 0.05058863941542017)	(105, 0.06620241701277207)	(110, 0.07182337694781875)	(115, 0.07182337694781875)	(120, 0.07182337694781875)	(125, 0.07931799019454766)	(130, 0.09867907441526404)	(135, 0.09992817662305219)	(140, 0.09992817662305219)	(145, 0.09992817662305219)	(150, 0.09992817662305219)	(155, 0.09992817662305219)	(160, 0.09992817662305219)	(165, 0.09992817662305219)	(170, 0.09992817662305219)	(175, 0.09992817662305219)	(180, 0.09992817662305219)	(185, 0.09992817662305219)	(190, 0.09992817662305219)	(195, 0.09992817662305219)	(200, 0.09992817662305219)	(205, 0.09992817662305219)	(210, 0.09992817662305219)	(215, 0.09992817662305219)	(220, 0.09992817662305219)	(225, 0.10180182993473441)	(230, 0.10305093214252256)	(235, 0.10305093214252256)	(240, 0.10305093214252256)
SRR8438068_1 - illumina_universal_adapter	(1, 0.0)	(2, 0.0)	(3, 0.0)	(4, 0.0)	(5, 0.0)	(6, 0.0)	(7, 0.0)	(8, 0.0)	(9, 0.0)	(10, 0.0)	(15, 0.0)	(20, 0.0)	(25, 0.0)	(30, 0.0)	(35, 0.0)	(40, 0.0)	(45, 0.0)	(50, 0.0)	(55, 0.0)	(60, 0.0)	(65, 0.0)	(70, 0.0)	(75, 0.0)	(80, 0.0)	(85, 0.0)	(90, 0.0)	(95, 0.0)	(100, 0.0)	(105, 0.0)	(110, 0.0)	(115, 0.0)	(120, 0.19688269073010667)	(125, 0.3281378178835111)	(130, 0.3281378178835111)	(135, 0.3281378178835111)	(140, 0.3281378178835111)	(145, 0.3281378178835111)	(150, 0.3281378178835111)	(155, 0.3281378178835111)	(160, 0.3281378178835111)	(165, 0.3281378178835111)	(170, 0.3281378178835111)	(175, 0.3281378178835111)	(180, 0.3281378178835111)	(185, 0.3281378178835111)	(190, 0.3281378178835111)	(195, 0.3281378178835111)	(200, 0.3281378178835111)	(205, 0.3281378178835111)	(210, 0.3281378178835111)	(215, 0.3281378178835111)	(220, 0.3281378178835111)	(225, 0.3281378178835111)	(230, 0.33223954060705496)	(235, 0.3383921246923708)	(240, 0.3383921246923708)
SRR8438068_1 - polya	(1, 0.0)	(2, 0.0)	(3, 0.0)	(4, 0.0)	(5, 0.0)	(6, 0.0)	(7, 0.0)	(8, 0.0)	(9, 0.0)	(10, 0.0)	(15, 0.0)	(20, 0.0)	(25, 0.0)	(30, 0.0)	(35, 0.0)	(40, 0.0)	(45, 0.0)	(50, 0.0)	(55, 0.0)	(60, 0.0)	(65, 0.04716981132075472)	(70, 0.3199343724364233)	(75, 0.6029532403609517)	(80, 1.0869565217391304)	(85, 1.5422477440525022)	(90, 4.1468416735028715)	(95, 5.516817063166529)	(100, 5.555783429040197)	(105, 5.557834290401969)	(110, 5.557834290401969)	(115, 5.557834290401969)	(120, 5.557834290401969)	(125, 5.557834290401969)	(130, 5.557834290401969)	(135, 5.557834290401969)	(140, 5.557834290401969)	(145, 5.557834290401969)	(150, 5.557834290401969)	(155, 5.557834290401969)	(160, 5.557834290401969)	(165, 5.557834290401969)	(170, 5.557834290401969)	(175, 5.557834290401969)	(180, 5.557834290401969)	(185, 5.557834290401969)	(190, 5.557834290401969)	(195, 5.557834290401969)	(200, 5.557834290401969)	(205, 5.557834290401969)	(210, 5.557834290401969)	(215, 5.557834290401969)	(220, 5.557834290401969)	(225, 5.557834290401969)	(230, 5.557834290401969)	(235, 5.557834290401969)	(240, 5.557834290401969)
SRR8438068_2 - polya	(1, 0.0)	(2, 0.0)	(3, 0.0)	(4, 0.0)	(5, 0.0)	(6, 0.0)	(7, 0.0)	(8, 0.0)	(9, 0.0)	(10, 0.0)	(15, 0.0)	(20, 0.0)	(25, 0.0)	(30, 0.0)	(35, 0.0)	(40, 0.0)	(45, 0.0)	(50, 0.0)	(55, 0.0)	(60, 0.004101722723543888)	(65, 0.05947497949138638)	(70, 0.2686628383921247)	(75, 0.4491386382280558)	(80, 0.6931911402789173)	(85, 1.3084495488105004)	(90, 1.3125512715340444)	(95, 1.3125512715340444)	(100, 1.3125512715340444)	(105, 1.3125512715340444)	(110, 1.3125512715340444)	(115, 1.3146021328958164)	(120, 1.322805578342904)	(125, 1.335110746513536)	(130, 1.3494667760459393)	(135, 1.3535684987694832)	(140, 1.3535684987694832)	(145, 1.3535684987694832)	(150, 1.3617719442165708)	(155, 1.363822805578343)	(160, 1.363822805578343)	(165, 1.363822805578343)	(170, 1.363822805578343)	(175, 1.363822805578343)	(180, 1.363822805578343)	(185, 1.363822805578343)	(190, 1.363822805578343)	(195, 1.363822805578343)	(200, 1.363822805578343)	(205, 1.363822805578343)	(210, 1.363822805578343)	(215, 1.363822805578343)	(220, 1.363822805578343)	(225, 1.363822805578343)	(230, 1.363822805578343)	(235, 1.363822805578343)	(240, 1.363822805578343)
SRR8438069 - illumina_universal_adapter	(1, 0.0)	(2, 0.0)	(3, 0.0)	(4, 0.0)	(5, 0.0)	(6, 0.0)	(7, 0.0)	(8, 0.0)	(9, 0.0)	(10, 0.0)	(15, 0.0)	(20, 0.0)	(25, 0.0)	(30, 0.0)	(35, 0.0)	(40, 0.0)	(45, 1.1764705882352942)	(50, 5.882352941176471)	(55, 5.882352941176471)	(60, 5.882352941176471)	(65, 5.882352941176471)	(70, 5.882352941176471)	(75, 5.882352941176471)	(80, 5.882352941176471)	(85, 7.058823529411765)	(90, 11.764705882352942)	(95, 14.11764705882353)	(100, 17.647058823529413)	(105, 23.529411764705884)	(110, 23.529411764705884)	(115, 25.88235294117647)	(120, 29.411764705882355)	(125, 35.294117647058826)	(130, 35.294117647058826)	(135, 35.294117647058826)	(140, 37.64705882352941)	(145, 47.05882352941177)	(150, 55.29411764705882)	(155, 64.70588235294117)	(160, 70.58823529411765)	(165, 70.58823529411765)	(170, 70.58823529411765)	(175, 70.58823529411765)	(180, 75.29411764705883)	(185, 87.05882352941177)	(190, 88.23529411764706)	(195, 88.23529411764706)	(200, 88.23529411764706)	(205, 88.23529411764706)	(210, 88.23529411764706)	(215, 88.23529411764706)	(220, 88.23529411764706)	(225, 88.23529411764706)	(230, 88.23529411764706)	(235, 88.23529411764706)	(240, 88.23529411764706)
SRR8438069 - polya	(1, 0.0)	(2, 0.0)	(3, 0.0)	(4, 0.0)	(5, 0.0)	(6, 0.0)	(7, 0.0)	(8, 0.0)	(9, 0.0)	(10, 0.0)	(15, 0.0)	(20, 0.0)	(25, 0.0)	(30, 0.0)	(35, 0.0)	(40, 0.0)	(45, 0.0)	(50, 0.0)	(55, 0.0)	(60, 0.0)	(65, 0.0)	(70, 0.0)	(75, 0.0)	(80, 0.0)	(85, 0.0)	(90, 0.0)	(95, 0.0)	(100, 0.0)	(105, 0.0)	(110, 5.882352941176471)	(115, 5.882352941176471)	(120, 5.882352941176471)	(125, 5.882352941176471)	(130, 5.882352941176471)	(135, 5.882352941176471)	(140, 5.882352941176471)	(145, 5.882352941176471)	(150, 11.764705882352942)	(155, 11.764705882352942)	(160, 11.764705882352942)	(165, 16.470588235294123)	(170, 17.647058823529413)	(175, 17.647058823529413)	(180, 17.647058823529413)	(185, 17.647058823529413)	(190, 17.647058823529413)	(195, 20.0)	(200, 23.529411764705884)	(205, 23.529411764705884)	(210, 27.05882352941176)	(215, 35.294117647058826)	(220, 35.294117647058826)	(225, 35.294117647058826)	(230, 35.294117647058826)	(235, 35.294117647058826)	(240, 35.294117647058826)
SRR8438070 - illumina_universal_adapter	(1, 0.0)	(2, 0.0)	(3, 0.0)	(4, 0.0)	(5, 0.0)	(6, 0.0)	(7, 0.0)	(8, 0.0)	(9, 0.0)	(10, 0.0)	(15, 0.0)	(20, 0.0)	(25, 0.0)	(30, 0.0)	(35, 0.0)	(40, 0.0)	(45, 0.0)	(50, 0.0)	(55, 0.0)	(60, 0.0)	(65, 0.0)	(70, 0.0)	(75, 0.0)	(80, 0.0)	(85, 0.0)	(90, 0.0)	(95, 0.0)	(100, 0.0)	(105, 0.0)	(110, 2.666666666666667)	(115, 13.333333333333334)	(120, 13.333333333333334)	(125, 13.333333333333334)	(130, 18.666666666666668)	(135, 33.333333333333336)	(140, 33.333333333333336)	(145, 34.66666666666667)	(150, 46.666666666666664)	(155, 46.666666666666664)	(160, 46.666666666666664)	(165, 48.0)	(170, 54.66666666666667)	(175, 66.66666666666666)	(180, 82.66666666666667)	(185, 86.66666666666667)	(190, 86.66666666666667)	(195, 86.66666666666667)	(200, 86.66666666666667)	(205, 86.66666666666667)	(210, 86.66666666666667)	(215, 86.66666666666667)	(220, 86.66666666666667)	(225, 86.66666666666667)	(230, 86.66666666666667)	(235, 86.66666666666667)	(240, 86.66666666666667)
SRR8438070_1 - polya	(1, 0.0)	(2, 0.0)	(3, 0.0)	(4, 0.0)	(5, 0.0)	(6, 0.0)	(7, 0.0)	(8, 0.0)	(9, 0.0)	(10, 0.0)	(15, 0.0)	(20, 0.00023651565142323292)	(25, 0.0011825782571161646)	(30, 0.0011825782571161646)	(35, 0.0011825782571161646)	(40, 0.0011825782571161646)	(45, 0.0011825782571161646)	(50, 0.0018921252113858634)	(55, 0.0023651565142323292)	(60, 0.0023651565142323292)	(65, 0.004730313028464659)	(70, 0.01040668866262225)	(75, 0.013481392131124276)	(80, 0.01773867385674247)	(85, 0.0186847364624354)	(90, 0.030274003382173814)	(95, 0.04848570854176275)	(100, 0.04848570854176275)	(105, 0.04848570854176275)	(110, 0.04848570854176275)	(115, 0.04848570854176275)	(120, 0.04848570854176275)	(125, 0.04848570854176275)	(130, 0.04848570854176275)	(135, 0.08041532148389918)	(140, 0.10170173011199016)	(145, 0.10170173011199016)	(150, 0.10170173011199016)	(155, 0.10170173011199016)	(160, 0.10170173011199016)	(165, 0.10170173011199016)	(170, 0.10170173011199016)	(175, 0.10170173011199016)	(180, 0.10170173011199016)	(185, 0.10170173011199016)	(190, 0.10170173011199016)	(195, 0.10170173011199016)	(200, 0.10170173011199016)	(205, 0.10170173011199016)	(210, 0.10170173011199016)	(215, 0.10170173011199016)	(220, 0.10170173011199016)	(225, 0.10170173011199016)	(230, 0.10359385532337603)	(235, 0.12653587351142961)	(240, 0.12653587351142961)
SRR8438071 - illumina_universal_adapter	(1, 3.0303030303030303)	(2, 3.0303030303030303)	(3, 3.0303030303030303)	(4, 3.0303030303030303)	(5, 3.0303030303030303)	(6, 3.0303030303030303)	(7, 3.0303030303030303)	(8, 3.0303030303030303)	(9, 3.0303030303030303)	(10, 3.0303030303030303)	(15, 3.0303030303030303)	(20, 3.0303030303030303)	(25, 3.0303030303030303)	(30, 3.0303030303030303)	(35, 3.0303030303030303)	(40, 4.848484848484849)	(45, 6.0606060606060606)	(50, 6.0606060606060606)	(55, 6.0606060606060606)	(60, 6.0606060606060606)	(65, 7.272727272727273)	(70, 12.121212121212121)	(75, 15.151515151515152)	(80, 15.151515151515152)	(85, 15.151515151515152)	(90, 15.151515151515152)	(95, 15.151515151515152)	(100, 15.151515151515152)	(105, 15.75757575757576)	(110, 22.424242424242426)	(115, 24.242424242424242)	(120, 29.090909090909093)	(125, 34.54545454545455)	(130, 41.81818181818181)	(135, 44.242424242424235)	(140, 45.45454545454545)	(145, 47.87878787878789)	(150, 52.12121212121211)	(155, 60.60606060606061)	(160, 61.21212121212121)	(165, 64.24242424242424)	(170, 72.12121212121212)	(175, 79.99999999999999)	(180, 81.81818181818181)	(185, 88.48484848484848)	(190, 93.93939393939394)	(195, 93.93939393939394)	(200, 93.93939393939394)	(205, 93.93939393939394)	(210, 93.93939393939394)	(215, 93.93939393939394)	(220, 93.93939393939394)	(225, 93.93939393939394)	(230, 93.93939393939394)	(235, 93.93939393939394)	(240, 93.93939393939394)
SRR8438071 - polya	(1, 0.0)	(2, 0.0)	(3, 0.0)	(4, 0.0)	(5, 0.0)	(6, 0.0)	(7, 0.0)	(8, 0.0)	(9, 0.0)	(10, 0.0)	(15, 0.0)	(20, 0.0)	(25, 0.0)	(30, 0.0)	(35, 0.0)	(40, 0.0)	(45, 0.0)	(50, 0.0)	(55, 0.0)	(60, 0.0)	(65, 0.0)	(70, 0.0)	(75, 0.0)	(80, 0.0)	(85, 0.0)	(90, 0.0)	(95, 0.0)	(100, 0.0)	(105, 0.0)	(110, 0.0)	(115, 0.0)	(120, 0.0)	(125, 0.6060606060606061)	(130, 3.0303030303030303)	(135, 3.0303030303030303)	(140, 3.0303030303030303)	(145, 3.0303030303030303)	(150, 3.0303030303030303)	(155, 3.0303030303030303)	(160, 3.0303030303030303)	(165, 3.0303030303030303)	(170, 6.0606060606060606)	(175, 9.090909090909092)	(180, 9.090909090909092)	(185, 9.090909090909092)	(190, 9.090909090909092)	(195, 10.303030303030303)	(200, 12.121212121212121)	(205, 12.121212121212121)	(210, 12.121212121212121)	(215, 12.121212121212121)	(220, 12.121212121212121)	(225, 12.121212121212121)	(230, 12.121212121212121)	(235, 15.151515151515152)	(240, 18.181818181818183)
SRR8438072 - illumina_universal_adapter	(1, 5.0)	(2, 5.0)	(3, 5.0)	(4, 5.0)	(5, 5.0)	(6, 5.0)	(7, 5.0)	(8, 5.0)	(9, 5.0)	(10, 5.0)	(15, 5.0)	(20, 5.0)	(25, 5.0)	(30, 5.0)	(35, 5.0)	(40, 5.0)	(45, 5.0)	(50, 5.0)	(55, 5.0)	(60, 5.0)	(65, 10.0)	(70, 10.0)	(75, 10.0)	(80, 10.0)	(85, 10.0)	(90, 10.0)	(95, 11.0)	(100, 15.0)	(105, 16.0)	(110, 25.0)	(115, 28.0)	(120, 30.0)	(125, 38.0)	(130, 42.0)	(135, 49.0)	(140, 55.0)	(145, 64.0)	(150, 65.0)	(155, 69.0)	(160, 75.0)	(165, 78.0)	(170, 80.0)	(175, 83.0)	(180, 85.0)	(185, 86.0)	(190, 90.0)	(195, 90.0)	(200, 90.0)	(205, 90.0)	(210, 90.0)	(215, 90.0)	(220, 90.0)	(225, 90.0)	(230, 90.0)	(235, 90.0)	(240, 90.0)
SRR8438072 - polya	(1, 0.0)	(2, 0.0)	(3, 0.0)	(4, 0.0)	(5, 0.0)	(6, 0.0)	(7, 0.0)	(8, 0.0)	(9, 0.0)	(10, 0.0)	(15, 0.0)	(20, 0.0)	(25, 0.0)	(30, 0.0)	(35, 0.0)	(40, 0.0)	(45, 0.0)	(50, 0.0)	(55, 0.0)	(60, 0.0)	(65, 0.0)	(70, 0.0)	(75, 0.0)	(80, 0.0)	(85, 0.0)	(90, 0.0)	(95, 0.0)	(100, 0.0)	(105, 0.0)	(110, 0.0)	(115, 0.0)	(120, 0.0)	(125, 0.0)	(130, 0.0)	(135, 0.0)	(140, 0.0)	(145, 0.0)	(150, 0.0)	(155, 0.0)	(160, 5.0)	(165, 5.0)	(170, 9.0)	(175, 10.0)	(180, 10.0)	(185, 12.0)	(190, 15.0)	(195, 15.0)	(200, 15.0)	(205, 20.0)	(210, 20.0)	(215, 21.0)	(220, 25.0)	(225, 25.0)	(230, 25.0)	(235, 25.0)	(240, 25.0)
SRR8438073 - illumina_universal_adapter	(1, 0.0)	(2, 0.0)	(3, 0.0)	(4, 0.0)	(5, 0.0)	(6, 0.0)	(7, 0.0)	(8, 0.0)	(9, 0.0)	(10, 0.0)	(15, 0.0)	(20, 0.0)	(25, 0.0)	(30, 0.0)	(35, 0.0)	(40, 0.0)	(45, 0.0)	(50, 0.0)	(55, 0.0)	(60, 0.0)	(65, 0.0)	(70, 0.0)	(75, 0.0)	(80, 0.0)	(85, 0.0)	(90, 5.714285714285714)	(95, 7.142857142857143)	(100, 8.571428571428573)	(105, 14.285714285714286)	(110, 14.285714285714286)	(115, 14.285714285714286)	(120, 14.285714285714286)	(125, 14.285714285714286)	(130, 14.285714285714286)	(135, 18.571428571428573)	(140, 21.428571428571427)	(145, 28.571428571428573)	(150, 37.142857142857146)	(155, 44.285714285714285)	(160, 51.42857142857143)	(165, 64.28571428571429)	(170, 67.14285714285715)	(175, 74.28571428571428)	(180, 88.57142857142858)	(185, 92.85714285714286)	(190, 92.85714285714286)	(195, 92.85714285714286)	(200, 92.85714285714286)	(205, 92.85714285714286)	(210, 92.85714285714286)	(215, 92.85714285714286)	(220, 92.85714285714286)	(225, 92.85714285714286)	(230, 92.85714285714286)	(235, 92.85714285714286)	(240, 92.85714285714286)
SRR8438073_1 - polya	(1, 0.0)	(2, 0.0)	(3, 0.0)	(4, 0.0)	(5, 0.0)	(6, 0.0)	(7, 0.0)	(8, 0.0)	(9, 0.0)	(10, 0.0)	(15, 0.0)	(20, 0.0)	(25, 0.0)	(30, 0.0)	(35, 0.0)	(40, 0.0)	(45, 0.0)	(50, 0.0)	(55, 0.0)	(60, 0.0)	(65, 0.0048238685013446535)	(70, 0.019295474005378614)	(75, 0.024119342506723266)	(80, 0.024119342506723266)	(85, 0.02604888990726113)	(90, 0.029907984708336853)	(95, 0.030149178133404085)	(100, 0.030149178133404085)	(105, 0.030149178133404085)	(110, 0.030149178133404085)	(115, 0.030149178133404085)	(120, 0.030149178133404085)	(125, 0.030149178133404085)	(130, 0.030149178133404085)	(135, 0.030149178133404085)	(140, 0.030149178133404085)	(145, 0.030149178133404085)	(150, 0.030149178133404085)	(155, 0.030149178133404085)	(160, 0.03352588608434535)	(165, 0.03859094801075723)	(170, 0.040761688836362324)	(175, 0.042208849386765716)	(180, 0.042208849386765716)	(185, 0.042208849386765716)	(190, 0.042208849386765716)	(195, 0.042208849386765716)	(200, 0.042208849386765716)	(205, 0.042208849386765716)	(210, 0.042208849386765716)	(215, 0.042208849386765716)	(220, 0.042208849386765716)	(225, 0.042208849386765716)	(230, 0.11890835855814572)	(235, 0.41822939906658146)	(240, 0.4184705924916487)
SRR8438074 - illumina_universal_adapter	(1, 0.0)	(2, 0.0)	(3, 0.0)	(4, 0.0)	(5, 0.0)	(6, 0.0)	(7, 0.0)	(8, 0.0)	(9, 0.0)	(10, 0.0)	(15, 0.0)	(20, 0.0)	(25, 0.0)	(30, 0.0)	(35, 0.0)	(40, 0.0)	(45, 0.0)	(50, 0.0)	(55, 0.0)	(60, 0.0)	(65, 0.0)	(70, 0.0)	(75, 0.0)	(80, 0.0)	(85, 0.0)	(90, 0.0)	(95, 0.0)	(100, 0.0)	(105, 0.0)	(110, 0.0)	(115, 0.0)	(120, 7.5)	(125, 12.5)	(130, 12.5)	(135, 22.5)	(140, 35.0)	(145, 47.5)	(150, 57.5)	(155, 65.0)	(160, 75.0)	(165, 75.0)	(170, 75.0)	(175, 82.5)	(180, 95.0)	(185, 100.0)	(190, 100.0)	(195, 100.0)	(200, 100.0)	(205, 100.0)	(210, 100.0)	(215, 100.0)	(220, 100.0)	(225, 100.0)	(230, 100.0)	(235, 100.0)	(240, 100.0)
SRR8438074 - polya	(1, 0.0)	(2, 0.0)	(3, 0.0)	(4, 0.0)	(5, 0.0)	(6, 0.0)	(7, 0.0)	(8, 0.0)	(9, 0.0)	(10, 0.0)	(15, 0.0)	(20, 0.0)	(25, 0.0)	(30, 0.0)	(35, 0.0)	(40, 0.0)	(45, 0.0)	(50, 0.0)	(55, 0.0)	(60, 0.0)	(65, 0.0)	(70, 0.0)	(75, 0.0)	(80, 0.0)	(85, 0.0)	(90, 0.0)	(95, 0.0)	(100, 0.0)	(105, 0.0)	(110, 0.0)	(115, 0.0)	(120, 0.0)	(125, 0.0)	(130, 0.0)	(135, 0.0)	(140, 0.0)	(145, 0.0)	(150, 0.0)	(155, 0.0)	(160, 0.0)	(165, 0.0)	(170, 0.0)	(175, 0.0)	(180, 0.0)	(185, 0.0)	(190, 0.0)	(195, 0.0)	(200, 7.5)	(205, 12.5)	(210, 12.5)	(215, 12.5)	(220, 12.5)	(225, 12.5)	(230, 12.5)	(235, 12.5)	(240, 12.5)
SRR8438075 - illumina_universal_adapter	(1, 0.0)	(2, 0.0)	(3, 0.0)	(4, 0.0)	(5, 0.0)	(6, 0.0)	(7, 0.0)	(8, 0.0)	(9, 0.0)	(10, 0.0)	(15, 0.0)	(20, 0.0)	(25, 0.0)	(30, 0.0)	(35, 0.0)	(40, 0.0)	(45, 0.0)	(50, 0.0)	(55, 0.0)	(60, 0.0)	(65, 0.0)	(70, 0.0)	(75, 0.0)	(80, 0.0)	(85, 0.0)	(90, 0.0)	(95, 0.0)	(100, 0.0)	(105, 0.0)	(110, 0.0)	(115, 0.0)	(120, 0.0)	(125, 0.0)	(130, 33.333333333333336)	(135, 33.333333333333336)	(140, 40.0)	(145, 66.66666666666667)	(150, 66.66666666666667)	(155, 66.66666666666667)	(160, 86.66666666666667)	(165, 100.0)	(170, 100.0)	(175, 100.0)	(180, 100.0)	(185, 100.0)	(190, 100.0)	(195, 100.0)	(200, 100.0)	(205, 100.0)	(210, 100.0)	(215, 100.0)	(220, 100.0)	(225, 100.0)	(230, 100.0)	(235, 100.0)	(240, 100.0)
SRR8438075_1 - nextera_transposase_sequence	(1, 0.0)	(2, 0.0)	(3, 0.0)	(4, 0.6384167265182348)	(5, 0.6384167265182348)	(6, 0.6384167265182348)	(7, 0.6384167265182348)	(8, 0.6384167265182348)	(9, 0.6384167265182348)	(10, 0.6384167265182348)	(15, 0.6384167265182348)	(20, 0.6384167265182348)	(25, 0.6384167265182348)	(30, 0.6384167265182348)	(35, 0.6384167265182348)	(40, 0.6432048519671215)	(45, 0.6623573537626686)	(50, 0.6623573537626686)	(55, 0.6623573537626686)	(60, 0.6623573537626686)	(65, 0.6623573537626686)	(70, 0.6623573537626686)	(75, 0.6623573537626686)	(80, 0.6623573537626686)	(85, 0.6623573537626686)	(90, 0.6623573537626686)	(95, 0.6623573537626686)	(100, 0.6623573537626686)	(105, 0.6623573537626686)	(110, 0.6623573537626686)	(115, 0.6623573537626686)	(120, 0.6623573537626686)	(125, 0.6623573537626686)	(130, 0.6623573537626686)	(135, 0.6623573537626686)	(140, 0.6623573537626686)	(145, 0.6623573537626686)	(150, 0.6623573537626686)	(155, 0.6623573537626686)	(160, 0.6623573537626686)	(165, 0.6623573537626686)	(170, 0.6623573537626686)	(175, 0.6623573537626686)	(180, 0.6623573537626686)	(185, 0.6623573537626686)	(190, 0.6623573537626686)	(195, 0.6623573537626686)	(200, 0.6623573537626686)	(205, 0.6623573537626686)	(210, 0.6623573537626686)	(215, 0.6623573537626686)	(220, 0.6623573537626686)	(225, 0.6623573537626686)	(230, 0.6623573537626686)	(235, 0.6623573537626686)	(240, 0.6623573537626686)
SRR8438075_1 - polya	(1, 0.0)	(2, 0.0)	(3, 0.0)	(4, 0.0)	(5, 0.0)	(6, 0.0)	(7, 0.0)	(8, 0.0)	(9, 0.0)	(10, 0.0)	(15, 0.0)	(20, 0.0)	(25, 0.0)	(30, 0.0)	(35, 0.0)	(40, 0.0)	(45, 0.0)	(50, 0.0)	(55, 0.0)	(60, 0.0)	(65, 0.30963211236134386)	(70, 1.5944457744792913)	(75, 2.520150027930732)	(80, 3.509695954033996)	(85, 4.5934083472987)	(90, 13.871199425424948)	(95, 19.182826590056656)	(100, 19.980847498204454)	(105, 20.21067751975102)	(110, 20.24579043970952)	(115, 20.24579043970952)	(120, 20.269731066953955)	(125, 20.30644002872875)	(130, 20.309632112361342)	(135, 20.314420237810232)	(140, 20.317612321442823)	(145, 20.32399648870801)	(150, 20.3255925305243)	(155, 20.3255925305243)	(160, 20.3255925305243)	(165, 20.3255925305243)	(170, 20.3255925305243)	(175, 20.3255925305243)	(180, 20.3255925305243)	(185, 20.3255925305243)	(190, 20.3255925305243)	(195, 20.3255925305243)	(200, 20.3255925305243)	(205, 20.3255925305243)	(210, 20.3255925305243)	(215, 20.3255925305243)	(220, 20.3255925305243)	(225, 20.3255925305243)	(230, 20.3255925305243)	(235, 20.3255925305243)	(240, 20.3255925305243)
SRR8438075_2 - polya	(1, 0.0)	(2, 0.0)	(3, 0.0)	(4, 0.0)	(5, 0.0)	(6, 0.0)	(7, 0.0)	(8, 0.0)	(9, 0.0)	(10, 0.0)	(15, 0.0)	(20, 0.0)	(25, 0.0)	(30, 0.0)	(35, 0.0)	(40, 0.0)	(45, 0.0)	(50, 0.0)	(55, 0.0)	(60, 0.08299417444737052)	(65, 0.14045167983401163)	(70, 0.22344585428138214)	(75, 0.42454712313462617)	(80, 0.6958742319048759)	(85, 1.4332455510334368)	(90, 1.4667624291756443)	(95, 1.4922990982363737)	(100, 1.4938951400526694)	(105, 1.5098555582156252)	(110, 1.5162397254808075)	(115, 1.5162397254808075)	(120, 1.5242199345622855)	(125, 1.5705051472348577)	(130, 1.6471151544170457)	(135, 1.6550953634985237)	(140, 1.6598834889474106)	(145, 1.6598834889474106)	(150, 1.6598834889474106)	(155, 1.6598834889474106)	(160, 1.6598834889474106)	(165, 1.6598834889474106)	(170, 1.6598834889474106)	(175, 1.6598834889474106)	(180, 1.6598834889474106)	(185, 1.6598834889474106)	(190, 1.6598834889474106)	(195, 1.6598834889474106)	(200, 1.6598834889474106)	(205, 1.6598834889474106)	(210, 1.6598834889474106)	(215, 1.6598834889474106)	(220, 1.6598834889474106)	(225, 1.6598834889474106)	(230, 1.6598834889474106)	(235, 1.6598834889474106)	(240, 1.6598834889474103)
SRR8438076 - illumina_universal_adapter	(1, 0.0)	(2, 0.0)	(3, 0.0)	(4, 0.0)	(5, 0.0)	(6, 0.0)	(7, 0.0)	(8, 0.0)	(9, 0.0)	(10, 0.0)	(15, 0.0)	(20, 0.0)	(25, 0.0)	(30, 0.0)	(35, 0.0)	(40, 0.0)	(45, 0.0)	(50, 0.0)	(55, 0.0)	(60, 0.0)	(65, 0.0)	(70, 0.0)	(75, 0.0)	(80, 0.0)	(85, 0.0)	(90, 0.0)	(95, 0.0)	(100, 0.0)	(105, 0.0)	(110, 0.0)	(115, 0.0)	(120, 0.0)	(125, 0.0)	(130, 6.666666666666667)	(135, 16.666666666666668)	(140, 16.666666666666668)	(145, 16.666666666666668)	(150, 16.666666666666668)	(155, 16.666666666666668)	(160, 16.666666666666668)	(165, 30.000000000000007)	(170, 46.66666666666667)	(175, 50.0)	(180, 86.66666666666666)	(185, 100.0)	(190, 100.0)	(195, 100.0)	(200, 100.0)	(205, 100.0)	(210, 100.0)	(215, 100.0)	(220, 100.0)	(225, 100.0)	(230, 100.0)	(235, 100.0)	(240, 100.0)
SRR8438076_1 - nextera_transposase_sequence	(1, 0.0)	(2, 0.0)	(3, 0.0)	(4, 0.15287148505828224)	(5, 0.15287148505828224)	(6, 0.15287148505828224)	(7, 0.15287148505828224)	(8, 0.15287148505828224)	(9, 0.15287148505828224)	(10, 0.15287148505828224)	(15, 0.15287148505828224)	(20, 0.15287148505828224)	(25, 0.15287148505828224)	(30, 0.15287148505828224)	(35, 0.15287148505828224)	(40, 0.15287148505828224)	(45, 0.15287148505828224)	(50, 0.15287148505828224)	(55, 0.15287148505828224)	(60, 0.15287148505828224)	(65, 0.15287148505828224)	(70, 0.15287148505828224)	(75, 0.15287148505828224)	(80, 0.15287148505828224)	(85, 0.15287148505828224)	(90, 0.15287148505828224)	(95, 0.15287148505828224)	(100, 0.15287148505828224)	(105, 0.15287148505828224)	(110, 0.15287148505828224)	(115, 0.15287148505828224)	(120, 0.15287148505828224)	(125, 0.15287148505828224)	(130, 0.15287148505828224)	(135, 0.15287148505828224)	(140, 0.15287148505828224)	(145, 0.15287148505828224)	(150, 0.15287148505828224)	(155, 0.15287148505828224)	(160, 0.15287148505828224)	(165, 0.15287148505828224)	(170, 0.15287148505828224)	(175, 0.15287148505828224)	(180, 0.15287148505828224)	(185, 0.15287148505828224)	(190, 0.15287148505828224)	(195, 0.15434140318384265)	(200, 0.15434140318384265)	(205, 0.15434140318384265)	(210, 0.15434140318384265)	(215, 0.15434140318384265)	(220, 0.15434140318384265)	(225, 0.15434140318384265)	(230, 0.15434140318384265)	(235, 0.15434140318384265)	(240, 0.15434140318384265)
SRR8438076_1 - polya	(1, 0.0)	(2, 0.0)	(3, 0.0)	(4, 0.0)	(5, 0.0)	(6, 0.0)	(7, 0.0)	(8, 0.0)	(9, 0.0)	(10, 0.0)	(15, 0.0)	(20, 0.0)	(25, 0.0)	(30, 0.0)	(35, 0.0)	(40, 0.0)	(45, 0.0)	(50, 0.0)	(55, 0.0)	(60, 0.0)	(65, 0.019402919257397365)	(70, 0.12406108979729828)	(75, 0.20755243932912934)	(80, 0.3624818097631962)	(85, 0.6197174817362672)	(90, 1.99732474901148)	(95, 2.7275800737898903)	(100, 2.831062309829343)	(105, 2.929840807867002)	(110, 2.933662594993459)	(115, 2.9471858417486145)	(120, 2.9548294160015285)	(125, 2.9610030721288827)	(130, 2.9633549411297793)	(135, 3.0336170275315664)	(140, 3.079478473049051)	(145, 3.079478473049051)	(150, 3.079478473049051)	(155, 3.079478473049051)	(160, 3.079478473049051)	(165, 3.079478473049051)	(170, 3.079478473049051)	(175, 3.079478473049051)	(180, 3.0809483911746116)	(185, 3.0809483911746116)	(190, 3.0809483911746116)	(195, 3.0809483911746116)	(200, 3.0809483911746116)	(205, 3.0809483911746116)	(210, 3.0809483911746116)	(215, 3.0809483911746116)	(220, 3.0809483911746116)	(225, 3.0809483911746116)	(230, 3.0838882274257324)	(235, 3.1000573268068967)	(240, 3.1000573268068967)
SRR8438076_2 - polya	(1, 0.0)	(2, 0.0)	(3, 0.0)	(4, 0.0)	(5, 0.0)	(6, 0.0)	(7, 0.0)	(8, 0.0)	(9, 0.0)	(10, 0.0)	(15, 0.0)	(20, 0.0)	(25, 0.0)	(30, 0.0)	(35, 0.0)	(40, 0.0)	(45, 0.0)	(50, 0.0)	(55, 0.0)	(60, 0.01616909938116447)	(65, 0.025870559009863146)	(70, 0.04115770751569138)	(75, 0.07085005365201158)	(80, 0.11347767929326336)	(85, 0.2116682100806985)	(90, 0.2131381282062589)	(95, 0.22607340771119047)	(100, 0.2263673913363026)	(105, 0.22783730946186295)	(110, 0.22783730946186295)	(115, 0.22930722758742342)	(120, 0.22930722758742342)	(125, 0.24224250709235498)	(130, 0.27987241110670136)	(135, 0.2807543619820376)	(140, 0.2807543619820376)	(145, 0.2807543619820376)	(150, 0.2807543619820376)	(155, 0.2807543619820376)	(160, 0.2807543619820376)	(165, 0.2807543619820376)	(170, 0.2807543619820376)	(175, 0.2807543619820376)	(180, 0.2807543619820376)	(185, 0.2807543619820376)	(190, 0.2807543619820376)	(195, 0.2807543619820376)	(200, 0.2807543619820376)	(205, 0.2807543619820376)	(210, 0.2807543619820376)	(215, 0.2807543619820376)	(220, 0.2807543619820376)	(225, 0.2807543619820376)	(230, 0.2807543619820376)	(235, 0.2807543619820376)	(240, 0.2807543619820376)
SRR8438077 - illumina_universal_adapter	(1, 0.0)	(2, 0.0)	(3, 0.0)	(4, 0.0)	(5, 0.0)	(6, 0.0)	(7, 0.0)	(8, 0.0)	(9, 0.0)	(10, 0.0)	(15, 0.0)	(20, 0.0)	(25, 0.0)	(30, 0.0)	(35, 0.0)	(40, 0.0)	(45, 0.0)	(50, 0.0)	(55, 0.0)	(60, 0.0)	(65, 0.0)	(70, 0.0)	(75, 0.0)	(80, 0.0)	(85, 0.0)	(90, 2.4)	(95, 4.0)	(100, 6.4)	(105, 8.0)	(110, 9.6)	(115, 14.4)	(120, 18.4)	(125, 24.8)	(130, 28.0)	(135, 28.0)	(140, 36.0)	(145, 40.0)	(150, 40.0)	(155, 40.8)	(160, 48.8)	(165, 52.0)	(170, 53.6)	(175, 59.2)	(180, 68.0)	(185, 75.2)	(190, 80.0)	(195, 80.0)	(200, 80.0)	(205, 80.0)	(210, 80.0)	(215, 80.0)	(220, 80.0)	(225, 80.0)	(230, 80.0)	(235, 80.0)	(240, 80.0)
SRR8438077 - polya	(1, 0.0)	(2, 0.0)	(3, 0.0)	(4, 0.0)	(5, 0.0)	(6, 0.0)	(7, 0.0)	(8, 0.0)	(9, 0.0)	(10, 0.0)	(15, 0.0)	(20, 0.0)	(25, 0.0)	(30, 0.0)	(35, 0.0)	(40, 0.0)	(45, 0.0)	(50, 0.0)	(55, 0.0)	(60, 0.0)	(65, 0.0)	(70, 0.0)	(75, 0.0)	(80, 0.0)	(85, 0.0)	(90, 0.0)	(95, 0.0)	(100, 0.0)	(105, 0.0)	(110, 0.0)	(115, 0.0)	(120, 0.0)	(125, 0.0)	(130, 0.0)	(135, 0.0)	(140, 0.0)	(145, 0.0)	(150, 0.0)	(155, 0.0)	(160, 0.0)	(165, 0.0)	(170, 0.8)	(175, 4.0)	(180, 4.0)	(185, 8.0)	(190, 8.0)	(195, 8.0)	(200, 8.0)	(205, 8.0)	(210, 8.0)	(215, 8.0)	(220, 8.0)	(225, 8.0)	(230, 8.0)	(235, 8.0)	(240, 8.0)
SRR8438077_1 - polya	(1, 0.0)	(2, 0.0)	(3, 0.0)	(4, 0.0)	(5, 0.0)	(6, 0.0)	(7, 0.0)	(8, 0.0)	(9, 0.0)	(10, 0.0)	(15, 0.0)	(20, 0.0004949453704047415)	(25, 0.0024747268520237077)	(30, 0.0024747268520237077)	(35, 0.0024747268520237077)	(40, 0.0024747268520237077)	(45, 0.0024747268520237077)	(50, 0.05889849907816426)	(55, 0.07424180556071124)	(60, 0.07424180556071124)	(65, 0.16729153519680265)	(70, 0.47366271947733773)	(75, 0.6649591051387704)	(80, 0.8451192199660962)	(85, 1.0668547459074205)	(90, 2.7672395659329103)	(95, 3.625474838214732)	(100, 4.482967692440947)	(105, 4.959847556825915)	(110, 4.981625153123725)	(115, 5.000680549884306)	(120, 5.0095895665515915)	(125, 5.0232005642377215)	(130, 5.034336835071829)	(135, 5.598574557333235)	(140, 5.989086454582575)	(145, 6.0059145971763375)	(150, 6.008389324028361)	(155, 6.008636796713563)	(160, 6.008636796713563)	(165, 6.008636796713563)	(170, 6.008636796713563)	(175, 6.008636796713563)	(180, 6.020268012918074)	(185, 6.033631537919002)	(190, 6.052934407364788)	(195, 6.054419243476001)	(200, 6.05540913421681)	(205, 6.055656606902013)	(210, 6.055656606902013)	(215, 6.055656606902013)	(220, 6.0606060606060606)	(225, 6.0606060606060606)	(230, 6.0856008018115)	(235, 6.34445723053318)	(240, 6.345199648588787)
SRR8438077_2 - polya	(1, 0.0)	(2, 0.0)	(3, 0.0)	(4, 0.0)	(5, 0.0)	(6, 0.0)	(7, 0.0)	(8, 0.0)	(9, 0.0)	(10, 0.0)	(15, 0.0)	(20, 0.0)	(25, 0.0)	(30, 0.0)	(35, 0.0)	(40, 0.0)	(45, 0.0)	(50, 0.0)	(55, 0.0)	(60, 0.02276748703861811)	(65, 0.03291386713191531)	(70, 0.07102466065308041)	(75, 0.09849412871054357)	(80, 0.13883217639853002)	(85, 0.2437605949243352)	(90, 0.2630634643701201)	(95, 0.3056287662249279)	(100, 0.30612371159533264)	(105, 0.31082569261417775)	(110, 0.3142903102070109)	(115, 0.31750745511464173)	(120, 0.3241892176151057)	(125, 0.3702191370627467)	(130, 0.5164754940173478)	(135, 0.5253845106846332)	(140, 0.5493893611492631)	(145, 0.550626724575275)	(150, 0.550626724575275)	(155, 0.550626724575275)	(160, 0.550626724575275)	(165, 0.550626724575275)	(170, 0.550626724575275)	(175, 0.5513691426308821)	(180, 0.5518640880012868)	(185, 0.5518640880012868)	(190, 0.5518640880012868)	(195, 0.5518640880012868)	(200, 0.5518640880012868)	(205, 0.5518640880012868)	(210, 0.5518640880012868)	(215, 0.5518640880012868)	(220, 0.5518640880012868)	(225, 0.5543388148533106)	(230, 0.5543388148533106)	(235, 0.5550812329089176)	(240, 0.5555761782793224)
SRR8438077_2 - polyg	(1, 0.0)	(2, 0.0)	(3, 0.0)	(4, 0.0)	(5, 0.0)	(6, 0.0)	(7, 0.0)	(8, 0.0012373634260118538)	(9, 0.0012373634260118538)	(10, 0.0012373634260118538)	(15, 0.0012373634260118538)	(20, 0.0024747268520237077)	(25, 0.0024747268520237077)	(30, 0.0024747268520237077)	(35, 0.0024747268520237077)	(40, 0.0024747268520237077)	(45, 0.0024747268520237077)	(50, 0.0024747268520237077)	(55, 0.0024747268520237077)	(60, 0.0024747268520237077)	(65, 0.0024747268520237077)	(70, 0.003712090278035562)	(75, 0.003712090278035562)	(80, 0.005444399074452157)	(85, 0.00915648935248772)	(90, 0.029944194909486865)	(95, 0.04306024722521252)	(100, 0.059145971763366625)	(105, 0.0643428981526164)	(110, 0.07498422361631835)	(115, 0.07745895046834206)	(120, 0.0940396203769009)	(125, 0.0940396203769009)	(130, 0.09601940185851986)	(135, 0.09874160139574595)	(140, 0.10591830926661469)	(145, 0.11185765371147158)	(150, 0.11581721667470952)	(155, 0.15862999121471968)	(160, 0.17199351621564768)	(165, 0.17323087964165956)	(170, 0.17446824306767142)	(175, 0.17446824306767142)	(180, 0.17446824306767142)	(185, 0.17496318843807615)	(190, 0.17818033334570696)	(195, 0.1804075875125283)	(200, 0.18263484167934962)	(205, 0.18312978704975438)	(210, 0.18337725973495675)	(215, 0.18436715047576624)	(220, 0.18436715047576624)	(225, 0.18436715047576624)	(230, 0.18436715047576624)	(235, 0.1856045139017781)	(240, 0.18684187732778995)
SRR8438078 - illumina_universal_adapter	(1, 0.0)	(2, 0.0)	(3, 0.0)	(4, 0.0)	(5, 0.0)	(6, 0.0)	(7, 0.0)	(8, 0.0)	(9, 0.0)	(10, 0.0)	(15, 0.0)	(20, 0.0)	(25, 0.0)	(30, 0.0)	(35, 0.0)	(40, 0.0)	(45, 0.0)	(50, 0.0)	(55, 0.0)	(60, 0.0)	(65, 0.0)	(70, 0.0)	(75, 0.0)	(80, 0.0)	(85, 0.0)	(90, 0.0)	(95, 0.0)	(100, 0.0)	(105, 0.0)	(110, 2.666666666666667)	(115, 10.666666666666668)	(120, 13.333333333333334)	(125, 13.333333333333334)	(130, 20.0)	(135, 20.0)	(140, 20.0)	(145, 25.333333333333332)	(150, 49.333333333333336)	(155, 61.333333333333336)	(160, 73.33333333333333)	(165, 73.33333333333333)	(170, 74.66666666666666)	(175, 90.66666666666666)	(180, 93.33333333333333)	(185, 93.33333333333333)	(190, 93.33333333333333)	(195, 93.33333333333333)	(200, 93.33333333333333)	(205, 93.33333333333333)	(210, 93.33333333333333)	(215, 93.33333333333333)	(220, 93.33333333333333)	(225, 93.33333333333333)	(230, 93.33333333333333)	(235, 93.33333333333333)	(240, 93.33333333333333)
SRR8438078 - polya	(1, 0.0)	(2, 0.0)	(3, 0.0)	(4, 0.0)	(5, 0.0)	(6, 0.0)	(7, 0.0)	(8, 0.0)	(9, 0.0)	(10, 0.0)	(15, 0.0)	(20, 0.0)	(25, 0.0)	(30, 0.0)	(35, 0.0)	(40, 0.0)	(45, 0.0)	(50, 0.0)	(55, 0.0)	(60, 0.0)	(65, 0.0)	(70, 0.0)	(75, 0.0)	(80, 0.0)	(85, 0.0)	(90, 0.0)	(95, 0.0)	(100, 0.0)	(105, 0.0)	(110, 0.0)	(115, 0.0)	(120, 0.0)	(125, 0.0)	(130, 0.0)	(135, 0.0)	(140, 0.0)	(145, 0.0)	(150, 0.0)	(155, 0.0)	(160, 0.0)	(165, 0.0)	(170, 0.0)	(175, 0.0)	(180, 0.0)	(185, 0.0)	(190, 0.0)	(195, 0.0)	(200, 0.0)	(205, 0.0)	(210, 6.666666666666667)	(215, 6.666666666666667)	(220, 6.666666666666667)	(225, 6.666666666666667)	(230, 6.666666666666667)	(235, 14.666666666666668)	(240, 20.0)
SRR8438078_1 - illumina_small_rna_3'_adapter	(1, 0.0)	(2, 0.0)	(3, 0.0)	(4, 0.0)	(5, 0.0)	(6, 0.0)	(7, 0.0)	(8, 0.0)	(9, 0.0)	(10, 0.0)	(15, 0.0)	(20, 0.0)	(25, 0.0)	(30, 0.0)	(35, 0.0)	(40, 0.0)	(45, 0.0)	(50, 0.0)	(55, 0.0)	(60, 0.0)	(65, 0.0)	(70, 0.0)	(75, 0.0)	(80, 0.0)	(85, 0.0)	(90, 0.0)	(95, 0.0)	(100, 0.0)	(105, 0.0)	(110, 0.0)	(115, 0.0)	(120, 0.0)	(125, 0.0)	(130, 0.0)	(135, 0.04770326243775306)	(140, 0.2385163121887653)	(145, 0.2385163121887653)	(150, 0.2385163121887653)	(155, 0.2385163121887653)	(160, 0.2385163121887653)	(165, 0.2385163121887653)	(170, 0.2385163121887653)	(175, 0.2385163121887653)	(180, 0.2385163121887653)	(185, 0.2385163121887653)	(190, 0.2385163121887653)	(195, 0.2385163121887653)	(200, 0.2385163121887653)	(205, 0.2385163121887653)	(210, 0.2385163121887653)	(215, 0.2385163121887653)	(220, 0.2385163121887653)	(225, 0.2385163121887653)	(230, 0.2385163121887653)	(235, 0.2385163121887653)	(240, 0.2385163121887653)
SRR8438078_1 - illumina_universal_adapter	(1, 0.0)	(2, 0.0)	(3, 0.0)	(4, 0.0)	(5, 0.0)	(6, 0.0)	(7, 0.0)	(8, 0.0)	(9, 0.0)	(10, 0.0)	(15, 0.0)	(20, 0.0)	(25, 0.0)	(30, 0.0)	(35, 0.0)	(40, 0.0)	(45, 0.0)	(50, 0.0)	(55, 0.0)	(60, 0.0)	(65, 0.0)	(70, 0.0)	(75, 0.0)	(80, 0.0)	(85, 0.0)	(90, 0.0)	(95, 0.0)	(100, 0.0)	(105, 0.0)	(110, 0.0)	(115, 0.0)	(120, 0.13961930469586262)	(125, 0.23269884115977102)	(130, 0.23269884115977102)	(135, 0.23269884115977102)	(140, 0.23269884115977102)	(145, 0.23269884115977102)	(150, 0.23269884115977102)	(155, 0.23269884115977102)	(160, 0.23269884115977102)	(165, 0.23339693768325037)	(170, 0.23386233536556986)	(175, 0.23386233536556986)	(180, 0.23386233536556986)	(185, 0.23386233536556986)	(190, 0.23688742030064694)	(195, 0.24154139712384232)	(200, 0.24223949364732164)	(205, 0.24572997626471818)	(210, 0.24945315772327453)	(215, 0.2510820496113929)	(220, 0.2538744357053102)	(225, 0.2550379299111091)	(230, 0.25643412295806767)	(235, 0.25852841252850556)	(240, 0.2594592078931447)
SRR8438078_1 - nextera_transposase_sequence	(1, 0.0)	(2, 0.0)	(3, 0.0)	(4, 0.14427328151905802)	(5, 0.14427328151905802)	(6, 0.14427328151905802)	(7, 0.14427328151905802)	(8, 0.14427328151905802)	(9, 0.14427328151905802)	(10, 0.17871271001070413)	(15, 0.23037185274817334)	(20, 0.23037185274817334)	(25, 0.23037185274817334)	(30, 0.23037185274817334)	(35, 0.23037185274817334)	(40, 0.23037185274817334)	(45, 0.23037185274817334)	(50, 0.23037185274817334)	(55, 0.23037185274817334)	(60, 0.23037185274817334)	(65, 0.23037185274817334)	(70, 0.23037185274817334)	(75, 0.23037185274817334)	(80, 0.23037185274817334)	(85, 0.23037185274817334)	(90, 0.23037185274817334)	(95, 0.23037185274817334)	(100, 0.23037185274817334)	(105, 0.23037185274817334)	(110, 0.23037185274817334)	(115, 0.23037185274817334)	(120, 0.23037185274817334)	(125, 0.23037185274817334)	(130, 0.23037185274817334)	(135, 0.23037185274817334)	(140, 0.23037185274817334)	(145, 0.23037185274817334)	(150, 0.23037185274817334)	(155, 0.23037185274817334)	(160, 0.23037185274817334)	(165, 0.23037185274817334)	(170, 0.23037185274817334)	(175, 0.23037185274817334)	(180, 0.23037185274817334)	(185, 0.23037185274817334)	(190, 0.23037185274817334)	(195, 0.23037185274817334)	(200, 0.23037185274817334)	(205, 0.23037185274817334)	(210, 0.23037185274817334)	(215, 0.23037185274817334)	(220, 0.23037185274817334)	(225, 0.23037185274817334)	(230, 0.23037185274817334)	(235, 0.23037185274817334)	(240, 0.23037185274817332)
SRR8438078_1 - polya	(1, 0.0)	(2, 0.0)	(3, 0.0)	(4, 0.0)	(5, 0.0)	(6, 0.0)	(7, 0.0)	(8, 0.0)	(9, 0.0)	(10, 0.0)	(15, 0.0)	(20, 0.00023269884115977103)	(25, 0.0011634942057988551)	(30, 0.0011634942057988551)	(35, 0.0011634942057988551)	(40, 0.0011634942057988551)	(45, 0.0011634942057988551)	(50, 0.0018615907292781682)	(55, 0.0023269884115977102)	(60, 0.0023269884115977102)	(65, 0.034672127332805884)	(70, 0.12356308465583843)	(75, 0.2017498952855215)	(80, 0.29320053986131145)	(85, 0.6166519290733932)	(90, 1.746172104062922)	(95, 2.2953413691999813)	(100, 2.3393214501791784)	(105, 2.4191371526969796)	(110, 2.422860334155536)	(115, 2.455903569600223)	(120, 2.4575324614883423)	(125, 2.4584632568529807)	(130, 2.4584632568529807)	(135, 2.45916135337646)	(140, 2.4598594498999398)	(145, 2.4607902452645787)	(150, 2.4607902452645787)	(155, 2.4607902452645787)	(160, 2.4607902452645787)	(165, 2.4607902452645787)	(170, 2.4607902452645787)	(175, 2.4607902452645787)	(180, 2.4607902452645787)	(185, 2.4607902452645787)	(190, 2.4607902452645787)	(195, 2.4607902452645787)	(200, 2.4607902452645787)	(205, 2.4607902452645787)	(210, 2.4607902452645787)	(215, 2.4607902452645787)	(220, 2.4607902452645787)	(225, 2.4607902452645787)	(230, 2.4614883417880575)	(235, 2.4666077162935727)	(240, 2.4666077162935727)
SRR8438078_1 - polyg	(1, 0.0)	(2, 0.0)	(3, 0.0)	(4, 0.0)	(5, 0.0)	(6, 0.0)	(7, 0.0)	(8, 0.0)	(9, 0.0)	(10, 0.0)	(15, 0.0)	(20, 0.0)	(25, 0.0)	(30, 0.0)	(35, 0.0)	(40, 0.0)	(45, 0.0)	(50, 0.0)	(55, 0.0)	(60, 0.0)	(65, 0.0)	(70, 0.0)	(75, 0.0)	(80, 0.0)	(85, 0.0)	(90, 0.0)	(95, 0.0)	(100, 0.0)	(105, 0.0)	(110, 0.0)	(115, 0.0)	(120, 0.0)	(125, 0.0032577837762367947)	(130, 0.032810536603527715)	(135, 0.04444547866151627)	(140, 0.05165914273746917)	(145, 0.09517382603434635)	(150, 0.1235630846558384)	(155, 0.1244938800204775)	(160, 0.1244938800204775)	(165, 0.12472657886163727)	(170, 0.12565737422627635)	(175, 0.12565737422627635)	(180, 0.12565737422627635)	(185, 0.1275189649555545)	(190, 0.13915390701354308)	(195, 0.14078279890166148)	(200, 0.14078279890166148)	(205, 0.14078279890166148)	(210, 0.14078279890166148)	(215, 0.14078279890166148)	(220, 0.14101549774282124)	(225, 0.14194629310746032)	(230, 0.14264438963093964)	(235, 0.199190208032764)	(240, 0.21990040489598361)
SRR8438078_2 - polya	(1, 0.0)	(2, 0.0)	(3, 0.0)	(4, 0.0)	(5, 0.0)	(6, 0.0)	(7, 0.0)	(8, 0.0)	(9, 0.0)	(10, 0.0)	(15, 0.0)	(20, 0.0)	(25, 0.0)	(30, 0.0)	(35, 0.0)	(40, 0.0)	(45, 0.0)	(50, 0.0)	(55, 0.0)	(60, 0.01815050961046214)	(65, 0.02513147484525527)	(70, 0.04072229720295993)	(75, 0.08446967934099689)	(80, 0.14194629310746032)	(85, 0.25922650905198485)	(90, 0.260157304416624)	(95, 0.26644017312793783)	(100, 0.26876716153953556)	(105, 0.26876716153953556)	(110, 0.26876716153953556)	(115, 0.26876716153953556)	(120, 0.26876716153953556)	(125, 0.27481733140968956)	(130, 0.2848233815795597)	(135, 0.28621957462651837)	(140, 0.28738306883231723)	(145, 0.28738306883231723)	(150, 0.28738306883231723)	(155, 0.28738306883231723)	(160, 0.28738306883231723)	(165, 0.28738306883231723)	(170, 0.28738306883231723)	(175, 0.28738306883231723)	(180, 0.28738306883231723)	(185, 0.28738306883231723)	(190, 0.28738306883231723)	(195, 0.28738306883231723)	(200, 0.28738306883231723)	(205, 0.28738306883231723)	(210, 0.28738306883231723)	(215, 0.28738306883231723)	(220, 0.28738306883231723)	(225, 0.28738306883231723)	(230, 0.28738306883231723)	(235, 0.28738306883231723)	(240, 0.28738306883231723)
SRR8438079 - illumina_universal_adapter	(1, 0.0)	(2, 0.0)	(3, 0.0)	(4, 0.0)	(5, 0.0)	(6, 0.0)	(7, 0.0)	(8, 0.0)	(9, 0.0)	(10, 0.0)	(15, 0.0)	(20, 0.0)	(25, 0.0)	(30, 0.0)	(35, 0.0)	(40, 0.0)	(45, 0.0)	(50, 0.0)	(55, 0.0)	(60, 0.0)	(65, 0.0)	(70, 0.0)	(75, 0.0)	(80, 0.0)	(85, 0.0)	(90, 0.0)	(95, 0.0)	(100, 0.0)	(105, 10.0)	(110, 10.0)	(115, 16.0)	(120, 20.0)	(125, 20.0)	(130, 26.0)	(135, 32.0)	(140, 40.0)	(145, 50.0)	(150, 60.0)	(155, 66.0)	(160, 70.0)	(165, 80.0)	(170, 80.0)	(175, 80.0)	(180, 86.0)	(185, 96.0)	(190, 100.0)	(195, 100.0)	(200, 100.0)	(205, 100.0)	(210, 100.0)	(215, 100.0)	(220, 100.0)	(225, 100.0)	(230, 100.0)	(235, 100.0)	(240, 100.0)
SRR8438080 - illumina_universal_adapter	(1, 0.0)	(2, 0.0)	(3, 0.0)	(4, 0.0)	(5, 0.0)	(6, 0.0)	(7, 0.0)	(8, 0.0)	(9, 0.0)	(10, 0.0)	(15, 0.0)	(20, 0.0)	(25, 0.0)	(30, 0.0)	(35, 0.0)	(40, 0.0)	(45, 0.0)	(50, 0.0)	(55, 0.0)	(60, 0.0)	(65, 0.0)	(70, 0.0)	(75, 0.0)	(80, 0.0)	(85, 0.0)	(90, 4.0)	(95, 8.0)	(100, 13.333333333333334)	(105, 13.333333333333334)	(110, 17.333333333333336)	(115, 20.0)	(120, 20.0)	(125, 20.0)	(130, 20.0)	(135, 20.0)	(140, 21.333333333333336)	(145, 30.666666666666668)	(150, 34.66666666666667)	(155, 46.666666666666664)	(160, 53.333333333333336)	(165, 65.33333333333334)	(170, 66.66666666666667)	(175, 71.99999999999999)	(180, 73.33333333333333)	(185, 78.66666666666666)	(190, 80.0)	(195, 80.0)	(200, 80.0)	(205, 80.0)	(210, 80.0)	(215, 80.0)	(220, 80.0)	(225, 80.0)	(230, 80.0)	(235, 80.0)	(240, 80.0)
SRR8438080 - polya	(1, 0.0)	(2, 0.0)	(3, 0.0)	(4, 0.0)	(5, 0.0)	(6, 0.0)	(7, 0.0)	(8, 0.0)	(9, 0.0)	(10, 0.0)	(15, 0.0)	(20, 0.0)	(25, 0.0)	(30, 0.0)	(35, 0.0)	(40, 0.0)	(45, 0.0)	(50, 0.0)	(55, 0.0)	(60, 0.0)	(65, 0.0)	(70, 0.0)	(75, 0.0)	(80, 0.0)	(85, 0.0)	(90, 0.0)	(95, 0.0)	(100, 0.0)	(105, 0.0)	(110, 0.0)	(115, 0.0)	(120, 0.0)	(125, 0.0)	(130, 0.0)	(135, 0.0)	(140, 0.0)	(145, 0.0)	(150, 0.0)	(155, 0.0)	(160, 6.666666666666667)	(165, 6.666666666666667)	(170, 9.333333333333334)	(175, 13.333333333333334)	(180, 13.333333333333334)	(185, 13.333333333333334)	(190, 13.333333333333334)	(195, 13.333333333333334)	(200, 13.333333333333334)	(205, 20.0)	(210, 20.0)	(215, 24.000000000000004)	(220, 29.333333333333336)	(225, 33.333333333333336)	(230, 33.333333333333336)	(235, 37.333333333333336)	(240, 40.0)
SRR8438081 - illumina_universal_adapter	(1, 0.0)	(2, 0.0)	(3, 0.0)	(4, 0.0)	(5, 0.0)	(6, 0.0)	(7, 0.0)	(8, 0.0)	(9, 0.0)	(10, 0.0)	(15, 0.0)	(20, 0.0)	(25, 0.0)	(30, 0.0)	(35, 0.0)	(40, 0.0)	(45, 0.0)	(50, 0.0)	(55, 0.0)	(60, 0.0)	(65, 0.0)	(70, 0.0)	(75, 0.0)	(80, 0.4878048780487805)	(85, 4.878048780487805)	(90, 4.878048780487805)	(95, 4.878048780487805)	(100, 7.804878048780488)	(105, 9.75609756097561)	(110, 14.634146341463415)	(115, 20.48780487804878)	(120, 22.439024390243905)	(125, 27.31707317073171)	(130, 33.170731707317074)	(135, 39.02439024390244)	(140, 44.390243902439025)	(145, 51.21951219512196)	(150, 55.609756097560975)	(155, 64.87804878048782)	(160, 74.14634146341464)	(165, 78.53658536585365)	(170, 80.48780487804878)	(175, 84.39024390243902)	(180, 87.8048780487805)	(185, 89.26829268292684)	(190, 92.6829268292683)	(195, 92.6829268292683)	(200, 92.6829268292683)	(205, 92.6829268292683)	(210, 92.6829268292683)	(215, 92.6829268292683)	(220, 92.6829268292683)	(225, 92.6829268292683)	(230, 92.6829268292683)	(235, 92.6829268292683)	(240, 92.6829268292683)
SRR8438081 - polya	(1, 0.0)	(2, 0.0)	(3, 0.0)	(4, 0.0)	(5, 0.0)	(6, 0.0)	(7, 0.0)	(8, 0.0)	(9, 0.0)	(10, 0.0)	(15, 0.0)	(20, 0.0)	(25, 0.0)	(30, 0.0)	(35, 0.0)	(40, 0.0)	(45, 0.0)	(50, 0.0)	(55, 0.0)	(60, 0.0)	(65, 0.0)	(70, 0.0)	(75, 0.0)	(80, 0.0)	(85, 0.0)	(90, 0.0)	(95, 0.0)	(100, 0.0)	(105, 0.0)	(110, 0.0)	(115, 0.0)	(120, 0.0)	(125, 0.0)	(130, 0.0)	(135, 0.0)	(140, 0.0)	(145, 1.951219512195122)	(150, 2.4390243902439024)	(155, 2.4390243902439024)	(160, 5.853658536585366)	(165, 7.317073170731708)	(170, 9.26829268292683)	(175, 15.121951219512194)	(180, 17.073170731707318)	(185, 17.073170731707318)	(190, 17.073170731707318)	(195, 17.073170731707318)	(200, 18.53658536585366)	(205, 21.463414634146343)	(210, 21.951219512195124)	(215, 25.365853658536587)	(220, 30.24390243902439)	(225, 31.70731707317073)	(230, 31.70731707317073)	(235, 32.6829268292683)	(240, 34.146341463414636)
SRR8438082 - illumina_universal_adapter	(1, 0.0)	(2, 0.0)	(3, 0.0)	(4, 0.0)	(5, 0.0)	(6, 0.0)	(7, 0.0)	(8, 0.0)	(9, 0.0)	(10, 0.0)	(15, 0.0)	(20, 0.0)	(25, 0.0)	(30, 0.0)	(35, 0.0)	(40, 0.0)	(45, 0.0)	(50, 0.0)	(55, 0.0)	(60, 0.0)	(65, 0.0)	(70, 0.0)	(75, 0.0)	(80, 5.2631578947368425)	(85, 5.2631578947368425)	(90, 5.2631578947368425)	(95, 9.473684210526317)	(100, 13.684210526315791)	(105, 21.05263157894737)	(110, 22.105263157894736)	(115, 31.57894736842105)	(120, 36.8421052631579)	(125, 44.21052631578947)	(130, 54.73684210526316)	(135, 61.05263157894736)	(140, 63.1578947368421)	(145, 63.1578947368421)	(150, 63.1578947368421)	(155, 63.1578947368421)	(160, 68.42105263157895)	(165, 72.63157894736841)	(170, 78.94736842105263)	(175, 82.10526315789474)	(180, 89.47368421052632)	(185, 94.73684210526316)	(190, 94.73684210526316)	(195, 94.73684210526316)	(200, 94.73684210526316)	(205, 94.73684210526316)	(210, 94.73684210526316)	(215, 94.73684210526316)	(220, 94.73684210526316)	(225, 94.73684210526316)	(230, 94.73684210526316)	(235, 94.73684210526316)	(240, 94.73684210526316)
SRR8438082 - polya	(1, 0.0)	(2, 0.0)	(3, 0.0)	(4, 0.0)	(5, 0.0)	(6, 0.0)	(7, 0.0)	(8, 0.0)	(9, 0.0)	(10, 0.0)	(15, 0.0)	(20, 0.0)	(25, 0.0)	(30, 0.0)	(35, 0.0)	(40, 0.0)	(45, 0.0)	(50, 0.0)	(55, 0.0)	(60, 0.0)	(65, 0.0)	(70, 0.0)	(75, 0.0)	(80, 0.0)	(85, 0.0)	(90, 0.0)	(95, 0.0)	(100, 0.0)	(105, 0.0)	(110, 0.0)	(115, 0.0)	(120, 0.0)	(125, 0.0)	(130, 0.0)	(135, 0.0)	(140, 0.0)	(145, 0.0)	(150, 0.0)	(155, 0.0)	(160, 0.0)	(165, 0.0)	(170, 0.0)	(175, 6.315789473684211)	(180, 10.526315789473685)	(185, 10.526315789473685)	(190, 10.526315789473685)	(195, 10.526315789473685)	(200, 10.526315789473685)	(205, 10.526315789473685)	(210, 10.526315789473685)	(215, 10.526315789473685)	(220, 14.73684210526316)	(225, 17.894736842105264)	(230, 21.05263157894737)	(235, 21.05263157894737)	(240, 21.05263157894737)
SRR8438082_1 - illumina_universal_adapter	(1, 0.0)	(2, 0.0)	(3, 0.0)	(4, 0.0)	(5, 0.0)	(6, 0.0)	(7, 0.0)	(8, 0.0)	(9, 0.0)	(10, 0.0)	(15, 0.0)	(20, 0.0)	(25, 0.0)	(30, 0.0)	(35, 0.0)	(40, 0.0)	(45, 0.0)	(50, 0.0)	(55, 0.0)	(60, 0.0)	(65, 0.0)	(70, 0.0)	(75, 0.0)	(80, 0.0)	(85, 0.0)	(90, 0.0)	(95, 0.0)	(100, 0.0)	(105, 0.0)	(110, 0.0)	(115, 0.0)	(120, 0.051683908574678236)	(125, 0.08613984762446372)	(130, 0.08613984762446372)	(135, 0.08613984762446372)	(140, 0.08613984762446372)	(145, 0.08613984762446372)	(150, 0.08613984762446372)	(155, 0.08647437130455873)	(160, 0.08697615682470122)	(165, 0.08697615682470122)	(170, 0.08714341866474873)	(175, 0.08781246602493874)	(180, 0.08781246602493874)	(185, 0.08781246602493874)	(190, 0.08848151338512875)	(195, 0.09032139362565125)	(200, 0.09333210674650631)	(205, 0.09500472514698134)	(210, 0.09701186722755137)	(215, 0.09768091458774138)	(220, 0.09851722378797889)	(225, 0.09901900930812141)	(230, 0.09952079482826391)	(235, 0.10169519874888144)	(240, 0.10202972242897644)
SRR8438082_1 - polya	(1, 0.0)	(2, 0.0)	(3, 0.0)	(4, 0.0)	(5, 0.0)	(6, 0.0)	(7, 0.0)	(8, 0.0)	(9, 0.0)	(10, 0.0)	(15, 0.0)	(20, 0.0)	(25, 0.0)	(30, 0.0)	(35, 0.0)	(40, 0.0)	(45, 0.0)	(50, 0.0)	(55, 0.0)	(60, 0.0)	(65, 0.0)	(70, 0.0)	(75, 0.0)	(80, 0.0006690473601900094)	(85, 0.0016726184004750237)	(90, 0.0016726184004750237)	(95, 0.0016726184004750237)	(100, 0.062388666337718376)	(105, 0.0986844856280264)	(110, 0.0986844856280264)	(115, 0.0986844856280264)	(120, 0.0986844856280264)	(125, 0.0986844856280264)	(130, 0.0986844856280264)	(135, 0.10169519874888144)	(140, 0.10370234082945147)	(145, 0.10370234082945147)	(150, 0.10370234082945147)	(155, 0.10370234082945147)	(160, 0.10370234082945147)	(165, 0.10370234082945147)	(170, 0.10370234082945147)	(175, 0.10370234082945147)	(180, 0.10370234082945147)	(185, 0.10370234082945147)	(190, 0.1053749592299265)	(195, 0.1137380512323016)	(200, 0.1137380512323016)	(205, 0.1137380512323016)	(210, 0.1137380512323016)	(215, 0.1137380512323016)	(220, 0.1137380512323016)	(225, 0.1137380512323016)	(230, 0.1286243549965293)	(235, 0.32197904209144207)	(240, 0.32197904209144207)
SRR8438083 - illumina_universal_adapter	(1, 0.0)	(2, 0.0)	(3, 0.0)	(4, 0.0)	(5, 0.0)	(6, 0.0)	(7, 0.0)	(8, 0.0)	(9, 0.0)	(10, 0.0)	(15, 0.0)	(20, 0.0)	(25, 5.925925925925926)	(30, 7.407407407407407)	(35, 7.407407407407407)	(40, 10.37037037037037)	(45, 11.11111111111111)	(50, 11.11111111111111)	(55, 11.11111111111111)	(60, 11.11111111111111)	(65, 11.11111111111111)	(70, 11.11111111111111)	(75, 11.11111111111111)	(80, 11.11111111111111)	(85, 11.11111111111111)	(90, 11.851851851851851)	(95, 14.814814814814815)	(100, 14.814814814814815)	(105, 18.51851851851852)	(110, 20.0)	(115, 22.22222222222222)	(120, 22.22222222222222)	(125, 25.185185185185183)	(130, 28.888888888888893)	(135, 33.333333333333336)	(140, 38.51851851851852)	(145, 45.18518518518518)	(150, 51.85185185185186)	(155, 53.333333333333336)	(160, 60.74074074074074)	(165, 64.44444444444444)	(170, 74.07407407407408)	(175, 82.96296296296296)	(180, 88.88888888888889)	(185, 91.11111111111111)	(190, 96.29629629629629)	(195, 96.29629629629629)	(200, 96.29629629629629)	(205, 96.29629629629629)	(210, 96.29629629629629)	(215, 96.29629629629629)	(220, 96.29629629629629)	(225, 96.29629629629629)	(230, 96.29629629629629)	(235, 96.29629629629629)	(240, 96.29629629629629)
SRR8438083 - polya	(1, 0.0)	(2, 0.0)	(3, 0.0)	(4, 0.0)	(5, 0.0)	(6, 0.0)	(7, 0.0)	(8, 0.0)	(9, 0.0)	(10, 0.0)	(15, 0.0)	(20, 0.0)	(25, 0.0)	(30, 0.0)	(35, 0.0)	(40, 0.0)	(45, 0.0)	(50, 0.0)	(55, 0.0)	(60, 0.0)	(65, 0.0)	(70, 0.0)	(75, 0.0)	(80, 0.0)	(85, 0.0)	(90, 0.0)	(95, 0.0)	(100, 0.0)	(105, 0.0)	(110, 0.0)	(115, 0.0)	(120, 0.0)	(125, 0.0)	(130, 0.0)	(135, 0.0)	(140, 0.0)	(145, 0.0)	(150, 0.0)	(155, 0.0)	(160, 0.0)	(165, 0.0)	(170, 0.7407407407407407)	(175, 3.7037037037037037)	(180, 3.7037037037037037)	(185, 3.7037037037037037)	(190, 3.7037037037037037)	(195, 3.7037037037037037)	(200, 3.7037037037037037)	(205, 3.7037037037037037)	(210, 6.666666666666667)	(215, 7.407407407407407)	(220, 7.407407407407407)	(225, 7.407407407407407)	(230, 7.407407407407407)	(235, 7.407407407407407)	(240, 7.407407407407407)
SRR8438084_1 - nextera_transposase_sequence	(1, 0.0)	(2, 0.0)	(3, 0.0)	(4, 0.5130756553375416)	(5, 0.5130756553375416)	(6, 0.5130756553375416)	(7, 0.5130756553375416)	(8, 0.5130756553375416)	(9, 0.5130756553375416)	(10, 0.5130756553375416)	(15, 0.5130756553375416)	(20, 0.5130756553375416)	(25, 0.5130756553375416)	(30, 0.5130756553375416)	(35, 0.5130756553375416)	(40, 0.5130756553375416)	(45, 0.5130756553375416)	(50, 0.5130756553375416)	(55, 0.5130756553375416)	(60, 0.5130756553375416)	(65, 0.5130756553375416)	(70, 0.5130756553375416)	(75, 0.5130756553375416)	(80, 0.5130756553375416)	(85, 0.5130756553375416)	(90, 0.5130756553375416)	(95, 0.5130756553375416)	(100, 0.5130756553375416)	(105, 0.5130756553375416)	(110, 0.5130756553375416)	(115, 0.5130756553375416)	(120, 0.5130756553375416)	(125, 0.5130756553375416)	(130, 0.5130756553375416)	(135, 0.5130756553375416)	(140, 0.5130756553375416)	(145, 0.5130756553375416)	(150, 0.5130756553375416)	(155, 0.5130756553375416)	(160, 0.5130756553375416)	(165, 0.5130756553375416)	(170, 0.5130756553375416)	(175, 0.5130756553375416)	(180, 0.5130756553375416)	(185, 0.5130756553375416)	(190, 0.5130756553375416)	(195, 0.5130756553375416)	(200, 0.5130756553375416)	(205, 0.5130756553375416)	(210, 0.5130756553375416)	(215, 0.5130756553375416)	(220, 0.5130756553375416)	(225, 0.5130756553375416)	(230, 0.5130756553375416)	(235, 0.5130756553375416)	(240, 0.5130756553375416)
SRR8438084_1 - polya	(1, 0.0)	(2, 0.0)	(3, 0.0)	(4, 0.0)	(5, 0.0)	(6, 0.0)	(7, 0.0)	(8, 0.0)	(9, 0.0)	(10, 0.0)	(15, 0.0)	(20, 0.0006219098852576261)	(25, 0.0031095494262881307)	(30, 0.0031095494262881307)	(35, 0.0031095494262881307)	(40, 0.0031095494262881307)	(45, 0.0031095494262881307)	(50, 0.006841008737833887)	(55, 0.009328648278864392)	(60, 0.009328648278864392)	(65, 0.07711682577194565)	(70, 0.4714076930252807)	(75, 0.8694300195901613)	(80, 1.3837494946982183)	(85, 2.1244441680400508)	(90, 5.245187972262819)	(95, 7.06551820641189)	(100, 7.1774619857582636)	(105, 7.394508535713176)	(110, 7.495879847010168)	(115, 7.584191050716751)	(120, 7.684318542243228)	(125, 7.705463478341988)	(130, 7.711682577194564)	(135, 7.724120774899717)	(140, 7.726608414440747)	(145, 7.732827513293325)	(150, 7.7552162691626)	(155, 7.771385926179296)	(160, 7.7919089523928)	(165, 7.792530862278056)	(170, 7.792530862278056)	(175, 7.792530862278056)	(180, 7.793774682048571)	(185, 7.798128051245375)	(190, 7.802481420442179)	(195, 7.804969059983209)	(200, 7.80745669952424)	(205, 7.808078609409496)	(210, 7.808078609409496)	(215, 7.808078609409496)	(220, 7.808078609409496)	(225, 7.808078609409496)	(230, 7.808078609409496)	(235, 7.8174072576883615)	(240, 7.820516807114649)
SRR8438084_2 - polya	(1, 0.0)	(2, 0.0)	(3, 0.0)	(4, 0.0)	(5, 0.0)	(6, 0.0)	(7, 0.0)	(8, 0.0)	(9, 0.0)	(10, 0.0)	(15, 0.0)	(20, 0.0)	(25, 0.0)	(30, 0.0)	(35, 0.0)	(40, 0.0)	(45, 0.0)	(50, 0.0)	(55, 0.0)	(60, 0.017413476787213535)	(65, 0.04539942162380671)	(70, 0.10572468049379644)	(75, 0.1691594887900743)	(80, 0.2580926023819149)	(85, 0.49814981809135855)	(90, 0.5043689169439347)	(95, 0.512453745452284)	(100, 0.527379582698467)	(105, 0.5379520507478466)	(110, 0.5516340682235144)	(115, 0.5584750769613483)	(120, 0.5640722659286669)	(125, 0.608849777667216)	(130, 0.6586025684878262)	(135, 0.6691750365372057)	(140, 0.6816132342423582)	(145, 0.6841008737833888)	(150, 0.6890761528654498)	(155, 0.6934295220622532)	(160, 0.6934295220622532)	(165, 0.6934295220622532)	(170, 0.6934295220622532)	(175, 0.6934295220622532)	(180, 0.6934295220622532)	(185, 0.6934295220622532)	(190, 0.6934295220622532)	(195, 0.6934295220622532)	(200, 0.6934295220622532)	(205, 0.6934295220622532)	(210, 0.6934295220622532)	(215, 0.6934295220622532)	(220, 0.6934295220622532)	(225, 0.6934295220622532)	(230, 0.6934295220622532)	(235, 0.6934295220622532)	(240, 0.6934295220622532)
SRR8438085 - illumina_universal_adapter	(1, 0.0)	(2, 0.0)	(3, 0.0)	(4, 0.0)	(5, 0.0)	(6, 0.0)	(7, 0.0)	(8, 0.0)	(9, 0.0)	(10, 0.0)	(15, 0.0)	(20, 0.0)	(25, 0.0)	(30, 0.0)	(35, 0.0)	(40, 0.0)	(45, 0.0)	(50, 0.0)	(55, 0.0)	(60, 0.0)	(65, 0.0)	(70, 0.0)	(75, 0.0)	(80, 0.0)	(85, 0.0)	(90, 0.0)	(95, 0.0)	(100, 0.0)	(105, 0.0)	(110, 0.0)	(115, 0.0)	(120, 0.0)	(125, 0.0)	(130, 0.0)	(135, 0.0)	(140, 0.0)	(145, 0.0)	(150, 0.0)	(155, 50.0)	(160, 50.0)	(165, 50.0)	(170, 50.0)	(175, 50.0)	(180, 50.0)	(185, 60.0)	(190, 100.0)	(195, 100.0)	(200, 100.0)	(205, 100.0)	(210, 100.0)	(215, 100.0)	(220, 100.0)	(225, 100.0)	(230, 100.0)	(235, 100.0)	
SRR8438085_1 - illumina_small_rna_3'_adapter	(1, 0.0)	(2, 0.0)	(3, 0.0)	(4, 0.0)	(5, 0.0)	(6, 0.0)	(7, 0.0)	(8, 0.0)	(9, 0.0)	(10, 0.0)	(15, 0.0)	(20, 0.0)	(25, 0.0)	(30, 0.0)	(35, 0.0)	(40, 0.0)	(45, 0.0)	(50, 0.0)	(55, 0.0)	(60, 0.0)	(65, 0.0)	(70, 0.0)	(75, 0.0)	(80, 0.0)	(85, 0.0)	(90, 0.0)	(95, 0.0)	(100, 0.0)	(105, 0.0)	(110, 0.0)	(115, 0.0)	(120, 0.0)	(125, 0.0)	(130, 0.0)	(135, 0.03846421206293301)	(140, 0.19232106031466506)	(145, 0.19232106031466506)	(150, 0.19232106031466506)	(155, 0.19232106031466506)	(160, 0.19232106031466506)	(165, 0.19232106031466506)	(170, 0.19232106031466506)	(175, 0.19232106031466506)	(180, 0.19232106031466506)	(185, 0.19232106031466506)	(190, 0.19232106031466506)	(195, 0.19232106031466506)	(200, 0.19232106031466506)	(205, 0.19232106031466506)	(210, 0.19232106031466506)	(215, 0.19232106031466506)	(220, 0.19232106031466506)	(225, 0.19232106031466506)	(230, 0.19232106031466506)	(235, 0.19232106031466506)	(240, 0.19232106031466506)
SRR8438085_1 - nextera_transposase_sequence	(1, 0.0)	(2, 0.0)	(3, 0.0)	(4, 0.7669671200500499)	(5, 0.7669671200500499)	(6, 0.7669671200500499)	(7, 0.7669671200500499)	(8, 0.7669671200500499)	(9, 0.7669671200500499)	(10, 0.7669671200500499)	(15, 0.7669671200500499)	(20, 0.7669671200500499)	(25, 0.7669671200500499)	(30, 0.7669671200500499)	(35, 0.7669671200500499)	(40, 0.7827235442686007)	(45, 0.8411149987255835)	(50, 0.8411149987255835)	(55, 0.8411149987255835)	(60, 0.8411149987255835)	(65, 0.8411149987255835)	(70, 0.8411149987255835)	(75, 0.8411149987255835)	(80, 0.8411149987255835)	(85, 0.8411149987255835)	(90, 0.8411149987255835)	(95, 0.8411149987255835)	(100, 0.8411149987255835)	(105, 0.8411149987255835)	(110, 0.8411149987255835)	(115, 0.8411149987255835)	(120, 0.8411149987255835)	(125, 0.8411149987255835)	(130, 0.8411149987255835)	(135, 0.8411149987255835)	(140, 0.8411149987255835)	(145, 0.8411149987255835)	(150, 0.8411149987255835)	(155, 0.8411149987255835)	(160, 0.8411149987255835)	(165, 0.8411149987255835)	(170, 0.8411149987255835)	(175, 0.8411149987255835)	(180, 0.8411149987255835)	(185, 0.8411149987255835)	(190, 0.8411149987255835)	(195, 0.8411149987255835)	(200, 0.8411149987255835)	(205, 0.8411149987255835)	(210, 0.8411149987255835)	(215, 0.8411149987255835)	(220, 0.8411149987255835)	(225, 0.8411149987255835)	(230, 0.8411149987255835)	(235, 0.8411149987255835)	(240, 0.8411149987255834)
SRR8438085_1 - polya	(1, 0.0)	(2, 0.0)	(3, 0.0)	(4, 0.0)	(5, 0.0)	(6, 0.0)	(7, 0.0)	(8, 0.0)	(9, 0.0)	(10, 0.0)	(15, 0.0)	(20, 0.0)	(25, 0.0)	(30, 0.0)	(35, 0.0)	(40, 0.0)	(45, 0.0)	(50, 0.0)	(55, 0.0)	(60, 0.0)	(65, 0.3253238176889033)	(70, 1.453761846282179)	(75, 1.9681627545936926)	(80, 2.4070255115045067)	(85, 2.9923303287994996)	(90, 6.66774798989735)	(95, 8.77957225942489)	(100, 10.332970317677317)	(105, 11.512385012860022)	(110, 11.611557800588548)	(115, 11.623143406631602)	(120, 11.6273142248071)	(125, 11.64770489144287)	(130, 11.692657042889914)	(135, 12.47028292049957)	(140, 12.909145677410384)	(145, 12.939268253122322)	(150, 12.959658919758093)	(155, 12.959658919758093)	(160, 12.959658919758093)	(165, 12.959658919758093)	(170, 12.96151261672498)	(175, 12.962439465208424)	(180, 12.973561647009754)	(185, 12.99024491971175)	(190, 13.012489283314409)	(195, 13.029172556016405)	(200, 13.029172556016405)	(205, 13.03009940449985)	(210, 13.035660495400515)	(215, 13.036123919642236)	(220, 13.036587343883957)	(225, 13.040758162059458)	(230, 13.105637555900548)	(235, 13.984753342447343)	(240, 13.98846073638112)
SRR8438085_2 - polya	(1, 0.0)	(2, 0.0)	(3, 0.0)	(4, 0.0)	(5, 0.0)	(6, 0.0)	(7, 0.0)	(8, 0.0)	(9, 0.0)	(10, 0.0)	(15, 0.0)	(20, 0.0)	(25, 0.0)	(30, 0.0)	(35, 0.0)	(40, 0.0)	(45, 0.0)	(50, 0.0)	(55, 0.0)	(60, 0.16312533308617375)	(65, 0.2326389693444864)	(70, 0.29566466621868986)	(75, 0.3429339388743425)	(80, 0.438399332669092)	(85, 0.6631600899043029)	(90, 0.6993071807586254)	(95, 0.7947725745533749)	(100, 0.7980165442454294)	(105, 0.8137729684639805)	(110, 0.8225780290567)	(115, 0.8225780290567)	(120, 0.8286025441990871)	(125, 0.9161897258845609)	(130, 1.1622679982389879)	(135, 1.1798781194244272)	(140, 1.2021224830270874)	(145, 1.2025859072688092)	(150, 1.2049030284774196)	(155, 1.2049030284774196)	(160, 1.2049030284774196)	(165, 1.2049030284774196)	(170, 1.2049030284774196)	(175, 1.2049030284774196)	(180, 1.2053664527191417)	(185, 1.2280742405635239)	(190, 1.2280742405635239)	(195, 1.2280742405635239)	(200, 1.2280742405635239)	(205, 1.2280742405635239)	(210, 1.2280742405635239)	(215, 1.2280742405635239)	(220, 1.2280742405635239)	(225, 1.229927937530412)	(230, 1.2303913617721343)	(235, 1.2303913617721343)	(240, 1.2303913617721343)
SRR8438085_2 - polyg	(1, 0.0)	(2, 0.0)	(3, 0.0)	(4, 0.0)	(5, 0.0)	(6, 0.0)	(7, 0.0)	(8, 0.0)	(9, 0.0)	(10, 0.0)	(15, 0.0)	(20, 0.0)	(25, 0.0)	(30, 0.0)	(35, 0.0)	(40, 0.0)	(45, 0.0)	(50, 0.0)	(55, 0.0)	(60, 0.0)	(65, 0.015756424218550873)	(70, 0.023171212086104225)	(75, 0.023171212086104225)	(80, 0.023171212086104225)	(85, 0.03522024237087842)	(90, 0.05839145445698264)	(95, 0.06812336353314641)	(100, 0.09083115137752855)	(105, 0.10566072711263526)	(110, 0.11492921194707695)	(115, 0.12558796950668488)	(120, 0.14783233310934493)	(125, 0.15061287855967745)	(130, 0.15061287855967745)	(135, 0.15385684825173207)	(140, 0.1617350603610075)	(145, 0.16405218156961793)	(150, 0.1761012118543921)	(155, 0.23820006024515142)	(160, 0.2567370299140348)	(165, 0.263224969298144)	(170, 0.26693236323192066)	(175, 0.2711031814074194)	(180, 0.2711031814074194)	(185, 0.2715666056491415)	(190, 0.27342030261602984)	(195, 0.27434715109947405)	(200, 0.2757374238246403)	(205, 0.2775911207915286)	(210, 0.2803716662418611)	(215, 0.2817619389670274)	(220, 0.2882498783511366)	(225, 0.29195727228491325)	(230, 0.2928841207683574)	(235, 0.30168918136107703)	(240, 0.31281136316240704)
SRR8438086 - illumina_universal_adapter	(1, 0.0)	(2, 0.0)	(3, 0.0)	(4, 0.0)	(5, 0.0)	(6, 0.0)	(7, 0.0)	(8, 0.0)	(9, 0.0)	(10, 0.0)	(15, 0.0)	(20, 0.0)	(25, 0.0)	(30, 0.0)	(35, 0.0)	(40, 0.0)	(45, 0.0)	(50, 0.0)	(55, 0.0)	(60, 0.0)	(65, 0.0)	(70, 0.0)	(75, 0.0)	(80, 0.0)	(85, 0.0)	(90, 0.0)	(95, 0.0)	(100, 0.0)	(105, 0.0)	(110, 0.0)	(115, 80.0)	(120, 100.0)	(125, 100.0)	(130, 100.0)	(135, 100.0)	(140, 100.0)	(145, 100.0)	(150, 100.0)	(155, 100.0)	(160, 100.0)	(165, 100.0)	(170, 100.0)	(175, 100.0)	(180, 100.0)	(185, 100.0)	(190, 100.0)	(195, 100.0)	(200, 100.0)	(205, 100.0)	(210, 100.0)	(215, 100.0)	(220, 100.0)	(225, 100.0)	(230, 100.0)	(235, 100.0)	
SRR8438086_1 - illumina_small_rna_3'_adapter	(1, 0.0)	(2, 0.0)	(3, 0.0)	(4, 0.0)	(5, 0.0)	(6, 0.0)	(7, 0.0)	(8, 0.0)	(9, 0.0)	(10, 0.0)	(15, 0.0)	(20, 0.0)	(25, 0.0)	(30, 0.0)	(35, 0.0)	(40, 0.0)	(45, 0.0)	(50, 0.0)	(55, 0.0)	(60, 0.0)	(65, 0.0)	(70, 0.0)	(75, 0.0)	(80, 0.0)	(85, 0.0)	(90, 0.0)	(95, 0.0)	(100, 0.0)	(105, 0.0)	(110, 0.0)	(115, 0.0)	(120, 0.0)	(125, 0.0)	(130, 0.0)	(135, 0.14551627963378402)	(140, 0.724549809009883)	(145, 0.724549809009883)	(150, 0.724549809009883)	(155, 0.724549809009883)	(160, 0.724549809009883)	(165, 0.724549809009883)	(170, 0.724549809009883)	(175, 0.724549809009883)	(180, 0.724549809009883)	(185, 0.724549809009883)	(190, 0.724549809009883)	(195, 0.724549809009883)	(200, 0.724549809009883)	(205, 0.724549809009883)	(210, 0.724549809009883)	(215, 0.724549809009883)	(220, 0.724549809009883)	(225, 0.724549809009883)	(230, 0.724549809009883)	(235, 0.724549809009883)	(240, 0.724549809009883)
SRR8438086_1 - nextera_transposase_sequence	(1, 0.0)	(2, 0.0)	(3, 0.0)	(4, 0.24859031104104773)	(5, 0.24859031104104773)	(6, 0.24859031104104773)	(7, 0.24859031104104773)	(8, 0.24859031104104773)	(9, 0.24859031104104773)	(10, 0.24859031104104773)	(15, 0.24859031104104773)	(20, 0.24859031104104773)	(25, 0.24859031104104773)	(30, 0.24859031104104773)	(35, 0.24859031104104773)	(40, 0.24859031104104773)	(45, 0.24859031104104773)	(50, 0.24859031104104773)	(55, 0.24859031104104773)	(60, 0.24859031104104773)	(65, 0.24859031104104773)	(70, 0.24859031104104773)	(75, 0.24859031104104773)	(80, 0.24859031104104773)	(85, 0.24859031104104773)	(90, 0.24859031104104773)	(95, 0.24859031104104773)	(100, 0.24859031104104773)	(105, 0.24859031104104773)	(110, 0.24859031104104773)	(115, 0.24859031104104773)	(120, 0.24859031104104773)	(125, 0.24859031104104773)	(130, 0.24859031104104773)	(135, 0.24859031104104773)	(140, 0.24859031104104773)	(145, 0.24859031104104773)	(150, 0.24859031104104773)	(155, 0.24859031104104773)	(160, 0.24859031104104773)	(165, 0.24859031104104773)	(170, 0.24859031104104773)	(175, 0.24859031104104773)	(180, 0.24859031104104773)	(185, 0.24859031104104773)	(190, 0.24859031104104773)	(195, 0.24859031104104773)	(200, 0.24859031104104773)	(205, 0.24859031104104773)	(210, 0.24859031104104773)	(215, 0.24859031104104773)	(220, 0.24859031104104773)	(225, 0.24859031104104773)	(230, 0.24859031104104773)	(235, 0.24859031104104773)	(240, 0.24859031104104773)
SRR8438086_1 - polya	(1, 0.0)	(2, 0.0)	(3, 0.0)	(4, 0.0)	(5, 0.0)	(6, 0.0)	(7, 0.0)	(8, 0.0)	(9, 0.0)	(10, 0.0)	(15, 0.0)	(20, 0.0)	(25, 0.0)	(30, 0.0)	(35, 0.0)	(40, 0.0)	(45, 0.0)	(50, 0.0)	(55, 0.0)	(60, 0.0)	(65, 0.010913720972533802)	(70, 0.035166434244831145)	(75, 0.053355969199054144)	(80, 0.11520038804341234)	(85, 0.1976596131692233)	(90, 0.9040198872248834)	(95, 1.289638028254411)	(100, 1.3684593463893773)	(105, 1.4733523312920633)	(110, 1.4733523312920633)	(115, 1.4733523312920633)	(120, 1.4763839204511005)	(125, 1.4763839204511005)	(130, 1.4763839204511005)	(135, 1.6970836112290062)	(140, 1.8371430303765233)	(145, 1.8492693870126717)	(150, 1.8492693870126717)	(155, 1.8492693870126717)	(160, 1.8498757048444794)	(165, 1.852300976171709)	(170, 1.852300976171709)	(175, 1.852300976171709)	(180, 1.852300976171709)	(185, 1.852300976171709)	(190, 1.852300976171709)	(195, 1.852300976171709)	(200, 1.852300976171709)	(205, 1.852300976171709)	(210, 1.852300976171709)	(215, 1.852300976171709)	(220, 1.852300976171709)	(225, 1.852300976171709)	(230, 1.8553325653307464)	(235, 1.8947432243982294)	(240, 1.8947432243982296)
SRR8438086_2 - polya	(1, 0.0)	(2, 0.0)	(3, 0.0)	(4, 0.0)	(5, 0.0)	(6, 0.0)	(7, 0.0)	(8, 0.0)	(9, 0.0)	(10, 0.0)	(15, 0.0)	(20, 0.0)	(25, 0.0)	(30, 0.0)	(35, 0.0)	(40, 0.0)	(45, 0.0)	(50, 0.0)	(55, 0.0)	(60, 0.01758321712241557)	(65, 0.0254653489359122)	(70, 0.03213484508579397)	(75, 0.04183593039471291)	(80, 0.06790759716243255)	(85, 0.1394531013157097)	(90, 0.14066573697932455)	(95, 0.14551627963378402)	(100, 0.14551627963378402)	(105, 0.14551627963378402)	(110, 0.14551627963378402)	(115, 0.14551627963378402)	(120, 0.14551627963378402)	(125, 0.16370581458800704)	(130, 0.23828290790032133)	(135, 0.23949554356393624)	(140, 0.23949554356393624)	(145, 0.23949554356393624)	(150, 0.23949554356393624)	(155, 0.23949554356393624)	(160, 0.23949554356393624)	(165, 0.23949554356393624)	(170, 0.23949554356393624)	(175, 0.23949554356393624)	(180, 0.23949554356393624)	(185, 0.23949554356393624)	(190, 0.23949554356393624)	(195, 0.23949554356393624)	(200, 0.23949554356393624)	(205, 0.23949554356393624)	(210, 0.23949554356393624)	(215, 0.23949554356393624)	(220, 0.23949554356393624)	(225, 0.23949554356393624)	(230, 0.23949554356393624)	(235, 0.23949554356393624)	(240, 0.2394955435639362)
SRR8438087 - illumina_universal_adapter	(1, 0.0)	(2, 0.0)	(3, 0.0)	(4, 0.0)	(5, 0.0)	(6, 0.0)	(7, 0.0)	(8, 0.0)	(9, 0.0)	(10, 0.0)	(15, 0.0)	(20, 0.0)	(25, 0.0)	(30, 0.0)	(35, 0.0)	(40, 0.0)	(45, 0.0)	(50, 0.0)	(55, 0.0)	(60, 0.0)	(65, 0.0)	(70, 0.0)	(75, 1.8181818181818183)	(80, 9.090909090909092)	(85, 9.090909090909092)	(90, 9.090909090909092)	(95, 9.090909090909092)	(100, 9.090909090909092)	(105, 9.090909090909092)	(110, 9.090909090909092)	(115, 9.090909090909092)	(120, 18.181818181818183)	(125, 18.181818181818183)	(130, 18.181818181818183)	(135, 21.81818181818182)	(140, 27.272727272727273)	(145, 27.272727272727273)	(150, 27.272727272727273)	(155, 30.909090909090914)	(160, 40.0)	(165, 54.54545454545455)	(170, 58.18181818181817)	(175, 72.72727272727273)	(180, 81.81818181818181)	(185, 90.9090909090909)	(190, 90.9090909090909)	(195, 90.9090909090909)	(200, 90.9090909090909)	(205, 90.9090909090909)	(210, 90.9090909090909)	(215, 90.9090909090909)	(220, 90.9090909090909)	(225, 90.9090909090909)	(230, 90.9090909090909)	(235, 90.9090909090909)	(240, 90.9090909090909)
SRR8438087 - polya	(1, 0.0)	(2, 0.0)	(3, 0.0)	(4, 0.0)	(5, 0.0)	(6, 0.0)	(7, 0.0)	(8, 0.0)	(9, 0.0)	(10, 0.0)	(15, 0.0)	(20, 0.0)	(25, 0.0)	(30, 0.0)	(35, 0.0)	(40, 0.0)	(45, 0.0)	(50, 0.0)	(55, 0.0)	(60, 0.0)	(65, 0.0)	(70, 0.0)	(75, 0.0)	(80, 0.0)	(85, 0.0)	(90, 0.0)	(95, 0.0)	(100, 0.0)	(105, 0.0)	(110, 0.0)	(115, 0.0)	(120, 0.0)	(125, 0.0)	(130, 0.0)	(135, 0.0)	(140, 0.0)	(145, 0.0)	(150, 0.0)	(155, 0.0)	(160, 0.0)	(165, 0.0)	(170, 0.0)	(175, 0.0)	(180, 0.0)	(185, 0.0)	(190, 0.0)	(195, 0.0)	(200, 0.0)	(205, 0.0)	(210, 0.0)	(215, 0.0)	(220, 1.8181818181818183)	(225, 9.090909090909092)	(230, 9.090909090909092)	(235, 9.090909090909092)	(240, 9.090909090909092)
SRR8438087_1 - polya	(1, 0.0)	(2, 0.0)	(3, 0.0)	(4, 0.0)	(5, 0.0)	(6, 0.0)	(7, 0.0)	(8, 0.0)	(9, 0.0)	(10, 0.0)	(15, 0.0)	(20, 0.0)	(25, 0.0)	(30, 0.0)	(35, 0.0)	(40, 0.0)	(45, 0.0)	(50, 0.0)	(55, 0.0)	(60, 0.0)	(65, 0.017441442920313126)	(70, 0.07345925371143645)	(75, 0.1210641332115852)	(80, 0.18098061947901384)	(85, 0.280909827740102)	(90, 0.7068914218879849)	(95, 0.922754927207625)	(100, 1.1170731206845255)	(105, 1.2342385784198053)	(110, 1.2342385784198053)	(115, 1.2342385784198053)	(120, 1.2447034441719933)	(125, 1.2598877591849715)	(130, 1.2779447824436487)	(135, 1.4232217422975513)	(140, 1.470211041459336)	(145, 1.470211041459336)	(150, 1.4706214283515784)	(155, 1.472262975920549)	(160, 1.472262975920549)	(165, 1.472262975920549)	(170, 1.4730837497050344)	(175, 1.4732889431511558)	(180, 1.4732889431511558)	(185, 1.4732889431511558)	(190, 1.4732889431511558)	(195, 1.4732889431511558)	(200, 1.4732889431511558)	(205, 1.4732889431511558)	(210, 1.4732889431511558)	(215, 1.4732889431511558)	(220, 1.4761616513968545)	(225, 1.4773928120735824)	(230, 1.4798551334270382)	(235, 1.5256132719120952)	(240, 1.5256132719120952)
SRR8438088 - illumina_universal_adapter	(1, 3.7037037037037037)	(2, 3.7037037037037037)	(3, 3.7037037037037037)	(4, 3.7037037037037037)	(5, 3.7037037037037037)	(6, 3.7037037037037037)	(7, 3.7037037037037037)	(8, 3.7037037037037037)	(9, 3.7037037037037037)	(10, 3.7037037037037037)	(15, 3.7037037037037037)	(20, 3.7037037037037037)	(25, 3.7037037037037037)	(30, 3.7037037037037037)	(35, 3.7037037037037037)	(40, 3.7037037037037037)	(45, 3.7037037037037037)	(50, 3.7037037037037037)	(55, 3.7037037037037037)	(60, 3.7037037037037037)	(65, 3.7037037037037037)	(70, 3.7037037037037037)	(75, 3.7037037037037037)	(80, 3.7037037037037037)	(85, 7.407407407407407)	(90, 7.407407407407407)	(95, 7.407407407407407)	(100, 7.407407407407407)	(105, 8.88888888888889)	(110, 15.555555555555554)	(115, 18.51851851851852)	(120, 20.0)	(125, 28.888888888888893)	(130, 36.2962962962963)	(135, 37.03703703703704)	(140, 37.03703703703704)	(145, 38.51851851851852)	(150, 42.96296296296297)	(155, 51.11111111111111)	(160, 54.81481481481482)	(165, 64.44444444444444)	(170, 84.44444444444443)	(175, 94.07407407407408)	(180, 100.0)	(185, 100.0)	(190, 100.0)	(195, 100.0)	(200, 100.0)	(205, 100.0)	(210, 100.0)	(215, 100.0)	(220, 100.0)	(225, 100.0)	(230, 100.0)	(235, 100.0)	(240, 100.0)
SRR8438088 - polya	(1, 0.0)	(2, 0.0)	(3, 0.0)	(4, 0.0)	(5, 0.0)	(6, 0.0)	(7, 0.0)	(8, 0.0)	(9, 0.0)	(10, 0.0)	(15, 0.0)	(20, 0.0)	(25, 0.0)	(30, 0.0)	(35, 0.0)	(40, 0.0)	(45, 0.0)	(50, 0.0)	(55, 0.0)	(60, 2.2222222222222223)	(65, 3.7037037037037037)	(70, 3.7037037037037037)	(75, 3.7037037037037037)	(80, 3.7037037037037037)	(85, 3.7037037037037037)	(90, 3.7037037037037037)	(95, 3.7037037037037037)	(100, 3.7037037037037037)	(105, 3.7037037037037037)	(110, 3.7037037037037037)	(115, 3.7037037037037037)	(120, 3.7037037037037037)	(125, 3.7037037037037037)	(130, 3.7037037037037037)	(135, 3.7037037037037037)	(140, 3.7037037037037037)	(145, 3.7037037037037037)	(150, 3.7037037037037037)	(155, 3.7037037037037037)	(160, 3.7037037037037037)	(165, 4.444444444444445)	(170, 7.407407407407407)	(175, 7.407407407407407)	(180, 7.407407407407407)	(185, 7.407407407407407)	(190, 7.407407407407407)	(195, 7.407407407407407)	(200, 7.407407407407407)	(205, 7.407407407407407)	(210, 7.407407407407407)	(215, 7.407407407407407)	(220, 7.407407407407407)	(225, 7.407407407407407)	(230, 10.37037037037037)	(235, 11.11111111111111)	(240, 11.11111111111111)
SRR8438089 - illumina_universal_adapter	(1, 0.0)	(2, 0.0)	(3, 0.0)	(4, 0.0)	(5, 0.0)	(6, 0.0)	(7, 0.0)	(8, 0.0)	(9, 0.0)	(10, 0.0)	(15, 0.0)	(20, 0.0)	(25, 0.0)	(30, 0.0)	(35, 0.0)	(40, 0.0)	(45, 0.0)	(50, 0.0)	(55, 0.0)	(60, 0.0)	(65, 0.0)	(70, 0.0)	(75, 2.0)	(80, 10.0)	(85, 10.0)	(90, 10.0)	(95, 10.0)	(100, 10.0)	(105, 10.0)	(110, 10.0)	(115, 10.0)	(120, 10.0)	(125, 10.0)	(130, 18.0)	(135, 36.0)	(140, 48.0)	(145, 68.0)	(150, 70.0)	(155, 70.0)	(160, 74.0)	(165, 80.0)	(170, 90.0)	(175, 90.0)	(180, 96.0)	(185, 100.0)	(190, 100.0)	(195, 100.0)	(200, 100.0)	(205, 100.0)	(210, 100.0)	(215, 100.0)	(220, 100.0)	(225, 100.0)	(230, 100.0)	(235, 100.0)	(240, 100.0)
SRR8438089 - polya	(1, 0.0)	(2, 0.0)	(3, 0.0)	(4, 0.0)	(5, 0.0)	(6, 0.0)	(7, 0.0)	(8, 0.0)	(9, 0.0)	(10, 0.0)	(15, 0.0)	(20, 0.0)	(25, 0.0)	(30, 0.0)	(35, 0.0)	(40, 0.0)	(45, 0.0)	(50, 0.0)	(55, 0.0)	(60, 0.0)	(65, 0.0)	(70, 0.0)	(75, 0.0)	(80, 0.0)	(85, 0.0)	(90, 0.0)	(95, 0.0)	(100, 0.0)	(105, 0.0)	(110, 0.0)	(115, 0.0)	(120, 0.0)	(125, 0.0)	(130, 0.0)	(135, 0.0)	(140, 0.0)	(145, 0.0)	(150, 0.0)	(155, 0.0)	(160, 0.0)	(165, 0.0)	(170, 0.0)	(175, 0.0)	(180, 0.0)	(185, 0.0)	(190, 0.0)	(195, 0.0)	(200, 0.0)	(205, 6.0)	(210, 10.0)	(215, 10.0)	(220, 12.0)	(225, 20.0)	(230, 20.0)	(235, 20.0)	(240, 20.0)
SRR8438089_1 - polya	(1, 0.0)	(2, 0.0)	(3, 0.0)	(4, 0.0)	(5, 0.0)	(6, 0.0)	(7, 0.0)	(8, 0.0)	(9, 0.0)	(10, 0.0)	(15, 0.0)	(20, 0.0)	(25, 0.0)	(30, 0.0)	(35, 0.0)	(40, 0.0)	(45, 0.0)	(50, 0.0)	(55, 0.0)	(60, 0.0)	(65, 0.0)	(70, 0.0)	(75, 0.0)	(80, 0.0012277018648791328)	(85, 0.0012277018648791328)	(90, 0.0012277018648791328)	(95, 0.0012277018648791328)	(100, 0.14437773930978598)	(105, 0.2332633543270352)	(110, 0.2332633543270352)	(115, 0.2332633543270352)	(120, 0.2332633543270352)	(125, 0.23399997544596268)	(130, 0.23449105619191438)	(135, 0.23891078290547924)	(140, 0.24382159036499576)	(145, 0.24676807484070568)	(150, 0.24676807484070568)	(155, 0.24676807484070568)	(160, 0.24676807484070568)	(165, 0.24676807484070568)	(170, 0.24676807484070568)	(175, 0.24676807484070568)	(180, 0.24676807484070568)	(185, 0.25364320528402884)	(190, 0.2615004972192553)	(195, 0.2615004972192553)	(200, 0.2615004972192553)	(205, 0.2615004972192553)	(210, 0.2615004972192553)	(215, 0.2615004972192553)	(220, 0.2615004972192553)	(225, 0.2615004972192553)	(230, 0.3103630314414448)	(235, 0.8967134421077185)	(240, 0.897450063226646)
SRR8438090 - illumina_universal_adapter	(1, 0.0)	(2, 0.0)	(3, 0.0)	(4, 0.0)	(5, 0.0)	(6, 0.0)	(7, 0.0)	(8, 0.0)	(9, 0.0)	(10, 0.0)	(15, 0.0)	(20, 0.0)	(25, 0.0)	(30, 0.0)	(35, 0.0)	(40, 2.5)	(45, 4.166666666666667)	(50, 4.166666666666667)	(55, 4.166666666666667)	(60, 4.166666666666667)	(65, 4.166666666666667)	(70, 4.166666666666667)	(75, 5.833333333333334)	(80, 8.333333333333334)	(85, 8.333333333333334)	(90, 8.333333333333334)	(95, 8.333333333333334)	(100, 8.333333333333334)	(105, 9.166666666666668)	(110, 14.166666666666668)	(115, 20.833333333333332)	(120, 24.166666666666664)	(125, 26.666666666666668)	(130, 29.166666666666668)	(135, 29.166666666666668)	(140, 36.66666666666667)	(145, 49.16666666666667)	(150, 55.833333333333336)	(155, 61.66666666666667)	(160, 68.33333333333334)	(165, 75.0)	(170, 78.33333333333333)	(175, 84.16666666666666)	(180, 88.33333333333334)	(185, 94.16666666666666)	(190, 95.83333333333333)	(195, 95.83333333333333)	(200, 95.83333333333333)	(205, 95.83333333333333)	(210, 95.83333333333333)	(215, 95.83333333333333)	(220, 95.83333333333333)	(225, 95.83333333333333)	(230, 95.83333333333333)	(235, 95.83333333333333)	(240, 95.83333333333333)
SRR8438090 - polya	(1, 0.0)	(2, 0.0)	(3, 0.0)	(4, 0.0)	(5, 0.0)	(6, 0.0)	(7, 0.0)	(8, 0.0)	(9, 0.0)	(10, 0.0)	(15, 0.0)	(20, 0.0)	(25, 0.0)	(30, 0.0)	(35, 0.0)	(40, 0.0)	(45, 0.0)	(50, 0.0)	(55, 0.0)	(60, 0.0)	(65, 0.0)	(70, 0.0)	(75, 0.0)	(80, 0.0)	(85, 0.0)	(90, 0.0)	(95, 0.0)	(100, 0.0)	(105, 0.0)	(110, 0.0)	(115, 0.0)	(120, 0.0)	(125, 0.0)	(130, 0.0)	(135, 0.0)	(140, 0.0)	(145, 0.0)	(150, 0.0)	(155, 0.0)	(160, 0.0)	(165, 0.0)	(170, 0.8333333333333334)	(175, 7.500000000000002)	(180, 8.333333333333334)	(185, 8.333333333333334)	(190, 8.333333333333334)	(195, 8.333333333333334)	(200, 11.666666666666668)	(205, 12.5)	(210, 12.5)	(215, 12.5)	(220, 12.5)	(225, 12.5)	(230, 12.5)	(235, 12.5)	(240, 12.5)
SRR8438091 - illumina_universal_adapter	(1, 0.0)	(2, 0.0)	(3, 0.0)	(4, 0.0)	(5, 0.0)	(6, 0.0)	(7, 0.0)	(8, 0.0)	(9, 0.0)	(10, 0.0)	(15, 0.0)	(20, 0.0)	(25, 0.0)	(30, 0.0)	(35, 0.0)	(40, 0.0)	(45, 0.0)	(50, 0.0)	(55, 0.0)	(60, 0.0)	(65, 0.0)	(70, 5.714285714285714)	(75, 14.285714285714286)	(80, 14.285714285714286)	(85, 14.285714285714286)	(90, 20.0)	(95, 28.571428571428573)	(100, 28.571428571428573)	(105, 28.571428571428573)	(110, 28.571428571428573)	(115, 28.571428571428573)	(120, 31.428571428571427)	(125, 57.142857142857146)	(130, 57.142857142857146)	(135, 57.142857142857146)	(140, 57.142857142857146)	(145, 57.142857142857146)	(150, 62.85714285714287)	(155, 71.42857142857143)	(160, 71.42857142857143)	(165, 85.71428571428571)	(170, 91.42857142857142)	(175, 100.0)	(180, 100.0)	(185, 100.0)	(190, 100.0)	(195, 100.0)	(200, 100.0)	(205, 100.0)	(210, 100.0)	(215, 100.0)	(220, 100.0)	(225, 100.0)	(230, 100.0)	(235, 100.0)	(240, 100.0)
SRR8438091 - polya	(1, 0.0)	(2, 0.0)	(3, 0.0)	(4, 0.0)	(5, 0.0)	(6, 0.0)	(7, 0.0)	(8, 0.0)	(9, 0.0)	(10, 0.0)	(15, 0.0)	(20, 0.0)	(25, 0.0)	(30, 0.0)	(35, 0.0)	(40, 0.0)	(45, 0.0)	(50, 0.0)	(55, 0.0)	(60, 0.0)	(65, 0.0)	(70, 0.0)	(75, 0.0)	(80, 0.0)	(85, 0.0)	(90, 0.0)	(95, 0.0)	(100, 0.0)	(105, 0.0)	(110, 0.0)	(115, 0.0)	(120, 0.0)	(125, 0.0)	(130, 0.0)	(135, 0.0)	(140, 0.0)	(145, 0.0)	(150, 0.0)	(155, 0.0)	(160, 0.0)	(165, 0.0)	(170, 0.0)	(175, 0.0)	(180, 0.0)	(185, 11.428571428571429)	(190, 14.285714285714286)	(195, 14.285714285714286)	(200, 14.285714285714286)	(205, 14.285714285714286)	(210, 14.285714285714286)	(215, 14.285714285714286)	(220, 14.285714285714286)	(225, 25.714285714285715)	(230, 28.571428571428573)	(235, 28.571428571428573)	(240, 28.571428571428573)
SRR8438092 - illumina_universal_adapter	(1, 0.0)	(2, 0.0)	(3, 0.0)	(4, 0.0)	(5, 0.0)	(6, 0.0)	(7, 0.0)	(8, 0.0)	(9, 0.0)	(10, 0.0)	(15, 0.0)	(20, 0.0)	(25, 0.0)	(30, 0.0)	(35, 0.0)	(40, 0.0)	(45, 0.0)	(50, 0.0)	(55, 0.0)	(60, 0.0)	(65, 0.0)	(70, 0.0)	(75, 0.0)	(80, 0.0)	(85, 0.0)	(90, 0.0)	(95, 0.0)	(100, 0.0)	(105, 0.0)	(110, 0.0)	(115, 0.0)	(120, 0.0)	(125, 0.0)	(130, 20.0)	(135, 50.0)	(140, 50.0)	(145, 50.0)	(150, 50.0)	(155, 100.0)	(160, 100.0)	(165, 100.0)	(170, 100.0)	(175, 100.0)	(180, 100.0)	(185, 100.0)	(190, 100.0)	(195, 100.0)	(200, 100.0)	(205, 100.0)	(210, 100.0)	(215, 100.0)	(220, 100.0)	(225, 100.0)	(230, 100.0)	(235, 100.0)	(240, 100.0)
SRR8438092 - polya	(1, 0.0)	(2, 0.0)	(3, 0.0)	(4, 0.0)	(5, 0.0)	(6, 0.0)	(7, 0.0)	(8, 0.0)	(9, 0.0)	(10, 0.0)	(15, 0.0)	(20, 0.0)	(25, 0.0)	(30, 0.0)	(35, 0.0)	(40, 0.0)	(45, 0.0)	(50, 0.0)	(55, 0.0)	(60, 0.0)	(65, 0.0)	(70, 0.0)	(75, 0.0)	(80, 0.0)	(85, 0.0)	(90, 0.0)	(95, 0.0)	(100, 0.0)	(105, 0.0)	(110, 0.0)	(115, 0.0)	(120, 0.0)	(125, 0.0)	(130, 0.0)	(135, 0.0)	(140, 0.0)	(145, 0.0)	(150, 0.0)	(155, 0.0)	(160, 0.0)	(165, 0.0)	(170, 0.0)	(175, 0.0)	(180, 0.0)	(185, 0.0)	(190, 10.0)	(195, 50.0)	(200, 50.0)	(205, 50.0)	(210, 50.0)	(215, 50.0)	(220, 50.0)	(225, 50.0)	(230, 50.0)	(235, 50.0)	(240, 50.0)
SRR8438092_1 - polya	(1, 0.0)	(2, 0.0)	(3, 0.0)	(4, 0.0)	(5, 0.0)	(6, 0.0)	(7, 0.0)	(8, 0.0)	(9, 0.0)	(10, 0.0)	(15, 0.0)	(20, 0.00023150827642088204)	(25, 0.0011575413821044102)	(30, 0.0011575413821044102)	(35, 0.0011575413821044102)	(40, 0.0011575413821044102)	(45, 0.0011575413821044102)	(50, 0.0011575413821044102)	(55, 0.0011575413821044102)	(60, 0.0011575413821044102)	(65, 0.011112397268202337)	(70, 0.04884824632480611)	(75, 0.0657483505035305)	(80, 0.1032526912837134)	(85, 0.15603657830767453)	(90, 0.39611066095612923)	(95, 0.5218196550526681)	(100, 0.5278388702396111)	(105, 0.529690936450978)	(110, 0.5301539530038198)	(115, 0.5301539530038198)	(120, 0.5301539530038198)	(125, 0.5301539530038198)	(130, 0.5301539530038198)	(135, 0.5544623220280125)	(140, 0.5695103599953698)	(145, 0.5695103599953698)	(150, 0.5727514758652621)	(155, 0.5741405255237875)	(160, 0.5741405255237875)	(165, 0.5741405255237875)	(170, 0.5741405255237875)	(175, 0.5741405255237875)	(180, 0.5741405255237875)	(185, 0.5741405255237875)	(190, 0.5741405255237875)	(195, 0.5741405255237875)	(200, 0.5741405255237875)	(205, 0.5741405255237875)	(210, 0.5741405255237875)	(215, 0.5741405255237875)	(220, 0.5741405255237875)	(225, 0.5741405255237875)	(230, 0.5778446579465216)	(235, 0.6134969325153374)	(240, 0.6134969325153374)
SRR8438093 - illumina_universal_adapter	(1, 0.0)	(2, 0.0)	(3, 0.0)	(4, 0.0)	(5, 0.0)	(6, 0.0)	(7, 0.0)	(8, 0.0)	(9, 0.0)	(10, 0.0)	(15, 0.0)	(20, 0.0)	(25, 0.0)	(30, 0.0)	(35, 0.0)	(40, 0.0)	(45, 0.0)	(50, 0.0)	(55, 0.0)	(60, 0.0)	(65, 0.0)	(70, 0.0)	(75, 0.0)	(80, 60.0)	(85, 100.0)	(90, 100.0)	(95, 100.0)	(100, 100.0)	(105, 100.0)	(110, 100.0)	(115, 100.0)	(120, 100.0)	(125, 100.0)	(130, 100.0)	(135, 100.0)	(140, 100.0)	(145, 100.0)	(150, 100.0)	(155, 100.0)	(160, 100.0)	(165, 100.0)	(170, 100.0)	(175, 100.0)	(180, 100.0)	(185, 100.0)	(190, 100.0)	(195, 100.0)	(200, 100.0)	(205, 100.0)	(210, 100.0)	(215, 100.0)	(220, 100.0)	(225, 100.0)	(230, 100.0)	(235, 100.0)	
SRR8438093_1 - polya	(1, 0.0)	(2, 0.0)	(3, 0.0)	(4, 0.0)	(5, 0.0)	(6, 0.0)	(7, 0.0)	(8, 0.0)	(9, 0.0)	(10, 0.0)	(15, 0.0)	(20, 0.0)	(25, 0.0)	(30, 0.0)	(35, 0.0)	(40, 0.0)	(45, 0.0)	(50, 0.006047777441790142)	(55, 0.010079629069650237)	(60, 0.010079629069650237)	(65, 0.010079629069650237)	(70, 0.06047777441790142)	(75, 0.09071666162685213)	(80, 0.1068440681382925)	(85, 0.13909888116117328)	(90, 0.16328999092833382)	(95, 0.17135369418405402)	(100, 0.17135369418405402)	(105, 0.17135369418405402)	(110, 0.17135369418405402)	(115, 0.1753855458119141)	(120, 0.25199072674125594)	(125, 0.25199072674125594)	(130, 0.25199072674125594)	(135, 0.25199072674125594)	(140, 0.25199072674125594)	(145, 0.25199072674125594)	(150, 0.25199072674125594)	(155, 0.25199072674125594)	(160, 0.25199072674125594)	(165, 0.25199072674125594)	(170, 0.25199072674125594)	(175, 0.25199072674125594)	(180, 0.25199072674125594)	(185, 0.25199072674125594)	(190, 0.25199072674125594)	(195, 0.25199072674125594)	(200, 0.25199072674125594)	(205, 0.25199072674125594)	(210, 0.25199072674125594)	(215, 0.25199072674125594)	(220, 0.25199072674125594)	(225, 0.25199072674125594)	(230, 0.25199072674125594)	(235, 0.26207035581090615)	(240, 0.26207035581090615)
SRR8438094 - illumina_universal_adapter	(1, 0.0)	(2, 0.0)	(3, 0.0)	(4, 0.0)	(5, 0.0)	(6, 0.0)	(7, 0.0)	(8, 0.0)	(9, 0.0)	(10, 0.0)	(15, 0.0)	(20, 0.0)	(25, 0.0)	(30, 0.0)	(35, 0.0)	(40, 0.0)	(45, 0.0)	(50, 0.0)	(55, 0.0)	(60, 0.0)	(65, 0.0)	(70, 0.0)	(75, 0.0)	(80, 0.0)	(85, 0.0)	(90, 0.0)	(95, 2.2857142857142856)	(100, 2.857142857142857)	(105, 5.7142857142857135)	(110, 13.142857142857144)	(115, 14.285714285714286)	(120, 16.0)	(125, 19.428571428571427)	(130, 27.428571428571427)	(135, 32.0)	(140, 36.57142857142857)	(145, 39.42857142857143)	(150, 44.0)	(155, 50.85714285714287)	(160, 51.42857142857143)	(165, 61.142857142857146)	(170, 72.57142857142858)	(175, 82.28571428571429)	(180, 88.57142857142857)	(185, 88.57142857142857)	(190, 88.57142857142857)	(195, 88.57142857142857)	(200, 88.57142857142857)	(205, 88.57142857142857)	(210, 88.57142857142857)	(215, 88.57142857142857)	(220, 88.57142857142857)	(225, 88.57142857142857)	(230, 88.57142857142857)	(235, 88.57142857142857)	(240, 88.57142857142857)
SRR8438094 - polya	(1, 0.0)	(2, 0.0)	(3, 0.0)	(4, 0.0)	(5, 0.0)	(6, 0.0)	(7, 0.0)	(8, 0.0)	(9, 0.0)	(10, 0.0)	(15, 0.0)	(20, 0.0)	(25, 0.0)	(30, 0.0)	(35, 0.0)	(40, 0.0)	(45, 0.0)	(50, 0.0)	(55, 0.0)	(60, 0.0)	(65, 0.0)	(70, 0.0)	(75, 0.0)	(80, 0.0)	(85, 0.0)	(90, 0.0)	(95, 0.0)	(100, 0.0)	(105, 0.0)	(110, 0.0)	(115, 0.0)	(120, 0.0)	(125, 0.0)	(130, 0.0)	(135, 0.0)	(140, 0.0)	(145, 0.0)	(150, 0.0)	(155, 0.0)	(160, 0.0)	(165, 0.0)	(170, 5.714285714285714)	(175, 5.714285714285714)	(180, 5.714285714285714)	(185, 5.714285714285714)	(190, 5.714285714285714)	(195, 5.714285714285714)	(200, 8.571428571428571)	(205, 8.571428571428571)	(210, 8.571428571428571)	(215, 11.428571428571429)	(220, 11.428571428571429)	(225, 11.428571428571429)	(230, 12.0)	(235, 16.0)	(240, 17.142857142857142)
SRR8438095 - illumina_universal_adapter	(1, 0.0)	(2, 0.0)	(3, 0.0)	(4, 0.0)	(5, 0.0)	(6, 0.0)	(7, 0.0)	(8, 0.0)	(9, 0.0)	(10, 0.0)	(15, 0.0)	(20, 0.0)	(25, 0.0)	(30, 0.0)	(35, 0.0)	(40, 0.0)	(45, 0.0)	(50, 0.0)	(55, 0.0)	(60, 0.0)	(65, 0.0)	(70, 0.0)	(75, 0.0)	(80, 0.0)	(85, 0.689655172413793)	(90, 5.517241379310344)	(95, 6.896551724137931)	(100, 9.655172413793103)	(105, 10.344827586206897)	(110, 10.344827586206897)	(115, 13.793103448275861)	(120, 15.172413793103448)	(125, 17.931034482758623)	(130, 23.448275862068968)	(135, 31.03448275862069)	(140, 34.48275862068966)	(145, 35.862068965517246)	(150, 42.06896551724138)	(155, 46.20689655172414)	(160, 54.48275862068965)	(165, 63.44827586206897)	(170, 66.20689655172414)	(175, 71.03448275862068)	(180, 82.75862068965517)	(185, 92.41379310344828)	(190, 96.55172413793103)	(195, 96.55172413793103)	(200, 96.55172413793103)	(205, 96.55172413793103)	(210, 96.55172413793103)	(215, 96.55172413793103)	(220, 96.55172413793103)	(225, 96.55172413793103)	(230, 96.55172413793103)	(235, 96.55172413793103)	(240, 96.55172413793103)
SRR8438095 - polya	(1, 0.0)	(2, 0.0)	(3, 0.0)	(4, 0.0)	(5, 0.0)	(6, 0.0)	(7, 0.0)	(8, 0.0)	(9, 0.0)	(10, 0.0)	(15, 0.0)	(20, 0.0)	(25, 0.0)	(30, 0.0)	(35, 0.0)	(40, 0.0)	(45, 0.0)	(50, 0.0)	(55, 0.0)	(60, 0.0)	(65, 0.0)	(70, 0.0)	(75, 0.0)	(80, 0.0)	(85, 0.0)	(90, 0.0)	(95, 0.0)	(100, 0.0)	(105, 0.0)	(110, 0.0)	(115, 0.0)	(120, 0.0)	(125, 0.0)	(130, 0.0)	(135, 0.0)	(140, 0.0)	(145, 0.0)	(150, 4.827586206896551)	(155, 6.896551724137931)	(160, 6.896551724137931)	(165, 6.896551724137931)	(170, 6.896551724137931)	(175, 9.655172413793103)	(180, 10.344827586206897)	(185, 10.344827586206897)	(190, 10.344827586206897)	(195, 10.344827586206897)	(200, 10.344827586206897)	(205, 10.344827586206897)	(210, 10.344827586206897)	(215, 10.344827586206897)	(220, 10.344827586206897)	(225, 10.344827586206897)	(230, 10.344827586206897)	(235, 10.344827586206897)	(240, 10.344827586206897)
SRR8438096 - illumina_universal_adapter	(1, 0.0)	(2, 0.0)	(3, 0.0)	(4, 0.0)	(5, 0.0)	(6, 0.0)	(7, 0.0)	(8, 0.0)	(9, 0.0)	(10, 0.0)	(15, 0.0)	(20, 0.0)	(25, 0.0)	(30, 0.0)	(35, 0.0)	(40, 0.0)	(45, 0.0)	(50, 0.0)	(55, 6.666666666666666)	(60, 11.11111111111111)	(65, 11.11111111111111)	(70, 11.11111111111111)	(75, 11.11111111111111)	(80, 11.11111111111111)	(85, 11.11111111111111)	(90, 11.11111111111111)	(95, 11.11111111111111)	(100, 11.11111111111111)	(105, 11.11111111111111)	(110, 11.11111111111111)	(115, 11.11111111111111)	(120, 33.333333333333336)	(125, 44.44444444444444)	(130, 44.44444444444444)	(135, 44.44444444444444)	(140, 51.11111111111111)	(145, 55.55555555555556)	(150, 57.777777777777786)	(155, 75.55555555555556)	(160, 77.77777777777777)	(165, 84.44444444444443)	(170, 88.88888888888889)	(175, 88.88888888888889)	(180, 93.33333333333333)	(185, 100.0)	(190, 100.0)	(195, 100.0)	(200, 100.0)	(205, 100.0)	(210, 100.0)	(215, 100.0)	(220, 100.0)	(225, 100.0)	(230, 100.0)	(235, 100.0)	(240, 100.0)
SRR8438096 - polya	(1, 0.0)	(2, 0.0)	(3, 0.0)	(4, 0.0)	(5, 0.0)	(6, 0.0)	(7, 0.0)	(8, 0.0)	(9, 0.0)	(10, 0.0)	(15, 0.0)	(20, 0.0)	(25, 0.0)	(30, 0.0)	(35, 0.0)	(40, 0.0)	(45, 0.0)	(50, 0.0)	(55, 0.0)	(60, 0.0)	(65, 0.0)	(70, 0.0)	(75, 0.0)	(80, 0.0)	(85, 0.0)	(90, 0.0)	(95, 0.0)	(100, 0.0)	(105, 0.0)	(110, 0.0)	(115, 0.0)	(120, 0.0)	(125, 0.0)	(130, 0.0)	(135, 0.0)	(140, 0.0)	(145, 0.0)	(150, 0.0)	(155, 0.0)	(160, 0.0)	(165, 0.0)	(170, 0.0)	(175, 0.0)	(180, 8.88888888888889)	(185, 11.11111111111111)	(190, 11.11111111111111)	(195, 11.11111111111111)	(200, 15.555555555555554)	(205, 22.22222222222222)	(210, 22.22222222222222)	(215, 22.22222222222222)	(220, 22.22222222222222)	(225, 22.22222222222222)	(230, 22.22222222222222)	(235, 22.22222222222222)	(240, 22.22222222222222)
SRR8438096_1 - polya	(1, 0.0)	(2, 0.0)	(3, 0.0)	(4, 0.0)	(5, 0.0)	(6, 0.0)	(7, 0.0)	(8, 0.0)	(9, 0.0)	(10, 0.0)	(15, 0.0)	(20, 0.0005645093002907222)	(25, 0.0028225465014536113)	(30, 0.0028225465014536113)	(35, 0.0028225465014536113)	(40, 0.0028225465014536113)	(45, 0.0028225465014536113)	(50, 0.013548223206977336)	(55, 0.01693527900872167)	(60, 0.01693527900872167)	(65, 0.023709390612210342)	(70, 0.29410934545146633)	(75, 0.46572017273984584)	(80, 0.5272516864715346)	(85, 0.6847497812526461)	(90, 0.9099889920686444)	(95, 0.9991814615145784)	(100, 1.0708741426515)	(105, 1.1905501143131332)	(110, 1.205227356120692)	(115, 1.21143695842389)	(120, 1.2955488441672076)	(125, 1.2955488441672076)	(130, 1.3226452905811623)	(135, 1.3407095881904654)	(140, 1.4056281577238985)	(145, 1.5151429619802985)	(150, 1.6048999407265234)	(155, 1.6263512941375708)	(160, 1.717801800784668)	(165, 1.7330435518925174)	(170, 1.7341725704930986)	(175, 1.735866098393971)	(180, 1.735866098393971)	(185, 1.748285303000367)	(190, 1.7669141099099608)	(195, 1.7691721471111237)	(200, 1.778204295915775)	(205, 1.780462333116938)	(210, 1.8086877981314742)	(215, 1.8798159699681052)	(220, 1.8798159699681052)	(225, 1.8815094978689775)	(230, 2.610855513844591)	(235, 5.428885940895876)	(240, 5.44751474780547)
SRR8438096_2 - polya	(1, 0.0)	(2, 0.0)	(3, 0.0)	(4, 0.0)	(5, 0.0)	(6, 0.0)	(7, 0.0)	(8, 0.0)	(9, 0.0)	(10, 0.0)	(15, 0.0)	(20, 0.0)	(25, 0.0)	(30, 0.0)	(35, 0.0)	(40, 0.0)	(45, 0.0)	(50, 0.0)	(55, 0.0)	(60, 0.01467724180755878)	(65, 0.07112817183663102)	(70, 0.07395071833808461)	(75, 0.12362753676366818)	(80, 0.15636907618053006)	(85, 0.1919331620988456)	(90, 0.1919331620988456)	(95, 0.20040080160320645)	(100, 0.2286262666177425)	(105, 0.23314234102006828)	(110, 0.26531937113663945)	(115, 0.27435151994129103)	(120, 0.27830308504332607)	(125, 0.28507719664681475)	(130, 0.28507719664681475)	(135, 0.32854441276920043)	(140, 0.3477377289790849)	(145, 0.3499957661802478)	(150, 0.36128595218606224)	(155, 0.3697535916904231)	(160, 0.3697535916904231)	(165, 0.3697535916904231)	(170, 0.3697535916904231)	(175, 0.3697535916904231)	(180, 0.37257613819187674)	(185, 0.37257613819187674)	(190, 0.37257613819187674)	(195, 0.37257613819187674)	(200, 0.37257613819187674)	(205, 0.37257613819187674)	(210, 0.37257613819187674)	(215, 0.37257613819187674)	(220, 0.37257613819187674)	(225, 0.6006378955093286)	(230, 0.6604758813401451)	(235, 0.6604758813401451)	(240, 0.6604758813401451)
SRR8438097 - illumina_universal_adapter	(1, 0.0)	(2, 0.0)	(3, 0.0)	(4, 0.0)	(5, 0.0)	(6, 0.0)	(7, 0.0)	(8, 0.0)	(9, 0.0)	(10, 0.0)	(15, 0.0)	(20, 0.0)	(25, 0.0)	(30, 0.0)	(35, 0.0)	(40, 0.0)	(45, 0.0)	(50, 0.0)	(55, 0.0)	(60, 0.0)	(65, 0.0)	(70, 0.0)	(75, 0.0)	(80, 0.0)	(85, 0.0)	(90, 2.0)	(95, 10.0)	(100, 10.0)	(105, 10.0)	(110, 14.0)	(115, 20.0)	(120, 20.0)	(125, 30.0)	(130, 36.0)	(135, 42.0)	(140, 50.0)	(145, 54.0)	(150, 60.0)	(155, 60.0)	(160, 60.0)	(165, 68.0)	(170, 70.0)	(175, 70.0)	(180, 88.0)	(185, 90.0)	(190, 90.0)	(195, 90.0)	(200, 90.0)	(205, 90.0)	(210, 90.0)	(215, 90.0)	(220, 90.0)	(225, 90.0)	(230, 90.0)	(235, 90.0)	(240, 90.0)
SRR8438097 - polya	(1, 0.0)	(2, 0.0)	(3, 0.0)	(4, 0.0)	(5, 0.0)	(6, 0.0)	(7, 0.0)	(8, 0.0)	(9, 0.0)	(10, 0.0)	(15, 0.0)	(20, 0.0)	(25, 0.0)	(30, 0.0)	(35, 0.0)	(40, 0.0)	(45, 0.0)	(50, 0.0)	(55, 0.0)	(60, 0.0)	(65, 0.0)	(70, 0.0)	(75, 0.0)	(80, 0.0)	(85, 0.0)	(90, 0.0)	(95, 0.0)	(100, 0.0)	(105, 0.0)	(110, 0.0)	(115, 0.0)	(120, 0.0)	(125, 0.0)	(130, 0.0)	(135, 0.0)	(140, 0.0)	(145, 0.0)	(150, 0.0)	(155, 0.0)	(160, 0.0)	(165, 0.0)	(170, 2.0)	(175, 10.0)	(180, 10.0)	(185, 10.0)	(190, 10.0)	(195, 10.0)	(200, 20.0)	(205, 20.0)	(210, 20.0)	(215, 20.0)	(220, 20.0)	(225, 26.0)	(230, 30.0)	(235, 30.0)	(240, 30.0)
SRR8438097_1 - polya	(1, 0.0)	(2, 0.0)	(3, 0.0)	(4, 0.0)	(5, 0.0)	(6, 0.0)	(7, 0.0)	(8, 0.0)	(9, 0.0)	(10, 0.0)	(15, 0.0)	(20, 0.0)	(25, 0.0)	(30, 0.0)	(35, 0.0)	(40, 0.0)	(45, 0.0)	(50, 0.0)	(55, 0.0)	(60, 0.0)	(65, 0.04194972294399399)	(70, 0.7369376702250884)	(75, 1.133894750023479)	(80, 1.388723664026547)	(85, 1.4181510816141252)	(90, 2.3498106001314842)	(95, 3.0197539366997463)	(100, 3.0216322825032087)	(105, 3.024136743574492)	(110, 3.024136743574492)	(115, 3.0260150893779545)	(120, 3.0335284725918044)	(125, 3.0335284725918044)	(130, 3.043546316876937)	(135, 3.04605077794822)	(140, 3.04605077794822)	(145, 3.04605077794822)	(150, 3.04605077794822)	(155, 3.052938045894249)	(160, 3.093009423034781)	(165, 3.111792881069405)	(170, 3.1330808001753123)	(175, 3.1650126788341733)	(180, 3.1650126788341733)	(185, 3.1650126788341733)	(190, 3.1650126788341733)	(195, 3.1650126788341733)	(200, 3.1650126788341733)	(205, 3.1744044078514855)	(210, 3.1744044078514855)	(215, 3.1744044078514855)	(220, 3.1744044078514855)	(225, 3.1744044078514855)	(230, 4.533700654290454)	(235, 9.8675766208559)	(240, 9.892621231568732)
SRR8438097_2 - polya	(1, 0.0)	(2, 0.0)	(3, 0.0)	(4, 0.0)	(5, 0.0)	(6, 0.0)	(7, 0.0)	(8, 0.0)	(9, 0.0)	(10, 0.0)	(15, 0.0)	(20, 0.0)	(25, 0.0)	(30, 0.0)	(35, 0.0)	(40, 0.0)	(45, 0.0)	(50, 0.0)	(55, 0.0)	(60, 0.11019628713646182)	(65, 0.25482891400306795)	(70, 0.5785305074664245)	(75, 0.5960617349654072)	(80, 0.6661866449613374)	(85, 0.9203894436965845)	(90, 0.9297811727138965)	(95, 0.9297811727138965)	(100, 0.9297811727138965)	(105, 0.9322856337851798)	(110, 0.9416773628024918)	(115, 0.951069091819804)	(120, 0.954825783426729)	(125, 0.954825783426729)	(130, 0.954825783426729)	(135, 0.954825783426729)	(140, 0.954825783426729)	(145, 0.954825783426729)	(150, 0.9579563597658328)	(155, 0.9729831261935322)	(160, 0.9736092414613531)	(165, 0.9736092414613531)	(170, 0.9736092414613531)	(175, 0.9736092414613531)	(180, 0.9736092414613531)	(185, 0.9736092414613531)	(190, 0.9736092414613531)	(195, 0.9736092414613531)	(200, 0.9736092414613531)	(205, 0.9736092414613531)	(210, 0.9736092414613531)	(215, 0.9736092414613531)	(220, 0.9736092414613531)	(225, 1.572801552765864)	(230, 1.721816986507216)	(235, 1.721816986507216)	(240, 1.721816986507216)
SRR8438098 - illumina_universal_adapter	(1, 0.0)	(2, 0.0)	(3, 0.0)	(4, 0.0)	(5, 0.0)	(6, 0.0)	(7, 0.0)	(8, 0.0)	(9, 0.0)	(10, 0.0)	(15, 0.0)	(20, 0.0)	(25, 0.0)	(30, 0.0)	(35, 0.0)	(40, 0.0)	(45, 0.0)	(50, 0.0)	(55, 6.666666666666667)	(60, 6.666666666666667)	(65, 6.666666666666667)	(70, 6.666666666666667)	(75, 6.666666666666667)	(80, 6.666666666666667)	(85, 8.0)	(90, 13.333333333333334)	(95, 18.666666666666668)	(100, 20.0)	(105, 24.0)	(110, 33.333333333333336)	(115, 38.66666666666667)	(120, 40.0)	(125, 41.33333333333333)	(130, 52.0)	(135, 53.333333333333336)	(140, 53.333333333333336)	(145, 57.333333333333336)	(150, 60.0)	(155, 60.0)	(160, 61.333333333333336)	(165, 71.99999999999999)	(170, 78.66666666666666)	(175, 88.0)	(180, 93.33333333333333)	(185, 93.33333333333333)	(190, 93.33333333333333)	(195, 93.33333333333333)	(200, 93.33333333333333)	(205, 93.33333333333333)	(210, 93.33333333333333)	(215, 93.33333333333333)	(220, 93.33333333333333)	(225, 93.33333333333333)	(230, 93.33333333333333)	(235, 93.33333333333333)	(240, 93.33333333333333)
SRR8438098 - polya	(1, 0.0)	(2, 0.0)	(3, 0.0)	(4, 0.0)	(5, 0.0)	(6, 0.0)	(7, 0.0)	(8, 0.0)	(9, 0.0)	(10, 0.0)	(15, 0.0)	(20, 0.0)	(25, 0.0)	(30, 0.0)	(35, 0.0)	(40, 0.0)	(45, 0.0)	(50, 0.0)	(55, 0.0)	(60, 0.0)	(65, 0.0)	(70, 0.0)	(75, 0.0)	(80, 0.0)	(85, 0.0)	(90, 0.0)	(95, 0.0)	(100, 0.0)	(105, 0.0)	(110, 0.0)	(115, 5.333333333333334)	(120, 6.666666666666667)	(125, 6.666666666666667)	(130, 6.666666666666667)	(135, 6.666666666666667)	(140, 6.666666666666667)	(145, 6.666666666666667)	(150, 6.666666666666667)	(155, 10.666666666666668)	(160, 13.333333333333334)	(165, 14.666666666666668)	(170, 26.666666666666668)	(175, 26.666666666666668)	(180, 26.666666666666668)	(185, 26.666666666666668)	(190, 30.666666666666668)	(195, 33.333333333333336)	(200, 33.333333333333336)	(205, 33.333333333333336)	(210, 33.333333333333336)	(215, 33.333333333333336)	(220, 33.333333333333336)	(225, 33.333333333333336)	(230, 33.333333333333336)	(235, 33.333333333333336)	(240, 33.333333333333336)
SRR8438098_1 - illumina_small_rna_3'_adapter	(1, 0.0)	(2, 0.0)	(3, 0.0)	(4, 0.0)	(5, 0.0)	(6, 0.0)	(7, 0.0)	(8, 0.0)	(9, 0.0)	(10, 0.0)	(15, 0.0)	(20, 0.0)	(25, 0.0)	(30, 0.0)	(35, 0.0)	(40, 0.0)	(45, 0.0)	(50, 0.0)	(55, 0.0)	(60, 0.0)	(65, 0.0)	(70, 0.0)	(75, 0.0)	(80, 0.0)	(85, 0.0)	(90, 0.0)	(95, 0.0)	(100, 0.0)	(105, 0.0)	(110, 0.0)	(115, 0.0)	(120, 0.0)	(125, 0.0)	(130, 0.0)	(135, 0.23682025142464416)	(140, 1.1755104378454224)	(145, 1.1755104378454224)	(150, 1.1755104378454224)	(155, 1.1755104378454224)	(160, 1.1755104378454224)	(165, 1.1755104378454224)	(170, 1.1755104378454224)	(175, 1.1755104378454224)	(180, 1.1755104378454224)	(185, 1.1755104378454224)	(190, 1.1755104378454224)	(195, 1.1755104378454224)	(200, 1.1755104378454224)	(205, 1.1755104378454224)	(210, 1.1755104378454224)	(215, 1.1755104378454224)	(220, 1.1755104378454224)	(225, 1.1755104378454224)	(230, 1.1755104378454224)	(235, 1.1755104378454224)	(240, 1.1755104378454224)
SRR8438098_1 - polya	(1, 0.0)	(2, 0.0)	(3, 0.0)	(4, 0.0)	(5, 0.0)	(6, 0.0)	(7, 0.0)	(8, 0.0)	(9, 0.0)	(10, 0.0)	(15, 0.0)	(20, 0.0)	(25, 0.0)	(30, 0.0)	(35, 0.0)	(40, 0.0)	(45, 0.0)	(50, 0.0)	(55, 0.0)	(60, 0.0)	(65, 0.009736261848171588)	(70, 0.06614930843904814)	(75, 0.07932189799833911)	(80, 0.08075370121130551)	(85, 0.08476275020761145)	(90, 0.19100254860971905)	(95, 0.21047507230606227)	(100, 0.2127659574468085)	(105, 0.21419776065977492)	(110, 0.2162022851579279)	(115, 0.21763408837089432)	(120, 0.22049769479682713)	(125, 0.22049769479682713)	(130, 0.22049769479682713)	(135, 0.22049769479682713)	(140, 0.2210704160820137)	(145, 0.22192949800979353)	(150, 0.2225022192949801)	(155, 0.2245067437931331)	(160, 0.22622490764869277)	(165, 0.22622490764869277)	(170, 0.22622490764869277)	(175, 0.22622490764869277)	(180, 0.22622490764869277)	(185, 0.22622490764869277)	(190, 0.22622490764869277)	(195, 0.22622490764869277)	(200, 0.22622490764869277)	(205, 0.22622490764869277)	(210, 0.22622490764869277)	(215, 0.22622490764869277)	(220, 0.22622490764869277)	(225, 0.22622490764869277)	(230, 0.22622490764869277)	(235, 0.28206523295438274)	(240, 0.28206523295438274)
SRR8438099 - illumina_universal_adapter	(1, 0.0)	(2, 0.0)	(3, 0.0)	(4, 0.0)	(5, 0.0)	(6, 0.0)	(7, 0.0)	(8, 0.0)	(9, 0.0)	(10, 0.0)	(15, 0.0)	(20, 0.0)	(25, 0.0)	(30, 0.0)	(35, 0.0)	(40, 0.0)	(45, 1.1428571428571428)	(50, 2.857142857142857)	(55, 2.857142857142857)	(60, 2.857142857142857)	(65, 2.857142857142857)	(70, 5.714285714285714)	(75, 5.714285714285714)	(80, 7.999999999999998)	(85, 8.571428571428571)	(90, 8.571428571428571)	(95, 8.571428571428571)	(100, 8.571428571428571)	(105, 8.571428571428571)	(110, 10.857142857142858)	(115, 11.428571428571429)	(120, 15.428571428571427)	(125, 21.142857142857146)	(130, 24.0)	(135, 29.714285714285715)	(140, 37.142857142857146)	(145, 46.28571428571429)	(150, 64.0)	(155, 74.28571428571429)	(160, 74.28571428571429)	(165, 74.28571428571429)	(170, 80.0)	(175, 87.42857142857142)	(180, 92.57142857142857)	(185, 94.28571428571429)	(190, 94.28571428571429)	(195, 94.28571428571429)	(200, 94.28571428571429)	(205, 94.28571428571429)	(210, 94.28571428571429)	(215, 94.28571428571429)	(220, 94.28571428571429)	(225, 94.28571428571429)	(230, 94.28571428571429)	(235, 94.28571428571429)	(240, 94.28571428571429)
SRR8438099 - polya	(1, 0.0)	(2, 0.0)	(3, 0.0)	(4, 0.0)	(5, 0.0)	(6, 0.0)	(7, 0.0)	(8, 0.0)	(9, 0.0)	(10, 0.0)	(15, 0.0)	(20, 0.0)	(25, 0.0)	(30, 0.0)	(35, 0.0)	(40, 0.0)	(45, 0.0)	(50, 0.0)	(55, 0.0)	(60, 0.0)	(65, 0.0)	(70, 0.0)	(75, 0.0)	(80, 0.0)	(85, 0.0)	(90, 0.0)	(95, 0.0)	(100, 0.0)	(105, 0.0)	(110, 0.0)	(115, 0.0)	(120, 0.0)	(125, 0.0)	(130, 2.2857142857142856)	(135, 2.857142857142857)	(140, 2.857142857142857)	(145, 2.857142857142857)	(150, 2.857142857142857)	(155, 2.857142857142857)	(160, 2.857142857142857)	(165, 2.857142857142857)	(170, 4.571428571428571)	(175, 5.714285714285714)	(180, 5.714285714285714)	(185, 5.714285714285714)	(190, 5.714285714285714)	(195, 5.714285714285714)	(200, 5.714285714285714)	(205, 7.428571428571428)	(210, 8.571428571428571)	(215, 11.428571428571429)	(220, 11.428571428571429)	(225, 11.428571428571429)	(230, 12.571428571428571)	(235, 15.428571428571427)	(240, 17.142857142857142)
SRR8438100 - illumina_universal_adapter	(1, 0.0)	(2, 0.0)	(3, 0.0)	(4, 0.0)	(5, 0.0)	(6, 0.0)	(7, 0.0)	(8, 0.0)	(9, 0.0)	(10, 0.0)	(15, 0.0)	(20, 0.0)	(25, 0.0)	(30, 0.0)	(35, 0.0)	(40, 0.0)	(45, 0.0)	(50, 0.0)	(55, 0.0)	(60, 0.0)	(65, 0.0)	(70, 0.0)	(75, 0.0)	(80, 0.9523809523809523)	(85, 4.761904761904762)	(90, 10.476190476190476)	(95, 24.761904761904763)	(100, 28.571428571428573)	(105, 28.571428571428573)	(110, 28.571428571428573)	(115, 30.47619047619048)	(120, 38.095238095238095)	(125, 42.857142857142854)	(130, 47.61904761904762)	(135, 48.57142857142857)	(140, 53.333333333333336)	(145, 57.142857142857146)	(150, 60.95238095238095)	(155, 61.904761904761905)	(160, 65.71428571428572)	(165, 75.23809523809524)	(170, 76.19047619047619)	(175, 84.76190476190476)	(180, 85.71428571428571)	(185, 89.52380952380953)	(190, 90.47619047619048)	(195, 90.47619047619048)	(200, 90.47619047619048)	(205, 90.47619047619048)	(210, 90.47619047619048)	(215, 90.47619047619048)	(220, 90.47619047619048)	(225, 90.47619047619048)	(230, 90.47619047619048)	(235, 90.47619047619048)	(240, 90.47619047619048)
SRR8438100 - polya	(1, 0.0)	(2, 0.0)	(3, 0.0)	(4, 0.0)	(5, 0.0)	(6, 0.0)	(7, 0.0)	(8, 0.0)	(9, 0.0)	(10, 0.0)	(15, 0.0)	(20, 0.0)	(25, 0.0)	(30, 0.0)	(35, 0.0)	(40, 0.0)	(45, 0.0)	(50, 0.0)	(55, 0.0)	(60, 0.0)	(65, 0.0)	(70, 0.0)	(75, 0.0)	(80, 0.0)	(85, 0.0)	(90, 0.0)	(95, 0.0)	(100, 0.0)	(105, 0.0)	(110, 0.0)	(115, 0.0)	(120, 0.0)	(125, 0.0)	(130, 0.0)	(135, 0.0)	(140, 0.0)	(145, 0.0)	(150, 2.8571428571428568)	(155, 4.761904761904762)	(160, 4.761904761904762)	(165, 4.761904761904762)	(170, 4.761904761904762)	(175, 4.761904761904762)	(180, 4.761904761904762)	(185, 4.761904761904762)	(190, 4.761904761904762)	(195, 4.761904761904762)	(200, 9.523809523809524)	(205, 9.523809523809524)	(210, 9.523809523809524)	(215, 9.523809523809524)	(220, 9.523809523809524)	(225, 9.523809523809524)	(230, 9.523809523809524)	(235, 9.523809523809524)	(240, 9.523809523809524)
SRR8438100_1 - polya	(1, 0.0)	(2, 0.0)	(3, 0.0)	(4, 0.0)	(5, 0.0)	(6, 0.0)	(7, 0.0)	(8, 0.0)	(9, 0.0)	(10, 0.0)	(15, 0.0)	(20, 0.0)	(25, 0.0)	(30, 0.0)	(35, 0.0)	(40, 0.0)	(45, 0.0)	(50, 0.0)	(55, 0.0)	(60, 0.0)	(65, 0.0014991379956525)	(70, 0.005059590735327186)	(75, 0.008432651225545311)	(80, 0.008432651225545311)	(85, 0.008432651225545311)	(90, 0.010681358219024061)	(95, 0.01218049621467656)	(100, 0.01218049621467656)	(105, 0.01218049621467656)	(110, 0.01218049621467656)	(115, 0.01218049621467656)	(120, 0.01218049621467656)	(125, 0.01218049621467656)	(130, 0.01218049621467656)	(135, 0.01218049621467656)	(140, 0.01218049621467656)	(145, 0.01218049621467656)	(150, 0.01218049621467656)	(155, 0.01218049621467656)	(160, 0.012930065212502811)	(165, 0.014054418709242183)	(170, 0.014054418709242183)	(175, 0.014054418709242183)	(180, 0.014054418709242183)	(185, 0.021550108687504684)	(190, 0.042163256127726555)	(195, 0.042163256127726555)	(200, 0.042163256127726555)	(205, 0.042163256127726555)	(210, 0.042163256127726555)	(215, 0.042163256127726555)	(220, 0.042163256127726555)	(225, 0.042163256127726555)	(230, 0.3026384828723484)	(235, 1.3100592159508282)	(240, 1.3126827074432201)
SRR8438100_2 - polya	(1, 0.0)	(2, 0.0)	(3, 0.0)	(4, 0.0)	(5, 0.0)	(6, 0.0)	(7, 0.0)	(8, 0.0)	(9, 0.0)	(10, 0.0)	(15, 0.0)	(20, 0.0)	(25, 0.0)	(30, 0.0)	(35, 0.0)	(40, 0.0)	(45, 0.0)	(50, 0.0)	(55, 0.0)	(60, 0.0)	(65, 0.0014991379956525)	(70, 0.001873922494565625)	(75, 0.001873922494565625)	(80, 0.001873922494565625)	(85, 0.001873922494565625)	(90, 0.001873922494565625)	(95, 0.001873922494565625)	(100, 0.001873922494565625)	(105, 0.001873922494565625)	(110, 0.001873922494565625)	(115, 0.001873922494565625)	(120, 0.001873922494565625)	(125, 0.001873922494565625)	(130, 0.001873922494565625)	(135, 0.001873922494565625)	(140, 0.001873922494565625)	(145, 0.001873922494565625)	(150, 0.001873922494565625)	(155, 0.002810883741848437)	(160, 0.002810883741848437)	(165, 0.002810883741848437)	(170, 0.002810883741848437)	(175, 0.002810883741848437)	(180, 0.002810883741848437)	(185, 0.002810883741848437)	(190, 0.002810883741848437)	(195, 0.002810883741848437)	(200, 0.002810883741848437)	(205, 0.002810883741848437)	(210, 0.002810883741848437)	(215, 0.002810883741848437)	(220, 0.002810883741848437)	(225, 0.11936886290383028)	(230, 0.14803987707068436)	(235, 0.14803987707068436)	(240, 0.14803987707068436)
SRR8438101 - illumina_universal_adapter	(1, 0.0)	(2, 0.0)	(3, 0.0)	(4, 0.0)	(5, 0.0)	(6, 0.0)	(7, 0.0)	(8, 0.0)	(9, 0.0)	(10, 0.0)	(15, 0.0)	(20, 0.0)	(25, 0.0)	(30, 0.0)	(35, 0.0)	(40, 0.0)	(45, 0.0)	(50, 0.0)	(55, 0.0)	(60, 0.0)	(65, 0.0)	(70, 4.761904761904762)	(75, 4.761904761904762)	(80, 4.761904761904762)	(85, 4.761904761904762)	(90, 4.761904761904762)	(95, 6.666666666666667)	(100, 11.428571428571427)	(105, 18.095238095238095)	(110, 23.80952380952381)	(115, 27.61904761904762)	(120, 42.857142857142854)	(125, 48.57142857142857)	(130, 56.19047619047619)	(135, 61.904761904761905)	(140, 66.66666666666667)	(145, 72.38095238095238)	(150, 77.14285714285714)	(155, 80.95238095238095)	(160, 85.71428571428571)	(165, 90.47619047619048)	(170, 90.47619047619048)	(175, 92.38095238095238)	(180, 97.14285714285714)	(185, 100.0)	(190, 100.0)	(195, 100.0)	(200, 100.0)	(205, 100.0)	(210, 100.0)	(215, 100.0)	(220, 100.0)	(225, 100.0)	(230, 100.0)	(235, 100.0)	(240, 100.0)
SRR8438101 - polya	(1, 0.0)	(2, 0.0)	(3, 0.0)	(4, 0.0)	(5, 0.0)	(6, 0.0)	(7, 0.0)	(8, 0.0)	(9, 0.0)	(10, 0.0)	(15, 0.0)	(20, 0.0)	(25, 0.0)	(30, 0.0)	(35, 0.0)	(40, 0.0)	(45, 0.0)	(50, 0.0)	(55, 0.0)	(60, 0.0)	(65, 0.0)	(70, 0.0)	(75, 0.0)	(80, 0.0)	(85, 0.0)	(90, 0.0)	(95, 0.0)	(100, 0.0)	(105, 0.0)	(110, 0.0)	(115, 0.0)	(120, 0.0)	(125, 0.0)	(130, 3.8095238095238093)	(135, 4.761904761904762)	(140, 4.761904761904762)	(145, 4.761904761904762)	(150, 4.761904761904762)	(155, 4.761904761904762)	(160, 4.761904761904762)	(165, 4.761904761904762)	(170, 4.761904761904762)	(175, 4.761904761904762)	(180, 8.571428571428573)	(185, 9.523809523809524)	(190, 9.523809523809524)	(195, 9.523809523809524)	(200, 9.523809523809524)	(205, 11.428571428571427)	(210, 14.285714285714286)	(215, 19.047619047619047)	(220, 19.047619047619047)	(225, 19.047619047619047)	(230, 19.047619047619047)	(235, 19.047619047619047)	(240, 19.047619047619047)
SRR8438101_1 - illumina_small_rna_3'_adapter	(1, 0.0)	(2, 0.0)	(3, 0.0)	(4, 0.0)	(5, 0.0)	(6, 0.0)	(7, 0.0)	(8, 0.0)	(9, 0.0)	(10, 0.0)	(15, 0.0)	(20, 0.0)	(25, 0.0)	(30, 0.0)	(35, 0.0)	(40, 0.0)	(45, 0.0)	(50, 0.0)	(55, 0.0)	(60, 0.0)	(65, 0.0)	(70, 0.0)	(75, 0.0)	(80, 0.0)	(85, 0.0)	(90, 0.0)	(95, 0.0)	(100, 0.0)	(105, 0.0)	(110, 0.0)	(115, 0.0)	(120, 0.0)	(125, 0.0)	(130, 0.0)	(135, 0.02241107464077824)	(140, 0.10908045179139851)	(145, 0.10908045179139851)	(150, 0.10908045179139851)	(155, 0.10908045179139851)	(160, 0.10908045179139851)	(165, 0.10908045179139851)	(170, 0.10908045179139851)	(175, 0.10908045179139851)	(180, 0.10908045179139851)	(185, 0.10908045179139851)	(190, 0.10908045179139851)	(195, 0.10908045179139851)	(200, 0.10908045179139851)	(205, 0.10908045179139851)	(210, 0.10908045179139851)	(215, 0.10908045179139851)	(220, 0.10908045179139851)	(225, 0.10908045179139851)	(230, 0.10908045179139851)	(235, 0.10908045179139851)	(240, 0.10908045179139851)
SRR8438101_1 - polya	(1, 0.0)	(2, 0.0)	(3, 0.0)	(4, 0.0)	(5, 0.0)	(6, 0.0)	(7, 0.0)	(8, 0.0)	(9, 0.0)	(10, 0.0)	(15, 0.0)	(20, 0.0)	(25, 0.0)	(30, 0.0)	(35, 0.0)	(40, 0.0)	(45, 0.0)	(50, 0.0)	(55, 0.0)	(60, 0.0)	(65, 0.0007933123766647165)	(70, 0.002578265224160328)	(75, 0.0029749214124926864)	(80, 0.0029749214124926864)	(85, 0.0029749214124926864)	(90, 0.0029749214124926864)	(95, 0.0029749214124926864)	(100, 0.0029749214124926864)	(105, 0.0029749214124926864)	(110, 0.0029749214124926864)	(115, 0.0029749214124926864)	(120, 0.0029749214124926864)	(125, 0.0029749214124926864)	(130, 0.0029749214124926864)	(135, 0.0029749214124926864)	(140, 0.0029749214124926864)	(145, 0.0029749214124926864)	(150, 0.0029749214124926864)	(155, 0.0029749214124926864)	(160, 0.0033715776008250444)	(165, 0.003966561883323582)	(170, 0.003966561883323582)	(175, 0.003966561883323582)	(180, 0.003966561883323582)	(185, 0.003966561883323582)	(190, 0.003966561883323582)	(195, 0.003966561883323582)	(200, 0.003966561883323582)	(205, 0.003966561883323582)	(210, 0.003966561883323582)	(215, 0.003966561883323582)	(220, 0.003966561883323582)	(225, 0.003966561883323582)	(230, 0.025385996053270927)	(235, 0.11185704510972502)	(240, 0.1120553732038912)
SRR8438102 - illumina_universal_adapter	(1, 0.0)	(2, 0.0)	(3, 0.0)	(4, 0.0)	(5, 0.0)	(6, 0.0)	(7, 0.0)	(8, 0.0)	(9, 0.0)	(10, 0.0)	(15, 0.0)	(20, 0.0)	(25, 0.0)	(30, 0.0)	(35, 0.0)	(40, 0.0)	(45, 0.0)	(50, 0.0)	(55, 0.0)	(60, 0.0)	(65, 0.0)	(70, 0.0)	(75, 0.0)	(80, 0.0)	(85, 0.0)	(90, 0.0)	(95, 0.0)	(100, 0.0)	(105, 0.0)	(110, 0.0)	(115, 0.0)	(120, 11.428571428571429)	(125, 14.285714285714286)	(130, 14.285714285714286)	(135, 14.285714285714286)	(140, 14.285714285714286)	(145, 14.285714285714286)	(150, 22.857142857142858)	(155, 42.857142857142854)	(160, 42.857142857142854)	(165, 42.857142857142854)	(170, 42.857142857142854)	(175, 51.42857142857143)	(180, 57.142857142857146)	(185, 91.42857142857142)	(190, 100.0)	(195, 100.0)	(200, 100.0)	(205, 100.0)	(210, 100.0)	(215, 100.0)	(220, 100.0)	(225, 100.0)	(230, 100.0)	(235, 100.0)	(240, 100.0)
SRR8438102 - polya	(1, 0.0)	(2, 0.0)	(3, 0.0)	(4, 0.0)	(5, 0.0)	(6, 0.0)	(7, 0.0)	(8, 0.0)	(9, 0.0)	(10, 0.0)	(15, 0.0)	(20, 0.0)	(25, 0.0)	(30, 0.0)	(35, 0.0)	(40, 0.0)	(45, 0.0)	(50, 0.0)	(55, 0.0)	(60, 0.0)	(65, 0.0)	(70, 0.0)	(75, 0.0)	(80, 0.0)	(85, 0.0)	(90, 0.0)	(95, 0.0)	(100, 0.0)	(105, 0.0)	(110, 0.0)	(115, 0.0)	(120, 0.0)	(125, 0.0)	(130, 0.0)	(135, 0.0)	(140, 0.0)	(145, 0.0)	(150, 0.0)	(155, 0.0)	(160, 0.0)	(165, 0.0)	(170, 0.0)	(175, 0.0)	(180, 0.0)	(185, 0.0)	(190, 0.0)	(195, 0.0)	(200, 0.0)	(205, 0.0)	(210, 0.0)	(215, 0.0)	(220, 0.0)	(225, 0.0)	(230, 0.0)	(235, 2.857142857142857)	(240, 14.285714285714286)
SRR8438102_1 - polya	(1, 0.0)	(2, 0.0)	(3, 0.0)	(4, 0.0)	(5, 0.0)	(6, 0.0)	(7, 0.0)	(8, 0.0)	(9, 0.0)	(10, 0.0)	(15, 0.0)	(20, 0.0)	(25, 0.0)	(30, 0.0)	(35, 0.0)	(40, 0.0)	(45, 0.0)	(50, 0.0)	(55, 0.0)	(60, 0.0)	(65, 0.008571428571428572)	(70, 0.02836734693877551)	(75, 0.03755102040816326)	(80, 0.06346938775510205)	(85, 0.08183673469387755)	(90, 0.16346938775510206)	(95, 0.20918367346938777)	(100, 0.21714285714285714)	(105, 0.22244897959183674)	(110, 0.22244897959183674)	(115, 0.22244897959183674)	(120, 0.22244897959183674)	(125, 0.22244897959183674)	(130, 0.22244897959183674)	(135, 0.22244897959183674)	(140, 0.22285714285714286)	(145, 0.22346938775510203)	(150, 0.22346938775510203)	(155, 0.22346938775510203)	(160, 0.22346938775510203)	(165, 0.22346938775510203)	(170, 0.22346938775510203)	(175, 0.22346938775510203)	(180, 0.22346938775510203)	(185, 0.22346938775510203)	(190, 0.22346938775510203)	(195, 0.22346938775510203)	(200, 0.22346938775510203)	(205, 0.22346938775510203)	(210, 0.22346938775510203)	(215, 0.22346938775510203)	(220, 0.22346938775510203)	(225, 0.22346938775510203)	(230, 0.22346938775510203)	(235, 0.22346938775510203)	(240, 0.22346938775510203)
SRR8438103 - illumina_universal_adapter	(1, 0.0)	(2, 0.0)	(3, 0.0)	(4, 0.0)	(5, 0.0)	(6, 0.0)	(7, 0.0)	(8, 0.0)	(9, 0.0)	(10, 0.0)	(15, 0.0)	(20, 0.0)	(25, 0.0)	(30, 0.0)	(35, 0.0)	(40, 1.6)	(45, 3.2)	(50, 4.0)	(55, 4.8)	(60, 8.0)	(65, 8.8)	(70, 10.0)	(75, 12.8)	(80, 14.0)	(85, 14.0)	(90, 14.0)	(95, 15.6)	(100, 19.2)	(105, 22.8)	(110, 30.8)	(115, 36.0)	(120, 37.6)	(125, 40.0)	(130, 44.0)	(135, 48.0)	(140, 54.0)	(145, 57.2)	(150, 62.8)	(155, 68.0)	(160, 73.6)	(165, 78.4)	(170, 80.0)	(175, 85.6)	(180, 93.6)	(185, 95.6)	(190, 98.0)	(195, 98.0)	(200, 98.0)	(205, 98.0)	(210, 98.0)	(215, 98.0)	(220, 98.0)	(225, 98.0)	(230, 98.0)	(235, 98.0)	(240, 98.0)
SRR8438103 - polya	(1, 0.0)	(2, 0.0)	(3, 0.0)	(4, 0.0)	(5, 0.0)	(6, 0.0)	(7, 0.0)	(8, 0.0)	(9, 0.0)	(10, 0.0)	(15, 0.0)	(20, 0.0)	(25, 0.0)	(30, 0.0)	(35, 0.0)	(40, 0.0)	(45, 0.0)	(50, 0.0)	(55, 0.0)	(60, 0.0)	(65, 0.0)	(70, 0.0)	(75, 0.0)	(80, 0.0)	(85, 0.0)	(90, 0.0)	(95, 0.0)	(100, 1.6)	(105, 2.0)	(110, 2.0)	(115, 2.4)	(120, 5.6)	(125, 6.4)	(130, 8.0)	(135, 10.0)	(140, 12.0)	(145, 12.0)	(150, 12.0)	(155, 12.0)	(160, 13.2)	(165, 14.0)	(170, 15.6)	(175, 18.0)	(180, 18.0)	(185, 18.0)	(190, 18.0)	(195, 18.0)	(200, 19.6)	(205, 20.0)	(210, 20.0)	(215, 21.6)	(220, 24.0)	(225, 28.0)	(230, 28.0)	(235, 28.4)	(240, 30.0)
SRR8438103_1 - illumina_small_rna_3'_adapter	(1, 0.0)	(2, 0.0)	(3, 0.0)	(4, 0.0)	(5, 0.0)	(6, 0.0)	(7, 0.0)	(8, 0.0)	(9, 0.0)	(10, 0.0)	(15, 0.0)	(20, 0.0)	(25, 0.0)	(30, 0.0)	(35, 0.0)	(40, 0.0)	(45, 0.0)	(50, 0.0)	(55, 0.0)	(60, 0.0)	(65, 0.0)	(70, 0.0)	(75, 0.0)	(80, 0.0)	(85, 0.0)	(90, 0.0)	(95, 0.0)	(100, 0.0)	(105, 0.0)	(110, 0.0)	(115, 0.0)	(120, 0.0)	(125, 0.0)	(130, 0.0)	(135, 0.049904229435212506)	(140, 0.33752653103483976)	(145, 0.33752653103483976)	(150, 0.33752653103483976)	(155, 0.33752653103483976)	(160, 0.33752653103483976)	(165, 0.33752653103483976)	(170, 0.33752653103483976)	(175, 0.33752653103483976)	(180, 0.33752653103483976)	(185, 0.33752653103483976)	(190, 0.33752653103483976)	(195, 0.33752653103483976)	(200, 0.33752653103483976)	(205, 0.33752653103483976)	(210, 0.33752653103483976)	(215, 0.33752653103483976)	(220, 0.33752653103483976)	(225, 0.33752653103483976)	(230, 0.33752653103483976)	(235, 0.33752653103483976)	(240, 0.33752653103483976)
SRR8438103_1 - polya	(1, 0.0)	(2, 0.0)	(3, 0.0)	(4, 0.0)	(5, 0.0)	(6, 0.0)	(7, 0.0)	(8, 0.0)	(9, 0.0)	(10, 0.0)	(15, 0.0)	(20, 0.0)	(25, 0.0)	(30, 0.0)	(35, 0.0)	(40, 0.0)	(45, 0.0)	(50, 0.0)	(55, 0.0)	(60, 0.0)	(65, 0.0008282859657296682)	(70, 0.013252575451674692)	(75, 0.020707149143241704)	(80, 0.020707149143241704)	(85, 0.021535435108971372)	(90, 0.022363721074701044)	(95, 0.022777864057565874)	(100, 0.07226795050991355)	(105, 0.09835895843039809)	(110, 0.09835895843039809)	(115, 0.09835895843039809)	(120, 0.09835895843039809)	(125, 0.09835895843039809)	(130, 0.09835895843039809)	(135, 0.09960138737899259)	(140, 0.10042967334472226)	(145, 0.10042967334472226)	(150, 0.10042967334472226)	(155, 0.10042967334472226)	(160, 0.10042967334472226)	(165, 0.10042967334472226)	(170, 0.10042967334472226)	(175, 0.10042967334472226)	(180, 0.10042967334472226)	(185, 0.10042967334472226)	(190, 0.10042967334472226)	(195, 0.10042967334472226)	(200, 0.10042967334472226)	(205, 0.10042967334472226)	(210, 0.10042967334472226)	(215, 0.10042967334472226)	(220, 0.10042967334472226)	(225, 0.10042967334472226)	(230, 0.10167210229331676)	(235, 0.12465703784231505)	(240, 0.1252782523166123)
SRR8438104 - illumina_universal_adapter	(1, 0.0)	(2, 0.0)	(3, 0.0)	(4, 0.0)	(5, 0.0)	(6, 0.0)	(7, 0.0)	(8, 0.0)	(9, 0.0)	(10, 0.0)	(15, 0.0)	(20, 0.0)	(25, 0.0)	(30, 0.0)	(35, 0.0)	(40, 0.0)	(45, 0.0)	(50, 0.0)	(55, 0.0)	(60, 0.0)	(65, 0.0)	(70, 0.0)	(75, 0.0)	(80, 0.0)	(85, 0.0)	(90, 0.0)	(95, 0.0)	(100, 16.0)	(105, 20.0)	(110, 20.0)	(115, 20.0)	(120, 20.0)	(125, 20.0)	(130, 24.0)	(135, 40.0)	(140, 40.0)	(145, 40.0)	(150, 40.0)	(155, 40.0)	(160, 40.0)	(165, 40.0)	(170, 80.0)	(175, 80.0)	(180, 80.0)	(185, 100.0)	(190, 100.0)	(195, 100.0)	(200, 100.0)	(205, 100.0)	(210, 100.0)	(215, 100.0)	(220, 100.0)	(225, 100.0)	(230, 100.0)	(235, 100.0)	(240, 100.0)
SRR8438104_1 - illumina_small_rna_3'_adapter	(1, 0.0)	(2, 0.0)	(3, 0.0)	(4, 0.0)	(5, 0.0)	(6, 0.0)	(7, 0.0)	(8, 0.0)	(9, 0.0)	(10, 0.0)	(15, 0.0)	(20, 0.0)	(25, 0.0)	(30, 0.0)	(35, 0.0)	(40, 0.0)	(45, 0.0)	(50, 0.0)	(55, 0.0)	(60, 0.0)	(65, 0.0)	(70, 0.0)	(75, 0.0)	(80, 0.0)	(85, 0.0)	(90, 0.0)	(95, 0.0)	(100, 0.0)	(105, 0.0)	(110, 0.0)	(115, 0.0)	(120, 0.0)	(125, 0.0)	(130, 0.0)	(135, 0.08654227868201667)	(140, 0.4287415641127431)	(145, 0.4287415641127431)	(150, 0.4287415641127431)	(155, 0.4287415641127431)	(160, 0.4287415641127431)	(165, 0.4287415641127431)	(170, 0.4287415641127431)	(175, 0.4287415641127431)	(180, 0.4287415641127431)	(185, 0.4287415641127431)	(190, 0.4287415641127431)	(195, 0.4287415641127431)	(200, 0.4287415641127431)	(205, 0.4287415641127431)	(210, 0.4287415641127431)	(215, 0.4287415641127431)	(220, 0.4287415641127431)	(225, 0.4287415641127431)	(230, 0.4287415641127431)	(235, 0.4287415641127431)	(240, 0.42874156411274317)
SRR8438104_1 - polya	(1, 0.0)	(2, 0.0)	(3, 0.0)	(4, 0.0)	(5, 0.0)	(6, 0.0)	(7, 0.0)	(8, 0.0)	(9, 0.0)	(10, 0.0)	(15, 0.0)	(20, 0.0)	(25, 0.0)	(30, 0.0)	(35, 0.0)	(40, 0.0)	(45, 0.0)	(50, 0.0)	(55, 0.0)	(60, 0.0)	(65, 0.031758634378721715)	(70, 0.40015879317189357)	(75, 0.7828503374354903)	(80, 1.2671695117109965)	(85, 1.7062326319968242)	(90, 4.3374354902739185)	(95, 5.710202461294164)	(100, 5.804684398570862)	(105, 5.826121476776498)	(110, 5.827709408495434)	(115, 5.839618896387455)	(120, 5.859468042874156)	(125, 5.9380706629614926)	(130, 5.986502580389043)	(135, 5.993648273124255)	(140, 5.9984120682810635)	(145, 5.9984120682810635)	(150, 5.9984120682810635)	(155, 5.9984120682810635)	(160, 5.9984120682810635)	(165, 5.9984120682810635)	(170, 5.9984120682810635)	(175, 5.9984120682810635)	(180, 5.9984120682810635)	(185, 5.9984120682810635)	(190, 6.001587931718936)	(195, 6.002381897578404)	(200, 6.002381897578404)	(205, 6.002381897578404)	(210, 6.002381897578404)	(215, 6.002381897578404)	(220, 6.002381897578404)	(225, 6.002381897578404)	(230, 6.002381897578404)	(235, 6.002381897578404)	(240, 6.002381897578404)
SRR8438104_2 - polya	(1, 0.0)	(2, 0.0)	(3, 0.0)	(4, 0.0)	(5, 0.0)	(6, 0.0)	(7, 0.0)	(8, 0.0)	(9, 0.0)	(10, 0.0)	(15, 0.0)	(20, 0.0)	(25, 0.0)	(30, 0.0)	(35, 0.0)	(40, 0.0)	(45, 0.0)	(50, 0.0)	(55, 0.0)	(60, 0.03017070265978563)	(65, 0.0706629614926558)	(70, 0.14688368400158794)	(75, 0.20087336244541487)	(80, 0.2945613338626439)	(85, 0.49146486701071856)	(90, 0.4938467645891227)	(95, 0.4962286621675268)	(100, 0.4962286621675268)	(105, 0.49781659388646293)	(110, 0.5025803890432711)	(115, 0.5081381500595474)	(120, 0.5240174672489083)	(125, 0.5422786820166733)	(130, 0.5795950774116713)	(135, 0.5835649067090115)	(140, 0.5835649067090115)	(145, 0.5835649067090115)	(150, 0.5835649067090115)	(155, 0.5835649067090115)	(160, 0.5835649067090115)	(165, 0.5835649067090115)	(170, 0.5835649067090115)	(175, 0.5835649067090115)	(180, 0.5835649067090115)	(185, 0.5835649067090115)	(190, 0.5835649067090115)	(195, 0.5835649067090115)	(200, 0.5835649067090115)	(205, 0.5835649067090115)	(210, 0.5835649067090115)	(215, 0.5835649067090115)	(220, 0.5835649067090115)	(225, 0.5835649067090115)	(230, 0.5835649067090115)	(235, 0.5835649067090115)	(240, 0.5835649067090115)
SRR8438105 - illumina_universal_adapter	(1, 0.0)	(2, 0.0)	(3, 0.0)	(4, 0.0)	(5, 0.0)	(6, 0.0)	(7, 0.0)	(8, 0.0)	(9, 0.0)	(10, 0.0)	(15, 0.0)	(20, 0.0)	(25, 0.0)	(30, 0.0)	(35, 0.0)	(40, 0.0)	(45, 0.0)	(50, 0.0)	(55, 0.0)	(60, 0.0)	(65, 0.0)	(70, 0.0)	(75, 0.0)	(80, 0.0)	(85, 0.0)	(90, 0.0)	(95, 4.444444444444445)	(100, 11.11111111111111)	(105, 22.22222222222222)	(110, 22.22222222222222)	(115, 22.22222222222222)	(120, 22.22222222222222)	(125, 22.22222222222222)	(130, 22.22222222222222)	(135, 22.22222222222222)	(140, 22.22222222222222)	(145, 22.22222222222222)	(150, 28.888888888888893)	(155, 33.333333333333336)	(160, 33.333333333333336)	(165, 33.333333333333336)	(170, 33.333333333333336)	(175, 44.44444444444444)	(180, 53.333333333333336)	(185, 80.0)	(190, 88.88888888888889)	(195, 88.88888888888889)	(200, 88.88888888888889)	(205, 88.88888888888889)	(210, 88.88888888888889)	(215, 88.88888888888889)	(220, 88.88888888888889)	(225, 88.88888888888889)	(230, 88.88888888888889)	(235, 88.88888888888889)	(240, 88.88888888888889)
SRR8438105_1 - illumina_small_rna_3'_adapter	(1, 0.0)	(2, 0.0)	(3, 0.0)	(4, 0.0)	(5, 0.0)	(6, 0.0)	(7, 0.0)	(8, 0.0)	(9, 0.0)	(10, 0.0)	(15, 0.0)	(20, 0.0)	(25, 0.0)	(30, 0.0)	(35, 0.0)	(40, 0.0)	(45, 0.0)	(50, 0.0)	(55, 0.0)	(60, 0.0)	(65, 0.0)	(70, 0.0)	(75, 0.0)	(80, 0.0)	(85, 0.0)	(90, 0.0)	(95, 0.0)	(100, 0.0)	(105, 0.0)	(110, 0.0)	(115, 0.0)	(120, 0.0)	(125, 0.0)	(130, 0.0)	(135, 0.05273932202213664)	(140, 0.2636966101106832)	(145, 0.2636966101106832)	(150, 0.2636966101106832)	(155, 0.2636966101106832)	(160, 0.2636966101106832)	(165, 0.2636966101106832)	(170, 0.2636966101106832)	(175, 0.2636966101106832)	(180, 0.2636966101106832)	(185, 0.2636966101106832)	(190, 0.2636966101106832)	(195, 0.2636966101106832)	(200, 0.2636966101106832)	(205, 0.2636966101106832)	(210, 0.2636966101106832)	(215, 0.2636966101106832)	(220, 0.2636966101106832)	(225, 0.2636966101106832)	(230, 0.2636966101106832)	(235, 0.2636966101106832)	(240, 0.2636966101106832)
SRR8438105_1 - illumina_universal_adapter	(1, 0.0)	(2, 0.0)	(3, 0.0)	(4, 0.0)	(5, 0.0)	(6, 0.0)	(7, 0.0)	(8, 0.0)	(9, 0.0)	(10, 0.0)	(15, 0.0)	(20, 0.0)	(25, 0.0)	(30, 0.0)	(35, 0.0)	(40, 0.0)	(45, 0.0)	(50, 0.0)	(55, 0.0)	(60, 0.0)	(65, 0.0)	(70, 0.0)	(75, 0.0)	(80, 0.0)	(85, 0.0)	(90, 0.0)	(95, 0.0)	(100, 0.0)	(105, 0.0)	(110, 0.0)	(115, 0.0)	(120, 0.06661809097533049)	(125, 0.11103015162555081)	(130, 0.11103015162555081)	(135, 0.11103015162555081)	(140, 0.11103015162555081)	(145, 0.11103015162555081)	(150, 0.11103015162555081)	(155, 0.11103015162555081)	(160, 0.11103015162555081)	(165, 0.11103015162555081)	(170, 0.11103015162555081)	(175, 0.11103015162555081)	(180, 0.11103015162555081)	(185, 0.11103015162555081)	(190, 0.1124180285208702)	(195, 0.11449984386384929)	(200, 0.11449984386384929)	(205, 0.11796953610214773)	(210, 0.12143922834044621)	(215, 0.1221331667881059)	(220, 0.12490892057874467)	(225, 0.12837861281704316)	(230, 0.13254224350300128)	(235, 0.13531799729364005)	(240, 0.13531799729364005)
SRR8438105_1 - nextera_transposase_sequence	(1, 0.0)	(2, 0.0)	(3, 0.0)	(4, 0.232469379965997)	(5, 0.232469379965997)	(6, 0.232469379965997)	(7, 0.232469379965997)	(8, 0.232469379965997)	(9, 0.232469379965997)	(10, 0.232469379965997)	(15, 0.232469379965997)	(20, 0.232469379965997)	(25, 0.232469379965997)	(30, 0.232469379965997)	(35, 0.232469379965997)	(40, 0.232469379965997)	(45, 0.232469379965997)	(50, 0.232469379965997)	(55, 0.232469379965997)	(60, 0.232469379965997)	(65, 0.232469379965997)	(70, 0.232469379965997)	(75, 0.232469379965997)	(80, 0.232469379965997)	(85, 0.232469379965997)	(90, 0.232469379965997)	(95, 0.232469379965997)	(100, 0.232469379965997)	(105, 0.232469379965997)	(110, 0.232469379965997)	(115, 0.232469379965997)	(120, 0.232469379965997)	(125, 0.232469379965997)	(130, 0.232469379965997)	(135, 0.232469379965997)	(140, 0.232469379965997)	(145, 0.232469379965997)	(150, 0.232469379965997)	(155, 0.232469379965997)	(160, 0.232469379965997)	(165, 0.232469379965997)	(170, 0.232469379965997)	(175, 0.232469379965997)	(180, 0.232469379965997)	(185, 0.232469379965997)	(190, 0.232469379965997)	(195, 0.232469379965997)	(200, 0.232469379965997)	(205, 0.232469379965997)	(210, 0.232469379965997)	(215, 0.232469379965997)	(220, 0.232469379965997)	(225, 0.232469379965997)	(230, 0.232469379965997)	(235, 0.232469379965997)	(240, 0.232469379965997)
SRR8438105_1 - polya	(1, 0.0)	(2, 0.0)	(3, 0.0)	(4, 0.0)	(5, 0.0)	(6, 0.0)	(7, 0.0)	(8, 0.0)	(9, 0.0)	(10, 0.0)	(15, 0.0)	(20, 0.0)	(25, 0.0)	(30, 0.0)	(35, 0.0)	(40, 0.0)	(45, 0.0)	(50, 0.0)	(55, 0.0)	(60, 0.0)	(65, 0.18389368862981853)	(70, 0.9173866278061136)	(75, 1.340689080878526)	(80, 1.9423337149994793)	(85, 2.5065056729468096)	(90, 5.473786475139654)	(95, 7.195447763783352)	(100, 7.723534922452378)	(105, 8.013601193574129)	(110, 8.026092085632005)	(115, 8.028867839422643)	(120, 8.030949654765623)	(125, 8.071892023177544)	(130, 8.098261684188612)	(135, 8.269664480760557)	(140, 8.379306755490788)	(145, 8.379306755490788)	(150, 8.379306755490788)	(155, 8.379306755490788)	(160, 8.382776447729086)	(165, 8.382776447729086)	(170, 8.382776447729086)	(175, 8.382776447729086)	(180, 8.382776447729086)	(185, 8.382776447729086)	(190, 8.382776447729086)	(195, 8.382776447729086)	(200, 8.382776447729086)	(205, 8.382776447729086)	(210, 8.382776447729086)	(215, 8.382776447729086)	(220, 8.382776447729086)	(225, 8.382776447729086)	(230, 8.386246139967385)	(235, 8.459109676971652)	(240, 8.459109676971652)
SRR8438105_2 - polya	(1, 0.0)	(2, 0.0)	(3, 0.0)	(4, 0.0)	(5, 0.0)	(6, 0.0)	(7, 0.0)	(8, 0.0)	(9, 0.0)	(10, 0.0)	(15, 0.0)	(20, 0.0)	(25, 0.0)	(30, 0.0)	(35, 0.0)	(40, 0.0)	(45, 0.0)	(50, 0.0)	(55, 0.0)	(60, 0.06800596787064987)	(65, 0.09021199819576003)	(70, 0.1609937198570487)	(75, 0.20054821137365114)	(80, 0.26647236390132195)	(85, 0.4385690989209257)	(90, 0.45175392942645987)	(95, 0.489920544047743)	(100, 0.507962943686895)	(105, 0.5301689740120051)	(110, 0.5454356198605185)	(115, 0.5593143888137122)	(120, 0.5822143575864821)	(125, 0.623156725998404)	(130, 0.7036535859269283)	(135, 0.7050414628222477)	(140, 0.7078172166128864)	(145, 0.7078172166128864)	(150, 0.7098990319558655)	(155, 0.711286908851185)	(160, 0.711286908851185)	(165, 0.711286908851185)	(170, 0.711286908851185)	(175, 0.711286908851185)	(180, 0.711286908851185)	(185, 0.711286908851185)	(190, 0.711286908851185)	(195, 0.711286908851185)	(200, 0.711286908851185)	(205, 0.711286908851185)	(210, 0.711286908851185)	(215, 0.711286908851185)	(220, 0.711286908851185)	(225, 0.711286908851185)	(230, 0.711286908851185)	(235, 0.711286908851185)	(240, 0.711286908851185)
SRR8438106 - illumina_universal_adapter	(1, 0.0)	(2, 0.0)	(3, 0.0)	(4, 0.0)	(5, 0.0)	(6, 0.0)	(7, 0.0)	(8, 0.0)	(9, 0.0)	(10, 0.0)	(15, 0.0)	(20, 0.0)	(25, 0.0)	(30, 0.0)	(35, 0.0)	(40, 1.3333333333333335)	(45, 6.666666666666667)	(50, 6.666666666666667)	(55, 9.333333333333334)	(60, 13.333333333333334)	(65, 13.333333333333334)	(70, 13.333333333333334)	(75, 13.333333333333334)	(80, 13.333333333333334)	(85, 13.333333333333334)	(90, 13.333333333333334)	(95, 13.333333333333334)	(100, 13.333333333333334)	(105, 13.333333333333334)	(110, 13.333333333333334)	(115, 18.666666666666668)	(120, 20.0)	(125, 21.333333333333336)	(130, 26.666666666666668)	(135, 26.666666666666668)	(140, 30.666666666666668)	(145, 33.333333333333336)	(150, 33.333333333333336)	(155, 42.66666666666667)	(160, 53.333333333333336)	(165, 58.66666666666667)	(170, 62.666666666666664)	(175, 77.33333333333333)	(180, 86.66666666666667)	(185, 86.66666666666667)	(190, 86.66666666666667)	(195, 86.66666666666667)	(200, 86.66666666666667)	(205, 86.66666666666667)	(210, 86.66666666666667)	(215, 86.66666666666667)	(220, 86.66666666666667)	(225, 86.66666666666667)	(230, 86.66666666666667)	(235, 86.66666666666667)	(240, 86.66666666666667)
SRR8438106 - polya	(1, 0.0)	(2, 0.0)	(3, 0.0)	(4, 0.0)	(5, 0.0)	(6, 0.0)	(7, 0.0)	(8, 0.0)	(9, 0.0)	(10, 0.0)	(15, 0.0)	(20, 0.0)	(25, 0.0)	(30, 0.0)	(35, 0.0)	(40, 0.0)	(45, 0.0)	(50, 0.0)	(55, 0.0)	(60, 0.0)	(65, 0.0)	(70, 0.0)	(75, 0.0)	(80, 0.0)	(85, 0.0)	(90, 0.0)	(95, 0.0)	(100, 0.0)	(105, 6.666666666666667)	(110, 6.666666666666667)	(115, 8.0)	(120, 13.333333333333334)	(125, 13.333333333333334)	(130, 13.333333333333334)	(135, 13.333333333333334)	(140, 13.333333333333334)	(145, 13.333333333333334)	(150, 13.333333333333334)	(155, 13.333333333333334)	(160, 13.333333333333334)	(165, 13.333333333333334)	(170, 13.333333333333334)	(175, 17.333333333333336)	(180, 20.0)	(185, 20.0)	(190, 20.0)	(195, 20.0)	(200, 20.0)	(205, 20.0)	(210, 20.0)	(215, 24.000000000000004)	(220, 26.666666666666668)	(225, 26.666666666666668)	(230, 26.666666666666668)	(235, 29.333333333333336)	(240, 33.333333333333336)
SRR8438107 - illumina_universal_adapter	(1, 0.0)	(2, 0.0)	(3, 0.0)	(4, 0.0)	(5, 0.0)	(6, 0.0)	(7, 0.0)	(8, 0.0)	(9, 0.0)	(10, 0.0)	(15, 0.0)	(20, 0.0)	(25, 0.0)	(30, 0.0)	(35, 0.0)	(40, 0.0)	(45, 0.0)	(50, 0.0)	(55, 0.0)	(60, 0.0)	(65, 0.0)	(70, 4.2857142857142865)	(75, 7.142857142857143)	(80, 7.142857142857143)	(85, 7.142857142857143)	(90, 7.142857142857143)	(95, 7.142857142857143)	(100, 7.142857142857143)	(105, 7.142857142857143)	(110, 7.142857142857143)	(115, 7.142857142857143)	(120, 7.142857142857143)	(125, 7.142857142857143)	(130, 14.285714285714286)	(135, 14.285714285714286)	(140, 14.285714285714286)	(145, 15.714285714285714)	(150, 21.428571428571427)	(155, 21.428571428571427)	(160, 25.71428571428571)	(165, 35.714285714285715)	(170, 42.857142857142854)	(175, 42.857142857142854)	(180, 47.142857142857146)	(185, 61.42857142857142)	(190, 78.57142857142857)	(195, 78.57142857142857)	(200, 78.57142857142857)	(205, 78.57142857142857)	(210, 78.57142857142857)	(215, 78.57142857142857)	(220, 78.57142857142857)	(225, 78.57142857142857)	(230, 78.57142857142857)	(235, 78.57142857142857)	(240, 78.57142857142857)
SRR8438107 - polya	(1, 0.0)	(2, 0.0)	(3, 0.0)	(4, 0.0)	(5, 0.0)	(6, 0.0)	(7, 0.0)	(8, 0.0)	(9, 0.0)	(10, 0.0)	(15, 0.0)	(20, 0.0)	(25, 0.0)	(30, 0.0)	(35, 0.0)	(40, 0.0)	(45, 0.0)	(50, 0.0)	(55, 0.0)	(60, 0.0)	(65, 0.0)	(70, 0.0)	(75, 0.0)	(80, 0.0)	(85, 0.0)	(90, 0.0)	(95, 0.0)	(100, 0.0)	(105, 0.0)	(110, 0.0)	(115, 0.0)	(120, 0.0)	(125, 0.0)	(130, 2.857142857142857)	(135, 7.142857142857143)	(140, 7.142857142857143)	(145, 7.142857142857143)	(150, 7.142857142857143)	(155, 7.142857142857143)	(160, 7.142857142857143)	(165, 7.142857142857143)	(170, 7.142857142857143)	(175, 7.142857142857143)	(180, 7.142857142857143)	(185, 7.142857142857143)	(190, 7.142857142857143)	(195, 7.142857142857143)	(200, 7.142857142857143)	(205, 7.142857142857143)	(210, 7.142857142857143)	(215, 7.142857142857143)	(220, 8.571428571428573)	(225, 14.285714285714286)	(230, 14.285714285714286)	(235, 14.285714285714286)	(240, 14.285714285714286)
SRR8438107_1 - nextera_transposase_sequence	(1, 0.0)	(2, 0.0)	(3, 0.0)	(4, 0.1885429132702599)	(5, 0.1885429132702599)	(6, 0.1885429132702599)	(7, 0.1885429132702599)	(8, 0.1885429132702599)	(9, 0.1885429132702599)	(10, 0.1885429132702599)	(15, 0.1885429132702599)	(20, 0.1885429132702599)	(25, 0.1885429132702599)	(30, 0.1885429132702599)	(35, 0.1885429132702599)	(40, 0.1885429132702599)	(45, 0.1885429132702599)	(50, 0.1885429132702599)	(55, 0.1885429132702599)	(60, 0.1885429132702599)	(65, 0.1885429132702599)	(70, 0.1885429132702599)	(75, 0.1885429132702599)	(80, 0.1885429132702599)	(85, 0.1885429132702599)	(90, 0.1885429132702599)	(95, 0.1885429132702599)	(100, 0.1885429132702599)	(105, 0.1885429132702599)	(110, 0.1885429132702599)	(115, 0.1885429132702599)	(120, 0.1885429132702599)	(125, 0.1885429132702599)	(130, 0.1885429132702599)	(135, 0.1885429132702599)	(140, 0.1885429132702599)	(145, 0.1885429132702599)	(150, 0.1885429132702599)	(155, 0.1885429132702599)	(160, 0.1885429132702599)	(165, 0.1885429132702599)	(170, 0.1885429132702599)	(175, 0.1885429132702599)	(180, 0.1885429132702599)	(185, 0.1885429132702599)	(190, 0.1885429132702599)	(195, 0.1885429132702599)	(200, 0.1885429132702599)	(205, 0.1885429132702599)	(210, 0.1885429132702599)	(215, 0.1885429132702599)	(220, 0.1885429132702599)	(225, 0.1885429132702599)	(230, 0.1885429132702599)	(235, 0.1885429132702599)	(240, 0.1885429132702599)
SRR8438107_1 - polya	(1, 0.0)	(2, 0.0)	(3, 0.0)	(4, 0.0)	(5, 0.0)	(6, 0.0)	(7, 0.0)	(8, 0.0)	(9, 0.0)	(10, 0.0)	(15, 0.0)	(20, 0.0)	(25, 0.0)	(30, 0.0)	(35, 0.0)	(40, 0.0)	(45, 0.0)	(50, 0.0)	(55, 0.0)	(60, 0.0)	(65, 0.03454738410820331)	(70, 0.19328471108903286)	(75, 0.30370086029760424)	(80, 0.4705669835391875)	(85, 0.6015309232957753)	(90, 1.4640865265201977)	(95, 1.8971707273014655)	(100, 1.9795876893896627)	(105, 2.0261024679928648)	(110, 2.0331022647729577)	(115, 2.04100526113758)	(120, 2.048005057917673)	(125, 2.048005057917673)	(130, 2.048005057917673)	(135, 2.062230451373992)	(140, 2.0717140470115383)	(145, 2.0717140470115383)	(150, 2.0717140470115383)	(155, 2.0717140470115383)	(160, 2.0717140470115383)	(165, 2.0717140470115383)	(170, 2.0717140470115383)	(175, 2.0717140470115383)	(180, 2.0717140470115383)	(185, 2.0717140470115383)	(190, 2.0717140470115383)	(195, 2.0717140470115383)	(200, 2.0717140470115383)	(205, 2.0717140470115383)	(210, 2.0717140470115383)	(215, 2.0717140470115383)	(220, 2.0717140470115383)	(225, 2.0717140470115383)	(230, 2.073294646284463)	(235, 2.0818750423374803)	(240, 2.0818750423374803)
SRR8438107_2 - polya	(1, 0.0)	(2, 0.0)	(3, 0.0)	(4, 0.0)	(5, 0.0)	(6, 0.0)	(7, 0.0)	(8, 0.0)	(9, 0.0)	(10, 0.0)	(15, 0.0)	(20, 0.0)	(25, 0.0)	(30, 0.0)	(35, 0.0)	(40, 0.0)	(45, 0.0)	(50, 0.0)	(55, 0.0)	(60, 0.012418994287262628)	(65, 0.022128389820940682)	(70, 0.04741797818773004)	(75, 0.05915957278659652)	(80, 0.1020615530516856)	(85, 0.17973671732111002)	(90, 0.18312371576309078)	(95, 0.19644590963488157)	(100, 0.19644590963488157)	(105, 0.1989297084923341)	(110, 0.2009619075575225)	(115, 0.20209090703818275)	(120, 0.203219906518843)	(125, 0.20841330412988007)	(130, 0.21676790028676587)	(135, 0.21676790028676587)	(140, 0.21676790028676587)	(145, 0.21676790028676587)	(150, 0.21676790028676587)	(155, 0.21676790028676587)	(160, 0.21676790028676587)	(165, 0.21676790028676587)	(170, 0.21676790028676587)	(175, 0.21676790028676587)	(180, 0.21676790028676587)	(185, 0.21676790028676587)	(190, 0.21676790028676587)	(195, 0.21676790028676587)	(200, 0.21676790028676587)	(205, 0.21676790028676587)	(210, 0.21676790028676587)	(215, 0.21767109987129407)	(220, 0.21789689976742607)	(225, 0.21789689976742607)	(230, 0.21789689976742607)	(235, 0.21789689976742607)	(240, 0.2178968997674261)
SRR8438108 - illumina_universal_adapter	(1, 0.0)	(2, 0.0)	(3, 0.0)	(4, 0.0)	(5, 0.0)	(6, 0.0)	(7, 0.0)	(8, 0.0)	(9, 0.0)	(10, 0.0)	(15, 0.0)	(20, 0.0)	(25, 0.0)	(30, 0.0)	(35, 0.0)	(40, 0.0)	(45, 0.0)	(50, 0.0)	(55, 0.0)	(60, 0.0)	(65, 0.0)	(70, 0.0)	(75, 0.0)	(80, 0.0)	(85, 0.0)	(90, 0.0)	(95, 0.0)	(100, 0.0)	(105, 0.0)	(110, 0.0)	(115, 0.0)	(120, 0.0)	(125, 0.0)	(130, 0.0)	(135, 7.272727272727273)	(140, 29.090909090909093)	(145, 36.36363636363637)	(150, 36.36363636363637)	(155, 43.63636363636364)	(160, 45.45454545454545)	(165, 52.72727272727273)	(170, 78.18181818181817)	(175, 81.81818181818181)	(180, 81.81818181818181)	(185, 90.9090909090909)	(190, 90.9090909090909)	(195, 90.9090909090909)	(200, 90.9090909090909)	(205, 90.9090909090909)	(210, 90.9090909090909)	(215, 90.9090909090909)	(220, 90.9090909090909)	(225, 90.9090909090909)	(230, 90.9090909090909)	(235, 90.9090909090909)	(240, 90.9090909090909)
SRR8438108 - polya	(1, 0.0)	(2, 0.0)	(3, 0.0)	(4, 0.0)	(5, 0.0)	(6, 0.0)	(7, 0.0)	(8, 0.0)	(9, 0.0)	(10, 0.0)	(15, 0.0)	(20, 0.0)	(25, 0.0)	(30, 0.0)	(35, 0.0)	(40, 0.0)	(45, 0.0)	(50, 0.0)	(55, 0.0)	(60, 0.0)	(65, 0.0)	(70, 0.0)	(75, 0.0)	(80, 0.0)	(85, 0.0)	(90, 0.0)	(95, 0.0)	(100, 0.0)	(105, 0.0)	(110, 0.0)	(115, 0.0)	(120, 0.0)	(125, 0.0)	(130, 0.0)	(135, 0.0)	(140, 0.0)	(145, 0.0)	(150, 0.0)	(155, 0.0)	(160, 0.0)	(165, 0.0)	(170, 0.0)	(175, 0.0)	(180, 0.0)	(185, 0.0)	(190, 0.0)	(195, 0.0)	(200, 9.090909090909092)	(205, 9.090909090909092)	(210, 9.090909090909092)	(215, 9.090909090909092)	(220, 9.090909090909092)	(225, 9.090909090909092)	(230, 9.090909090909092)	(235, 9.090909090909092)	(240, 9.090909090909092)
SRR8438108_1 - illumina_small_rna_3'_adapter	(1, 0.0)	(2, 0.0)	(3, 0.0)	(4, 0.0)	(5, 0.0)	(6, 0.0)	(7, 0.0)	(8, 0.0)	(9, 0.0)	(10, 0.0)	(15, 0.0)	(20, 0.0)	(25, 0.0)	(30, 0.0)	(35, 0.0)	(40, 0.0)	(45, 0.0)	(50, 0.0)	(55, 0.0)	(60, 0.0)	(65, 0.0)	(70, 0.0)	(75, 0.0)	(80, 0.0)	(85, 0.0)	(90, 0.0)	(95, 0.0)	(100, 0.0)	(105, 0.0)	(110, 0.0)	(115, 0.0)	(120, 0.0)	(125, 0.0)	(130, 0.0)	(135, 0.07467804617846528)	(140, 0.3657700220986055)	(145, 0.3657700220986055)	(150, 0.3657700220986055)	(155, 0.3657700220986055)	(160, 0.3657700220986055)	(165, 0.3657700220986055)	(170, 0.3657700220986055)	(175, 0.3657700220986055)	(180, 0.3657700220986055)	(185, 0.3657700220986055)	(190, 0.3657700220986055)	(195, 0.3657700220986055)	(200, 0.3657700220986055)	(205, 0.3657700220986055)	(210, 0.3657700220986055)	(215, 0.3657700220986055)	(220, 0.3657700220986055)	(225, 0.3657700220986055)	(230, 0.3657700220986055)	(235, 0.3657700220986055)	(240, 0.3657700220986055)
SRR8438108_1 - nextera_transposase_sequence	(1, 0.0)	(2, 0.0)	(3, 0.0)	(4, 0.10414285351418628)	(5, 0.10414285351418628)	(6, 0.10414285351418628)	(7, 0.10414285351418628)	(8, 0.10414285351418628)	(9, 0.10414285351418628)	(10, 0.10414285351418628)	(15, 0.10414285351418628)	(20, 0.10414285351418628)	(25, 0.10414285351418628)	(30, 0.10414285351418628)	(35, 0.10414285351418628)	(40, 0.10414285351418628)	(45, 0.10414285351418628)	(50, 0.10414285351418628)	(55, 0.10414285351418628)	(60, 0.10414285351418628)	(65, 0.10414285351418628)	(70, 0.10414285351418628)	(75, 0.10414285351418628)	(80, 0.10414285351418628)	(85, 0.10414285351418628)	(90, 0.10414285351418628)	(95, 0.10414285351418628)	(100, 0.10414285351418628)	(105, 0.10414285351418628)	(110, 0.10414285351418628)	(115, 0.10414285351418628)	(120, 0.10414285351418628)	(125, 0.10414285351418628)	(130, 0.10414285351418628)	(135, 0.10414285351418628)	(140, 0.10414285351418628)	(145, 0.10414285351418628)	(150, 0.10414285351418628)	(155, 0.10414285351418628)	(160, 0.10414285351418628)	(165, 0.10414285351418628)	(170, 0.10414285351418628)	(175, 0.10414285351418628)	(180, 0.10414285351418628)	(185, 0.10414285351418628)	(190, 0.10414285351418628)	(195, 0.10414285351418628)	(200, 0.10414285351418628)	(205, 0.10414285351418628)	(210, 0.10414285351418628)	(215, 0.10414285351418628)	(220, 0.10414285351418628)	(225, 0.10414285351418628)	(230, 0.10414285351418628)	(235, 0.10414285351418628)	(240, 0.10414285351418628)
SRR8438108_1 - polya	(1, 0.0)	(2, 0.0)	(3, 0.0)	(4, 0.0)	(5, 0.0)	(6, 0.0)	(7, 0.0)	(8, 0.0)	(9, 0.0)	(10, 0.0)	(15, 0.0)	(20, 0.00025400695979069823)	(25, 0.0012700347989534912)	(30, 0.0012700347989534912)	(35, 0.0012700347989534912)	(40, 0.0012700347989534912)	(45, 0.0012700347989534912)	(50, 0.0027940765576976805)	(55, 0.003810104396860474)	(60, 0.003810104396860474)	(65, 0.047753308440651274)	(70, 0.14097386268383755)	(75, 0.18059894841118646)	(80, 0.18390103888846554)	(85, 0.19355330336051207)	(90, 0.2534989458711169)	(95, 0.2918539967995123)	(100, 0.3378292565216287)	(105, 0.41530137925779165)	(110, 0.41530137925779165)	(115, 0.41530137925779165)	(120, 0.41834946277528007)	(125, 0.4191114836546522)	(130, 0.43892402651832657)	(135, 0.6073306408595596)	(140, 0.7262058980416063)	(145, 0.7335720998755366)	(150, 0.7389062460311411)	(155, 0.7404302877898854)	(160, 0.7404302877898854)	(165, 0.7404302877898854)	(170, 0.7404302877898854)	(175, 0.7409383017094668)	(180, 0.7417003225888389)	(185, 0.7599888236937692)	(190, 0.8062180903756764)	(195, 0.8085041530137925)	(200, 0.8090121669333741)	(205, 0.8102822017323275)	(210, 0.8102822017323275)	(215, 0.8102822017323275)	(220, 0.8107902156519089)	(225, 0.811552236531281)	(230, 0.8979146028601184)	(235, 1.7076887906728646)	(240, 1.7094668393913994)
SRR8438108_2 - polya	(1, 0.0)	(2, 0.0)	(3, 0.0)	(4, 0.0)	(5, 0.0)	(6, 0.0)	(7, 0.0)	(8, 0.0)	(9, 0.0)	(10, 0.0)	(15, 0.0)	(20, 0.0)	(25, 0.0)	(30, 0.0)	(35, 0.0)	(40, 0.00025400695979069823)	(45, 0.0012700347989534912)	(50, 0.0012700347989534912)	(55, 0.0012700347989534912)	(60, 0.02489268205948843)	(65, 0.03276689781300007)	(70, 0.03302090477279077)	(75, 0.03403693261195356)	(80, 0.03530696741090705)	(85, 0.03937107876755823)	(90, 0.04013309964693033)	(95, 0.04622926668190709)	(100, 0.04699128756127918)	(105, 0.04826132236023267)	(110, 0.04953135715918616)	(115, 0.04953135715918616)	(120, 0.05105539891793035)	(125, 0.07112194874139552)	(130, 0.12725748685513982)	(135, 0.12827351469430262)	(140, 0.12827351469430262)	(145, 0.12827351469430262)	(150, 0.12827351469430262)	(155, 0.12827351469430262)	(160, 0.12827351469430262)	(165, 0.12827351469430262)	(170, 0.12827351469430262)	(175, 0.12827351469430262)	(180, 0.12827351469430262)	(185, 0.12827351469430262)	(190, 0.12827351469430262)	(195, 0.12827351469430262)	(200, 0.12827351469430262)	(205, 0.12827351469430262)	(210, 0.12827351469430262)	(215, 0.12827351469430262)	(220, 0.12827351469430262)	(225, 0.1320836190911631)	(230, 0.13335365389011658)	(235, 0.13335365389011658)	(240, 0.13335365389011658)
SRR8438109 - illumina_universal_adapter	(1, 0.0)	(2, 0.0)	(3, 0.0)	(4, 0.0)	(5, 0.0)	(6, 0.0)	(7, 0.0)	(8, 0.0)	(9, 0.0)	(10, 0.0)	(15, 0.0)	(20, 0.0)	(25, 0.0)	(30, 0.0)	(35, 0.0)	(40, 0.0)	(45, 0.0)	(50, 0.0)	(55, 0.0)	(60, 0.0)	(65, 3.6363636363636367)	(70, 9.090909090909092)	(75, 9.090909090909092)	(80, 9.090909090909092)	(85, 9.090909090909092)	(90, 9.090909090909092)	(95, 9.090909090909092)	(100, 9.090909090909092)	(105, 9.090909090909092)	(110, 25.454545454545457)	(115, 27.272727272727273)	(120, 27.272727272727273)	(125, 27.272727272727273)	(130, 27.272727272727273)	(135, 27.272727272727273)	(140, 27.272727272727273)	(145, 27.272727272727273)	(150, 27.272727272727273)	(155, 27.272727272727273)	(160, 29.090909090909093)	(165, 43.63636363636364)	(170, 52.727272727272734)	(175, 58.18181818181817)	(180, 70.90909090909092)	(185, 78.18181818181817)	(190, 90.9090909090909)	(195, 90.9090909090909)	(200, 90.9090909090909)	(205, 90.9090909090909)	(210, 90.9090909090909)	(215, 90.9090909090909)	(220, 90.9090909090909)	(225, 90.9090909090909)	(230, 90.9090909090909)	(235, 90.9090909090909)	(240, 90.9090909090909)
SRR8438109 - polya	(1, 0.0)	(2, 0.0)	(3, 0.0)	(4, 0.0)	(5, 0.0)	(6, 0.0)	(7, 0.0)	(8, 0.0)	(9, 0.0)	(10, 0.0)	(15, 0.0)	(20, 0.0)	(25, 0.0)	(30, 0.0)	(35, 0.0)	(40, 0.0)	(45, 0.0)	(50, 0.0)	(55, 0.0)	(60, 0.0)	(65, 0.0)	(70, 0.0)	(75, 0.0)	(80, 0.0)	(85, 0.0)	(90, 0.0)	(95, 0.0)	(100, 0.0)	(105, 0.0)	(110, 0.0)	(115, 0.0)	(120, 0.0)	(125, 0.0)	(130, 0.0)	(135, 0.0)	(140, 0.0)	(145, 0.0)	(150, 0.0)	(155, 0.0)	(160, 0.0)	(165, 0.0)	(170, 5.454545454545455)	(175, 9.090909090909092)	(180, 9.090909090909092)	(185, 9.090909090909092)	(190, 9.090909090909092)	(195, 9.090909090909092)	(200, 9.090909090909092)	(205, 9.090909090909092)	(210, 9.090909090909092)	(215, 9.090909090909092)	(220, 9.090909090909092)	(225, 9.090909090909092)	(230, 9.090909090909092)	(235, 9.090909090909092)	(240, 9.090909090909092)
SRR8438109_1 - polya	(1, 0.0)	(2, 0.0)	(3, 0.0)	(4, 0.0)	(5, 0.0)	(6, 0.0)	(7, 0.0)	(8, 0.0)	(9, 0.0)	(10, 0.0)	(15, 0.0)	(20, 0.0002120598432877758)	(25, 0.001060299216438879)	(30, 0.001060299216438879)	(35, 0.001060299216438879)	(40, 0.001060299216438879)	(45, 0.001060299216438879)	(50, 0.0016964787463022064)	(55, 0.002120598432877758)	(60, 0.002120598432877758)	(65, 0.0067859149852088265)	(70, 0.026931600097547526)	(75, 0.041775789127691844)	(80, 0.05704409784441169)	(85, 0.07082798765811713)	(90, 0.08143097982250591)	(95, 0.1446248131222631)	(100, 0.15480368560007635)	(105, 0.17494937071241506)	(110, 0.17897850773488275)	(115, 0.187248841623106)	(120, 0.1963674148844804)	(125, 0.20124479128009926)	(130, 0.20484980861599142)	(135, 0.22287489529545237)	(140, 0.23199346855682673)	(145, 0.2332658276165534)	(150, 0.23368994730312895)	(155, 0.23538642604943116)	(160, 0.23581054573600668)	(165, 0.23835526385546002)	(170, 0.24768589696012216)	(175, 0.2555321111617698)	(180, 0.2555321111617698)	(185, 0.25595623084834535)	(190, 0.2601974277141009)	(195, 0.2618939064604031)	(200, 0.2618939064604031)	(205, 0.2621059663036909)	(210, 0.262954205676842)	(215, 0.262954205676842)	(220, 0.262954205676842)	(225, 0.262954205676842)	(230, 0.2663471631694464)	(235, 0.2830998907891807)	(240, 0.2830998907891807)
SRR8438110 - illumina_universal_adapter	(1, 0.0)	(2, 0.0)	(3, 0.0)	(4, 0.0)	(5, 0.0)	(6, 0.0)	(7, 0.0)	(8, 0.0)	(9, 0.0)	(10, 0.0)	(15, 0.0)	(20, 0.0)	(25, 0.0)	(30, 0.0)	(35, 0.0)	(40, 0.0)	(45, 0.0)	(50, 0.0)	(55, 0.0)	(60, 0.0)	(65, 0.0)	(70, 0.0)	(75, 0.0)	(80, 0.0)	(85, 0.0)	(90, 0.0)	(95, 0.0)	(100, 0.0)	(105, 0.0)	(110, 0.0)	(115, 0.0)	(120, 0.0)	(125, 0.0)	(130, 0.0)	(135, 0.0)	(140, 0.0)	(145, 0.0)	(150, 0.0)	(155, 33.333333333333336)	(160, 33.333333333333336)	(165, 33.333333333333336)	(170, 33.333333333333336)	(175, 33.333333333333336)	(180, 33.333333333333336)	(185, 33.333333333333336)	(190, 33.333333333333336)	(195, 33.333333333333336)	(200, 33.333333333333336)	(205, 33.333333333333336)	(210, 33.333333333333336)	(215, 33.333333333333336)	(220, 33.333333333333336)	(225, 33.333333333333336)	(230, 33.333333333333336)	(235, 33.333333333333336)	(240, 33.333333333333336)
SRR8438110_1 - illumina_small_rna_3'_adapter	(1, 0.0)	(2, 0.0)	(3, 0.0)	(4, 0.0)	(5, 0.0)	(6, 0.0)	(7, 0.0)	(8, 0.0)	(9, 0.0)	(10, 0.0)	(15, 0.0)	(20, 0.0)	(25, 0.0)	(30, 0.0)	(35, 0.0)	(40, 0.0)	(45, 0.0)	(50, 0.0)	(55, 0.0)	(60, 0.0)	(65, 0.0)	(70, 0.0)	(75, 0.0)	(80, 0.0)	(85, 0.0)	(90, 0.0)	(95, 0.0)	(100, 0.0)	(105, 0.0)	(110, 0.0)	(115, 0.0)	(120, 0.0)	(125, 0.0)	(130, 0.0)	(135, 0.0030748206354629312)	(140, 0.29210796036897846)	(145, 0.29210796036897846)	(150, 0.29210796036897846)	(155, 0.29210796036897846)	(160, 0.29210796036897846)	(165, 0.29210796036897846)	(170, 0.29210796036897846)	(175, 0.29210796036897846)	(180, 0.29210796036897846)	(185, 0.29210796036897846)	(190, 0.29210796036897846)	(195, 0.29210796036897846)	(200, 0.29210796036897846)	(205, 0.29210796036897846)	(210, 0.29210796036897846)	(215, 0.29210796036897846)	(220, 0.29210796036897846)	(225, 0.29210796036897846)	(230, 0.29210796036897846)	(235, 0.29210796036897846)	(240, 0.29210796036897846)
SRR8438110_1 - polya	(1, 0.0)	(2, 0.0)	(3, 0.0)	(4, 0.0)	(5, 0.0)	(6, 0.0)	(7, 0.0)	(8, 0.0)	(9, 0.0)	(10, 0.0)	(15, 0.0)	(20, 0.0)	(25, 0.0)	(30, 0.0)	(35, 0.0)	(40, 0.0)	(45, 0.0)	(50, 0.0)	(55, 0.0)	(60, 0.0)	(65, 0.01434916296549368)	(70, 0.10420225486846602)	(75, 0.14861633071404168)	(80, 0.1527160915613256)	(85, 0.1708233686368295)	(90, 0.26101810727707553)	(95, 0.31875640587632387)	(100, 0.3218312265117868)	(105, 0.3245644004099761)	(110, 0.33003074820635464)	(115, 0.3320806286299966)	(120, 0.3484796720191322)	(125, 0.3484796720191322)	(130, 0.3484796720191322)	(135, 0.3484796720191322)	(140, 0.34984625896822685)	(145, 0.3501879057055005)	(150, 0.3501879057055005)	(155, 0.3501879057055005)	(160, 0.3501879057055005)	(165, 0.3501879057055005)	(170, 0.3501879057055005)	(175, 0.3501879057055005)	(180, 0.3501879057055005)	(185, 0.3501879057055005)	(190, 0.3501879057055005)	(195, 0.3501879057055005)	(200, 0.3501879057055005)	(205, 0.3501879057055005)	(210, 0.3501879057055005)	(215, 0.3501879057055005)	(220, 0.3501879057055005)	(225, 0.3501879057055005)	(230, 0.3501879057055005)	(235, 0.3501879057055005)	(240, 0.3501879057055005)
SRR8438111 - illumina_universal_adapter	(1, 0.0)	(2, 0.0)	(3, 0.0)	(4, 0.0)	(5, 0.0)	(6, 0.0)	(7, 0.0)	(8, 0.0)	(9, 0.0)	(10, 0.0)	(15, 0.0)	(20, 0.0)	(25, 0.0)	(30, 0.0)	(35, 0.0)	(40, 0.0)	(45, 0.0)	(50, 0.0)	(55, 0.0)	(60, 0.0)	(65, 0.0)	(70, 0.0)	(75, 0.0)	(80, 0.0)	(85, 0.0)	(90, 0.0)	(95, 0.0)	(100, 5.0)	(105, 6.0)	(110, 16.0)	(115, 28.0)	(120, 30.0)	(125, 31.0)	(130, 35.0)	(135, 35.0)	(140, 40.0)	(145, 40.0)	(150, 48.0)	(155, 58.0)	(160, 73.0)	(165, 78.0)	(170, 89.0)	(175, 95.0)	(180, 100.0)	(185, 100.0)	(190, 100.0)	(195, 100.0)	(200, 100.0)	(205, 100.0)	(210, 100.0)	(215, 100.0)	(220, 100.0)	(225, 100.0)	(230, 100.0)	(235, 100.0)	(240, 100.0)
SRR8438111 - polya	(1, 0.0)	(2, 0.0)	(3, 0.0)	(4, 0.0)	(5, 0.0)	(6, 0.0)	(7, 0.0)	(8, 0.0)	(9, 0.0)	(10, 0.0)	(15, 0.0)	(20, 0.0)	(25, 0.0)	(30, 0.0)	(35, 0.0)	(40, 0.0)	(45, 0.0)	(50, 0.0)	(55, 0.0)	(60, 0.0)	(65, 0.0)	(70, 0.0)	(75, 0.0)	(80, 0.0)	(85, 0.0)	(90, 0.0)	(95, 0.0)	(100, 0.0)	(105, 0.0)	(110, 0.0)	(115, 0.0)	(120, 0.0)	(125, 0.0)	(130, 0.0)	(135, 0.0)	(140, 0.0)	(145, 0.0)	(150, 0.0)	(155, 0.0)	(160, 0.0)	(165, 0.0)	(170, 1.0)	(175, 10.0)	(180, 10.0)	(185, 10.0)	(190, 10.0)	(195, 10.0)	(200, 10.0)	(205, 10.0)	(210, 10.0)	(215, 11.0)	(220, 15.0)	(225, 15.0)	(230, 18.0)	(235, 20.0)	(240, 20.0)
SRR8438112 - illumina_universal_adapter	(1, 0.0)	(2, 0.0)	(3, 0.0)	(4, 0.0)	(5, 0.0)	(6, 0.0)	(7, 0.0)	(8, 0.0)	(9, 0.0)	(10, 0.0)	(15, 0.0)	(20, 0.0)	(25, 0.0)	(30, 0.0)	(35, 0.0)	(40, 0.0)	(45, 0.0)	(50, 0.0)	(55, 0.0)	(60, 0.0)	(65, 0.0)	(70, 0.0)	(75, 0.0)	(80, 0.0)	(85, 0.0)	(90, 0.0)	(95, 0.0)	(100, 0.0)	(105, 0.0)	(110, 0.0)	(115, 0.0)	(120, 0.0)	(125, 0.0)	(130, 0.0)	(135, 14.285714285714286)	(140, 14.285714285714286)	(145, 14.285714285714286)	(150, 14.285714285714286)	(155, 14.285714285714286)	(160, 14.285714285714286)	(165, 14.285714285714286)	(170, 14.285714285714286)	(175, 22.857142857142858)	(180, 31.428571428571427)	(185, 54.28571428571428)	(190, 85.71428571428571)	(195, 85.71428571428571)	(200, 85.71428571428571)	(205, 85.71428571428571)	(210, 85.71428571428571)	(215, 85.71428571428571)	(220, 85.71428571428571)	(225, 85.71428571428571)	(230, 85.71428571428571)	(235, 85.71428571428571)	(240, 85.71428571428571)
SRR8438112_1 - nextera_transposase_sequence	(1, 0.0)	(2, 0.0)	(3, 0.0)	(4, 0.20501053265121877)	(5, 0.20501053265121877)	(6, 0.20501053265121877)	(7, 0.20501053265121877)	(8, 0.20501053265121877)	(9, 0.20501053265121877)	(10, 0.20501053265121877)	(15, 0.20501053265121877)	(20, 0.20501053265121877)	(25, 0.20501053265121877)	(30, 0.20501053265121877)	(35, 0.20501053265121877)	(40, 0.20501053265121877)	(45, 0.20501053265121877)	(50, 0.20501053265121877)	(55, 0.20501053265121877)	(60, 0.20501053265121877)	(65, 0.20501053265121877)	(70, 0.20501053265121877)	(75, 0.20501053265121877)	(80, 0.20501053265121877)	(85, 0.20501053265121877)	(90, 0.20501053265121877)	(95, 0.20501053265121877)	(100, 0.20501053265121877)	(105, 0.20501053265121877)	(110, 0.20501053265121877)	(115, 0.20501053265121877)	(120, 0.20501053265121877)	(125, 0.20501053265121877)	(130, 0.20501053265121877)	(135, 0.20501053265121877)	(140, 0.20501053265121877)	(145, 0.20501053265121877)	(150, 0.20501053265121877)	(155, 0.20501053265121877)	(160, 0.20501053265121877)	(165, 0.20501053265121877)	(170, 0.20501053265121877)	(175, 0.20501053265121877)	(180, 0.20501053265121877)	(185, 0.20501053265121877)	(190, 0.20501053265121877)	(195, 0.20501053265121877)	(200, 0.20501053265121877)	(205, 0.20501053265121877)	(210, 0.20501053265121877)	(215, 0.20501053265121877)	(220, 0.20501053265121877)	(225, 0.20501053265121877)	(230, 0.20501053265121877)	(235, 0.20501053265121877)	(240, 0.20501053265121877)
SRR8438112_1 - polya	(1, 0.0)	(2, 0.0)	(3, 0.0)	(4, 0.0)	(5, 0.0)	(6, 0.0)	(7, 0.0)	(8, 0.0)	(9, 0.0)	(10, 0.0)	(15, 0.0)	(20, 0.0)	(25, 0.0)	(30, 0.0)	(35, 0.0)	(40, 0.0)	(45, 0.0)	(50, 0.0)	(55, 0.0)	(60, 0.0)	(65, 0.029340956966596454)	(70, 0.15009027986758952)	(75, 0.2569214565151971)	(80, 0.39271742401444476)	(85, 0.6770990069214566)	(90, 2.1983147758049952)	(95, 3.0646253385495035)	(100, 3.1391062293108636)	(105, 3.191769485404755)	(110, 3.191769485404755)	(115, 3.191769485404755)	(120, 3.1947788143244056)	(125, 3.1955311465543184)	(130, 3.1955311465543184)	(135, 3.2045591333132712)	(140, 3.2105777911525726)	(145, 3.2120824556123977)	(150, 3.2124586217273547)	(155, 3.216972615106831)	(160, 3.218101113451701)	(165, 3.218101113451701)	(170, 3.218101113451701)	(175, 3.218101113451701)	(180, 3.218101113451701)	(185, 3.218101113451701)	(190, 3.218101113451701)	(195, 3.218101113451701)	(200, 3.218101113451701)	(205, 3.218101113451701)	(210, 3.218101113451701)	(215, 3.218101113451701)	(220, 3.218101113451701)	(225, 3.218101113451701)	(230, 3.220734276256395)	(235, 3.2688835389708095)	(240, 3.2688835389708095)
SRR8438112_2 - polya	(1, 0.0)	(2, 0.0)	(3, 0.0)	(4, 0.0)	(5, 0.0)	(6, 0.0)	(7, 0.0)	(8, 0.0)	(9, 0.0)	(10, 0.0)	(15, 0.0)	(20, 0.0)	(25, 0.0)	(30, 0.0)	(35, 0.0)	(40, 0.0)	(45, 0.0)	(50, 0.0)	(55, 0.0)	(60, 0.003761661149563647)	(65, 0.017679807402949145)	(70, 0.030093289196509183)	(75, 0.041754438760156484)	(80, 0.061315076737887456)	(85, 0.10758350887752033)	(90, 0.11134517002708397)	(95, 0.11623532952151669)	(100, 0.11661149563647306)	(105, 0.11811616009629851)	(110, 0.1184923262112549)	(115, 0.11924465844116763)	(120, 0.12074932290099308)	(125, 0.13730063195907313)	(130, 0.16250376166114955)	(135, 0.16588925669575683)	(140, 0.1673939211555823)	(145, 0.1673939211555823)	(150, 0.1673939211555823)	(155, 0.1673939211555823)	(160, 0.1673939211555823)	(165, 0.1673939211555823)	(170, 0.1673939211555823)	(175, 0.1673939211555823)	(180, 0.1673939211555823)	(185, 0.1673939211555823)	(190, 0.1673939211555823)	(195, 0.1673939211555823)	(200, 0.1673939211555823)	(205, 0.1673939211555823)	(210, 0.1673939211555823)	(215, 0.1673939211555823)	(220, 0.1673939211555823)	(225, 0.1673939211555823)	(230, 0.1673939211555823)	(235, 0.1673939211555823)	(240, 0.1673939211555823)
SRR8438113 - illumina_universal_adapter	(1, 0.0)	(2, 0.0)	(3, 0.0)	(4, 0.0)	(5, 0.0)	(6, 0.0)	(7, 0.0)	(8, 0.0)	(9, 0.0)	(10, 0.0)	(15, 0.0)	(20, 0.0)	(25, 0.0)	(30, 0.0)	(35, 0.0)	(40, 0.0)	(45, 0.0)	(50, 0.0)	(55, 0.0)	(60, 0.0)	(65, 0.0)	(70, 0.0)	(75, 0.0)	(80, 0.0)	(85, 0.0)	(90, 0.0)	(95, 0.0)	(100, 0.0)	(105, 0.0)	(110, 7.692307692307692)	(115, 23.076923076923077)	(120, 23.076923076923077)	(125, 26.153846153846153)	(130, 30.769230769230766)	(135, 30.769230769230766)	(140, 30.769230769230766)	(145, 30.769230769230766)	(150, 30.769230769230766)	(155, 41.53846153846153)	(160, 53.84615384615385)	(165, 53.84615384615385)	(170, 63.07692307692307)	(175, 69.23076923076923)	(180, 69.23076923076923)	(185, 86.15384615384616)	(190, 92.3076923076923)	(195, 92.3076923076923)	(200, 92.3076923076923)	(205, 92.3076923076923)	(210, 92.3076923076923)	(215, 92.3076923076923)	(220, 92.3076923076923)	(225, 92.3076923076923)	(230, 92.3076923076923)	(235, 92.3076923076923)	(240, 92.3076923076923)
SRR8438113 - polya	(1, 0.0)	(2, 0.0)	(3, 0.0)	(4, 0.0)	(5, 0.0)	(6, 0.0)	(7, 0.0)	(8, 0.0)	(9, 0.0)	(10, 0.0)	(15, 0.0)	(20, 0.0)	(25, 0.0)	(30, 0.0)	(35, 0.0)	(40, 0.0)	(45, 0.0)	(50, 0.0)	(55, 0.0)	(60, 0.0)	(65, 0.0)	(70, 0.0)	(75, 0.0)	(80, 0.0)	(85, 0.0)	(90, 0.0)	(95, 0.0)	(100, 0.0)	(105, 0.0)	(110, 0.0)	(115, 0.0)	(120, 0.0)	(125, 0.0)	(130, 0.0)	(135, 0.0)	(140, 0.0)	(145, 0.0)	(150, 0.0)	(155, 0.0)	(160, 0.0)	(165, 0.0)	(170, 0.0)	(175, 0.0)	(180, 0.0)	(185, 0.0)	(190, 0.0)	(195, 0.0)	(200, 0.0)	(205, 0.0)	(210, 0.0)	(215, 3.076923076923077)	(220, 7.692307692307692)	(225, 7.692307692307692)	(230, 12.307692307692308)	(235, 15.384615384615383)	(240, 15.384615384615385)
SRR8438113_1 - illumina_small_rna_3'_adapter	(1, 0.0)	(2, 0.0)	(3, 0.0)	(4, 0.0)	(5, 0.0)	(6, 0.0)	(7, 0.0)	(8, 0.0)	(9, 0.0)	(10, 0.0)	(15, 0.0)	(20, 0.0)	(25, 0.0)	(30, 0.0)	(35, 0.0)	(40, 0.0)	(45, 0.0)	(50, 0.0)	(55, 0.0)	(60, 0.0)	(65, 0.0)	(70, 0.0)	(75, 0.0)	(80, 0.0)	(85, 0.0)	(90, 0.0)	(95, 0.0)	(100, 0.0)	(105, 0.0)	(110, 0.0)	(115, 0.0)	(120, 0.0)	(125, 0.0)	(130, 0.0)	(135, 0.03465907141141347)	(140, 0.4049277650046326)	(145, 0.4049277650046326)	(150, 0.4049277650046326)	(155, 0.4049277650046326)	(160, 0.4049277650046326)	(165, 0.4049277650046326)	(170, 0.4049277650046326)	(175, 0.4049277650046326)	(180, 0.4049277650046326)	(185, 0.4049277650046326)	(190, 0.4049277650046326)	(195, 0.4049277650046326)	(200, 0.4049277650046326)	(205, 0.4049277650046326)	(210, 0.4049277650046326)	(215, 0.4049277650046326)	(220, 0.4049277650046326)	(225, 0.4049277650046326)	(230, 0.4049277650046326)	(235, 0.4049277650046326)	(240, 0.4049277650046326)
SRR8438113_1 - nextera_transposase_sequence	(1, 0.0)	(2, 0.0)	(3, 0.0)	(4, 0.17672694828592017)	(5, 0.17672694828592017)	(6, 0.17672694828592017)	(7, 0.17672694828592017)	(8, 0.17672694828592017)	(9, 0.17672694828592017)	(10, 0.17672694828592017)	(15, 0.17672694828592017)	(20, 0.17672694828592017)	(25, 0.17672694828592017)	(30, 0.17672694828592017)	(35, 0.17672694828592017)	(40, 0.17672694828592017)	(45, 0.17672694828592017)	(50, 0.17672694828592017)	(55, 0.17672694828592017)	(60, 0.17672694828592017)	(65, 0.17672694828592017)	(70, 0.17672694828592017)	(75, 0.17672694828592017)	(80, 0.17672694828592017)	(85, 0.17672694828592017)	(90, 0.17672694828592017)	(95, 0.17672694828592017)	(100, 0.17672694828592017)	(105, 0.17672694828592017)	(110, 0.17672694828592017)	(115, 0.17672694828592017)	(120, 0.17672694828592017)	(125, 0.17672694828592017)	(130, 0.17672694828592017)	(135, 0.17672694828592017)	(140, 0.17672694828592017)	(145, 0.17672694828592017)	(150, 0.17672694828592017)	(155, 0.17672694828592017)	(160, 0.17672694828592017)	(165, 0.17672694828592017)	(170, 0.17672694828592017)	(175, 0.17672694828592017)	(180, 0.17672694828592017)	(185, 0.17672694828592017)	(190, 0.17672694828592017)	(195, 0.17672694828592017)	(200, 0.17672694828592017)	(205, 0.17672694828592017)	(210, 0.17672694828592017)	(215, 0.17672694828592017)	(220, 0.17672694828592017)	(225, 0.17672694828592017)	(230, 0.17672694828592017)	(235, 0.17672694828592017)	(240, 0.17672694828592017)
SRR8438113_1 - polya	(1, 0.0)	(2, 0.0)	(3, 0.0)	(4, 0.0)	(5, 0.0)	(6, 0.0)	(7, 0.0)	(8, 0.0)	(9, 0.0)	(10, 0.0)	(15, 0.0)	(20, 0.0)	(25, 0.0)	(30, 0.0)	(35, 0.0)	(40, 0.0)	(45, 0.0)	(50, 0.0)	(55, 0.0)	(60, 0.0)	(65, 0.03191379842833122)	(70, 0.11941937476407812)	(75, 0.16471637898493532)	(80, 0.19285542706152842)	(85, 0.355512851309152)	(90, 1.2439518204591469)	(95, 1.7226587968841152)	(100, 1.7912906214611717)	(105, 1.7912906214611717)	(110, 1.793006417075598)	(115, 1.795408530935795)	(120, 1.798153803918877)	(125, 1.798153803918877)	(130, 1.798153803918877)	(135, 1.894238358326756)	(140, 1.9542912048316805)	(145, 1.954977523077451)	(150, 1.9560070004461068)	(155, 1.9560070004461068)	(160, 1.9560070004461068)	(165, 1.956350159568992)	(170, 1.957722796060533)	(175, 1.957722796060533)	(180, 1.957722796060533)	(185, 1.957722796060533)	(190, 1.957722796060533)	(195, 1.957722796060533)	(200, 1.957722796060533)	(205, 1.957722796060533)	(210, 1.957722796060533)	(215, 1.957722796060533)	(220, 1.957722796060533)	(225, 1.957722796060533)	(230, 1.964585978518239)	(235, 2.0520915548539858)	(240, 2.0520915548539858)
SRR8438113_2 - polya	(1, 0.0)	(2, 0.0)	(3, 0.0)	(4, 0.0)	(5, 0.0)	(6, 0.0)	(7, 0.0)	(8, 0.0)	(9, 0.0)	(10, 0.0)	(15, 0.0)	(20, 0.0)	(25, 0.0)	(30, 0.0)	(35, 0.0006863182457705638)	(40, 0.0017157956144264095)	(45, 0.0017157956144264095)	(50, 0.0017157956144264095)	(55, 0.0017157956144264095)	(60, 0.008578978072132048)	(65, 0.014069524038296557)	(70, 0.020589547373116916)	(75, 0.027452729830822552)	(80, 0.05936652825915377)	(85, 0.14755842284067122)	(90, 0.1516763323152946)	(95, 0.15270580968395045)	(100, 0.15270580968395045)	(105, 0.15339212792972104)	(110, 0.15442160529837687)	(115, 0.15442160529837687)	(120, 0.15442160529837687)	(125, 0.16437321986205006)	(130, 0.20212072337943102)	(135, 0.20417967811674273)	(140, 0.20417967811674273)	(145, 0.20417967811674273)	(150, 0.20417967811674273)	(155, 0.20417967811674273)	(160, 0.20417967811674273)	(165, 0.20417967811674273)	(170, 0.20417967811674273)	(175, 0.20417967811674273)	(180, 0.20417967811674273)	(185, 0.20417967811674273)	(190, 0.20417967811674273)	(195, 0.20417967811674273)	(200, 0.20417967811674273)	(205, 0.20417967811674273)	(210, 0.20417967811674273)	(215, 0.20417967811674273)	(220, 0.20417967811674273)	(225, 0.20417967811674273)	(230, 0.20417967811674273)	(235, 0.20417967811674273)	(240, 0.20417967811674273)
SRR8438114 - illumina_universal_adapter	(1, 0.0)	(2, 0.0)	(3, 0.0)	(4, 0.0)	(5, 0.0)	(6, 0.0)	(7, 0.0)	(8, 0.0)	(9, 0.0)	(10, 0.0)	(15, 0.0)	(20, 0.0)	(25, 0.0)	(30, 0.0)	(35, 0.0)	(40, 0.0)	(45, 0.0)	(50, 0.0)	(55, 0.0)	(60, 0.0)	(65, 0.0)	(70, 3.3333333333333335)	(75, 8.333333333333334)	(80, 8.333333333333334)	(85, 8.333333333333334)	(90, 8.333333333333334)	(95, 8.333333333333334)	(100, 8.333333333333334)	(105, 10.0)	(110, 16.666666666666668)	(115, 16.666666666666668)	(120, 16.666666666666668)	(125, 16.666666666666668)	(130, 16.666666666666668)	(135, 25.0)	(140, 25.0)	(145, 25.0)	(150, 33.333333333333336)	(155, 33.333333333333336)	(160, 33.333333333333336)	(165, 39.99999999999999)	(170, 73.33333333333333)	(175, 83.33333333333333)	(180, 88.33333333333334)	(185, 91.66666666666667)	(190, 91.66666666666667)	(195, 91.66666666666667)	(200, 91.66666666666667)	(205, 91.66666666666667)	(210, 91.66666666666667)	(215, 91.66666666666667)	(220, 91.66666666666667)	(225, 91.66666666666667)	(230, 91.66666666666667)	(235, 91.66666666666667)	(240, 91.66666666666667)
SRR8438114 - polya	(1, 0.0)	(2, 0.0)	(3, 0.0)	(4, 0.0)	(5, 0.0)	(6, 0.0)	(7, 0.0)	(8, 0.0)	(9, 0.0)	(10, 0.0)	(15, 0.0)	(20, 0.0)	(25, 0.0)	(30, 0.0)	(35, 0.0)	(40, 0.0)	(45, 0.0)	(50, 0.0)	(55, 0.0)	(60, 0.0)	(65, 0.0)	(70, 0.0)	(75, 0.0)	(80, 0.0)	(85, 0.0)	(90, 0.0)	(95, 0.0)	(100, 0.0)	(105, 0.0)	(110, 0.0)	(115, 0.0)	(120, 0.0)	(125, 0.0)	(130, 0.0)	(135, 0.0)	(140, 0.0)	(145, 0.0)	(150, 0.0)	(155, 0.0)	(160, 0.0)	(165, 0.0)	(170, 0.0)	(175, 0.0)	(180, 0.0)	(185, 0.0)	(190, 0.0)	(195, 0.0)	(200, 0.0)	(205, 0.0)	(210, 0.0)	(215, 0.0)	(220, 0.0)	(225, 0.0)	(230, 1.6666666666666667)	(235, 8.333333333333334)	(240, 8.333333333333334)
SRR8438114_1 - polya	(1, 0.0)	(2, 0.0)	(3, 0.0)	(4, 0.0)	(5, 0.0)	(6, 0.0)	(7, 0.0)	(8, 0.0)	(9, 0.0)	(10, 0.0)	(15, 0.0)	(20, 0.0)	(25, 0.0)	(30, 0.0)	(35, 0.0)	(40, 0.0)	(45, 0.0)	(50, 0.0)	(55, 0.0)	(60, 0.0)	(65, 0.003608767181446691)	(70, 0.031842063365706094)	(75, 0.05604203152364273)	(80, 0.08236480390595977)	(85, 0.1091121371331529)	(90, 0.2591943957968476)	(95, 0.3434697235047498)	(100, 0.34601708857400626)	(105, 0.35323462293689967)	(110, 0.3545083054715279)	(115, 0.35535742716128005)	(120, 0.3566311096959083)	(125, 0.3566311096959083)	(130, 0.3568433901183463)	(135, 0.3931433423552513)	(140, 0.4203152364273205)	(145, 0.4213766385395107)	(150, 0.4213766385395107)	(155, 0.4232871623414531)	(160, 0.4245608448760813)	(165, 0.4245608448760813)	(170, 0.4245608448760813)	(175, 0.4245608448760813)	(180, 0.4245608448760813)	(185, 0.4260468078331476)	(190, 0.42986785543703226)	(195, 0.42986785543703226)	(200, 0.42986785543703226)	(205, 0.42986785543703226)	(210, 0.42986785543703226)	(215, 0.42986785543703226)	(220, 0.43092925754922257)	(225, 0.43092925754922257)	(230, 0.433476622618479)	(235, 0.46064851669054824)	(240, 0.46064851669054824)
SRR8438115 - illumina_universal_adapter	(1, 0.0)	(2, 0.0)	(3, 0.0)	(4, 0.0)	(5, 0.0)	(6, 0.0)	(7, 0.0)	(8, 0.0)	(9, 0.0)	(10, 0.0)	(15, 0.0)	(20, 0.0)	(25, 0.0)	(30, 0.0)	(35, 0.0)	(40, 0.0)	(45, 0.0)	(50, 0.0)	(55, 0.0)	(60, 0.0)	(65, 0.0)	(70, 0.0)	(75, 0.0)	(80, 0.0)	(85, 0.0)	(90, 0.0)	(95, 0.0)	(100, 8.0)	(105, 10.0)	(110, 10.0)	(115, 14.0)	(120, 30.0)	(125, 30.0)	(130, 30.0)	(135, 30.0)	(140, 40.0)	(145, 40.0)	(150, 40.0)	(155, 40.0)	(160, 40.0)	(165, 40.0)	(170, 40.0)	(175, 52.0)	(180, 72.0)	(185, 82.0)	(190, 90.0)	(195, 90.0)	(200, 90.0)	(205, 90.0)	(210, 90.0)	(215, 90.0)	(220, 90.0)	(225, 90.0)	(230, 90.0)	(235, 90.0)	(240, 90.0)
SRR8438115_1 - polya	(1, 0.0)	(2, 0.0)	(3, 0.0)	(4, 0.0)	(5, 0.0)	(6, 0.0)	(7, 0.0)	(8, 0.0)	(9, 0.0)	(10, 0.0)	(15, 0.0)	(20, 0.0)	(25, 0.0)	(30, 0.0)	(35, 0.0)	(40, 0.0)	(45, 0.0)	(50, 0.0)	(55, 0.0)	(60, 0.0)	(65, 0.010650707511284678)	(70, 0.12425825429832127)	(75, 0.20084191306993965)	(80, 0.2330476238778719)	(85, 0.24851650859664248)	(90, 0.3091241061013338)	(95, 0.32459299082010445)	(100, 0.327636050109043)	(105, 0.3334685804128417)	(110, 0.3334685804128417)	(115, 0.3425977582796572)	(120, 0.3562915250798803)	(125, 0.3562915250798803)	(130, 0.3562915250798803)	(135, 0.5023583709489273)	(140, 0.5972003854541766)	(145, 0.6032865040320535)	(150, 0.6167266825581985)	(155, 0.6301668610843435)	(160, 0.6301668610843435)	(165, 0.6301668610843435)	(170, 0.6301668610843435)	(175, 0.6301668610843435)	(180, 0.6301668610843435)	(185, 0.6349850382918294)	(190, 0.6519754526550692)	(195, 0.6529898057513821)	(200, 0.6529898057513821)	(205, 0.6529898057513821)	(210, 0.6529898057513821)	(215, 0.6529898057513821)	(220, 0.6529898057513821)	(225, 0.6529898057513821)	(230, 0.6689658670183091)	(235, 0.8373484810062383)	(240, 0.8381092458284729)
SRR8438115_1 - polyg	(1, 0.0)	(2, 0.0)	(3, 0.0)	(4, 0.0)	(5, 0.0)	(6, 0.0)	(7, 0.0)	(8, 0.0)	(9, 0.0)	(10, 0.0)	(15, 0.0)	(20, 0.0)	(25, 0.0)	(30, 0.0)	(35, 0.0)	(40, 0.0)	(45, 0.0)	(50, 0.0)	(55, 0.0)	(60, 0.0)	(65, 0.0)	(70, 0.0)	(75, 0.0)	(80, 0.0)	(85, 0.0)	(90, 0.0)	(95, 0.0)	(100, 0.0)	(105, 0.0)	(110, 0.0)	(115, 0.0)	(120, 0.0)	(125, 0.004311000659329513)	(130, 0.032459299082010444)	(135, 0.05198559618603236)	(140, 0.055028655474970836)	(145, 0.11335395851295835)	(150, 0.16407161332859968)	(155, 0.18638738144748185)	(160, 0.19196632347720238)	(165, 0.19272708829943702)	(170, 0.19399502966982807)	(175, 0.19399502966982807)	(180, 0.19399502966982807)	(185, 0.20642085509966018)	(190, 0.23532991834457576)	(195, 0.23583709489273214)	(200, 0.23583709489273214)	(205, 0.2363442714408886)	(210, 0.23862656590759243)	(215, 0.2444590962113912)	(220, 0.2490236851447989)	(225, 0.2497844499670335)	(230, 0.2500380382411117)	(235, 0.31191357711619416)	(240, 0.32712887356088655)
SRR8438116 - illumina_universal_adapter	(1, 0.0)	(2, 0.0)	(3, 0.0)	(4, 0.0)	(5, 0.0)	(6, 0.0)	(7, 0.0)	(8, 0.0)	(9, 0.0)	(10, 0.0)	(15, 0.0)	(20, 0.0)	(25, 0.0)	(30, 0.0)	(35, 0.0)	(40, 0.0)	(45, 0.0)	(50, 0.0)	(55, 0.0)	(60, 0.0)	(65, 0.0)	(70, 0.0)	(75, 0.0)	(80, 0.0)	(85, 0.0)	(90, 0.0)	(95, 0.0)	(100, 0.0)	(105, 25.0)	(110, 25.0)	(115, 25.0)	(120, 55.0)	(125, 75.0)	(130, 75.0)	(135, 75.0)	(140, 75.0)	(145, 75.0)	(150, 75.0)	(155, 75.0)	(160, 75.0)	(165, 95.0)	(170, 100.0)	(175, 100.0)	(180, 100.0)	(185, 100.0)	(190, 100.0)	(195, 100.0)	(200, 100.0)	(205, 100.0)	(210, 100.0)	(215, 100.0)	(220, 100.0)	(225, 100.0)	(230, 100.0)	(235, 100.0)	(240, 100.0)
SRR8438116 - polya	(1, 0.0)	(2, 0.0)	(3, 0.0)	(4, 0.0)	(5, 0.0)	(6, 0.0)	(7, 0.0)	(8, 0.0)	(9, 0.0)	(10, 0.0)	(15, 0.0)	(20, 0.0)	(25, 0.0)	(30, 0.0)	(35, 0.0)	(40, 0.0)	(45, 0.0)	(50, 0.0)	(55, 0.0)	(60, 0.0)	(65, 0.0)	(70, 0.0)	(75, 0.0)	(80, 0.0)	(85, 0.0)	(90, 0.0)	(95, 0.0)	(100, 0.0)	(105, 0.0)	(110, 0.0)	(115, 0.0)	(120, 0.0)	(125, 0.0)	(130, 0.0)	(135, 0.0)	(140, 0.0)	(145, 0.0)	(150, 0.0)	(155, 0.0)	(160, 0.0)	(165, 0.0)	(170, 0.0)	(175, 0.0)	(180, 20.0)	(185, 25.0)	(190, 25.0)	(195, 25.0)	(200, 25.0)	(205, 25.0)	(210, 25.0)	(215, 25.0)	(220, 25.0)	(225, 25.0)	(230, 25.0)	(235, 25.0)	(240, 25.0)
SRR8438116_1 - nextera_transposase_sequence	(1, 0.0)	(2, 0.0)	(3, 0.0)	(4, 0.2184115523465704)	(5, 0.2184115523465704)	(6, 0.2184115523465704)	(7, 0.2184115523465704)	(8, 0.2184115523465704)	(9, 0.2184115523465704)	(10, 0.2184115523465704)	(15, 0.2184115523465704)	(20, 0.2184115523465704)	(25, 0.2184115523465704)	(30, 0.2184115523465704)	(35, 0.2184115523465704)	(40, 0.2184115523465704)	(45, 0.2184115523465704)	(50, 0.2184115523465704)	(55, 0.2184115523465704)	(60, 0.2184115523465704)	(65, 0.2184115523465704)	(70, 0.2184115523465704)	(75, 0.2184115523465704)	(80, 0.2184115523465704)	(85, 0.2184115523465704)	(90, 0.2184115523465704)	(95, 0.2184115523465704)	(100, 0.2184115523465704)	(105, 0.2184115523465704)	(110, 0.2184115523465704)	(115, 0.2184115523465704)	(120, 0.2184115523465704)	(125, 0.2184115523465704)	(130, 0.2184115523465704)	(135, 0.2184115523465704)	(140, 0.2184115523465704)	(145, 0.2184115523465704)	(150, 0.2184115523465704)	(155, 0.2184115523465704)	(160, 0.2184115523465704)	(165, 0.2184115523465704)	(170, 0.2184115523465704)	(175, 0.2184115523465704)	(180, 0.2184115523465704)	(185, 0.2184115523465704)	(190, 0.2184115523465704)	(195, 0.2184115523465704)	(200, 0.2184115523465704)	(205, 0.2184115523465704)	(210, 0.2184115523465704)	(215, 0.2184115523465704)	(220, 0.2184115523465704)	(225, 0.2184115523465704)	(230, 0.2184115523465704)	(235, 0.2184115523465704)	(240, 0.2184115523465704)
SRR8438116_1 - polya	(1, 0.0)	(2, 0.0)	(3, 0.0)	(4, 0.0)	(5, 0.0)	(6, 0.0)	(7, 0.0)	(8, 0.0)	(9, 0.0)	(10, 0.0)	(15, 0.0)	(20, 0.0)	(25, 0.0)	(30, 0.0)	(35, 0.0)	(40, 0.0)	(45, 0.0)	(50, 0.0)	(55, 0.0)	(60, 0.0)	(65, 0.10397111913357401)	(70, 0.4014440433212997)	(75, 0.6324909747292419)	(80, 1.027436823104693)	(85, 1.3267148014440433)	(90, 2.9602888086642603)	(95, 3.9411552346570398)	(100, 4.025992779783394)	(105, 4.061371841155235)	(110, 4.061371841155235)	(115, 4.063537906137184)	(120, 4.066787003610108)	(125, 4.067148014440433)	(130, 4.075812274368231)	(135, 4.130685920577617)	(140, 4.166064981949458)	(145, 4.166064981949458)	(150, 4.166064981949458)	(155, 4.166064981949458)	(160, 4.166064981949458)	(165, 4.166064981949458)	(170, 4.166064981949458)	(175, 4.166064981949458)	(180, 4.166064981949458)	(185, 4.166064981949458)	(190, 4.166064981949458)	(195, 4.166064981949458)	(200, 4.166064981949458)	(205, 4.166064981949458)	(210, 4.166064981949458)	(215, 4.166064981949458)	(220, 4.166064981949458)	(225, 4.166064981949458)	(230, 4.171119133574007)	(235, 4.205776173285199)	(240, 4.205776173285199)
SRR8438116_2 - polya	(1, 0.0)	(2, 0.0)	(3, 0.0)	(4, 0.0)	(5, 0.0)	(6, 0.0)	(7, 0.0)	(8, 0.0)	(9, 0.0)	(10, 0.0)	(15, 0.0)	(20, 0.0)	(25, 0.0)	(30, 0.0)	(35, 0.0)	(40, 0.0)	(45, 0.0)	(50, 0.0)	(55, 0.0)	(60, 0.04115523465703971)	(65, 0.05306859205776173)	(70, 0.11010830324909746)	(75, 0.148014440433213)	(80, 0.1895306859205776)	(85, 0.29422382671480146)	(90, 0.2996389891696751)	(95, 0.30324909747292417)	(100, 0.303971119133574)	(105, 0.312274368231047)	(110, 0.315884476534296)	(115, 0.31696750902527077)	(120, 0.3176895306859206)	(125, 0.33176895306859205)	(130, 0.3649819494584837)	(135, 0.3664259927797834)	(140, 0.3671480144404332)	(145, 0.36823104693140796)	(150, 0.36823104693140796)	(155, 0.36823104693140796)	(160, 0.36823104693140796)	(165, 0.36823104693140796)	(170, 0.36823104693140796)	(175, 0.36823104693140796)	(180, 0.36823104693140796)	(185, 0.36823104693140796)	(190, 0.36823104693140796)	(195, 0.36823104693140796)	(200, 0.36823104693140796)	(205, 0.36823104693140796)	(210, 0.36823104693140796)	(215, 0.36823104693140796)	(220, 0.36823104693140796)	(225, 0.36823104693140796)	(230, 0.36823104693140796)	(235, 0.36823104693140796)	(240, 0.36823104693140796)
SRR8438117 - illumina_universal_adapter	(1, 0.0)	(2, 0.0)	(3, 0.0)	(4, 0.0)	(5, 0.0)	(6, 0.0)	(7, 0.0)	(8, 0.0)	(9, 0.0)	(10, 0.0)	(15, 0.0)	(20, 0.0)	(25, 0.0)	(30, 0.0)	(35, 0.0)	(40, 0.0)	(45, 0.0)	(50, 0.0)	(55, 0.0)	(60, 0.0)	(65, 0.0)	(70, 0.0)	(75, 0.0)	(80, 0.0)	(85, 0.0)	(90, 0.0)	(95, 6.666666666666667)	(100, 33.333333333333336)	(105, 33.333333333333336)	(110, 33.333333333333336)	(115, 33.333333333333336)	(120, 33.333333333333336)	(125, 33.333333333333336)	(130, 33.333333333333336)	(135, 33.333333333333336)	(140, 33.333333333333336)	(145, 33.333333333333336)	(150, 33.333333333333336)	(155, 33.333333333333336)	(160, 33.333333333333336)	(165, 33.333333333333336)	(170, 33.333333333333336)	(175, 66.66666666666667)	(180, 100.0)	(185, 100.0)	(190, 100.0)	(195, 100.0)	(200, 100.0)	(205, 100.0)	(210, 100.0)	(215, 100.0)	(220, 100.0)	(225, 100.0)	(230, 100.0)	(235, 100.0)	(240, 100.0)
SRR8438117_1 - illumina_small_rna_3'_adapter	(1, 0.0)	(2, 0.0)	(3, 0.0)	(4, 0.0)	(5, 0.0)	(6, 0.0)	(7, 0.0)	(8, 0.0)	(9, 0.0)	(10, 0.0)	(15, 0.0)	(20, 0.0)	(25, 0.0)	(30, 0.0)	(35, 0.0)	(40, 0.0)	(45, 0.0)	(50, 0.0)	(55, 0.0)	(60, 0.0)	(65, 0.0)	(70, 0.0)	(75, 0.0)	(80, 0.0)	(85, 0.0)	(90, 0.0)	(95, 0.0)	(100, 0.0)	(105, 0.0)	(110, 0.0)	(115, 0.0)	(120, 0.0)	(125, 0.0)	(130, 0.0)	(135, 0.3244293997385796)	(140, 0.8144250427321783)	(145, 0.8144250427321783)	(150, 0.8144250427321783)	(155, 0.8144250427321783)	(160, 0.8144250427321783)	(165, 0.8144250427321783)	(170, 0.8144250427321783)	(175, 0.8144250427321783)	(180, 0.8144250427321783)	(185, 0.8144250427321783)	(190, 0.8144250427321783)	(195, 0.8144250427321783)	(200, 0.8144250427321783)	(205, 0.8144250427321783)	(210, 0.8144250427321783)	(215, 0.8144250427321783)	(220, 0.8144250427321783)	(225, 0.8144250427321783)	(230, 0.8144250427321783)	(235, 0.8144250427321783)	(240, 0.8144250427321782)
SRR8438117_1 - illumina_universal_adapter	(1, 0.0)	(2, 0.0)	(3, 0.0)	(4, 0.0)	(5, 0.0)	(6, 0.0)	(7, 0.0)	(8, 0.0)	(9, 0.0)	(10, 0.0)	(15, 0.0)	(20, 0.0)	(25, 0.0)	(30, 0.0)	(35, 0.0)	(40, 0.0)	(45, 0.0)	(50, 0.0)	(55, 0.0)	(60, 0.0)	(65, 0.0)	(70, 0.0)	(75, 0.0)	(80, 0.0)	(85, 0.0)	(90, 0.0)	(95, 0.0)	(100, 0.0)	(105, 0.0)	(110, 0.0)	(115, 0.0)	(120, 0.11864463585481114)	(125, 0.19438951637228943)	(130, 0.19438951637228943)	(135, 0.19438951637228943)	(140, 0.19438951637228943)	(145, 0.19438951637228943)	(150, 0.19438951637228943)	(155, 0.19438951637228943)	(160, 0.19438951637228943)	(165, 0.19438951637228943)	(170, 0.19438951637228943)	(175, 0.19438951637228943)	(180, 0.19438951637228943)	(185, 0.19438951637228943)	(190, 0.19438951637228943)	(195, 0.19438951637228943)	(200, 0.19438951637228943)	(205, 0.19438951637228943)	(210, 0.19438951637228943)	(215, 0.19438951637228943)	(220, 0.19707075108087274)	(225, 0.19975198578945602)	(230, 0.203773837852331)	(235, 0.2044441465294768)	(240, 0.20444414652947682)
SRR8438117_1 - nextera_transposase_sequence	(1, 0.0)	(2, 0.0)	(3, 0.0)	(4, 0.4424037269162449)	(5, 0.4424037269162449)	(6, 0.4424037269162449)	(7, 0.4424037269162449)	(8, 0.4424037269162449)	(9, 0.4424037269162449)	(10, 0.4424037269162449)	(15, 0.4424037269162449)	(20, 0.4424037269162449)	(25, 0.4424037269162449)	(30, 0.4424037269162449)	(35, 0.4424037269162449)	(40, 0.44910681368770317)	(45, 0.4759191607735362)	(50, 0.4759191607735362)	(55, 0.4759191607735362)	(60, 0.4759191607735362)	(65, 0.4759191607735362)	(70, 0.4759191607735362)	(75, 0.4759191607735362)	(80, 0.4759191607735362)	(85, 0.4759191607735362)	(90, 0.4759191607735362)	(95, 0.4759191607735362)	(100, 0.4759191607735362)	(105, 0.4759191607735362)	(110, 0.4759191607735362)	(115, 0.4759191607735362)	(120, 0.4759191607735362)	(125, 0.4759191607735362)	(130, 0.4759191607735362)	(135, 0.4759191607735362)	(140, 0.4759191607735362)	(145, 0.4759191607735362)	(150, 0.4759191607735362)	(155, 0.4759191607735362)	(160, 0.4759191607735362)	(165, 0.4759191607735362)	(170, 0.4759191607735362)	(175, 0.4759191607735362)	(180, 0.4759191607735362)	(185, 0.4759191607735362)	(190, 0.4759191607735362)	(195, 0.4759191607735362)	(200, 0.4759191607735362)	(205, 0.4759191607735362)	(210, 0.4759191607735362)	(215, 0.4759191607735362)	(220, 0.4759191607735362)	(225, 0.4759191607735362)	(230, 0.4759191607735362)	(235, 0.4759191607735362)	(240, 0.4759191607735362)
SRR8438117_1 - polya	(1, 0.0)	(2, 0.0)	(3, 0.0)	(4, 0.0)	(5, 0.0)	(6, 0.0)	(7, 0.0)	(8, 0.0)	(9, 0.0)	(10, 0.0)	(15, 0.0)	(20, 0.0)	(25, 0.0)	(30, 0.0)	(35, 0.0)	(40, 0.0)	(45, 0.0)	(50, 0.0)	(55, 0.0)	(60, 0.0)	(65, 0.1119415490833529)	(70, 0.4618426785534739)	(75, 0.7554378791433456)	(80, 1.1596340114622785)	(85, 1.4351308777692127)	(90, 4.245064852364513)	(95, 5.944297348929181)	(100, 6.1789053859302205)	(105, 6.22716761068472)	(110, 6.22716761068472)	(115, 6.229178536716158)	(120, 6.233200388779034)	(125, 6.250628414384824)	(130, 6.252639340416262)	(135, 6.296879713107886)	(140, 6.324362368870865)	(145, 6.324362368870865)	(150, 6.324362368870865)	(155, 6.331065455642324)	(160, 6.331065455642324)	(165, 6.331065455642324)	(170, 6.331065455642324)	(175, 6.331065455642324)	(180, 6.331065455642324)	(185, 6.331065455642324)	(190, 6.331065455642324)	(195, 6.331065455642324)	(200, 6.331065455642324)	(205, 6.331065455642324)	(210, 6.331065455642324)	(215, 6.331065455642324)	(220, 6.331065455642324)	(225, 6.331065455642324)	(230, 6.337768542413782)	(235, 6.431611757214197)	(240, 6.431611757214197)
SRR8438117_2 - polya	(1, 0.0)	(2, 0.0)	(3, 0.0)	(4, 0.0)	(5, 0.0)	(6, 0.0)	(7, 0.0)	(8, 0.0)	(9, 0.0)	(10, 0.0)	(15, 0.0)	(20, 0.0)	(25, 0.0)	(30, 0.0)	(35, 0.0)	(40, 0.0)	(45, 0.0)	(50, 0.0)	(55, 0.0)	(60, 0.02681234708583303)	(65, 0.06703086771458257)	(70, 0.1521600697121024)	(75, 0.1856755035693937)	(80, 0.24466266715822638)	(85, 0.4249757013104534)	(90, 0.4323490967590575)	(95, 0.4390521835305158)	(100, 0.4390521835305158)	(105, 0.44173341823909906)	(110, 0.445755270301974)	(115, 0.445755270301974)	(120, 0.4484365050105573)	(125, 0.4638536045849114)	(130, 0.5007205818279319)	(135, 0.5027315078593693)	(140, 0.5027315078593693)	(145, 0.5047424338908066)	(150, 0.5060830512450983)	(155, 0.5060830512450983)	(160, 0.5060830512450983)	(165, 0.5060830512450983)	(170, 0.5060830512450983)	(175, 0.5060830512450983)	(180, 0.5060830512450983)	(185, 0.5060830512450983)	(190, 0.5060830512450983)	(195, 0.5060830512450983)	(200, 0.5060830512450983)	(205, 0.5060830512450983)	(210, 0.5060830512450983)	(215, 0.5060830512450983)	(220, 0.5060830512450983)	(225, 0.5060830512450983)	(230, 0.5060830512450983)	(235, 0.5060830512450983)	(240, 0.5060830512450983)
SRR8438118 - illumina_universal_adapter	(1, 0.0)	(2, 0.0)	(3, 0.0)	(4, 0.0)	(5, 0.0)	(6, 0.0)	(7, 0.0)	(8, 0.0)	(9, 0.0)	(10, 0.0)	(15, 0.0)	(20, 0.0)	(25, 0.0)	(30, 0.0)	(35, 0.0)	(40, 0.0)	(45, 0.0)	(50, 0.0)	(55, 0.0)	(60, 0.0)	(65, 0.0)	(70, 0.0)	(75, 0.0)	(80, 0.0)	(85, 0.0)	(90, 0.0)	(95, 0.0)	(100, 0.0)	(105, 0.0)	(110, 0.0)	(115, 0.0)	(120, 0.0)	(125, 11.428571428571429)	(130, 14.285714285714286)	(135, 14.285714285714286)	(140, 25.714285714285715)	(145, 31.428571428571427)	(150, 42.857142857142854)	(155, 42.857142857142854)	(160, 54.28571428571429)	(165, 57.142857142857146)	(170, 57.142857142857146)	(175, 68.57142857142858)	(180, 71.42857142857143)	(185, 80.0)	(190, 100.0)	(195, 100.0)	(200, 100.0)	(205, 100.0)	(210, 100.0)	(215, 100.0)	(220, 100.0)	(225, 100.0)	(230, 100.0)	(235, 100.0)	
SRR8438118 - polya	(1, 0.0)	(2, 0.0)	(3, 0.0)	(4, 0.0)	(5, 0.0)	(6, 0.0)	(7, 0.0)	(8, 0.0)	(9, 0.0)	(10, 0.0)	(15, 0.0)	(20, 0.0)	(25, 0.0)	(30, 0.0)	(35, 0.0)	(40, 0.0)	(45, 0.0)	(50, 0.0)	(55, 0.0)	(60, 0.0)	(65, 0.0)	(70, 0.0)	(75, 0.0)	(80, 0.0)	(85, 0.0)	(90, 0.0)	(95, 0.0)	(100, 0.0)	(105, 0.0)	(110, 0.0)	(115, 0.0)	(120, 0.0)	(125, 0.0)	(130, 0.0)	(135, 0.0)	(140, 0.0)	(145, 0.0)	(150, 0.0)	(155, 0.0)	(160, 0.0)	(165, 0.0)	(170, 0.0)	(175, 0.0)	(180, 0.0)	(185, 0.0)	(190, 0.0)	(195, 0.0)	(200, 0.0)	(205, 0.0)	(210, 14.285714285714286)	(215, 14.285714285714286)	(220, 14.285714285714286)	(225, 14.285714285714286)	(230, 14.285714285714286)	(235, 22.857142857142858)	
SRR8438118_1 - polya	(1, 0.0)	(2, 0.0)	(3, 0.0)	(4, 0.0)	(5, 0.0)	(6, 0.0)	(7, 0.0)	(8, 0.0)	(9, 0.0)	(10, 0.0)	(15, 0.0)	(20, 0.0)	(25, 0.0)	(30, 0.0)	(35, 0.0)	(40, 0.0)	(45, 0.0)	(50, 0.0)	(55, 0.0)	(60, 0.0)	(65, 0.07589888724512768)	(70, 1.0137003923586545)	(75, 1.5630025085225445)	(80, 1.572007461246543)	(85, 1.582298835788255)	(90, 1.582298835788255)	(95, 1.6170322248665339)	(100, 1.6556248793979544)	(105, 1.6993632212002314)	(110, 1.7431015630025086)	(115, 1.7431015630025086)	(120, 1.7495336720910786)	(125, 1.7495336720910786)	(130, 1.7546793593619348)	(135, 2.0042451919984563)	(140, 2.167620762848138)	(145, 2.167620762848138)	(150, 2.167620762848138)	(155, 2.167620762848138)	(160, 2.167620762848138)	(165, 2.167620762848138)	(170, 2.167620762848138)	(175, 2.167620762848138)	(180, 2.167620762848138)	(185, 2.167620762848138)	(190, 2.167620762848138)	(195, 2.167620762848138)	(200, 2.167620762848138)	(205, 2.167620762848138)	(210, 2.167620762848138)	(215, 2.167620762848138)	(220, 2.167620762848138)	(225, 2.167620762848138)	(230, 2.221650479192127)	(235, 3.415449926030745)	(240, 3.4218820351193155)
SRR8438118_2 - polya	(1, 0.0)	(2, 0.0)	(3, 0.0)	(4, 0.0)	(5, 0.0)	(6, 0.0)	(7, 0.0)	(8, 0.0)	(9, 0.0)	(10, 0.0)	(15, 0.0)	(20, 0.0)	(25, 0.0)	(30, 0.0)	(35, 0.0)	(40, 0.0)	(45, 0.0)	(50, 0.0)	(55, 0.0012864218177140283)	(60, 0.10420016723483631)	(65, 0.15308419630796938)	(70, 0.15437061812568342)	(75, 0.15437061812568342)	(80, 0.15437061812568342)	(85, 0.15437061812568342)	(90, 0.15437061812568342)	(95, 0.1672348363028237)	(100, 0.16980767993825174)	(105, 0.18781758538624813)	(110, 0.20196822538110246)	(115, 0.2058274908342445)	(120, 0.2058274908342445)	(125, 0.23284234900623915)	(130, 0.34090178169421753)	(135, 0.34090178169421753)	(140, 0.3421882035119316)	(145, 0.3473338907827877)	(150, 0.3473338907827877)	(155, 0.3473338907827877)	(160, 0.3473338907827877)	(165, 0.3473338907827877)	(170, 0.3473338907827877)	(175, 0.3473338907827877)	(180, 0.3473338907827877)	(185, 0.3473338907827877)	(190, 0.3473338907827877)	(195, 0.3473338907827877)	(200, 0.3473338907827877)	(205, 0.3473338907827877)	(210, 0.3473338907827877)	(215, 0.3473338907827877)	(220, 0.3473338907827877)	(225, 0.5004180870907571)	(230, 0.585321927059883)	(235, 0.585321927059883)	(240, 0.585321927059883)
SRR8438119 - illumina_universal_adapter	(1, 0.0)	(2, 0.0)	(3, 0.0)	(4, 0.0)	(5, 0.0)	(6, 0.0)	(7, 0.0)	(8, 0.0)	(9, 0.0)	(10, 0.0)	(15, 0.0)	(20, 0.0)	(25, 0.0)	(30, 0.0)	(35, 0.0)	(40, 0.0)	(45, 0.0)	(50, 0.0)	(55, 0.0)	(60, 0.0)	(65, 0.0)	(70, 0.0)	(75, 0.0)	(80, 0.0)	(85, 0.0)	(90, 0.0)	(95, 0.0)	(100, 0.0)	(105, 0.0)	(110, 0.0)	(115, 0.0)	(120, 0.0)	(125, 1.6666666666666667)	(130, 8.333333333333334)	(135, 8.333333333333334)	(140, 21.666666666666668)	(145, 38.33333333333333)	(150, 41.666666666666664)	(155, 45.0)	(160, 56.66666666666667)	(165, 58.333333333333336)	(170, 65.00000000000001)	(175, 81.66666666666666)	(180, 85.0)	(185, 100.0)	(190, 100.0)	(195, 100.0)	(200, 100.0)	(205, 100.0)	(210, 100.0)	(215, 100.0)	(220, 100.0)	(225, 100.0)	(230, 100.0)	(235, 100.0)	(240, 100.0)
SRR8438119 - polya	(1, 0.0)	(2, 0.0)	(3, 0.0)	(4, 0.0)	(5, 0.0)	(6, 0.0)	(7, 0.0)	(8, 0.0)	(9, 0.0)	(10, 0.0)	(15, 0.0)	(20, 0.0)	(25, 0.0)	(30, 0.0)	(35, 0.0)	(40, 0.0)	(45, 0.0)	(50, 0.0)	(55, 0.0)	(60, 0.0)	(65, 0.0)	(70, 0.0)	(75, 0.0)	(80, 0.0)	(85, 0.0)	(90, 0.0)	(95, 0.0)	(100, 0.0)	(105, 0.0)	(110, 0.0)	(115, 0.0)	(120, 0.0)	(125, 0.0)	(130, 0.0)	(135, 0.0)	(140, 0.0)	(145, 0.0)	(150, 0.0)	(155, 0.0)	(160, 0.0)	(165, 0.0)	(170, 0.0)	(175, 0.0)	(180, 0.0)	(185, 0.0)	(190, 0.0)	(195, 0.0)	(200, 0.0)	(205, 11.666666666666668)	(210, 16.666666666666668)	(215, 18.333333333333336)	(220, 28.333333333333336)	(225, 33.333333333333336)	(230, 33.333333333333336)	(235, 36.666666666666664)	(240, 41.666666666666664)
SRR8438120 - illumina_universal_adapter	(1, 0.0)	(2, 0.0)	(3, 0.0)	(4, 0.0)	(5, 0.0)	(6, 0.0)	(7, 0.0)	(8, 0.0)	(9, 0.0)	(10, 0.0)	(15, 0.0)	(20, 0.0)	(25, 0.0)	(30, 0.0)	(35, 0.0)	(40, 0.0)	(45, 0.0)	(50, 0.0)	(55, 0.0)	(60, 0.0)	(65, 0.0)	(70, 0.0)	(75, 0.0)	(80, 2.0)	(85, 10.0)	(90, 10.0)	(95, 10.0)	(100, 10.0)	(105, 10.0)	(110, 10.0)	(115, 10.0)	(120, 10.0)	(125, 12.0)	(130, 20.0)	(135, 20.0)	(140, 20.0)	(145, 22.0)	(150, 38.0)	(155, 44.0)	(160, 60.0)	(165, 60.0)	(170, 76.0)	(175, 80.0)	(180, 80.0)	(185, 80.0)	(190, 80.0)	(195, 80.0)	(200, 80.0)	(205, 80.0)	(210, 80.0)	(215, 80.0)	(220, 80.0)	(225, 80.0)	(230, 80.0)	(235, 80.0)	(240, 80.0)
SRR8438120 - polya	(1, 0.0)	(2, 0.0)	(3, 0.0)	(4, 0.0)	(5, 0.0)	(6, 0.0)	(7, 0.0)	(8, 0.0)	(9, 0.0)	(10, 0.0)	(15, 0.0)	(20, 0.0)	(25, 0.0)	(30, 0.0)	(35, 0.0)	(40, 0.0)	(45, 0.0)	(50, 0.0)	(55, 0.0)	(60, 0.0)	(65, 0.0)	(70, 0.0)	(75, 0.0)	(80, 0.0)	(85, 0.0)	(90, 0.0)	(95, 0.0)	(100, 0.0)	(105, 0.0)	(110, 0.0)	(115, 0.0)	(120, 0.0)	(125, 0.0)	(130, 0.0)	(135, 0.0)	(140, 0.0)	(145, 0.0)	(150, 6.0)	(155, 10.0)	(160, 10.0)	(165, 10.0)	(170, 10.0)	(175, 10.0)	(180, 10.0)	(185, 10.0)	(190, 10.0)	(195, 10.0)	(200, 10.0)	(205, 10.0)	(210, 26.0)	(215, 30.0)	(220, 30.0)	(225, 30.0)	(230, 42.0)	(235, 50.0)	(240, 50.0)
SRR8438121 - illumina_universal_adapter	(1, 0.0)	(2, 0.0)	(3, 0.0)	(4, 0.0)	(5, 0.0)	(6, 0.0)	(7, 0.0)	(8, 0.0)	(9, 0.0)	(10, 0.0)	(15, 0.0)	(20, 0.0)	(25, 0.0)	(30, 0.0)	(35, 0.0)	(40, 0.0)	(45, 0.0)	(50, 0.0)	(55, 2.105263157894737)	(60, 2.6315789473684212)	(65, 2.6315789473684212)	(70, 4.210526315789474)	(75, 5.2631578947368425)	(80, 6.842105263157895)	(85, 7.894736842105263)	(90, 7.894736842105263)	(95, 7.894736842105263)	(100, 7.894736842105263)	(105, 11.052631578947366)	(110, 13.157894736842104)	(115, 13.157894736842104)	(120, 14.736842105263156)	(125, 18.42105263157895)	(130, 18.42105263157895)	(135, 22.10526315789474)	(140, 23.68421052631579)	(145, 26.842105263157897)	(150, 30.52631578947368)	(155, 38.421052631578945)	(160, 43.68421052631579)	(165, 49.473684210526315)	(170, 60.0)	(175, 68.42105263157896)	(180, 77.36842105263159)	(185, 87.36842105263158)	(190, 92.10526315789474)	(195, 92.10526315789474)	(200, 92.10526315789474)	(205, 92.10526315789474)	(210, 92.10526315789474)	(215, 92.10526315789474)	(220, 92.10526315789474)	(225, 92.10526315789474)	(230, 92.10526315789474)	(235, 92.10526315789474)	(240, 92.10526315789474)
SRR8438121 - polya	(1, 0.0)	(2, 0.0)	(3, 0.0)	(4, 0.0)	(5, 0.0)	(6, 0.0)	(7, 0.0)	(8, 0.0)	(9, 0.0)	(10, 0.0)	(15, 0.0)	(20, 0.0)	(25, 0.0)	(30, 0.0)	(35, 0.0)	(40, 0.0)	(45, 0.0)	(50, 0.0)	(55, 0.0)	(60, 0.0)	(65, 0.0)	(70, 0.0)	(75, 0.0)	(80, 0.0)	(85, 0.0)	(90, 0.0)	(95, 0.0)	(100, 0.0)	(105, 0.0)	(110, 0.0)	(115, 1.5789473684210527)	(120, 2.6315789473684212)	(125, 2.6315789473684212)	(130, 3.68421052631579)	(135, 5.2631578947368425)	(140, 5.2631578947368425)	(145, 5.2631578947368425)	(150, 5.2631578947368425)	(155, 5.2631578947368425)	(160, 5.2631578947368425)	(165, 7.36842105263158)	(170, 10.526315789473685)	(175, 10.526315789473685)	(180, 10.526315789473685)	(185, 12.63157894736842)	(190, 13.157894736842104)	(195, 13.157894736842104)	(200, 13.68421052631579)	(205, 15.789473684210526)	(210, 15.789473684210526)	(215, 17.894736842105264)	(220, 20.526315789473685)	(225, 22.63157894736842)	(230, 26.31578947368421)	(235, 27.89473684210526)	(240, 31.57894736842105)
SRR8438122 - illumina_universal_adapter	(1, 0.0)	(2, 0.0)	(3, 0.0)	(4, 0.0)	(5, 0.0)	(6, 0.0)	(7, 0.0)	(8, 0.0)	(9, 0.0)	(10, 0.0)	(15, 0.0)	(20, 0.0)	(25, 0.0)	(30, 0.0)	(35, 0.0)	(40, 0.0)	(45, 0.0)	(50, 0.0)	(55, 0.0)	(60, 0.0)	(65, 0.0)	(70, 0.0)	(75, 0.0)	(80, 0.0)	(85, 0.0)	(90, 0.0)	(95, 0.0)	(100, 0.0)	(105, 5.714285714285714)	(110, 17.142857142857146)	(115, 24.285714285714285)	(120, 30.0)	(125, 44.285714285714285)	(130, 50.0)	(135, 57.142857142857146)	(140, 57.142857142857146)	(145, 62.857142857142854)	(150, 67.14285714285715)	(155, 74.28571428571428)	(160, 78.57142857142857)	(165, 78.57142857142857)	(170, 98.57142857142858)	(175, 100.0)	(180, 100.0)	(185, 100.0)	(190, 100.0)	(195, 100.0)	(200, 100.0)	(205, 100.0)	(210, 100.0)	(215, 100.0)	(220, 100.0)	(225, 100.0)	(230, 100.0)	(235, 100.0)	(240, 100.0)
SRR8438122 - polya	(1, 0.0)	(2, 0.0)	(3, 0.0)	(4, 0.0)	(5, 0.0)	(6, 0.0)	(7, 0.0)	(8, 0.0)	(9, 0.0)	(10, 0.0)	(15, 0.0)	(20, 0.0)	(25, 0.0)	(30, 0.0)	(35, 0.0)	(40, 0.0)	(45, 0.0)	(50, 0.0)	(55, 0.0)	(60, 0.0)	(65, 0.0)	(70, 0.0)	(75, 0.0)	(80, 0.0)	(85, 0.0)	(90, 0.0)	(95, 0.0)	(100, 0.0)	(105, 0.0)	(110, 0.0)	(115, 0.0)	(120, 0.0)	(125, 0.0)	(130, 0.0)	(135, 0.0)	(140, 0.0)	(145, 0.0)	(150, 0.0)	(155, 0.0)	(160, 0.0)	(165, 4.2857142857142865)	(170, 12.857142857142858)	(175, 14.285714285714286)	(180, 14.285714285714286)	(185, 27.142857142857146)	(190, 35.714285714285715)	(195, 35.714285714285715)	(200, 35.714285714285715)	(205, 35.714285714285715)	(210, 35.714285714285715)	(215, 35.714285714285715)	(220, 35.714285714285715)	(225, 35.714285714285715)	(230, 47.142857142857146)	(235, 50.0)	(240, 50.0)
SRR8438122_1 - illumina_small_rna_3'_adapter	(1, 0.0)	(2, 0.0)	(3, 0.0)	(4, 0.0)	(5, 0.0)	(6, 0.0)	(7, 0.0)	(8, 0.0)	(9, 0.0)	(10, 0.0)	(15, 0.0)	(20, 0.0)	(25, 0.0)	(30, 0.0)	(35, 0.0)	(40, 0.0)	(45, 0.0)	(50, 0.0)	(55, 0.0)	(60, 0.0)	(65, 0.0)	(70, 0.0)	(75, 0.0)	(80, 0.0)	(85, 0.0)	(90, 0.0)	(95, 0.0)	(100, 0.0)	(105, 0.0)	(110, 0.0)	(115, 0.0)	(120, 0.0)	(125, 0.0)	(130, 0.0)	(135, 0.03352395977124827)	(140, 0.36974955630053247)	(145, 0.36974955630053247)	(150, 0.36974955630053247)	(155, 0.36974955630053247)	(160, 0.36974955630053247)	(165, 0.36974955630053247)	(170, 0.36974955630053247)	(175, 0.36974955630053247)	(180, 0.36974955630053247)	(185, 0.36974955630053247)	(190, 0.36974955630053247)	(195, 0.36974955630053247)	(200, 0.36974955630053247)	(205, 0.36974955630053247)	(210, 0.36974955630053247)	(215, 0.36974955630053247)	(220, 0.36974955630053247)	(225, 0.36974955630053247)	(230, 0.36974955630053247)	(235, 0.36974955630053247)	(240, 0.36974955630053247)
SRR8438122_1 - polya	(1, 0.0)	(2, 0.0)	(3, 0.0)	(4, 0.0)	(5, 0.0)	(6, 0.0)	(7, 0.0)	(8, 0.0)	(9, 0.0)	(10, 0.0)	(15, 0.0)	(20, 0.0)	(25, 0.0)	(30, 0.0)	(35, 0.0)	(40, 0.0)	(45, 0.0)	(50, 0.0)	(55, 0.0)	(60, 0.002957996450404259)	(65, 0.11338986393216326)	(70, 0.13113784263458883)	(75, 0.13803983435219877)	(80, 0.14592782488661013)	(85, 0.18931177282587258)	(90, 0.20212975744429107)	(95, 0.21691973969631237)	(100, 0.22875172549792938)	(105, 0.23663971603234074)	(110, 0.23663971603234074)	(115, 0.24847170183395778)	(120, 0.25142969828436207)	(125, 0.25142969828436207)	(130, 0.25142969828436207)	(135, 0.25142969828436207)	(140, 0.25142969828436207)	(145, 0.25142969828436207)	(150, 0.25142969828436207)	(155, 0.25142969828436207)	(160, 0.25142969828436207)	(165, 0.25142969828436207)	(170, 0.25142969828436207)	(175, 0.25142969828436207)	(180, 0.25142969828436207)	(185, 0.25142969828436207)	(190, 0.25142969828436207)	(195, 0.25142969828436207)	(200, 0.25142969828436207)	(205, 0.25142969828436207)	(210, 0.25142969828436207)	(215, 0.25142969828436207)	(220, 0.25142969828436207)	(225, 0.2563596923683692)	(230, 0.27114967462039047)	(235, 0.27114967462039047)	(240, 0.27114967462039047)
SRR8438122_2 - polya	(1, 0.0)	(2, 0.0)	(3, 0.0)	(4, 0.0)	(5, 0.0)	(6, 0.0)	(7, 0.0)	(8, 0.0)	(9, 0.0)	(10, 0.0)	(15, 0.0)	(20, 0.0)	(25, 0.0)	(30, 0.0)	(35, 0.0)	(40, 0.0)	(45, 0.0)	(50, 0.0)	(55, 0.0)	(60, 0.016761979885624136)	(65, 0.04436994675606389)	(70, 0.04436994675606389)	(75, 0.04436994675606389)	(80, 0.04732794320646815)	(85, 0.06704791954249655)	(90, 0.06901991717609939)	(95, 0.0700059159929008)	(100, 0.11338986393216328)	(105, 0.1252218497337803)	(110, 0.12817984618418457)	(115, 0.12817984618418457)	(120, 0.129165845000986)	(125, 0.13310984026819167)	(130, 0.13310984026819167)	(135, 0.13310984026819167)	(140, 0.13310984026819167)	(145, 0.13310984026819167)	(150, 0.13310984026819167)	(155, 0.13310984026819167)	(160, 0.13310984026819167)	(165, 0.13310984026819167)	(170, 0.13310984026819167)	(175, 0.13310984026819167)	(180, 0.13310984026819167)	(185, 0.13310984026819167)	(190, 0.13310984026819167)	(195, 0.13310984026819167)	(200, 0.13310984026819167)	(205, 0.13310984026819167)	(210, 0.13310984026819167)	(215, 0.13310984026819167)	(220, 0.13310984026819167)	(225, 0.13310984026819167)	(230, 0.13310984026819167)	(235, 0.13310984026819167)	(240, 0.13310984026819167)
SRR8438123 - illumina_universal_adapter	(1, 0.0)	(2, 0.0)	(3, 0.0)	(4, 0.0)	(5, 0.0)	(6, 0.0)	(7, 0.0)	(8, 0.0)	(9, 0.0)	(10, 0.0)	(15, 0.0)	(20, 0.0)	(25, 0.0)	(30, 0.0)	(35, 0.0)	(40, 0.0)	(45, 0.0)	(50, 0.0)	(55, 0.0)	(60, 0.0)	(65, 0.0)	(70, 0.0)	(75, 0.0)	(80, 0.0)	(85, 0.0)	(90, 5.909090909090909)	(95, 6.818181818181818)	(100, 6.818181818181818)	(105, 7.727272727272728)	(110, 9.090909090909092)	(115, 10.90909090909091)	(120, 14.545454545454543)	(125, 15.90909090909091)	(130, 18.636363636363637)	(135, 24.090909090909093)	(140, 31.363636363636363)	(145, 40.90909090909091)	(150, 52.72727272727273)	(155, 58.63636363636364)	(160, 63.18181818181817)	(165, 67.27272727272727)	(170, 73.63636363636364)	(175, 77.72727272727272)	(180, 83.63636363636364)	(185, 97.72727272727273)	(190, 100.0)	(195, 100.0)	(200, 100.0)	(205, 100.0)	(210, 100.0)	(215, 100.0)	(220, 100.0)	(225, 100.0)	(230, 100.0)	(235, 100.0)	(240, 100.0)
SRR8438123 - polya	(1, 0.0)	(2, 0.0)	(3, 0.0)	(4, 0.0)	(5, 0.0)	(6, 0.0)	(7, 0.0)	(8, 0.0)	(9, 0.0)	(10, 0.0)	(15, 0.0)	(20, 0.0)	(25, 0.0)	(30, 0.0)	(35, 0.0)	(40, 0.0)	(45, 0.0)	(50, 0.0)	(55, 0.0)	(60, 0.0)	(65, 0.0)	(70, 0.0)	(75, 0.0)	(80, 0.0)	(85, 0.0)	(90, 0.0)	(95, 0.0)	(100, 0.0)	(105, 0.0)	(110, 0.0)	(115, 0.0)	(120, 0.0)	(125, 0.0)	(130, 0.0)	(135, 0.0)	(140, 0.0)	(145, 0.0)	(150, 3.6363636363636367)	(155, 4.545454545454546)	(160, 4.545454545454546)	(165, 4.545454545454546)	(170, 4.545454545454546)	(175, 4.545454545454546)	(180, 4.545454545454546)	(185, 4.545454545454546)	(190, 5.0)	(195, 6.818181818181818)	(200, 7.727272727272728)	(205, 10.90909090909091)	(210, 13.181818181818183)	(215, 14.545454545454543)	(220, 15.90909090909091)	(225, 15.90909090909091)	(230, 20.454545454545457)	(235, 22.727272727272727)	(240, 22.727272727272727)
SRR8438124 - illumina_universal_adapter	(1, 0.0)	(2, 0.0)	(3, 0.0)	(4, 0.0)	(5, 0.0)	(6, 0.0)	(7, 0.0)	(8, 0.0)	(9, 0.0)	(10, 0.0)	(15, 0.0)	(20, 0.0)	(25, 0.0)	(30, 0.0)	(35, 0.0)	(40, 0.0)	(45, 0.0)	(50, 0.0)	(55, 0.0)	(60, 4.444444444444445)	(65, 5.555555555555555)	(70, 5.555555555555555)	(75, 5.555555555555555)	(80, 5.555555555555555)	(85, 5.555555555555555)	(90, 5.555555555555555)	(95, 5.555555555555555)	(100, 5.555555555555555)	(105, 8.88888888888889)	(110, 11.11111111111111)	(115, 15.555555555555557)	(120, 24.44444444444444)	(125, 27.77777777777778)	(130, 32.22222222222222)	(135, 42.222222222222214)	(140, 48.88888888888889)	(145, 50.0)	(150, 53.33333333333333)	(155, 55.55555555555556)	(160, 55.55555555555556)	(165, 58.88888888888889)	(170, 66.66666666666667)	(175, 73.33333333333334)	(180, 85.55555555555556)	(185, 94.44444444444444)	(190, 94.44444444444444)	(195, 94.44444444444444)	(200, 94.44444444444444)	(205, 94.44444444444444)	(210, 94.44444444444444)	(215, 94.44444444444444)	(220, 94.44444444444444)	(225, 94.44444444444444)	(230, 94.44444444444444)	(235, 94.44444444444444)	(240, 94.44444444444444)
SRR8438124 - polya	(1, 0.0)	(2, 0.0)	(3, 0.0)	(4, 0.0)	(5, 0.0)	(6, 0.0)	(7, 0.0)	(8, 0.0)	(9, 0.0)	(10, 0.0)	(15, 0.0)	(20, 0.0)	(25, 0.0)	(30, 0.0)	(35, 0.0)	(40, 0.0)	(45, 0.0)	(50, 0.0)	(55, 0.0)	(60, 0.0)	(65, 0.0)	(70, 0.0)	(75, 0.0)	(80, 0.0)	(85, 0.0)	(90, 0.0)	(95, 0.0)	(100, 0.0)	(105, 0.0)	(110, 0.0)	(115, 0.0)	(120, 0.0)	(125, 0.0)	(130, 0.0)	(135, 0.0)	(140, 0.0)	(145, 0.0)	(150, 0.0)	(155, 0.0)	(160, 0.0)	(165, 2.2222222222222223)	(170, 5.555555555555555)	(175, 5.555555555555555)	(180, 5.555555555555555)	(185, 5.555555555555555)	(190, 5.555555555555555)	(195, 5.555555555555555)	(200, 8.88888888888889)	(205, 11.11111111111111)	(210, 11.11111111111111)	(215, 11.11111111111111)	(220, 11.11111111111111)	(225, 11.11111111111111)	(230, 16.666666666666668)	(235, 16.666666666666668)	(240, 16.666666666666668)
SRR8438124_1 - polya	(1, 0.0)	(2, 0.0)	(3, 0.0)	(4, 0.0)	(5, 0.0)	(6, 0.0)	(7, 0.0)	(8, 0.0)	(9, 0.0)	(10, 0.0)	(15, 0.0)	(20, 0.0)	(25, 0.0)	(30, 0.0)	(35, 0.0)	(40, 0.0)	(45, 0.0)	(50, 0.0)	(55, 0.0)	(60, 0.0)	(65, 0.0024876137565040734)	(70, 0.01077965961151765)	(75, 0.023839631833164038)	(80, 0.044777047617073316)	(85, 0.054520201496714285)	(90, 0.35821638093658653)	(95, 0.5507991459192769)	(100, 0.5541159642612824)	(105, 0.5607496009452932)	(110, 0.5638591181409233)	(115, 0.5638591181409233)	(120, 0.5659321296046768)	(125, 0.5659321296046768)	(130, 0.5694562490930574)	(135, 0.5727730674350628)	(140, 0.5742241754596903)	(145, 0.5750533800451917)	(150, 0.575882584630693)	(155, 0.5769190903625698)	(160, 0.5798213064118245)	(165, 0.5804432098509504)	(170, 0.5804432098509504)	(175, 0.5804432098509504)	(180, 0.5804432098509504)	(185, 0.5804432098509504)	(190, 0.5806505109973258)	(195, 0.5814797155828272)	(200, 0.5825162213147038)	(205, 0.5825162213147038)	(210, 0.5825162213147038)	(215, 0.5825162213147038)	(220, 0.5825162213147038)	(225, 0.5825162213147038)	(230, 0.5841746304857065)	(235, 0.6063558531478679)	(240, 0.6063558531478679)
SRR8438125 - illumina_universal_adapter	(1, 0.0)	(2, 0.0)	(3, 0.0)	(4, 0.0)	(5, 0.0)	(6, 0.0)	(7, 0.0)	(8, 0.0)	(9, 0.0)	(10, 0.0)	(15, 0.0)	(20, 0.0)	(25, 0.0)	(30, 0.0)	(35, 0.0)	(40, 0.8571428571428571)	(45, 1.4285714285714286)	(50, 2.2857142857142856)	(55, 2.857142857142857)	(60, 2.857142857142857)	(65, 3.999999999999999)	(70, 4.285714285714286)	(75, 4.285714285714286)	(80, 4.285714285714286)	(85, 6.0)	(90, 8.285714285714285)	(95, 8.571428571428571)	(100, 12.285714285714286)	(105, 15.142857142857142)	(110, 19.428571428571427)	(115, 22.000000000000004)	(120, 26.571428571428573)	(125, 28.571428571428573)	(130, 31.14285714285714)	(135, 36.0)	(140, 38.857142857142854)	(145, 43.71428571428571)	(150, 48.857142857142854)	(155, 52.857142857142854)	(160, 58.28571428571429)	(165, 64.0)	(170, 73.14285714285715)	(175, 81.71428571428571)	(180, 91.71428571428571)	(185, 97.14285714285714)	(190, 98.57142857142857)	(195, 98.57142857142857)	(200, 98.57142857142857)	(205, 98.57142857142857)	(210, 98.57142857142857)	(215, 98.57142857142857)	(220, 98.57142857142857)	(225, 98.57142857142857)	(230, 98.57142857142857)	(235, 98.57142857142857)	(240, 98.57142857142857)
SRR8438125 - polya	(1, 0.0)	(2, 0.0)	(3, 0.0)	(4, 0.0)	(5, 0.0)	(6, 0.0)	(7, 0.0)	(8, 0.0)	(9, 0.0)	(10, 0.0)	(15, 0.0)	(20, 0.0)	(25, 0.0)	(30, 0.0)	(35, 0.0)	(40, 0.0)	(45, 0.0)	(50, 0.0)	(55, 0.0)	(60, 0.0)	(65, 0.0)	(70, 0.0)	(75, 0.0)	(80, 0.0)	(85, 0.0)	(90, 0.0)	(95, 0.0)	(100, 0.0)	(105, 0.0)	(110, 0.0)	(115, 0.0)	(120, 0.0)	(125, 0.0)	(130, 0.0)	(135, 0.0)	(140, 0.8571428571428571)	(145, 1.4285714285714286)	(150, 1.4285714285714286)	(155, 1.4285714285714286)	(160, 3.4285714285714284)	(165, 5.142857142857143)	(170, 7.428571428571428)	(175, 8.571428571428571)	(180, 9.714285714285714)	(185, 10.0)	(190, 10.0)	(195, 11.714285714285714)	(200, 12.857142857142858)	(205, 14.0)	(210, 15.714285714285714)	(215, 16.0)	(220, 17.142857142857142)	(225, 18.571428571428573)	(230, 19.142857142857146)	(235, 20.0)	(240, 20.0)
SRR8438126 - illumina_universal_adapter	(1, 0.0)	(2, 0.0)	(3, 0.0)	(4, 0.0)	(5, 0.0)	(6, 0.0)	(7, 0.0)	(8, 0.0)	(9, 0.0)	(10, 0.0)	(15, 0.0)	(20, 0.0)	(25, 0.0)	(30, 0.0)	(35, 0.0)	(40, 0.0)	(45, 0.0)	(50, 2.0)	(55, 5.0)	(60, 5.0)	(65, 5.0)	(70, 5.0)	(75, 5.0)	(80, 5.0)	(85, 5.0)	(90, 5.0)	(95, 5.0)	(100, 6.0)	(105, 10.0)	(110, 10.0)	(115, 10.0)	(120, 13.0)	(125, 15.0)	(130, 16.0)	(135, 23.0)	(140, 29.0)	(145, 30.0)	(150, 38.0)	(155, 47.0)	(160, 55.0)	(165, 59.0)	(170, 65.0)	(175, 67.0)	(180, 84.0)	(185, 95.0)	(190, 95.0)	(195, 95.0)	(200, 95.0)	(205, 95.0)	(210, 95.0)	(215, 95.0)	(220, 95.0)	(225, 95.0)	(230, 95.0)	(235, 95.0)	(240, 95.0)
SRR8438126 - polya	(1, 0.0)	(2, 0.0)	(3, 0.0)	(4, 0.0)	(5, 0.0)	(6, 0.0)	(7, 0.0)	(8, 0.0)	(9, 0.0)	(10, 0.0)	(15, 0.0)	(20, 0.0)	(25, 0.0)	(30, 0.0)	(35, 0.0)	(40, 0.0)	(45, 0.0)	(50, 0.0)	(55, 0.0)	(60, 0.0)	(65, 0.0)	(70, 0.0)	(75, 0.0)	(80, 0.0)	(85, 0.0)	(90, 0.0)	(95, 0.0)	(100, 0.0)	(105, 0.0)	(110, 1.0)	(115, 5.0)	(120, 5.0)	(125, 5.0)	(130, 5.0)	(135, 5.0)	(140, 5.0)	(145, 5.0)	(150, 5.0)	(155, 5.0)	(160, 5.0)	(165, 5.0)	(170, 5.0)	(175, 5.0)	(180, 5.0)	(185, 5.0)	(190, 5.0)	(195, 7.0)	(200, 13.0)	(205, 15.0)	(210, 15.0)	(215, 20.0)	(220, 20.0)	(225, 20.0)	(230, 20.0)	(235, 20.0)	(240, 20.0)
SRR8438127 - illumina_universal_adapter	(1, 0.0)	(2, 0.0)	(3, 0.0)	(4, 0.0)	(5, 0.0)	(6, 0.0)	(7, 0.0)	(8, 0.0)	(9, 0.0)	(10, 0.0)	(15, 0.0)	(20, 0.0)	(25, 0.0)	(30, 0.0)	(35, 0.0)	(40, 0.0)	(45, 0.0)	(50, 0.0)	(55, 0.0)	(60, 0.0)	(65, 0.0)	(70, 0.0)	(75, 0.0)	(80, 0.0)	(85, 0.0)	(90, 2.5)	(95, 12.5)	(100, 12.5)	(105, 20.0)	(110, 31.25)	(115, 31.25)	(120, 31.25)	(125, 31.25)	(130, 35.0)	(135, 37.5)	(140, 43.75)	(145, 43.75)	(150, 50.0)	(155, 50.0)	(160, 51.25)	(165, 76.25)	(170, 81.25)	(175, 87.5)	(180, 87.5)	(185, 90.0)	(190, 100.0)	(195, 100.0)	(200, 100.0)	(205, 100.0)	(210, 100.0)	(215, 100.0)	(220, 100.0)	(225, 100.0)	(230, 100.0)	(235, 100.0)	(240, 100.0)
SRR8438127 - polya	(1, 0.0)	(2, 0.0)	(3, 0.0)	(4, 0.0)	(5, 0.0)	(6, 0.0)	(7, 0.0)	(8, 0.0)	(9, 0.0)	(10, 0.0)	(15, 0.0)	(20, 0.0)	(25, 0.0)	(30, 0.0)	(35, 0.0)	(40, 0.0)	(45, 0.0)	(50, 0.0)	(55, 0.0)	(60, 0.0)	(65, 0.0)	(70, 0.0)	(75, 0.0)	(80, 0.0)	(85, 0.0)	(90, 0.0)	(95, 0.0)	(100, 0.0)	(105, 0.0)	(110, 0.0)	(115, 0.0)	(120, 0.0)	(125, 0.0)	(130, 0.0)	(135, 0.0)	(140, 0.0)	(145, 0.0)	(150, 0.0)	(155, 0.0)	(160, 0.0)	(165, 3.75)	(170, 18.75)	(175, 18.75)	(180, 18.75)	(185, 18.75)	(190, 18.75)	(195, 18.75)	(200, 18.75)	(205, 18.75)	(210, 18.75)	(215, 18.75)	(220, 18.75)	(225, 23.75)	(230, 25.0)	(235, 25.0)	(240, 25.0)
SRR8438128_1 - polya	(1, 0.0)	(2, 0.0)	(3, 0.0)	(4, 0.0)	(5, 0.0)	(6, 0.0)	(7, 0.0)	(8, 0.0)	(9, 0.0)	(10, 0.0)	(15, 0.0)	(20, 0.0)	(25, 0.0)	(30, 0.0)	(35, 0.0)	(40, 0.0)	(45, 0.0)	(50, 0.0)	(55, 0.0)	(60, 0.05571030640668524)	(65, 0.7242339832869081)	(70, 0.8356545961002786)	(75, 0.8356545961002786)	(80, 0.8356545961002786)	(85, 0.8356545961002786)	(90, 0.8356545961002786)	(95, 0.8356545961002786)	(100, 0.8356545961002786)	(105, 0.8356545961002786)	(110, 0.8356545961002786)	(115, 0.8356545961002786)	(120, 0.8356545961002786)	(125, 0.8356545961002786)	(130, 0.8356545961002786)	(135, 0.8356545961002786)	(140, 0.8356545961002786)	(145, 0.8356545961002786)	(150, 0.8356545961002786)	(155, 0.8356545961002786)	(160, 0.8356545961002786)	(165, 0.8356545961002786)	(170, 0.8356545961002786)	(175, 0.8356545961002786)	(180, 0.8356545961002786)	(185, 0.8356545961002786)	(190, 0.8356545961002786)	(195, 0.8356545961002786)	(200, 0.8356545961002786)	(205, 0.8356545961002786)	(210, 0.8356545961002786)	(215, 0.8356545961002786)	(220, 0.8356545961002786)	(225, 0.8356545961002786)	(230, 0.8356545961002786)	(235, 0.8356545961002786)	(240, 0.8356545961002786)
SRR8438129 - illumina_universal_adapter	(1, 0.0)	(2, 0.0)	(3, 0.0)	(4, 0.0)	(5, 0.0)	(6, 0.0)	(7, 0.0)	(8, 0.0)	(9, 0.0)	(10, 0.0)	(15, 0.0)	(20, 0.0)	(25, 0.0)	(30, 0.0)	(35, 0.0)	(40, 0.0)	(45, 0.0)	(50, 0.0)	(55, 0.0)	(60, 0.0)	(65, 0.0)	(70, 0.0)	(75, 0.0)	(80, 0.0)	(85, 0.0)	(90, 0.0)	(95, 0.0)	(100, 0.0)	(105, 20.0)	(110, 33.333333333333336)	(115, 33.333333333333336)	(120, 33.333333333333336)	(125, 33.333333333333336)	(130, 33.333333333333336)	(135, 33.333333333333336)	(140, 33.333333333333336)	(145, 33.333333333333336)	(150, 33.333333333333336)	(155, 33.333333333333336)	(160, 33.333333333333336)	(165, 33.333333333333336)	(170, 33.333333333333336)	(175, 33.333333333333336)	(180, 33.333333333333336)	(185, 33.333333333333336)	(190, 33.333333333333336)	(195, 33.333333333333336)	(200, 33.333333333333336)	(205, 33.333333333333336)	(210, 33.333333333333336)	(215, 33.333333333333336)	(220, 33.333333333333336)	(225, 33.333333333333336)	(230, 33.333333333333336)	(235, 33.333333333333336)	(240, 33.333333333333336)
SRR8438129_1 - polya	(1, 0.0)	(2, 0.0)	(3, 0.0)	(4, 0.0)	(5, 0.0)	(6, 0.0)	(7, 0.0)	(8, 0.0)	(9, 0.0)	(10, 0.0)	(15, 0.0)	(20, 0.0)	(25, 0.0)	(30, 0.0)	(35, 0.0)	(40, 0.0)	(45, 0.0)	(50, 0.0)	(55, 0.0)	(60, 0.0)	(65, 0.12441952159817751)	(70, 0.6133356698501709)	(75, 1.022518181021642)	(80, 1.0873565232629459)	(85, 1.1294138263383862)	(90, 1.1653377727153245)	(95, 1.8671690177867344)	(100, 2.059931656882502)	(105, 2.108122316656444)	(110, 2.12126522386752)	(115, 2.136160518706738)	(120, 2.193989310435468)	(125, 2.978182774029615)	(130, 3.1630596687987382)	(135, 4.420397791991588)	(140, 5.265924822570753)	(145, 5.2825725050381145)	(150, 5.287829667922544)	(155, 5.3097345132743365)	(160, 5.3097345132743365)	(165, 5.317620257600982)	(170, 5.3184964514150534)	(175, 5.340401296766845)	(180, 5.3482870410934895)	(185, 5.352668010163848)	(190, 5.35354420397792)	(195, 5.35354420397792)	(200, 5.35354420397792)	(205, 5.35354420397792)	(210, 5.35354420397792)	(215, 5.35354420397792)	(220, 5.35354420397792)	(225, 5.4560588802243055)	(230, 5.801279242968545)	(235, 10.629107158503462)	(240, 10.645754840970822)
SRR8438129_2 - polya	(1, 0.0)	(2, 0.0)	(3, 0.0)	(4, 0.0)	(5, 0.0)	(6, 0.0)	(7, 0.0)	(8, 0.0)	(9, 0.0)	(10, 0.0)	(15, 0.0)	(20, 0.0)	(25, 0.0)	(30, 0.0)	(35, 0.0)	(40, 0.0)	(45, 0.0)	(50, 0.0)	(55, 0.0)	(60, 0.07885744326645054)	(65, 0.0832384123368089)	(70, 0.08849557522123894)	(75, 0.096381319547884)	(80, 0.096381319547884)	(85, 0.11390519582931746)	(90, 0.13931481643739593)	(95, 0.15859108034697275)	(100, 0.16647682467361782)	(105, 0.2015245772364847)	(110, 0.21291509681941645)	(115, 0.337334618417594)	(120, 0.5213353193726452)	(125, 0.650135810041181)	(130, 1.1714711294138263)	(135, 1.193375974765618)	(140, 1.1960045562078332)	(145, 1.1960045562078332)	(150, 1.1960045562078332)	(155, 1.2003855252781916)	(160, 1.2091474634189083)	(165, 1.2161570139314817)	(170, 1.2222903706299832)	(175, 1.23630947165513)	(180, 1.244195215981775)	(185, 1.244195215981775)	(190, 1.244195215981775)	(195, 1.244195215981775)	(200, 1.244195215981775)	(205, 1.244195215981775)	(210, 1.244195215981775)	(215, 1.249452378866205)	(220, 1.2687286427757818)	(225, 1.8443879786208712)	(230, 2.172960658897748)	(235, 2.172960658897748)	(240, 2.172960658897748)
SRR8438130 - illumina_universal_adapter	(1, 0.0)	(2, 0.0)	(3, 0.0)	(4, 0.0)	(5, 0.0)	(6, 0.0)	(7, 0.0)	(8, 0.0)	(9, 0.0)	(10, 0.0)	(15, 0.0)	(20, 0.0)	(25, 0.0)	(30, 0.0)	(35, 0.0)	(40, 0.0)	(45, 0.0)	(50, 0.0)	(55, 0.0)	(60, 0.0)	(65, 0.0)	(70, 0.0)	(75, 0.0)	(80, 0.0)	(85, 0.0)	(90, 0.0)	(95, 0.0)	(100, 1.1764705882352942)	(105, 5.882352941176471)	(110, 5.882352941176471)	(115, 12.941176470588237)	(120, 21.176470588235297)	(125, 23.529411764705884)	(130, 23.529411764705884)	(135, 23.529411764705884)	(140, 23.529411764705884)	(145, 35.294117647058826)	(150, 47.05882352941177)	(155, 48.23529411764706)	(160, 52.94117647058823)	(165, 55.29411764705882)	(170, 69.41176470588236)	(175, 89.41176470588235)	(180, 94.11764705882354)	(185, 94.11764705882354)	(190, 94.11764705882354)	(195, 94.11764705882354)	(200, 94.11764705882354)	(205, 94.11764705882354)	(210, 94.11764705882354)	(215, 94.11764705882354)	(220, 94.11764705882354)	(225, 94.11764705882354)	(230, 94.11764705882354)	(235, 94.11764705882354)	(240, 94.11764705882354)
SRR8438130 - polya	(1, 0.0)	(2, 0.0)	(3, 0.0)	(4, 0.0)	(5, 0.0)	(6, 0.0)	(7, 0.0)	(8, 0.0)	(9, 0.0)	(10, 0.0)	(15, 0.0)	(20, 0.0)	(25, 0.0)	(30, 0.0)	(35, 0.0)	(40, 0.0)	(45, 0.0)	(50, 0.0)	(55, 0.0)	(60, 0.0)	(65, 0.0)	(70, 0.0)	(75, 0.0)	(80, 0.0)	(85, 0.0)	(90, 0.0)	(95, 0.0)	(100, 0.0)	(105, 0.0)	(110, 0.0)	(115, 0.0)	(120, 0.0)	(125, 0.0)	(130, 0.0)	(135, 0.0)	(140, 0.0)	(145, 0.0)	(150, 0.0)	(155, 0.0)	(160, 0.0)	(165, 5.882352941176471)	(170, 5.882352941176471)	(175, 5.882352941176471)	(180, 5.882352941176471)	(185, 5.882352941176471)	(190, 5.882352941176471)	(195, 5.882352941176471)	(200, 5.882352941176471)	(205, 5.882352941176471)	(210, 5.882352941176471)	(215, 5.882352941176471)	(220, 5.882352941176471)	(225, 5.882352941176471)	(230, 10.588235294117649)	(235, 11.764705882352942)	(240, 11.764705882352942)
SRR8438130_1 - polya	(1, 0.0)	(2, 0.0)	(3, 0.0)	(4, 0.0)	(5, 0.0)	(6, 0.0)	(7, 0.0)	(8, 0.0)	(9, 0.0)	(10, 0.0)	(15, 0.0)	(20, 0.0)	(25, 0.0)	(30, 0.0)	(35, 0.0)	(40, 0.0)	(45, 0.0)	(50, 0.0)	(55, 0.0)	(60, 0.0)	(65, 0.0012475568678005573)	(70, 0.04719923483178775)	(75, 0.07963571339460222)	(80, 0.08296253170873706)	(85, 0.09003202062627355)	(90, 0.10666611219694766)	(95, 0.12350812991225517)	(100, 0.12433983449078886)	(105, 0.1247556867800557)	(110, 0.1247556867800557)	(115, 0.1247556867800557)	(120, 0.12641909593712314)	(125, 0.12933006196199112)	(130, 0.13827088618122843)	(135, 0.1640537281157733)	(140, 0.17881648438474654)	(145, 0.17881648438474654)	(150, 0.17881648438474654)	(155, 0.17881648438474654)	(160, 0.17881648438474654)	(165, 0.18131159812034764)	(170, 0.18297500727741506)	(175, 0.18297500727741506)	(180, 0.18297500727741506)	(185, 0.18297500727741506)	(190, 0.18297500727741506)	(195, 0.18297500727741506)	(200, 0.18297500727741506)	(205, 0.18297500727741506)	(210, 0.18297500727741506)	(215, 0.18297500727741506)	(220, 0.18297500727741506)	(225, 0.18297500727741506)	(230, 0.19856946812492202)	(235, 0.33538487129371647)	(240, 0.3378799850293176)
SRR8438131 - illumina_universal_adapter	(1, 0.0)	(2, 0.0)	(3, 0.0)	(4, 0.0)	(5, 0.0)	(6, 0.0)	(7, 0.0)	(8, 0.0)	(9, 0.0)	(10, 0.0)	(15, 0.0)	(20, 0.0)	(25, 0.0)	(30, 0.0)	(35, 0.0)	(40, 0.0)	(45, 0.0)	(50, 0.0)	(55, 0.0)	(60, 0.0)	(65, 0.0)	(70, 0.0)	(75, 0.0)	(80, 0.0)	(85, 0.0)	(90, 0.0)	(95, 0.0)	(100, 0.0)	(105, 0.0)	(110, 0.0)	(115, 0.0)	(120, 0.0)	(125, 2.2222222222222223)	(130, 11.11111111111111)	(135, 11.11111111111111)	(140, 15.555555555555554)	(145, 44.44444444444444)	(150, 62.22222222222223)	(155, 75.55555555555556)	(160, 77.77777777777777)	(165, 77.77777777777777)	(170, 88.88888888888889)	(175, 88.88888888888889)	(180, 100.0)	(185, 100.0)	(190, 100.0)	(195, 100.0)	(200, 100.0)	(205, 100.0)	(210, 100.0)	(215, 100.0)	(220, 100.0)	(225, 100.0)	(230, 100.0)	(235, 100.0)	(240, 100.0)
SRR8438131 - polya	(1, 0.0)	(2, 0.0)	(3, 0.0)	(4, 0.0)	(5, 0.0)	(6, 0.0)	(7, 0.0)	(8, 0.0)	(9, 0.0)	(10, 0.0)	(15, 0.0)	(20, 0.0)	(25, 0.0)	(30, 0.0)	(35, 0.0)	(40, 0.0)	(45, 0.0)	(50, 0.0)	(55, 0.0)	(60, 0.0)	(65, 0.0)	(70, 0.0)	(75, 0.0)	(80, 0.0)	(85, 0.0)	(90, 0.0)	(95, 0.0)	(100, 0.0)	(105, 0.0)	(110, 0.0)	(115, 0.0)	(120, 0.0)	(125, 0.0)	(130, 0.0)	(135, 0.0)	(140, 0.0)	(145, 0.0)	(150, 0.0)	(155, 0.0)	(160, 0.0)	(165, 0.0)	(170, 0.0)	(175, 0.0)	(180, 0.0)	(185, 0.0)	(190, 0.0)	(195, 0.0)	(200, 2.2222222222222223)	(205, 15.555555555555554)	(210, 22.22222222222222)	(215, 22.22222222222222)	(220, 22.22222222222222)	(225, 22.22222222222222)	(230, 22.22222222222222)	(235, 22.22222222222222)	(240, 22.22222222222222)
SRR8438131_1 - polya	(1, 0.0)	(2, 0.0)	(3, 0.0)	(4, 0.0)	(5, 0.0)	(6, 0.0)	(7, 0.0)	(8, 0.0)	(9, 0.0)	(10, 0.0)	(15, 0.0)	(20, 0.0)	(25, 0.0)	(30, 0.0)	(35, 0.0)	(40, 0.0)	(45, 0.0)	(50, 0.0)	(55, 0.0)	(60, 0.0)	(65, 0.0008572285800008573)	(70, 0.013287042990013287)	(75, 0.03171745746003172)	(80, 0.03643221465003643)	(85, 0.039003900390039)	(90, 0.05143371480005143)	(95, 0.061291843470061294)	(100, 0.07200720072007201)	(105, 0.075007500750075)	(110, 0.075007500750075)	(115, 0.07586472933007586)	(120, 0.09858128670009858)	(125, 0.10286742960010287)	(130, 0.10372465818010372)	(135, 0.1362993442201363)	(140, 0.1392996442501393)	(145, 0.14444301573014445)	(150, 0.15001500150015)	(155, 0.15001500150015)	(160, 0.15001500150015)	(165, 0.15815867301015815)	(170, 0.16073035875016073)	(175, 0.16073035875016073)	(180, 0.16073035875016073)	(185, 0.16073035875016073)	(190, 0.16073035875016073)	(195, 0.16287343020016287)	(200, 0.16287343020016287)	(205, 0.16287343020016287)	(210, 0.16287343020016287)	(215, 0.16287343020016287)	(220, 0.16287343020016287)	(225, 0.16287343020016287)	(230, 0.16715957310016716)	(235, 0.1915905876301916)	(240, 0.19501950195019502)
SRR8438132 - illumina_universal_adapter	(1, 0.0)	(2, 0.0)	(3, 0.0)	(4, 0.0)	(5, 0.0)	(6, 0.0)	(7, 0.0)	(8, 0.0)	(9, 0.0)	(10, 0.0)	(15, 0.0)	(20, 0.0)	(25, 0.0)	(30, 0.0)	(35, 0.0)	(40, 0.0)	(45, 0.0)	(50, 0.0)	(55, 0.0)	(60, 0.0)	(65, 0.0)	(70, 0.0)	(75, 0.0)	(80, 0.0)	(85, 0.0)	(90, 0.0)	(95, 0.0)	(100, 0.8)	(105, 4.0)	(110, 12.0)	(115, 22.4)	(120, 28.8)	(125, 32.0)	(130, 36.0)	(135, 36.0)	(140, 40.0)	(145, 40.0)	(150, 47.2)	(155, 62.4)	(160, 69.6)	(165, 73.6)	(170, 79.2)	(175, 80.0)	(180, 84.0)	(185, 88.0)	(190, 88.0)	(195, 88.0)	(200, 88.0)	(205, 88.0)	(210, 88.0)	(215, 88.0)	(220, 88.0)	(225, 88.0)	(230, 88.0)	(235, 88.0)	(240, 88.0)
SRR8438132 - polya	(1, 0.0)	(2, 0.0)	(3, 0.0)	(4, 0.0)	(5, 0.0)	(6, 0.0)	(7, 0.0)	(8, 0.0)	(9, 0.0)	(10, 0.0)	(15, 0.0)	(20, 0.0)	(25, 0.0)	(30, 0.0)	(35, 0.0)	(40, 0.0)	(45, 0.0)	(50, 0.0)	(55, 0.0)	(60, 0.0)	(65, 0.0)	(70, 0.0)	(75, 0.0)	(80, 0.0)	(85, 0.0)	(90, 0.0)	(95, 0.0)	(100, 0.0)	(105, 0.0)	(110, 0.0)	(115, 0.0)	(120, 0.0)	(125, 0.0)	(130, 0.0)	(135, 0.0)	(140, 0.0)	(145, 0.0)	(150, 0.0)	(155, 0.0)	(160, 0.0)	(165, 0.0)	(170, 2.4)	(175, 4.0)	(180, 4.0)	(185, 8.0)	(190, 8.0)	(195, 8.0)	(200, 8.0)	(205, 8.0)	(210, 8.0)	(215, 10.4)	(220, 12.0)	(225, 12.0)	(230, 12.0)	(235, 12.0)	(240, 12.0)
SRR8438133 - illumina_universal_adapter	(1, 0.0)	(2, 0.0)	(3, 0.0)	(4, 0.0)	(5, 0.0)	(6, 0.0)	(7, 0.0)	(8, 0.0)	(9, 0.0)	(10, 0.0)	(15, 0.0)	(20, 0.0)	(25, 0.0)	(30, 0.0)	(35, 0.0)	(40, 0.0)	(45, 0.0)	(50, 0.0)	(55, 0.0)	(60, 0.0)	(65, 0.0)	(70, 0.0)	(75, 0.0)	(80, 0.0)	(85, 0.0)	(90, 0.0)	(95, 10.0)	(100, 25.0)	(105, 25.0)	(110, 25.0)	(115, 25.0)	(120, 25.0)	(125, 25.0)	(130, 25.0)	(135, 25.0)	(140, 25.0)	(145, 25.0)	(150, 30.0)	(155, 70.0)	(160, 75.0)	(165, 75.0)	(170, 75.0)	(175, 75.0)	(180, 75.0)	(185, 75.0)	(190, 75.0)	(195, 75.0)	(200, 75.0)	(205, 75.0)	(210, 75.0)	(215, 75.0)	(220, 75.0)	(225, 75.0)	(230, 75.0)	(235, 75.0)	(240, 75.0)
SRR8438133 - polya	(1, 0.0)	(2, 0.0)	(3, 0.0)	(4, 0.0)	(5, 0.0)	(6, 0.0)	(7, 0.0)	(8, 0.0)	(9, 0.0)	(10, 0.0)	(15, 0.0)	(20, 0.0)	(25, 0.0)	(30, 0.0)	(35, 0.0)	(40, 0.0)	(45, 0.0)	(50, 0.0)	(55, 0.0)	(60, 0.0)	(65, 0.0)	(70, 0.0)	(75, 0.0)	(80, 0.0)	(85, 0.0)	(90, 0.0)	(95, 0.0)	(100, 0.0)	(105, 0.0)	(110, 0.0)	(115, 0.0)	(120, 0.0)	(125, 0.0)	(130, 0.0)	(135, 0.0)	(140, 0.0)	(145, 0.0)	(150, 0.0)	(155, 0.0)	(160, 0.0)	(165, 0.0)	(170, 0.0)	(175, 0.0)	(180, 0.0)	(185, 0.0)	(190, 0.0)	(195, 0.0)	(200, 0.0)	(205, 5.0)	(210, 25.0)	(215, 50.0)	(220, 50.0)	(225, 50.0)	(230, 50.0)	(235, 50.0)	(240, 50.0)
SRR8438134 - illumina_universal_adapter	(1, 0.0)	(2, 0.0)	(3, 0.0)	(4, 0.0)	(5, 0.0)	(6, 0.0)	(7, 0.0)	(8, 0.0)	(9, 0.0)	(10, 0.0)	(15, 0.0)	(20, 0.0)	(25, 0.0)	(30, 0.0)	(35, 0.0)	(40, 0.0)	(45, 0.0)	(50, 0.0)	(55, 0.0)	(60, 0.0)	(65, 0.0)	(70, 0.0)	(75, 0.0)	(80, 0.0)	(85, 0.0)	(90, 0.0)	(95, 0.0)	(100, 0.0)	(105, 0.0)	(110, 0.0)	(115, 0.0)	(120, 0.0)	(125, 10.0)	(130, 25.0)	(135, 25.0)	(140, 30.0)	(145, 50.0)	(150, 50.0)	(155, 50.0)	(160, 50.0)	(165, 55.0)	(170, 75.0)	(175, 75.0)	(180, 75.0)	(185, 75.0)	(190, 75.0)	(195, 75.0)	(200, 75.0)	(205, 75.0)	(210, 75.0)	(215, 75.0)	(220, 75.0)	(225, 75.0)	(230, 75.0)	(235, 75.0)	
SRR8438134 - polya	(1, 0.0)	(2, 0.0)	(3, 0.0)	(4, 0.0)	(5, 0.0)	(6, 0.0)	(7, 0.0)	(8, 0.0)	(9, 0.0)	(10, 0.0)	(15, 0.0)	(20, 0.0)	(25, 0.0)	(30, 0.0)	(35, 0.0)	(40, 0.0)	(45, 0.0)	(50, 0.0)	(55, 0.0)	(60, 0.0)	(65, 0.0)	(70, 0.0)	(75, 0.0)	(80, 0.0)	(85, 0.0)	(90, 0.0)	(95, 0.0)	(100, 0.0)	(105, 0.0)	(110, 0.0)	(115, 0.0)	(120, 0.0)	(125, 0.0)	(130, 0.0)	(135, 0.0)	(140, 0.0)	(145, 0.0)	(150, 0.0)	(155, 0.0)	(160, 0.0)	(165, 0.0)	(170, 0.0)	(175, 0.0)	(180, 0.0)	(185, 0.0)	(190, 0.0)	(195, 0.0)	(200, 0.0)	(205, 25.0)	(210, 25.0)	(215, 25.0)	(220, 25.0)	(225, 25.0)	(230, 50.0)	(235, 50.0)	
SRR8438134_1 - polya	(1, 0.0)	(2, 0.0)	(3, 0.0)	(4, 0.0)	(5, 0.0)	(6, 0.0)	(7, 0.0)	(8, 0.0)	(9, 0.0)	(10, 0.0)	(15, 0.0)	(20, 0.0)	(25, 0.0)	(30, 0.0)	(35, 0.0)	(40, 0.0)	(45, 0.0)	(50, 0.008082985315910009)	(55, 0.013471642193183347)	(60, 0.013471642193183347)	(65, 0.12798060083524182)	(70, 0.6412501683955274)	(75, 1.2825003367910548)	(80, 1.3485113835376532)	(85, 1.4737976559342583)	(90, 1.543850195338812)	(95, 2.76707530647986)	(100, 3.1294624814764918)	(105, 3.3248012932776505)	(110, 3.3409672639094707)	(115, 3.343661592348107)	(120, 3.4756836858413047)	(125, 3.493196820692442)	(130, 3.4958911491310785)	(135, 3.6898827967129195)	(140, 3.8299878755220265)	(145, 3.9121648929004444)	(150, 4.079213256095917)	(155, 4.207193856931161)	(160, 4.2772463963357135)	(165, 4.2772463963357135)	(170, 4.371547891687997)	(175, 4.413309982486865)	(180, 4.433517445776641)	(185, 4.463155058601643)	(190, 4.482015357672101)	(195, 4.496834164084603)	(200, 4.628856257577799)	(205, 4.688131483227806)	(210, 4.688131483227806)	(215, 4.688131483227806)	(220, 4.688131483227806)	(225, 4.688131483227806)	(230, 4.70833894651758)	(235, 5.119224033409672)	(240, 5.119224033409672)
SRR8438134_2 - polya	(1, 0.0)	(2, 0.0)	(3, 0.0)	(4, 0.0)	(5, 0.0)	(6, 0.0)	(7, 0.0)	(8, 0.0)	(9, 0.0)	(10, 0.0)	(15, 0.0)	(20, 0.0)	(25, 0.0)	(30, 0.0)	(35, 0.0)	(40, 0.0)	(45, 0.0)	(50, 0.0)	(55, 0.0)	(60, 0.12124477973865014)	(65, 0.17917284116933854)	(70, 0.2155462750909336)	(75, 0.2505725447932103)	(80, 0.265391351205712)	(85, 0.285598814495487)	(90, 0.32197224841708205)	(95, 0.3677758318739054)	(100, 0.38528896672504376)	(105, 0.39741344469890877)	(110, 0.45130001347164217)	(115, 0.4782432978580089)	(120, 0.4782432978580089)	(125, 0.49306210427051056)	(130, 0.5604203152364273)	(135, 0.5994880775966591)	(140, 0.6304728546409807)	(145, 0.6439444968341641)	(150, 0.6601104674659841)	(155, 0.6601104674659841)	(160, 0.6601104674659841)	(165, 0.6601104674659841)	(170, 0.6628047959046207)	(175, 0.6722349454398492)	(180, 0.6735821096591674)	(185, 0.6735821096591674)	(190, 0.6870537518523507)	(195, 0.7072612151421258)	(200, 0.7072612151421258)	(205, 0.7072612151421258)	(210, 0.7072612151421258)	(215, 0.7072612151421258)	(220, 0.7072612151421258)	(225, 0.7342044995284926)	(230, 0.7476761417216758)	(235, 0.7476761417216758)	(240, 0.7476761417216758)
SRR8438135 - illumina_universal_adapter	(1, 0.0)	(2, 0.0)	(3, 0.0)	(4, 0.0)	(5, 0.0)	(6, 0.0)	(7, 0.0)	(8, 0.0)	(9, 0.0)	(10, 0.0)	(15, 0.0)	(20, 0.0)	(25, 0.0)	(30, 0.0)	(35, 0.0)	(40, 0.0)	(45, 0.0)	(50, 0.0)	(55, 0.0)	(60, 0.0)	(65, 0.0)	(70, 0.0)	(75, 0.0)	(80, 0.0)	(85, 0.0)	(90, 0.0)	(95, 0.0)	(100, 0.0)	(105, 0.0)	(110, 0.0)	(115, 0.0)	(120, 6.666666666666667)	(125, 16.666666666666668)	(130, 16.666666666666668)	(135, 16.666666666666668)	(140, 23.333333333333336)	(145, 46.66666666666667)	(150, 50.0)	(155, 50.0)	(160, 76.66666666666666)	(165, 83.33333333333333)	(170, 83.33333333333333)	(175, 86.66666666666666)	(180, 100.0)	(185, 100.0)	(190, 100.0)	(195, 100.0)	(200, 100.0)	(205, 100.0)	(210, 100.0)	(215, 100.0)	(220, 100.0)	(225, 100.0)	(230, 100.0)	(235, 100.0)	(240, 100.0)
SRR8438135 - polya	(1, 0.0)	(2, 0.0)	(3, 0.0)	(4, 0.0)	(5, 0.0)	(6, 0.0)	(7, 0.0)	(8, 0.0)	(9, 0.0)	(10, 0.0)	(15, 0.0)	(20, 0.0)	(25, 0.0)	(30, 0.0)	(35, 0.0)	(40, 0.0)	(45, 0.0)	(50, 0.0)	(55, 0.0)	(60, 0.0)	(65, 0.0)	(70, 0.0)	(75, 0.0)	(80, 0.0)	(85, 0.0)	(90, 0.0)	(95, 0.0)	(100, 0.0)	(105, 0.0)	(110, 0.0)	(115, 0.0)	(120, 0.0)	(125, 0.0)	(130, 0.0)	(135, 0.0)	(140, 0.0)	(145, 0.0)	(150, 0.0)	(155, 0.0)	(160, 0.0)	(165, 0.0)	(170, 0.0)	(175, 0.0)	(180, 3.3333333333333335)	(185, 16.666666666666668)	(190, 16.666666666666668)	(195, 16.666666666666668)	(200, 16.666666666666668)	(205, 26.666666666666668)	(210, 33.333333333333336)	(215, 33.333333333333336)	(220, 43.333333333333336)	(225, 50.0)	(230, 50.0)	(235, 50.0)	(240, 50.0)
SRR8438135_1 - polya	(1, 0.0)	(2, 0.0)	(3, 0.0)	(4, 0.0)	(5, 0.0)	(6, 0.0)	(7, 0.0)	(8, 0.0)	(9, 0.0)	(10, 0.0)	(15, 0.0)	(20, 0.0)	(25, 0.0)	(30, 0.0)	(35, 0.0)	(40, 0.0)	(45, 0.0)	(50, 0.0)	(55, 0.0)	(60, 0.0)	(65, 0.16803749889449013)	(70, 1.5034934111612277)	(75, 2.1526488016273104)	(80, 2.172105775183515)	(85, 2.1791810382948613)	(90, 2.1844874856283716)	(95, 3.4739541876713544)	(100, 3.802953922348988)	(105, 3.8206420801273544)	(110, 3.8524807641284156)	(115, 3.8560183956840897)	(120, 3.8772441850181303)	(125, 3.9090828690191914)	(130, 3.9090828690191914)	(135, 4.006367736800212)	(140, 4.130184841248784)	(145, 4.130184841248784)	(150, 4.130184841248784)	(155, 4.130184841248784)	(160, 4.130184841248784)	(165, 4.147872999027152)	(170, 4.19209339347307)	(175, 4.218625630140621)	(180, 4.218625630140621)	(185, 4.218625630140621)	(190, 4.218625630140621)	(195, 4.218625630140621)	(200, 4.2203944459184575)	(205, 4.227469709029805)	(210, 4.227469709029805)	(215, 4.227469709029805)	(220, 4.227469709029805)	(225, 4.227469709029805)	(230, 4.229238524807641)	(235, 4.2893782612540905)	(240, 4.2893782612540905)
SRR8438135_1 - polyg	(1, 0.0)	(2, 0.0)	(3, 0.0)	(4, 0.0)	(5, 0.0)	(6, 0.0)	(7, 0.0)	(8, 0.0)	(9, 0.0)	(10, 0.0)	(15, 0.0)	(20, 0.0)	(25, 0.0)	(30, 0.0)	(35, 0.0)	(40, 0.0)	(45, 0.0)	(50, 0.0)	(55, 0.0)	(60, 0.0)	(65, 0.0)	(70, 0.0)	(75, 0.0)	(80, 0.0)	(85, 0.0)	(90, 0.0)	(95, 0.0)	(100, 0.0)	(105, 0.0)	(110, 0.007075263111346953)	(115, 0.07252144689130627)	(120, 0.1804192093393473)	(125, 0.23348368267444944)	(130, 0.3113115768992659)	(135, 0.3183868400106129)	(140, 0.3183868400106129)	(145, 0.3201556557884496)	(150, 0.33961262934465375)	(155, 0.35376315556734766)	(160, 0.35376315556734766)	(165, 0.35376315556734766)	(170, 0.35376315556734766)	(175, 0.35376315556734766)	(180, 0.35376315556734766)	(185, 0.3767577606792253)	(190, 0.45281683912620496)	(195, 0.4598921022375519)	(200, 0.4598921022375519)	(205, 0.4598921022375519)	(210, 0.4598921022375519)	(215, 0.46166091801538867)	(220, 0.4775802600159194)	(225, 0.4775802600159194)	(230, 0.4775802600159194)	(235, 0.6792252586893075)	(240, 0.7694348633589811)
SRR8438135_2 - polya	(1, 0.0)	(2, 0.0)	(3, 0.0)	(4, 0.0)	(5, 0.0)	(6, 0.0)	(7, 0.0)	(8, 0.0)	(9, 0.0)	(10, 0.0)	(15, 0.0)	(20, 0.0)	(25, 0.0)	(30, 0.0)	(35, 0.0)	(40, 0.0)	(45, 0.0)	(50, 0.0)	(55, 0.0)	(60, 0.1255859202264084)	(65, 0.25294065623065354)	(70, 0.25647828778632703)	(75, 0.25647828778632703)	(80, 0.25647828778632703)	(85, 0.28831697178738835)	(90, 0.33607499778898026)	(95, 0.33784381356681703)	(100, 0.35199433978951095)	(105, 0.38383302379057227)	(110, 0.3891394711240824)	(115, 0.3891394711240824)	(120, 0.3891394711240824)	(125, 0.39621473423542936)	(130, 0.445741576014858)	(135, 0.45104802334836824)	(140, 0.45104802334836824)	(145, 0.45104802334836824)	(150, 0.45104802334836824)	(155, 0.45104802334836824)	(160, 0.46873618112673565)	(165, 0.46873618112673565)	(170, 0.46873618112673565)	(175, 0.46873618112673565)	(180, 0.46873618112673565)	(185, 0.46873618112673565)	(190, 0.46873618112673565)	(195, 0.46873618112673565)	(200, 0.46873618112673565)	(205, 0.46873618112673565)	(210, 0.46873618112673565)	(215, 0.46873618112673565)	(220, 0.46873618112673565)	(225, 0.46873618112673565)	(230, 0.46873618112673565)	(235, 0.46873618112673565)	(240, 0.46873618112673565)
SRR8438136 - illumina_universal_adapter	(1, 0.0)	(2, 0.0)	(3, 0.0)	(4, 0.0)	(5, 0.0)	(6, 0.0)	(7, 0.0)	(8, 0.0)	(9, 0.0)	(10, 0.0)	(15, 0.0)	(20, 0.0)	(25, 0.0)	(30, 0.0)	(35, 0.0)	(40, 0.0)	(45, 0.0)	(50, 0.0)	(55, 0.0)	(60, 0.0)	(65, 0.0)	(70, 0.0)	(75, 0.0)	(80, 0.0)	(85, 0.0)	(90, 0.0)	(95, 0.0)	(100, 0.0)	(105, 0.0)	(110, 30.0)	(115, 50.0)	(120, 50.0)	(125, 50.0)	(130, 50.0)	(135, 50.0)	(140, 50.0)	(145, 50.0)	(150, 50.0)	(155, 50.0)	(160, 50.0)	(165, 50.0)	(170, 50.0)	(175, 50.0)	(180, 50.0)	(185, 90.0)	(190, 100.0)	(195, 100.0)	(200, 100.0)	(205, 100.0)	(210, 100.0)	(215, 100.0)	(220, 100.0)	(225, 100.0)	(230, 100.0)	(235, 100.0)	(240, 100.0)
SRR8438136 - polya	(1, 0.0)	(2, 0.0)	(3, 0.0)	(4, 0.0)	(5, 0.0)	(6, 0.0)	(7, 0.0)	(8, 0.0)	(9, 0.0)	(10, 0.0)	(15, 0.0)	(20, 0.0)	(25, 0.0)	(30, 0.0)	(35, 0.0)	(40, 0.0)	(45, 0.0)	(50, 0.0)	(55, 0.0)	(60, 0.0)	(65, 0.0)	(70, 0.0)	(75, 0.0)	(80, 0.0)	(85, 0.0)	(90, 0.0)	(95, 0.0)	(100, 0.0)	(105, 0.0)	(110, 0.0)	(115, 0.0)	(120, 0.0)	(125, 0.0)	(130, 0.0)	(135, 0.0)	(140, 0.0)	(145, 0.0)	(150, 0.0)	(155, 0.0)	(160, 0.0)	(165, 0.0)	(170, 20.0)	(175, 50.0)	(180, 50.0)	(185, 50.0)	(190, 50.0)	(195, 50.0)	(200, 50.0)	(205, 50.0)	(210, 50.0)	(215, 50.0)	(220, 50.0)	(225, 50.0)	(230, 50.0)	(235, 50.0)	(240, 50.0)
SRR8438136_1 - polya	(1, 0.0)	(2, 0.0)	(3, 0.0)	(4, 0.0)	(5, 0.0)	(6, 0.0)	(7, 0.0)	(8, 0.0)	(9, 0.0)	(10, 0.0)	(15, 0.0)	(20, 0.0)	(25, 0.0)	(30, 0.0)	(35, 0.0)	(40, 0.0)	(45, 0.0)	(50, 0.0)	(55, 0.0)	(60, 0.0)	(65, 0.04552758435993572)	(70, 0.47000535618639533)	(75, 1.6831815747188004)	(80, 1.913497589716122)	(85, 2.133101231922871)	(90, 2.2415640064274234)	(95, 2.8682378146759504)	(100, 3.5632029994643815)	(105, 3.713176218532405)	(110, 3.885913229780397)	(115, 3.9930369576861273)	(120, 4.4509908944831285)	(125, 4.6505088377075525)	(130, 4.653186930905195)	(135, 5.199517943224424)	(140, 5.6280128548473485)	(145, 5.737814675950723)	(150, 5.783342260310659)	(155, 5.80074986609534)	(160, 5.811462238885913)	(165, 5.831547937868238)	(170, 5.843599357257633)	(175, 5.844938403856454)	(180, 5.844938403856454)	(185, 5.844938403856454)	(190, 5.8462774504552755)	(195, 5.851633636850562)	(200, 5.867702196036421)	(205, 5.871719335832887)	(210, 5.97214783074451)	(215, 5.976164970540975)	(220, 6.085966791644349)	(225, 6.085966791644349)	(230, 6.189073379753615)	(235, 6.905463310123191)	(240, 6.909480449919657)
SRR8438136_2 - polya	(1, 0.0)	(2, 0.0)	(3, 0.0)	(4, 0.0)	(5, 0.0)	(6, 0.0)	(7, 0.0)	(8, 0.0)	(9, 0.0)	(10, 0.0)	(15, 0.0)	(20, 0.0)	(25, 0.0)	(30, 0.0)	(35, 0.0)	(40, 0.0)	(45, 0.0)	(50, 0.0)	(55, 0.0)	(60, 0.04017139796464917)	(65, 0.17943224424209964)	(70, 0.25977504017139796)	(75, 0.3160149973219068)	(80, 0.3347616497054097)	(85, 0.3963577932512051)	(90, 0.4767005891805035)	(95, 0.5208891269416176)	(100, 0.5623995715050885)	(105, 0.6119442956614891)	(110, 0.701660417782539)	(115, 0.7498660953401178)	(120, 0.7498660953401178)	(125, 0.8141403320835565)	(130, 1.0886448848419925)	(135, 1.124799143010177)	(140, 1.1328334226031067)	(145, 1.1381896089983932)	(150, 1.1381896089983932)	(155, 1.1448848419925013)	(160, 1.1515800749866096)	(165, 1.1515800749866096)	(170, 1.1529191215854313)	(175, 1.168987680771291)	(180, 1.171665773968934)	(185, 1.171665773968934)	(190, 1.171665773968934)	(195, 1.171665773968934)	(200, 1.171665773968934)	(205, 1.171665773968934)	(210, 1.171665773968934)	(215, 1.171665773968934)	(220, 1.171665773968934)	(225, 1.2627209426888057)	(230, 1.305570433851098)	(235, 1.305570433851098)	(240, 1.305570433851098)
SRR8438137 - illumina_universal_adapter	(1, 0.0)	(2, 0.0)	(3, 0.0)	(4, 0.0)	(5, 0.0)	(6, 0.0)	(7, 0.0)	(8, 0.0)	(9, 0.0)	(10, 0.0)	(15, 0.0)	(20, 0.0)	(25, 0.0)	(30, 0.0)	(35, 0.0)	(40, 0.0)	(45, 0.0)	(50, 0.0)	(55, 0.0)	(60, 0.0)	(65, 0.0)	(70, 0.0)	(75, 0.0)	(80, 0.0)	(85, 0.0)	(90, 0.0)	(95, 0.0)	(100, 0.0)	(105, 0.0)	(110, 0.0)	(115, 0.0)	(120, 5.0)	(125, 12.5)	(130, 12.5)	(135, 12.5)	(140, 22.5)	(145, 25.0)	(150, 25.0)	(155, 32.5)	(160, 50.0)	(165, 50.0)	(170, 65.0)	(175, 75.0)	(180, 82.5)	(185, 100.0)	(190, 100.0)	(195, 100.0)	(200, 100.0)	(205, 100.0)	(210, 100.0)	(215, 100.0)	(220, 100.0)	(225, 100.0)	(230, 100.0)	(235, 100.0)	(240, 100.0)
SRR8438137 - polya	(1, 0.0)	(2, 0.0)	(3, 0.0)	(4, 0.0)	(5, 0.0)	(6, 0.0)	(7, 0.0)	(8, 0.0)	(9, 0.0)	(10, 0.0)	(15, 0.0)	(20, 0.0)	(25, 0.0)	(30, 0.0)	(35, 0.0)	(40, 0.0)	(45, 0.0)	(50, 0.0)	(55, 0.0)	(60, 0.0)	(65, 0.0)	(70, 0.0)	(75, 0.0)	(80, 0.0)	(85, 0.0)	(90, 0.0)	(95, 0.0)	(100, 0.0)	(105, 0.0)	(110, 0.0)	(115, 0.0)	(120, 0.0)	(125, 0.0)	(130, 0.0)	(135, 0.0)	(140, 0.0)	(145, 0.0)	(150, 0.0)	(155, 0.0)	(160, 0.0)	(165, 0.0)	(170, 0.0)	(175, 0.0)	(180, 0.0)	(185, 0.0)	(190, 0.0)	(195, 0.0)	(200, 7.5)	(205, 12.5)	(210, 12.5)	(215, 12.5)	(220, 12.5)	(225, 12.5)	(230, 17.5)	(235, 25.0)	(240, 25.0)
SRR8438137_1 - polya	(1, 0.0)	(2, 0.0)	(3, 0.0)	(4, 0.0)	(5, 0.0)	(6, 0.0)	(7, 0.0)	(8, 0.0)	(9, 0.0)	(10, 0.0)	(15, 0.0)	(20, 0.0)	(25, 0.0)	(30, 0.0)	(35, 0.0)	(40, 0.0)	(45, 0.0)	(50, 0.0025367833587011668)	(55, 0.004227972264501945)	(60, 0.0050735667174023336)	(65, 0.1911043463554879)	(70, 0.8802638254693049)	(75, 1.1762218839844412)	(80, 1.3047522408253003)	(85, 1.3512599357348214)	(90, 1.3580246913580247)	(95, 1.3614070691696263)	(100, 1.3910028750211398)	(105, 1.4079147640791476)	(110, 1.4079147640791476)	(115, 1.4079147640791476)	(120, 1.467106375782175)	(125, 1.467106375782175)	(130, 1.467106375782175)	(135, 1.4797902925756807)	(140, 1.4924742093691865)	(145, 1.4924742093691865)	(150, 1.4924742093691865)	(155, 1.4924742093691865)	(160, 1.4924742093691865)	(165, 1.4924742093691865)	(170, 1.4924742093691865)	(175, 1.4924742093691865)	(180, 1.5846440047353287)	(185, 1.6066294605107392)	(190, 1.6066294605107392)	(195, 1.6117030272281414)	(200, 1.6167765939455438)	(205, 1.6193133773042452)	(210, 1.6666666666666667)	(215, 1.678504989007272)	(220, 1.678504989007272)	(225, 1.678504989007272)	(230, 1.6835785557246745)	(235, 1.8180280737358363)	(240, 1.8180280737358363)
SRR8438137_2 - polya	(1, 0.0)	(2, 0.0)	(3, 0.0)	(4, 0.0)	(5, 0.0)	(6, 0.0)	(7, 0.0)	(8, 0.0)	(9, 0.0)	(10, 0.0)	(15, 0.0)	(20, 0.0)	(25, 0.0)	(30, 0.0)	(35, 0.0)	(40, 0.0)	(45, 0.0)	(50, 0.0)	(55, 0.0)	(60, 0.08455944529003889)	(65, 0.1293759512937595)	(70, 0.1454422458988669)	(75, 0.16911889058007779)	(80, 0.16911889058007779)	(85, 0.16911889058007779)	(90, 0.17334686284457973)	(95, 0.1902587519025875)	(100, 0.19279553526128868)	(105, 0.2139353965837984)	(110, 0.23253847454760695)	(115, 0.2367664468121089)	(120, 0.2367664468121089)	(125, 0.2376120412650093)	(130, 0.243531202435312)	(135, 0.24522239134111282)	(140, 0.24522239134111282)	(145, 0.24522239134111282)	(150, 0.24522239134111282)	(155, 0.24522239134111282)	(160, 0.24522239134111282)	(165, 0.24522239134111282)	(170, 0.24691358024691357)	(175, 0.24945036360561473)	(180, 0.24945036360561473)	(185, 0.24945036360561473)	(190, 0.24945036360561473)	(195, 0.24945036360561473)	(200, 0.24945036360561473)	(205, 0.24945036360561473)	(210, 0.24945036360561473)	(215, 0.24945036360561473)	(220, 0.24945036360561473)	(225, 0.2595974970404194)	(230, 0.2663622526636225)	(235, 0.2663622526636225)	(240, 0.2663622526636225)
SRR8438138 - illumina_universal_adapter	(1, 0.0)	(2, 0.0)	(3, 0.0)	(4, 0.0)	(5, 0.0)	(6, 0.0)	(7, 0.0)	(8, 0.0)	(9, 0.0)	(10, 0.0)	(15, 0.0)	(20, 0.0)	(25, 0.0)	(30, 0.0)	(35, 0.0)	(40, 0.0)	(45, 0.0)	(50, 0.0)	(55, 0.0)	(60, 0.0)	(65, 0.0)	(70, 0.0)	(75, 1.379310344827586)	(80, 3.4482758620689653)	(85, 4.137931034482759)	(90, 6.896551724137931)	(95, 6.896551724137931)	(100, 11.034482758620689)	(105, 15.862068965517242)	(110, 17.24137931034483)	(115, 17.24137931034483)	(120, 19.310344827586206)	(125, 23.448275862068968)	(130, 24.137931034482758)	(135, 32.41379310344828)	(140, 42.758620689655174)	(145, 45.51724137931035)	(150, 52.41379310344827)	(155, 55.86206896551723)	(160, 62.06896551724138)	(165, 68.27586206896551)	(170, 79.3103448275862)	(175, 88.96551724137933)	(180, 97.93103448275862)	(185, 100.0)	(190, 100.0)	(195, 100.0)	(200, 100.0)	(205, 100.0)	(210, 100.0)	(215, 100.0)	(220, 100.0)	(225, 100.0)	(230, 100.0)	(235, 100.0)	(240, 100.0)
SRR8438138 - polya	(1, 0.0)	(2, 0.0)	(3, 0.0)	(4, 0.0)	(5, 0.0)	(6, 0.0)	(7, 0.0)	(8, 0.0)	(9, 0.0)	(10, 0.0)	(15, 0.0)	(20, 0.0)	(25, 0.0)	(30, 0.0)	(35, 0.0)	(40, 0.0)	(45, 0.0)	(50, 0.0)	(55, 0.0)	(60, 0.0)	(65, 0.0)	(70, 0.0)	(75, 0.0)	(80, 0.0)	(85, 0.0)	(90, 0.0)	(95, 0.0)	(100, 0.0)	(105, 0.0)	(110, 0.0)	(115, 0.0)	(120, 0.0)	(125, 0.0)	(130, 0.0)	(135, 0.0)	(140, 0.0)	(145, 0.0)	(150, 3.4482758620689653)	(155, 3.4482758620689653)	(160, 3.4482758620689653)	(165, 3.4482758620689653)	(170, 3.4482758620689653)	(175, 3.4482758620689653)	(180, 3.4482758620689653)	(185, 3.4482758620689653)	(190, 3.4482758620689653)	(195, 3.4482758620689653)	(200, 6.206896551724137)	(205, 6.896551724137931)	(210, 6.896551724137931)	(215, 6.896551724137931)	(220, 6.896551724137931)	(225, 6.896551724137931)	(230, 9.655172413793103)	(235, 12.413793103448274)	(240, 13.793103448275861)
SRR8438138_1 - polya	(1, 0.0)	(2, 0.0)	(3, 0.0)	(4, 0.0)	(5, 0.0)	(6, 0.0)	(7, 0.0)	(8, 0.0)	(9, 0.0)	(10, 0.0)	(15, 0.0)	(20, 0.0)	(25, 0.0)	(30, 0.0)	(35, 0.0)	(40, 0.0)	(45, 0.0)	(50, 0.000830461321263962)	(55, 0.0013841022021066035)	(60, 0.0013841022021066035)	(65, 0.004705947487162452)	(70, 0.01910061038907113)	(75, 0.024913839637918864)	(80, 0.025744300959182825)	(85, 0.028789325803817357)	(90, 0.03930850253982754)	(95, 0.052595883680050935)	(100, 0.05619454940552811)	(105, 0.062007778654375845)	(110, 0.0642223421777464)	(115, 0.06505280349901037)	(120, 0.07003557142659414)	(125, 0.07197331450954339)	(130, 0.07197331450954339)	(135, 0.07197331450954339)	(140, 0.07225013494996471)	(145, 0.07418787803291395)	(150, 0.07667926199670584)	(155, 0.07750972331796979)	(160, 0.07750972331796979)	(165, 0.07750972331796979)	(170, 0.0788938255200764)	(175, 0.080277927722183)	(180, 0.080277927722183)	(185, 0.080277927722183)	(190, 0.080277927722183)	(195, 0.080277927722183)	(200, 0.080277927722183)	(205, 0.080277927722183)	(210, 0.080277927722183)	(215, 0.080277927722183)	(220, 0.080277927722183)	(225, 0.080277927722183)	(230, 0.08304613212639621)	(235, 0.3285858627801077)	(240, 0.3308004263034782)
SRR8438138_2 - polya	(1, 0.0)	(2, 0.0)	(3, 0.0)	(4, 0.0)	(5, 0.0)	(6, 0.0)	(7, 0.0)	(8, 0.0)	(9, 0.0)	(10, 0.0)	(15, 0.0)	(20, 0.0)	(25, 0.0)	(30, 0.0)	(35, 0.0)	(40, 0.0)	(45, 0.0)	(50, 0.0)	(55, 0.0)	(60, 0.005259588368005094)	(65, 0.008304613212639622)	(70, 0.008304613212639622)	(75, 0.008304613212639622)	(80, 0.008858254093482263)	(85, 0.011072817616852828)	(90, 0.01190327893811679)	(95, 0.014394662901908679)	(100, 0.01522512422317264)	(105, 0.01522512422317264)	(110, 0.016886046865700565)	(115, 0.017993328627385848)	(120, 0.017993328627385848)	(125, 0.017993328627385848)	(130, 0.017993328627385848)	(135, 0.01827014906780717)	(140, 0.019377430829492448)	(145, 0.019377430829492448)	(150, 0.020207892150756412)	(155, 0.020761533031599052)	(160, 0.020761533031599052)	(165, 0.02352973743581226)	(170, 0.02352973743581226)	(175, 0.02352973743581226)	(180, 0.02352973743581226)	(185, 0.02352973743581226)	(190, 0.024913839637918864)	(195, 0.024913839637918864)	(200, 0.024913839637918864)	(205, 0.024913839637918864)	(210, 0.024913839637918864)	(215, 0.024913839637918864)	(220, 0.024913839637918864)	(225, 0.07557198023502054)	(230, 0.10934407396642168)	(235, 0.10934407396642168)	(240, 0.10934407396642168)
SRR8438139 - illumina_universal_adapter	(1, 0.0)	(2, 0.0)	(3, 0.0)	(4, 0.0)	(5, 0.0)	(6, 0.0)	(7, 0.0)	(8, 0.0)	(9, 0.0)	(10, 0.0)	(15, 0.0)	(20, 0.0)	(25, 0.0)	(30, 0.0)	(35, 0.0)	(40, 0.0)	(45, 0.0)	(50, 0.0)	(55, 0.0)	(60, 0.9523809523809523)	(65, 4.761904761904762)	(70, 4.761904761904762)	(75, 4.761904761904762)	(80, 4.761904761904762)	(85, 4.761904761904762)	(90, 4.761904761904762)	(95, 9.523809523809524)	(100, 9.523809523809524)	(105, 9.523809523809524)	(110, 20.952380952380953)	(115, 23.80952380952381)	(120, 33.333333333333336)	(125, 40.95238095238095)	(130, 43.80952380952381)	(135, 50.476190476190474)	(140, 60.95238095238095)	(145, 61.904761904761905)	(150, 61.904761904761905)	(155, 62.857142857142854)	(160, 71.42857142857143)	(165, 75.23809523809524)	(170, 82.85714285714286)	(175, 91.42857142857143)	(180, 95.23809523809524)	(185, 97.14285714285714)	(190, 100.0)	(195, 100.0)	(200, 100.0)	(205, 100.0)	(210, 100.0)	(215, 100.0)	(220, 100.0)	(225, 100.0)	(230, 100.0)	(235, 100.0)	(240, 100.0)
SRR8438139 - polya	(1, 0.0)	(2, 0.0)	(3, 0.0)	(4, 0.0)	(5, 0.0)	(6, 0.0)	(7, 0.0)	(8, 0.0)	(9, 0.0)	(10, 0.0)	(15, 0.0)	(20, 0.0)	(25, 0.0)	(30, 0.0)	(35, 0.0)	(40, 0.0)	(45, 0.0)	(50, 0.0)	(55, 0.0)	(60, 0.0)	(65, 0.0)	(70, 0.0)	(75, 0.0)	(80, 0.0)	(85, 0.0)	(90, 0.0)	(95, 0.0)	(100, 0.0)	(105, 0.0)	(110, 0.0)	(115, 0.0)	(120, 0.0)	(125, 4.761904761904762)	(130, 4.761904761904762)	(135, 4.761904761904762)	(140, 4.761904761904762)	(145, 4.761904761904762)	(150, 4.761904761904762)	(155, 8.571428571428573)	(160, 9.523809523809524)	(165, 9.523809523809524)	(170, 13.333333333333334)	(175, 14.285714285714286)	(180, 14.285714285714286)	(185, 20.0)	(190, 23.80952380952381)	(195, 28.571428571428573)	(200, 32.38095238095239)	(205, 33.333333333333336)	(210, 33.333333333333336)	(215, 33.333333333333336)	(220, 38.095238095238095)	(225, 38.095238095238095)	(230, 41.904761904761905)	(235, 42.857142857142854)	(240, 42.857142857142854)
SRR8438139_1 - illumina_small_rna_3'_adapter	(1, 0.0)	(2, 0.0)	(3, 0.0)	(4, 0.0)	(5, 0.0)	(6, 0.0)	(7, 0.0)	(8, 0.0)	(9, 0.0)	(10, 0.0)	(15, 0.0)	(20, 0.0)	(25, 0.0)	(30, 0.0)	(35, 0.0)	(40, 0.0)	(45, 0.0)	(50, 0.0)	(55, 0.0)	(60, 0.0)	(65, 0.0)	(70, 0.0)	(75, 0.0)	(80, 0.0)	(85, 0.0)	(90, 0.0)	(95, 0.0)	(100, 0.0)	(105, 0.0)	(110, 0.0)	(115, 0.0)	(120, 0.0)	(125, 0.0)	(130, 0.0)	(135, 0.12976534660122369)	(140, 0.7765750016808983)	(145, 0.7765750016808983)	(150, 0.7765750016808983)	(155, 0.7765750016808983)	(160, 0.7765750016808983)	(165, 0.7765750016808983)	(170, 0.7765750016808983)	(175, 0.7765750016808983)	(180, 0.7765750016808983)	(185, 0.7765750016808983)	(190, 0.7765750016808983)	(195, 0.7765750016808983)	(200, 0.7765750016808983)	(205, 0.7765750016808983)	(210, 0.7765750016808983)	(215, 0.7765750016808983)	(220, 0.7765750016808983)	(225, 0.7765750016808983)	(230, 0.7765750016808983)	(235, 0.7765750016808983)	(240, 0.7765750016808983)
SRR8438139_1 - illumina_universal_adapter	(1, 0.0)	(2, 0.006723593088146305)	(3, 0.006723593088146305)	(4, 0.006723593088146305)	(5, 0.006723593088146305)	(6, 0.006723593088146305)	(7, 0.006723593088146305)	(8, 0.006723593088146305)	(9, 0.006723593088146305)	(10, 0.006723593088146305)	(15, 0.006723593088146305)	(20, 0.006723593088146305)	(25, 0.006723593088146305)	(30, 0.006723593088146305)	(35, 0.006723593088146305)	(40, 0.006723593088146305)	(45, 0.006723593088146305)	(50, 0.006723593088146305)	(55, 0.006723593088146305)	(60, 0.006723593088146305)	(65, 0.006723593088146305)	(70, 0.006723593088146305)	(75, 0.006723593088146305)	(80, 0.006723593088146305)	(85, 0.006723593088146305)	(90, 0.006723593088146305)	(95, 0.006723593088146305)	(100, 0.006723593088146305)	(105, 0.008740671014590197)	(110, 0.010085389632219458)	(115, 0.010085389632219458)	(120, 0.15128084448329188)	(125, 0.24541114771734013)	(130, 0.24541114771734013)	(135, 0.24541114771734013)	(140, 0.24541114771734013)	(145, 0.24541114771734013)	(150, 0.24810058495259865)	(155, 0.24877294426141333)	(160, 0.24877294426141333)	(165, 0.24877294426141333)	(170, 0.24877294426141333)	(175, 0.24877294426141333)	(180, 0.24877294426141333)	(185, 0.24944530357022793)	(190, 0.2541518187319304)	(195, 0.2581859745848182)	(200, 0.2662542862905937)	(205, 0.27297787937873996)	(210, 0.2756673166139985)	(215, 0.27902911315807166)	(220, 0.27902911315807166)	(225, 0.2877697841726618)	(230, 0.29382101795199356)	(235, 0.2978551738048813)	(240, 0.2991998924225106)
SRR8438139_1 - polya	(1, 0.0)	(2, 0.0)	(3, 0.0)	(4, 0.0)	(5, 0.0)	(6, 0.0)	(7, 0.0)	(8, 0.0)	(9, 0.0)	(10, 0.0)	(15, 0.0)	(20, 0.0)	(25, 0.0)	(30, 0.0)	(35, 0.0)	(40, 0.0)	(45, 0.0)	(50, 0.0)	(55, 0.0)	(60, 0.01344718617629261)	(65, 0.10488805217508237)	(70, 0.12304175351307738)	(75, 0.13178242452766759)	(80, 0.1344718617629261)	(85, 0.1371612989981846)	(90, 0.13783365830699926)	(95, 0.14590197001277483)	(100, 0.1586767968802528)	(105, 0.16136623411551132)	(110, 0.16136623411551132)	(115, 0.16136623411551132)	(120, 0.16136623411551132)	(125, 0.16136623411551132)	(130, 0.16136623411551132)	(135, 0.16136623411551132)	(140, 0.16136623411551132)	(145, 0.16136623411551132)	(150, 0.16136623411551132)	(155, 0.16136623411551132)	(160, 0.16136623411551132)	(165, 0.1627109527331406)	(170, 0.1647280306595845)	(175, 0.1647280306595845)	(180, 0.1647280306595845)	(185, 0.1647280306595845)	(190, 0.1647280306595845)	(195, 0.1647280306595845)	(200, 0.1647280306595845)	(205, 0.1647280306595845)	(210, 0.1647280306595845)	(215, 0.1647280306595845)	(220, 0.1647280306595845)	(225, 0.1647280306595845)	(230, 0.1647280306595845)	(235, 0.1647280306595845)	(240, 0.1647280306595845)
SRR8438140 - illumina_universal_adapter	(1, 0.0)	(2, 0.0)	(3, 0.0)	(4, 0.0)	(5, 0.0)	(6, 0.0)	(7, 0.0)	(8, 0.0)	(9, 0.0)	(10, 0.0)	(15, 0.0)	(20, 0.0)	(25, 0.0)	(30, 0.0)	(35, 0.0)	(40, 0.0)	(45, 0.0)	(50, 0.0)	(55, 0.0)	(60, 0.0)	(65, 2.3529411764705883)	(70, 2.9411764705882355)	(75, 2.9411764705882355)	(80, 2.9411764705882355)	(85, 5.294117647058824)	(90, 5.882352941176471)	(95, 5.882352941176471)	(100, 9.411764705882353)	(105, 14.705882352941178)	(110, 14.705882352941178)	(115, 14.705882352941178)	(120, 14.705882352941178)	(125, 17.647058823529413)	(130, 20.000000000000004)	(135, 23.529411764705884)	(140, 26.470588235294116)	(145, 29.411764705882355)	(150, 34.70588235294118)	(155, 38.23529411764706)	(160, 49.411764705882355)	(165, 54.11764705882352)	(170, 64.11764705882352)	(175, 69.41176470588236)	(180, 76.47058823529412)	(185, 92.35294117647058)	(190, 97.05882352941177)	(195, 97.05882352941177)	(200, 97.05882352941177)	(205, 97.05882352941177)	(210, 97.05882352941177)	(215, 97.05882352941177)	(220, 97.05882352941177)	(225, 97.05882352941177)	(230, 97.05882352941177)	(235, 97.05882352941177)	(240, 97.05882352941177)
SRR8438140 - polya	(1, 0.0)	(2, 0.0)	(3, 0.0)	(4, 0.0)	(5, 0.0)	(6, 0.0)	(7, 0.0)	(8, 0.0)	(9, 0.0)	(10, 0.0)	(15, 0.0)	(20, 0.0)	(25, 0.0)	(30, 0.0)	(35, 0.0)	(40, 0.0)	(45, 0.0)	(50, 0.0)	(55, 0.0)	(60, 0.0)	(65, 0.0)	(70, 0.0)	(75, 0.0)	(80, 0.0)	(85, 0.0)	(90, 0.0)	(95, 0.0)	(100, 0.0)	(105, 0.0)	(110, 0.0)	(115, 0.0)	(120, 0.0)	(125, 1.7647058823529413)	(130, 2.9411764705882355)	(135, 2.9411764705882355)	(140, 2.9411764705882355)	(145, 4.705882352941177)	(150, 7.058823529411765)	(155, 8.823529411764707)	(160, 9.411764705882353)	(165, 11.764705882352942)	(170, 11.764705882352942)	(175, 11.764705882352942)	(180, 11.764705882352942)	(185, 14.117647058823527)	(190, 14.705882352941178)	(195, 14.705882352941178)	(200, 14.705882352941178)	(205, 17.058823529411768)	(210, 20.000000000000004)	(215, 21.176470588235297)	(220, 28.235294117647054)	(225, 29.411764705882355)	(230, 38.23529411764706)	(235, 38.23529411764706)	(240, 38.23529411764706)
SRR8438140_1 - illumina_universal_adapter	(1, 0.0)	(2, 0.0)	(3, 0.0)	(4, 0.0)	(5, 0.0)	(6, 0.0)	(7, 0.0)	(8, 0.0)	(9, 0.0)	(10, 0.0)	(15, 0.0)	(20, 0.0)	(25, 0.0)	(30, 0.0)	(35, 0.0)	(40, 0.0)	(45, 0.0)	(50, 0.0)	(55, 0.0)	(60, 0.0)	(65, 0.0)	(70, 0.0)	(75, 0.0)	(80, 0.0)	(85, 0.0)	(90, 0.0)	(95, 0.0)	(100, 0.0)	(105, 0.0)	(110, 0.0)	(115, 0.0)	(120, 0.005573100501579045)	(125, 0.009288500835965075)	(130, 0.009288500835965075)	(135, 0.009288500835965075)	(140, 0.009288500835965075)	(145, 0.009288500835965075)	(150, 0.009288500835965075)	(155, 0.009907734225029413)	(160, 0.012384667781286766)	(165, 0.012384667781286766)	(170, 0.012384667781286766)	(175, 0.012384667781286766)	(180, 0.012384667781286766)	(185, 0.014242367948479781)	(190, 0.026007802340702213)	(195, 0.04891943773608273)	(200, 0.055731005015790445)	(205, 0.06254257229549817)	(210, 0.06935413957520589)	(215, 0.08050034057836399)	(220, 0.0904080748033934)	(225, 0.09474270852684377)	(230, 0.10155427580655148)	(235, 0.11331971019877393)	(240, 0.1145581769769026)
SRR8438141 - illumina_universal_adapter	(1, 4.166666666666667)	(2, 4.166666666666667)	(3, 4.166666666666667)	(4, 4.166666666666667)	(5, 4.166666666666667)	(6, 4.166666666666667)	(7, 4.166666666666667)	(8, 4.166666666666667)	(9, 4.166666666666667)	(10, 4.166666666666667)	(15, 4.166666666666667)	(20, 4.166666666666667)	(25, 4.166666666666667)	(30, 4.166666666666667)	(35, 4.166666666666667)	(40, 4.166666666666667)	(45, 4.166666666666667)	(50, 4.166666666666667)	(55, 4.166666666666667)	(60, 4.166666666666667)	(65, 4.166666666666667)	(70, 4.166666666666667)	(75, 4.166666666666667)	(80, 4.166666666666667)	(85, 4.166666666666667)	(90, 5.0)	(95, 8.333333333333334)	(100, 11.666666666666668)	(105, 16.666666666666668)	(110, 17.5)	(115, 26.666666666666668)	(120, 30.0)	(125, 33.333333333333336)	(130, 33.333333333333336)	(135, 33.333333333333336)	(140, 41.666666666666664)	(145, 45.00000000000001)	(150, 51.666666666666664)	(155, 54.166666666666664)	(160, 58.333333333333336)	(165, 64.16666666666666)	(170, 75.83333333333334)	(175, 81.66666666666666)	(180, 89.16666666666667)	(185, 93.33333333333334)	(190, 100.0)	(195, 100.0)	(200, 100.0)	(205, 100.0)	(210, 100.0)	(215, 100.0)	(220, 100.0)	(225, 100.0)	(230, 100.0)	(235, 100.0)	(240, 100.0)
SRR8438141 - polya	(1, 0.0)	(2, 0.0)	(3, 0.0)	(4, 0.0)	(5, 0.0)	(6, 0.0)	(7, 0.0)	(8, 0.0)	(9, 0.0)	(10, 0.0)	(15, 0.0)	(20, 0.0)	(25, 0.0)	(30, 0.0)	(35, 0.0)	(40, 0.0)	(45, 0.0)	(50, 0.0)	(55, 0.0)	(60, 0.0)	(65, 0.0)	(70, 0.0)	(75, 0.0)	(80, 0.0)	(85, 0.0)	(90, 0.0)	(95, 0.0)	(100, 0.0)	(105, 0.0)	(110, 0.0)	(115, 0.0)	(120, 0.0)	(125, 0.0)	(130, 0.0)	(135, 0.0)	(140, 0.0)	(145, 0.0)	(150, 0.0)	(155, 0.0)	(160, 0.0)	(165, 0.0)	(170, 0.0)	(175, 4.166666666666667)	(180, 4.166666666666667)	(185, 8.333333333333334)	(190, 8.333333333333334)	(195, 8.333333333333334)	(200, 8.333333333333334)	(205, 8.333333333333334)	(210, 8.333333333333334)	(215, 8.333333333333334)	(220, 8.333333333333334)	(225, 8.333333333333334)	(230, 8.333333333333334)	(235, 8.333333333333334)	(240, 8.333333333333334)
SRR8438142 - illumina_universal_adapter	(1, 0.0)	(2, 0.0)	(3, 0.0)	(4, 0.0)	(5, 0.0)	(6, 0.0)	(7, 0.0)	(8, 0.0)	(9, 0.0)	(10, 0.0)	(15, 0.0)	(20, 0.0)	(25, 0.0)	(30, 0.0)	(35, 0.0)	(40, 0.0)	(45, 0.0)	(50, 0.0)	(55, 0.0)	(60, 0.0)	(65, 0.0)	(70, 0.0)	(75, 0.0)	(80, 8.571428571428573)	(85, 14.285714285714286)	(90, 14.285714285714286)	(95, 14.285714285714286)	(100, 14.285714285714286)	(105, 14.285714285714286)	(110, 22.857142857142858)	(115, 37.142857142857146)	(120, 42.857142857142854)	(125, 54.28571428571429)	(130, 57.142857142857146)	(135, 57.142857142857146)	(140, 57.142857142857146)	(145, 74.28571428571429)	(150, 85.71428571428571)	(155, 85.71428571428571)	(160, 85.71428571428571)	(165, 85.71428571428571)	(170, 85.71428571428571)	(175, 85.71428571428571)	(180, 85.71428571428571)	(185, 88.57142857142857)	(190, 100.0)	(195, 100.0)	(200, 100.0)	(205, 100.0)	(210, 100.0)	(215, 100.0)	(220, 100.0)	(225, 100.0)	(230, 100.0)	(235, 100.0)	(240, 100.0)
SRR8438142 - polya	(1, 0.0)	(2, 0.0)	(3, 0.0)	(4, 0.0)	(5, 0.0)	(6, 0.0)	(7, 0.0)	(8, 0.0)	(9, 0.0)	(10, 0.0)	(15, 0.0)	(20, 0.0)	(25, 0.0)	(30, 0.0)	(35, 0.0)	(40, 0.0)	(45, 0.0)	(50, 0.0)	(55, 0.0)	(60, 0.0)	(65, 0.0)	(70, 0.0)	(75, 0.0)	(80, 0.0)	(85, 0.0)	(90, 0.0)	(95, 0.0)	(100, 0.0)	(105, 0.0)	(110, 0.0)	(115, 0.0)	(120, 0.0)	(125, 0.0)	(130, 0.0)	(135, 0.0)	(140, 0.0)	(145, 0.0)	(150, 0.0)	(155, 0.0)	(160, 0.0)	(165, 0.0)	(170, 5.714285714285714)	(175, 20.0)	(180, 28.571428571428573)	(185, 28.571428571428573)	(190, 28.571428571428573)	(195, 28.571428571428573)	(200, 28.571428571428573)	(205, 28.571428571428573)	(210, 42.857142857142854)	(215, 42.857142857142854)	(220, 42.857142857142854)	(225, 42.857142857142854)	(230, 42.857142857142854)	(235, 42.857142857142854)	(240, 42.857142857142854)
SRR8438142_1 - illumina_small_rna_3'_adapter	(1, 0.0)	(2, 0.0)	(3, 0.0)	(4, 0.0)	(5, 0.0)	(6, 0.0)	(7, 0.0)	(8, 0.0)	(9, 0.0)	(10, 0.0)	(15, 0.0)	(20, 0.0)	(25, 0.0)	(30, 0.0)	(35, 0.0)	(40, 0.0)	(45, 0.0)	(50, 0.0)	(55, 0.0)	(60, 0.0)	(65, 0.0)	(70, 0.0)	(75, 0.0)	(80, 0.0)	(85, 0.0)	(90, 0.0)	(95, 0.0)	(100, 0.0)	(105, 0.0)	(110, 0.0)	(115, 0.0)	(120, 0.0)	(125, 0.0)	(130, 0.0)	(135, 0.18388077407874248)	(140, 1.0973530065989472)	(145, 1.0973530065989472)	(150, 1.0973530065989472)	(155, 1.0973530065989472)	(160, 1.0973530065989472)	(165, 1.0973530065989472)	(170, 1.0973530065989472)	(175, 1.0973530065989472)	(180, 1.0973530065989472)	(185, 1.0973530065989472)	(190, 1.0973530065989472)	(195, 1.0973530065989472)	(200, 1.0973530065989472)	(205, 1.0973530065989472)	(210, 1.0973530065989472)	(215, 1.0973530065989472)	(220, 1.0973530065989472)	(225, 1.0973530065989472)	(230, 1.0973530065989472)	(235, 1.0973530065989472)	(240, 1.0973530065989472)
SRR8438142_1 - illumina_universal_adapter	(1, 0.0)	(2, 0.0)	(3, 0.0)	(4, 0.0)	(5, 0.0)	(6, 0.0)	(7, 0.0)	(8, 0.0)	(9, 0.0)	(10, 0.0)	(15, 0.0)	(20, 0.0)	(25, 0.0)	(30, 0.0)	(35, 0.0)	(40, 0.0)	(45, 0.0)	(50, 0.0)	(55, 0.0)	(60, 0.0)	(65, 0.0)	(70, 0.0)	(75, 0.0)	(80, 0.0)	(85, 0.0)	(90, 0.0)	(95, 0.0)	(100, 0.0)	(105, 0.0)	(110, 0.0)	(115, 0.0)	(120, 0.11789130273596797)	(125, 0.19648550455994662)	(130, 0.19648550455994662)	(135, 0.19648550455994662)	(140, 0.19648550455994662)	(145, 0.19648550455994662)	(150, 0.19796841402832357)	(155, 0.20019277823088905)	(160, 0.20019277823088905)	(165, 0.20019277823088905)	(170, 0.20019277823088905)	(175, 0.20019277823088905)	(180, 0.20019277823088905)	(185, 0.20019277823088905)	(190, 0.2039000519018314)	(195, 0.21131459924371615)	(200, 0.2142804181804701)	(205, 0.22169496552235485)	(210, 0.22614369392748573)	(215, 0.23133387706680505)	(220, 0.2335582412693705)	(225, 0.23504115073774745)	(230, 0.2402313338770668)	(235, 0.2409727886112553)	(240, 0.2409727886112553)
SRR8438143 - illumina_universal_adapter	(1, 0.0)	(2, 0.0)	(3, 0.0)	(4, 0.0)	(5, 0.0)	(6, 0.0)	(7, 0.0)	(8, 0.0)	(9, 0.0)	(10, 0.0)	(15, 0.0)	(20, 0.0)	(25, 0.0)	(30, 0.0)	(35, 0.0)	(40, 0.0)	(45, 0.0)	(50, 0.0)	(55, 0.0)	(60, 0.0)	(65, 0.0)	(70, 0.0)	(75, 0.0)	(80, 0.0)	(85, 0.0)	(90, 0.0)	(95, 0.0)	(100, 0.0)	(105, 0.0)	(110, 17.5)	(115, 27.5)	(120, 37.5)	(125, 37.5)	(130, 50.0)	(135, 50.0)	(140, 50.0)	(145, 57.5)	(150, 87.5)	(155, 87.5)	(160, 87.5)	(165, 90.0)	(170, 100.0)	(175, 100.0)	(180, 100.0)	(185, 100.0)	(190, 100.0)	(195, 100.0)	(200, 100.0)	(205, 100.0)	(210, 100.0)	(215, 100.0)	(220, 100.0)	(225, 100.0)	(230, 100.0)	(235, 100.0)	(240, 100.0)
SRR8438143 - polya	(1, 0.0)	(2, 0.0)	(3, 0.0)	(4, 0.0)	(5, 0.0)	(6, 0.0)	(7, 0.0)	(8, 0.0)	(9, 0.0)	(10, 0.0)	(15, 0.0)	(20, 0.0)	(25, 0.0)	(30, 0.0)	(35, 0.0)	(40, 0.0)	(45, 0.0)	(50, 0.0)	(55, 0.0)	(60, 0.0)	(65, 0.0)	(70, 0.0)	(75, 0.0)	(80, 0.0)	(85, 0.0)	(90, 0.0)	(95, 0.0)	(100, 0.0)	(105, 0.0)	(110, 0.0)	(115, 0.0)	(120, 0.0)	(125, 0.0)	(130, 0.0)	(135, 0.0)	(140, 0.0)	(145, 0.0)	(150, 0.0)	(155, 0.0)	(160, 0.0)	(165, 0.0)	(170, 12.5)	(175, 25.0)	(180, 25.0)	(185, 25.0)	(190, 35.0)	(195, 37.5)	(200, 37.5)	(205, 37.5)	(210, 47.5)	(215, 50.0)	(220, 50.0)	(225, 50.0)	(230, 62.5)	(235, 62.5)	(240, 62.5)
SRR8438143_1 - illumina_small_rna_3'_adapter	(1, 0.0)	(2, 0.0)	(3, 0.0)	(4, 0.0)	(5, 0.0)	(6, 0.0)	(7, 0.0)	(8, 0.0)	(9, 0.0)	(10, 0.0)	(15, 0.0)	(20, 0.0)	(25, 0.0)	(30, 0.0)	(35, 0.0)	(40, 0.0)	(45, 0.0)	(50, 0.0)	(55, 0.0)	(60, 0.0)	(65, 0.0)	(70, 0.0)	(75, 0.0)	(80, 0.0)	(85, 0.0)	(90, 0.0)	(95, 0.0)	(100, 0.0)	(105, 0.0)	(110, 0.0)	(115, 0.0)	(120, 0.0)	(125, 0.0)	(130, 0.0)	(135, 0.17483288033497393)	(140, 1.1275986189671638)	(145, 1.1275986189671638)	(150, 1.1275986189671638)	(155, 1.1275986189671638)	(160, 1.1275986189671638)	(165, 1.1275986189671638)	(170, 1.1275986189671638)	(175, 1.1275986189671638)	(180, 1.1275986189671638)	(185, 1.1275986189671638)	(190, 1.1275986189671638)	(195, 1.1275986189671638)	(200, 1.1275986189671638)	(205, 1.1275986189671638)	(210, 1.1275986189671638)	(215, 1.1275986189671638)	(220, 1.1275986189671638)	(225, 1.1275986189671638)	(230, 1.1275986189671638)	(235, 1.1275986189671638)	(240, 1.1275986189671638)
SRR8438143_1 - illumina_universal_adapter	(1, 0.0)	(2, 0.0)	(3, 0.0)	(4, 0.0)	(5, 0.0)	(6, 0.0)	(7, 0.0)	(8, 0.0)	(9, 0.0)	(10, 0.0)	(15, 0.0)	(20, 0.0)	(25, 0.0)	(30, 0.0)	(35, 0.0)	(40, 0.0)	(45, 0.0)	(50, 0.0)	(55, 0.0)	(60, 0.0)	(65, 0.0)	(70, 0.0)	(75, 0.0)	(80, 0.0)	(85, 0.0)	(90, 0.0)	(95, 0.0)	(100, 0.0)	(105, 0.0)	(110, 0.0)	(115, 0.0)	(120, 0.1652831851906266)	(125, 0.275471975317711)	(130, 0.275471975317711)	(135, 0.275471975317711)	(140, 0.275471975317711)	(145, 0.275471975317711)	(150, 0.275471975317711)	(155, 0.275471975317711)	(160, 0.275471975317711)	(165, 0.275471975317711)	(170, 0.275471975317711)	(175, 0.275471975317711)	(180, 0.275471975317711)	(185, 0.275471975317711)	(190, 0.27841034305443324)	(195, 0.2791449349886138)	(200, 0.2791449349886138)	(205, 0.2791449349886138)	(210, 0.2791449349886138)	(215, 0.28134871079115553)	(220, 0.28649085433041943)	(225, 0.2872254462646)	(230, 0.29016381400132224)	(235, 0.29016381400132224)	(240, 0.29016381400132224)
SRR8438143_1 - polya	(1, 0.0)	(2, 0.0)	(3, 0.0)	(4, 0.0)	(5, 0.0)	(6, 0.0)	(7, 0.0)	(8, 0.0)	(9, 0.0)	(10, 0.0)	(15, 0.0)	(20, 0.0)	(25, 0.0)	(30, 0.0)	(35, 0.0)	(40, 0.0)	(45, 0.0)	(50, 0.0)	(55, 0.0)	(60, 0.004407551605083377)	(65, 0.08594725629912583)	(70, 0.09990450304855653)	(75, 0.10945419819290383)	(80, 0.11312715786380664)	(85, 0.11753470946889003)	(90, 0.1182693014030706)	(95, 0.12414603687651508)	(100, 0.12488062881069566)	(105, 0.12488062881069566)	(110, 0.12488062881069566)	(115, 0.12488062881069566)	(120, 0.12488062881069566)	(125, 0.12488062881069566)	(130, 0.12488062881069566)	(135, 0.12488062881069566)	(140, 0.12488062881069566)	(145, 0.12488062881069566)	(150, 0.12488062881069566)	(155, 0.12488062881069566)	(160, 0.12488062881069566)	(165, 0.12488062881069566)	(170, 0.12488062881069566)	(175, 0.12488062881069566)	(180, 0.12488062881069566)	(185, 0.12488062881069566)	(190, 0.12488062881069566)	(195, 0.12488062881069566)	(200, 0.12488062881069566)	(205, 0.12488062881069566)	(210, 0.12488062881069566)	(215, 0.12488062881069566)	(220, 0.12488062881069566)	(225, 0.12488062881069566)	(230, 0.12488062881069566)	(235, 0.12488062881069566)	(240, 0.12488062881069566)
SRR8438144 - illumina_universal_adapter	(1, 0.0)	(2, 0.0)	(3, 0.0)	(4, 0.0)	(5, 0.0)	(6, 0.0)	(7, 0.0)	(8, 0.0)	(9, 0.0)	(10, 0.0)	(15, 0.0)	(20, 0.0)	(25, 0.0)	(30, 0.0)	(35, 0.0)	(40, 0.0)	(45, 0.0)	(50, 0.0)	(55, 0.0)	(60, 0.0)	(65, 0.0)	(70, 0.0)	(75, 0.0)	(80, 0.0)	(85, 0.0)	(90, 0.0)	(95, 0.0)	(100, 0.0)	(105, 0.0)	(110, 0.0)	(115, 0.0)	(120, 7.36842105263158)	(125, 11.578947368421053)	(130, 24.210526315789473)	(135, 27.36842105263158)	(140, 31.57894736842105)	(145, 31.57894736842105)	(150, 41.05263157894737)	(155, 60.0)	(160, 65.26315789473685)	(165, 69.47368421052632)	(170, 74.73684210526316)	(175, 78.94736842105263)	(180, 81.05263157894737)	(185, 93.68421052631581)	(190, 94.73684210526316)	(195, 94.73684210526316)	(200, 94.73684210526316)	(205, 94.73684210526316)	(210, 94.73684210526316)	(215, 94.73684210526316)	(220, 94.73684210526316)	(225, 94.73684210526316)	(230, 94.73684210526316)	(235, 94.73684210526316)	(240, 94.73684210526316)
SRR8438144 - polya	(1, 0.0)	(2, 0.0)	(3, 0.0)	(4, 0.0)	(5, 0.0)	(6, 0.0)	(7, 0.0)	(8, 0.0)	(9, 0.0)	(10, 0.0)	(15, 0.0)	(20, 0.0)	(25, 0.0)	(30, 0.0)	(35, 0.0)	(40, 0.0)	(45, 0.0)	(50, 0.0)	(55, 0.0)	(60, 0.0)	(65, 0.0)	(70, 0.0)	(75, 0.0)	(80, 0.0)	(85, 0.0)	(90, 0.0)	(95, 0.0)	(100, 0.0)	(105, 0.0)	(110, 0.0)	(115, 0.0)	(120, 0.0)	(125, 0.0)	(130, 0.0)	(135, 0.0)	(140, 0.0)	(145, 0.0)	(150, 0.0)	(155, 0.0)	(160, 0.0)	(165, 0.0)	(170, 0.0)	(175, 0.0)	(180, 0.0)	(185, 0.0)	(190, 9.473684210526317)	(195, 10.526315789473685)	(200, 15.789473684210526)	(205, 15.789473684210526)	(210, 18.947368421052634)	(215, 26.31578947368421)	(220, 27.36842105263158)	(225, 31.57894736842105)	(230, 31.57894736842105)	(235, 31.57894736842105)	(240, 31.57894736842105)
SRR8438144_1 - illumina_small_rna_3'_adapter	(1, 0.0)	(2, 0.0)	(3, 0.0)	(4, 0.0)	(5, 0.0)	(6, 0.0)	(7, 0.0)	(8, 0.0)	(9, 0.0)	(10, 0.0)	(15, 0.0)	(20, 0.0)	(25, 0.0)	(30, 0.0)	(35, 0.0)	(40, 0.0)	(45, 0.0)	(50, 0.0)	(55, 0.0)	(60, 0.0)	(65, 0.0)	(70, 0.0)	(75, 0.0)	(80, 0.0)	(85, 0.0)	(90, 0.0)	(95, 0.0)	(100, 0.0)	(105, 0.0)	(110, 0.0)	(115, 0.0)	(120, 0.0)	(125, 0.0)	(130, 0.0)	(135, 0.22955117078182014)	(140, 1.4063551666725707)	(145, 1.4063551666725707)	(150, 1.4063551666725707)	(155, 1.4063551666725707)	(160, 1.4063551666725707)	(165, 1.4063551666725707)	(170, 1.4063551666725707)	(175, 1.4063551666725707)	(180, 1.4063551666725707)	(185, 1.4063551666725707)	(190, 1.4063551666725707)	(195, 1.4063551666725707)	(200, 1.4063551666725707)	(205, 1.4063551666725707)	(210, 1.4063551666725707)	(215, 1.4063551666725707)	(220, 1.4063551666725707)	(225, 1.4063551666725707)	(230, 1.4063551666725707)	(235, 1.4063551666725707)	(240, 1.4063551666725707)
SRR8438144_1 - illumina_universal_adapter	(1, 0.0)	(2, 0.0)	(3, 0.0)	(4, 0.0)	(5, 0.0)	(6, 0.0)	(7, 0.0)	(8, 0.0)	(9, 0.0)	(10, 0.0)	(15, 0.0)	(20, 0.0)	(25, 0.0)	(30, 0.0)	(35, 0.0)	(40, 0.0)	(45, 0.0)	(50, 0.0)	(55, 0.0)	(60, 0.002833965071380495)	(65, 0.003542456339225619)	(70, 0.003542456339225619)	(75, 0.003542456339225619)	(80, 0.003542456339225619)	(85, 0.003542456339225619)	(90, 0.003542456339225619)	(95, 0.004959438874915867)	(100, 0.007084912678451238)	(105, 0.007084912678451238)	(110, 0.009918877749831734)	(115, 0.010627369017676858)	(120, 0.19766906372878953)	(125, 0.32236352686953135)	(130, 0.32236352686953135)	(135, 0.32236352686953135)	(140, 0.32236352686953135)	(145, 0.32236352686953135)	(150, 0.32236352686953135)	(155, 0.32236352686953135)	(160, 0.32236352686953135)	(165, 0.32236352686953135)	(170, 0.32236352686953135)	(175, 0.32236352686953135)	(180, 0.32236352686953135)	(185, 0.32236352686953135)	(190, 0.32590598320875697)	(195, 0.32590598320875697)	(200, 0.3294484395479826)	(205, 0.331573913351518)	(210, 0.34290977363704)	(215, 0.354245633922562)	(220, 0.3584965815296327)	(225, 0.3648730029402388)	(230, 0.3677069680116193)	(235, 0.3740833894222254)	(240, 0.37550037195791564)
SRR8438144_1 - polya	(1, 0.0)	(2, 0.0)	(3, 0.0)	(4, 0.0)	(5, 0.0)	(6, 0.0)	(7, 0.0)	(8, 0.0)	(9, 0.0)	(10, 0.0)	(15, 0.0)	(20, 0.0007084912678451238)	(25, 0.003542456339225619)	(30, 0.003542456339225619)	(35, 0.003542456339225619)	(40, 0.003542456339225619)	(45, 0.003542456339225619)	(50, 0.003542456339225619)	(55, 0.004250947607070743)	(60, 0.02621417691026958)	(65, 0.09352084735555635)	(70, 0.10698218144461369)	(75, 0.10981614651599418)	(80, 0.11123312905168445)	(85, 0.12681993694427715)	(90, 0.14949165751532115)	(95, 0.18633320344326756)	(100, 0.20546246767508594)	(105, 0.20546246767508594)	(110, 0.21254738035353715)	(115, 0.21254738035353715)	(120, 0.21254738035353715)	(125, 0.21254738035353715)	(130, 0.21254738035353715)	(135, 0.21254738035353715)	(140, 0.21254738035353715)	(145, 0.21254738035353715)	(150, 0.21254738035353715)	(155, 0.21254738035353715)	(160, 0.21254738035353715)	(165, 0.21254738035353715)	(170, 0.21254738035353715)	(175, 0.21254738035353715)	(180, 0.21254738035353715)	(185, 0.21254738035353715)	(190, 0.21254738035353715)	(195, 0.21254738035353715)	(200, 0.21254738035353715)	(205, 0.21254738035353715)	(210, 0.21254738035353715)	(215, 0.21254738035353715)	(220, 0.21254738035353715)	(225, 0.21254738035353715)	(230, 0.22955117078182014)	(235, 0.2338021183888909)	(240, 0.23380211838889087)
SRR8438144_2 - polya	(1, 0.0)	(2, 0.0)	(3, 0.0)	(4, 0.0)	(5, 0.0)	(6, 0.0)	(7, 0.0)	(8, 0.0)	(9, 0.0)	(10, 0.0)	(15, 0.0)	(20, 0.0)	(25, 0.0)	(30, 0.0)	(35, 0.0)	(40, 0.0)	(45, 0.0)	(50, 0.0)	(55, 0.0)	(60, 0.02196322930319884)	(65, 0.04534344114208792)	(70, 0.04959438874915867)	(75, 0.051011371284848915)	(80, 0.05880477523114528)	(85, 0.06943214424882213)	(90, 0.07297460058804775)	(95, 0.08360196960572461)	(100, 0.09564632115909172)	(105, 0.09918877749831734)	(110, 0.09918877749831734)	(115, 0.10060576003400759)	(120, 0.10273123383754297)	(125, 0.10485670764107832)	(130, 0.10981614651599418)	(135, 0.10981614651599418)	(140, 0.10981614651599418)	(145, 0.10981614651599418)	(150, 0.10981614651599418)	(155, 0.10981614651599418)	(160, 0.10981614651599418)	(165, 0.10981614651599418)	(170, 0.10981614651599418)	(175, 0.10981614651599418)	(180, 0.10981614651599418)	(185, 0.10981614651599418)	(190, 0.10981614651599418)	(195, 0.10981614651599418)	(200, 0.10981614651599418)	(205, 0.10981614651599418)	(210, 0.10981614651599418)	(215, 0.10981614651599418)	(220, 0.10981614651599418)	(225, 0.10981614651599418)	(230, 0.10981614651599418)	(235, 0.10981614651599418)	(240, 0.1098161465159942)
SRR8438145 - illumina_universal_adapter	(1, 0.0)	(2, 0.0)	(3, 0.0)	(4, 0.0)	(5, 0.0)	(6, 0.0)	(7, 0.0)	(8, 0.0)	(9, 0.0)	(10, 0.0)	(15, 0.0)	(20, 0.0)	(25, 0.0)	(30, 0.0)	(35, 0.0)	(40, 0.0)	(45, 0.0)	(50, 0.0)	(55, 0.0)	(60, 0.0)	(65, 0.0)	(70, 0.0)	(75, 0.0)	(80, 0.0)	(85, 0.0)	(90, 0.9523809523809523)	(95, 4.761904761904762)	(100, 9.523809523809524)	(105, 9.523809523809524)	(110, 9.523809523809524)	(115, 9.523809523809524)	(120, 9.523809523809524)	(125, 14.285714285714286)	(130, 14.285714285714286)	(135, 14.285714285714286)	(140, 20.0)	(145, 31.428571428571434)	(150, 38.095238095238095)	(155, 42.857142857142854)	(160, 50.476190476190474)	(165, 54.28571428571429)	(170, 63.80952380952382)	(175, 71.42857142857143)	(180, 71.42857142857143)	(185, 83.80952380952381)	(190, 90.47619047619048)	(195, 90.47619047619048)	(200, 90.47619047619048)	(205, 90.47619047619048)	(210, 90.47619047619048)	(215, 90.47619047619048)	(220, 90.47619047619048)	(225, 90.47619047619048)	(230, 90.47619047619048)	(235, 90.47619047619048)	(240, 90.47619047619048)
SRR8438145 - polya	(1, 0.0)	(2, 0.0)	(3, 0.0)	(4, 0.0)	(5, 0.0)	(6, 0.0)	(7, 0.0)	(8, 0.0)	(9, 0.0)	(10, 0.0)	(15, 0.0)	(20, 0.0)	(25, 0.0)	(30, 0.0)	(35, 0.0)	(40, 0.0)	(45, 0.0)	(50, 0.0)	(55, 0.0)	(60, 0.0)	(65, 0.0)	(70, 0.0)	(75, 0.0)	(80, 0.0)	(85, 0.0)	(90, 0.0)	(95, 0.0)	(100, 0.0)	(105, 0.0)	(110, 0.0)	(115, 0.0)	(120, 0.0)	(125, 0.0)	(130, 0.0)	(135, 0.0)	(140, 0.0)	(145, 0.0)	(150, 0.0)	(155, 0.0)	(160, 0.0)	(165, 0.0)	(170, 0.0)	(175, 0.0)	(180, 0.0)	(185, 0.0)	(190, 0.0)	(195, 0.0)	(200, 0.0)	(205, 0.0)	(210, 0.0)	(215, 0.0)	(220, 0.0)	(225, 0.0)	(230, 1.9047619047619047)	(235, 4.761904761904762)	(240, 4.761904761904762)
SRR8438145_1 - polya	(1, 0.0)	(2, 0.0)	(3, 0.0)	(4, 0.0)	(5, 0.0)	(6, 0.0)	(7, 0.0)	(8, 0.0)	(9, 0.0)	(10, 0.0)	(15, 0.0)	(20, 0.00019569088667540754)	(25, 0.0009784544333770377)	(30, 0.0009784544333770377)	(35, 0.0009784544333770377)	(40, 0.0009784544333770377)	(45, 0.0009784544333770377)	(50, 0.0015655270934032603)	(55, 0.0019569088667540755)	(60, 0.0019569088667540755)	(65, 0.0023482906401048904)	(70, 0.0054793448269114114)	(75, 0.010371616993796599)	(80, 0.017416488914111274)	(85, 0.021917379307645642)	(90, 0.10273771550458895)	(95, 0.14774661943993267)	(100, 0.1506819827400638)	(105, 0.1506819827400638)	(110, 0.1506819827400638)	(115, 0.1508776736267392)	(120, 0.15185612806011622)	(125, 0.15655270934032603)	(130, 0.15655270934032603)	(135, 0.16144498150721123)	(140, 0.16829416254085047)	(145, 0.16829416254085047)	(150, 0.16829416254085047)	(155, 0.16829416254085047)	(160, 0.16829416254085047)	(165, 0.16907692608755212)	(170, 0.16927261697422752)	(175, 0.16927261697422752)	(180, 0.16927261697422752)	(185, 0.16927261697422752)	(190, 0.16927261697422752)	(195, 0.16927261697422752)	(200, 0.16927261697422752)	(205, 0.17025107140760454)	(210, 0.17025107140760454)	(215, 0.17025107140760454)	(220, 0.17025107140760454)	(225, 0.17025107140760454)	(230, 0.17064245318095533)	(235, 0.1761217980078668)	(240, 0.1761217980078668)
SRR8438146 - illumina_universal_adapter	(1, 0.0)	(2, 0.0)	(3, 0.0)	(4, 0.0)	(5, 0.0)	(6, 0.0)	(7, 0.0)	(8, 0.0)	(9, 0.0)	(10, 0.0)	(15, 0.0)	(20, 0.0)	(25, 0.0)	(30, 0.0)	(35, 0.0)	(40, 0.0)	(45, 0.0)	(50, 0.0)	(55, 0.0)	(60, 0.0)	(65, 0.0)	(70, 0.0)	(75, 0.0)	(80, 0.0)	(85, 0.0)	(90, 0.0)	(95, 0.0)	(100, 0.0)	(105, 0.0)	(110, 0.0)	(115, 0.0)	(120, 0.0)	(125, 0.0)	(130, 0.0)	(135, 6.153846153846154)	(140, 7.692307692307692)	(145, 12.307692307692308)	(150, 15.384615384615383)	(155, 15.384615384615383)	(160, 20.0)	(165, 32.30769230769231)	(170, 41.53846153846154)	(175, 52.30769230769231)	(180, 67.6923076923077)	(185, 81.53846153846155)	(190, 84.61538461538461)	(195, 84.61538461538461)	(200, 84.61538461538461)	(205, 84.61538461538461)	(210, 84.61538461538461)	(215, 84.61538461538461)	(220, 84.61538461538461)	(225, 84.61538461538461)	(230, 84.61538461538461)	(235, 84.61538461538461)	(240, 84.61538461538461)
SRR8438146_1 - polya	(1, 0.0)	(2, 0.0)	(3, 0.0)	(4, 0.0)	(5, 0.0)	(6, 0.0)	(7, 0.0)	(8, 0.0)	(9, 0.0)	(10, 0.0)	(15, 0.0)	(20, 0.00043292854514362405)	(25, 0.00216464272571812)	(30, 0.00216464272571812)	(35, 0.00216464272571812)	(40, 0.00216464272571812)	(45, 0.00216464272571812)	(50, 0.0028140355434335563)	(55, 0.0032469640885771805)	(60, 0.0041128211788644285)	(65, 0.005195142541723488)	(70, 0.012987856354308722)	(75, 0.020131177349178516)	(80, 0.029439141069766434)	(85, 0.046756282875511396)	(90, 0.09892417256531809)	(95, 0.12230231400307379)	(100, 0.12230231400307379)	(105, 0.12230231400307379)	(110, 0.12230231400307379)	(115, 0.12230231400307379)	(120, 0.12251877827564558)	(125, 0.12338463536593285)	(130, 0.12360109963850466)	(135, 0.1244669567287919)	(140, 0.1244669567287919)	(145, 0.1244669567287919)	(150, 0.1244669567287919)	(155, 0.12511634954650735)	(160, 0.12554927809165098)	(165, 0.12554927809165098)	(170, 0.12554927809165098)	(175, 0.12554927809165098)	(180, 0.12554927809165098)	(185, 0.12554927809165098)	(190, 0.12554927809165098)	(195, 0.12554927809165098)	(200, 0.12554927809165098)	(205, 0.12554927809165098)	(210, 0.12554927809165098)	(215, 0.12554927809165098)	(220, 0.12554927809165098)	(225, 0.12554927809165098)	(230, 0.12554927809165098)	(235, 0.12554927809165098)	(240, 0.12554927809165098)
SRR8438147 - illumina_universal_adapter	(1, 0.0)	(2, 0.0)	(3, 0.0)	(4, 0.0)	(5, 0.0)	(6, 0.0)	(7, 0.0)	(8, 0.0)	(9, 0.0)	(10, 0.0)	(15, 0.0)	(20, 0.0)	(25, 0.0)	(30, 0.0)	(35, 0.0)	(40, 0.0)	(45, 0.0)	(50, 0.0)	(55, 0.0)	(60, 15.0)	(65, 25.0)	(70, 25.0)	(75, 25.0)	(80, 25.0)	(85, 25.0)	(90, 25.0)	(95, 25.0)	(100, 25.0)	(105, 25.0)	(110, 25.0)	(115, 25.0)	(120, 25.0)	(125, 25.0)	(130, 25.0)	(135, 40.0)	(140, 50.0)	(145, 50.0)	(150, 50.0)	(155, 50.0)	(160, 50.0)	(165, 55.0)	(170, 75.0)	(175, 75.0)	(180, 75.0)	(185, 75.0)	(190, 75.0)	(195, 75.0)	(200, 75.0)	(205, 75.0)	(210, 75.0)	(215, 75.0)	(220, 75.0)	(225, 75.0)	(230, 75.0)	(235, 75.0)	(240, 75.0)
SRR8438147_1 - nextera_transposase_sequence	(1, 0.0)	(2, 0.0)	(3, 0.0)	(4, 0.19807230418915125)	(5, 0.19807230418915125)	(6, 0.19807230418915125)	(7, 0.19807230418915125)	(8, 0.19807230418915125)	(9, 0.19807230418915125)	(10, 0.19807230418915125)	(15, 0.19807230418915125)	(20, 0.19807230418915125)	(25, 0.19807230418915125)	(30, 0.19807230418915125)	(35, 0.19807230418915125)	(40, 0.19807230418915125)	(45, 0.19807230418915125)	(50, 0.19807230418915125)	(55, 0.19807230418915125)	(60, 0.19807230418915125)	(65, 0.19807230418915125)	(70, 0.19807230418915125)	(75, 0.19807230418915125)	(80, 0.19807230418915125)	(85, 0.19807230418915125)	(90, 0.19807230418915125)	(95, 0.19807230418915125)	(100, 0.19807230418915125)	(105, 0.19807230418915125)	(110, 0.19807230418915125)	(115, 0.19807230418915125)	(120, 0.19807230418915125)	(125, 0.19807230418915125)	(130, 0.19807230418915125)	(135, 0.19807230418915125)	(140, 0.19807230418915125)	(145, 0.19807230418915125)	(150, 0.19807230418915125)	(155, 0.19807230418915125)	(160, 0.19807230418915125)	(165, 0.19807230418915125)	(170, 0.19807230418915125)	(175, 0.19807230418915125)	(180, 0.19807230418915125)	(185, 0.19807230418915125)	(190, 0.19807230418915125)	(195, 0.19807230418915125)	(200, 0.19807230418915125)	(205, 0.19807230418915125)	(210, 0.19807230418915125)	(215, 0.19807230418915125)	(220, 0.19807230418915125)	(225, 0.19807230418915125)	(230, 0.19807230418915125)	(235, 0.19807230418915125)	(240, 0.19807230418915125)
SRR8438147_1 - polya	(1, 0.0)	(2, 0.0)	(3, 0.0)	(4, 0.0)	(5, 0.0)	(6, 0.0)	(7, 0.0)	(8, 0.0)	(9, 0.0)	(10, 0.0)	(15, 0.0)	(20, 0.0006238497769737048)	(25, 0.0031192488848685238)	(30, 0.0031192488848685238)	(35, 0.0031192488848685238)	(40, 0.0031192488848685238)	(45, 0.0031192488848685238)	(50, 0.0031192488848685238)	(55, 0.0031192488848685238)	(60, 0.0031192488848685238)	(65, 0.042421784834211926)	(70, 0.2507876103434293)	(75, 0.3683832933029726)	(80, 0.5293365357621884)	(85, 0.6799962569013381)	(90, 1.350010917371097)	(95, 1.7146511120122276)	(100, 1.7689260426089397)	(105, 1.8107239776661779)	(110, 1.8169624754359153)	(115, 1.8175863252128888)	(120, 1.8216413487632181)	(125, 1.8216413487632181)	(130, 1.8216413487632181)	(135, 1.8216413487632181)	(140, 1.8216413487632181)	(145, 1.8216413487632181)	(150, 1.8216413487632181)	(155, 1.8216413487632181)	(160, 1.8216413487632181)	(165, 1.8222651985401916)	(170, 1.8232009732056518)	(175, 1.8232009732056518)	(180, 1.8241367478711126)	(185, 1.8247605976480863)	(190, 1.8247605976480863)	(195, 1.8247605976480863)	(200, 1.8247605976480863)	(205, 1.8247605976480863)	(210, 1.8247605976480863)	(215, 1.8247605976480863)	(220, 1.8247605976480863)	(225, 1.8247605976480863)	(230, 1.8250725225365731)	(235, 1.8993106459964442)	(240, 1.912099566424405)
SRR8438147_2 - polya	(1, 0.0)	(2, 0.0)	(3, 0.0)	(4, 0.0)	(5, 0.0)	(6, 0.0)	(7, 0.0)	(8, 0.0)	(9, 0.0)	(10, 0.0)	(15, 0.0)	(20, 0.0)	(25, 0.0)	(30, 0.0)	(35, 0.0)	(40, 0.0)	(45, 0.0009357746654605571)	(50, 0.0015596244424342619)	(55, 0.0015596244424342619)	(60, 0.013412770204934652)	(65, 0.02869708974079042)	(70, 0.05614647992763342)	(75, 0.0714307994634892)	(80, 0.08921051810723978)	(85, 0.14005427493059674)	(90, 0.1406781247075704)	(95, 0.14535699803487317)	(100, 0.1466046975888206)	(105, 0.15284319535855767)	(110, 0.1578339935743473)	(115, 0.16064131757072897)	(120, 0.16064131757072897)	(125, 0.16875136467138713)	(130, 0.177485261549019)	(135, 0.17779718643750586)	(140, 0.1793568108799401)	(145, 0.1793568108799401)	(150, 0.1793568108799401)	(155, 0.1793568108799401)	(160, 0.17966873576842696)	(165, 0.18091643532237436)	(170, 0.18091643532237436)	(175, 0.18091643532237436)	(180, 0.18091643532237436)	(185, 0.18091643532237436)	(190, 0.18091643532237436)	(195, 0.18091643532237436)	(200, 0.18091643532237436)	(205, 0.18091643532237436)	(210, 0.1834118344302692)	(215, 0.1840356842072429)	(220, 0.1840356842072429)	(225, 0.1840356842072429)	(230, 0.1840356842072429)	(235, 0.1840356842072429)	(240, 0.1840356842072429)
SRR8438148 - illumina_universal_adapter	(1, 0.0)	(2, 0.0)	(3, 0.0)	(4, 0.0)	(5, 0.0)	(6, 0.0)	(7, 0.0)	(8, 0.0)	(9, 0.0)	(10, 0.0)	(15, 0.0)	(20, 0.0)	(25, 0.0)	(30, 0.0)	(35, 0.0)	(40, 0.0)	(45, 0.0)	(50, 0.0)	(55, 0.0)	(60, 0.0)	(65, 0.0)	(70, 0.0)	(75, 0.0)	(80, 0.0)	(85, 0.0)	(90, 0.0)	(95, 0.0)	(100, 6.666666666666667)	(105, 16.666666666666668)	(110, 16.666666666666668)	(115, 16.666666666666668)	(120, 23.333333333333336)	(125, 33.333333333333336)	(130, 33.333333333333336)	(135, 33.333333333333336)	(140, 33.333333333333336)	(145, 46.66666666666667)	(150, 50.0)	(155, 60.000000000000014)	(160, 66.66666666666667)	(165, 66.66666666666667)	(170, 66.66666666666667)	(175, 73.33333333333333)	(180, 83.33333333333333)	(185, 83.33333333333333)	(190, 83.33333333333333)	(195, 83.33333333333333)	(200, 83.33333333333333)	(205, 83.33333333333333)	(210, 83.33333333333333)	(215, 83.33333333333333)	(220, 83.33333333333333)	(225, 83.33333333333333)	(230, 83.33333333333333)	(235, 83.33333333333333)	(240, 83.33333333333333)
SRR8438148_1 - polya	(1, 0.0)	(2, 0.0)	(3, 0.0)	(4, 0.0)	(5, 0.0)	(6, 0.0)	(7, 0.0)	(8, 0.0)	(9, 0.0)	(10, 0.0)	(15, 0.0)	(20, 0.0)	(25, 0.0)	(30, 0.0)	(35, 0.0)	(40, 0.0)	(45, 0.0)	(50, 0.0)	(55, 0.0)	(60, 0.0)	(65, 0.003124232889245944)	(70, 0.013835888509517752)	(75, 0.018075918859208673)	(80, 0.027671777019035504)	(85, 0.045301376894066187)	(90, 0.1077860346789851)	(95, 0.13657360915846556)	(100, 0.13768940661891055)	(105, 0.1394746825556225)	(110, 0.1394746825556225)	(115, 0.1394746825556225)	(120, 0.14125995849233447)	(125, 0.14282207493695745)	(130, 0.1439378723974024)	(135, 0.1439378723974024)	(140, 0.1439378723974024)	(145, 0.1443841913815804)	(150, 0.1450536698578474)	(155, 0.1450536698578474)	(160, 0.1450536698578474)	(165, 0.1450536698578474)	(170, 0.1450536698578474)	(175, 0.1450536698578474)	(180, 0.1450536698578474)	(185, 0.1450536698578474)	(190, 0.1450536698578474)	(195, 0.1450536698578474)	(200, 0.1450536698578474)	(205, 0.1450536698578474)	(210, 0.1450536698578474)	(215, 0.1450536698578474)	(220, 0.1450536698578474)	(225, 0.1450536698578474)	(230, 0.1450536698578474)	(235, 0.15955903684363218)	(240, 0.1629064292249671)
SRR8438149 - illumina_universal_adapter	(1, 0.0)	(2, 0.0)	(3, 0.0)	(4, 0.0)	(5, 0.0)	(6, 0.0)	(7, 0.0)	(8, 0.0)	(9, 0.0)	(10, 0.0)	(15, 0.0)	(20, 0.0)	(25, 0.0)	(30, 0.0)	(35, 0.0)	(40, 0.0)	(45, 0.0)	(50, 0.0)	(55, 0.0)	(60, 0.0)	(65, 0.0)	(70, 0.0)	(75, 0.0)	(80, 0.0)	(85, 0.0)	(90, 0.0)	(95, 0.0)	(100, 0.0)	(105, 6.666666666666667)	(110, 10.0)	(115, 20.0)	(120, 25.0)	(125, 25.0)	(130, 25.0)	(135, 25.0)	(140, 35.0)	(145, 41.666666666666664)	(150, 46.666666666666664)	(155, 50.0)	(160, 63.333333333333336)	(165, 75.0)	(170, 83.33333333333333)	(175, 91.66666666666667)	(180, 100.0)	(185, 100.0)	(190, 100.0)	(195, 100.0)	(200, 100.0)	(205, 100.0)	(210, 100.0)	(215, 100.0)	(220, 100.0)	(225, 100.0)	(230, 100.0)	(235, 100.0)	(240, 100.0)
SRR8438149 - polya	(1, 0.0)	(2, 0.0)	(3, 0.0)	(4, 0.0)	(5, 0.0)	(6, 0.0)	(7, 0.0)	(8, 0.0)	(9, 0.0)	(10, 0.0)	(15, 0.0)	(20, 0.0)	(25, 0.0)	(30, 0.0)	(35, 0.0)	(40, 0.0)	(45, 0.0)	(50, 0.0)	(55, 0.0)	(60, 0.0)	(65, 0.0)	(70, 0.0)	(75, 0.0)	(80, 0.0)	(85, 0.0)	(90, 0.0)	(95, 0.0)	(100, 0.0)	(105, 0.0)	(110, 0.0)	(115, 0.0)	(120, 0.0)	(125, 0.0)	(130, 0.0)	(135, 0.0)	(140, 0.0)	(145, 0.0)	(150, 0.0)	(155, 0.0)	(160, 0.0)	(165, 5.0)	(170, 8.333333333333334)	(175, 8.333333333333334)	(180, 8.333333333333334)	(185, 8.333333333333334)	(190, 8.333333333333334)	(195, 8.333333333333334)	(200, 8.333333333333334)	(205, 8.333333333333334)	(210, 8.333333333333334)	(215, 8.333333333333334)	(220, 8.333333333333334)	(225, 8.333333333333334)	(230, 8.333333333333334)	(235, 8.333333333333334)	(240, 8.333333333333334)
SRR8438149_1 - polya	(1, 0.0)	(2, 0.0)	(3, 0.0)	(4, 0.0)	(5, 0.0)	(6, 0.0)	(7, 0.0)	(8, 0.0)	(9, 0.0)	(10, 0.0)	(15, 0.0)	(20, 0.0)	(25, 0.0)	(30, 0.0)	(35, 0.0)	(40, 0.0)	(45, 0.0)	(50, 0.0)	(55, 0.0)	(60, 0.0)	(65, 0.0009932952570151478)	(70, 0.0024832381425378696)	(75, 0.0024832381425378696)	(80, 0.0032282095852992306)	(85, 0.006953066799106035)	(90, 0.014402781226719641)	(95, 0.022349143282840826)	(100, 0.026322324310901417)	(105, 0.032033772038738514)	(110, 0.0322820958529923)	(115, 0.03302706729575366)	(120, 0.03526198162403775)	(125, 0.038986838837844554)	(130, 0.04221504842314378)	(135, 0.04718152470821952)	(140, 0.05338962006456419)	(145, 0.053637943878817984)	(150, 0.06679910603426868)	(155, 0.06828904891979141)	(160, 0.07300720139061337)	(165, 0.07449714427613609)	(170, 0.07449714427613609)	(175, 0.07449714427613609)	(180, 0.07449714427613609)	(185, 0.07524211571889745)	(190, 0.07573876334740502)	(195, 0.07573876334740502)	(200, 0.07673205860442016)	(205, 0.07698038241867396)	(210, 0.07772535386143532)	(215, 0.07822200148994289)	(220, 0.07822200148994289)	(225, 0.07822200148994289)	(230, 0.07921529674695803)	(235, 0.11174571641420412)	(240, 0.11919543084181773)
SRR8438150 - illumina_universal_adapter	(1, 5.555555555555555)	(2, 5.555555555555555)	(3, 5.555555555555555)	(4, 5.555555555555555)	(5, 5.555555555555555)	(6, 5.555555555555555)	(7, 5.555555555555555)	(8, 5.555555555555555)	(9, 5.555555555555555)	(10, 5.555555555555555)	(15, 5.555555555555555)	(20, 5.555555555555555)	(25, 5.555555555555555)	(30, 5.555555555555555)	(35, 10.0)	(40, 11.11111111111111)	(45, 11.11111111111111)	(50, 11.11111111111111)	(55, 11.11111111111111)	(60, 11.11111111111111)	(65, 11.11111111111111)	(70, 11.11111111111111)	(75, 11.11111111111111)	(80, 16.666666666666668)	(85, 16.666666666666668)	(90, 16.666666666666668)	(95, 16.666666666666668)	(100, 16.666666666666668)	(105, 16.666666666666668)	(110, 16.666666666666668)	(115, 16.666666666666668)	(120, 16.666666666666668)	(125, 23.333333333333332)	(130, 27.77777777777778)	(135, 27.77777777777778)	(140, 31.111111111111114)	(145, 38.888888888888886)	(150, 38.888888888888886)	(155, 41.11111111111111)	(160, 44.44444444444444)	(165, 45.55555555555556)	(170, 58.88888888888889)	(175, 66.66666666666667)	(180, 71.11111111111111)	(185, 75.55555555555556)	(190, 77.77777777777777)	(195, 77.77777777777777)	(200, 77.77777777777777)	(205, 77.77777777777777)	(210, 77.77777777777777)	(215, 77.77777777777777)	(220, 77.77777777777777)	(225, 77.77777777777777)	(230, 77.77777777777777)	(235, 77.77777777777777)	(240, 77.77777777777777)
SRR8438150 - polya	(1, 0.0)	(2, 0.0)	(3, 0.0)	(4, 0.0)	(5, 0.0)	(6, 0.0)	(7, 0.0)	(8, 0.0)	(9, 0.0)	(10, 0.0)	(15, 0.0)	(20, 0.0)	(25, 0.0)	(30, 0.0)	(35, 0.0)	(40, 0.0)	(45, 0.0)	(50, 0.0)	(55, 0.0)	(60, 0.0)	(65, 0.0)	(70, 0.0)	(75, 0.0)	(80, 0.0)	(85, 0.0)	(90, 0.0)	(95, 0.0)	(100, 0.0)	(105, 0.0)	(110, 0.0)	(115, 0.0)	(120, 0.0)	(125, 0.0)	(130, 0.0)	(135, 0.0)	(140, 0.0)	(145, 0.0)	(150, 0.0)	(155, 0.0)	(160, 0.0)	(165, 0.0)	(170, 0.0)	(175, 0.0)	(180, 0.0)	(185, 0.0)	(190, 0.0)	(195, 0.0)	(200, 1.1111111111111112)	(205, 5.555555555555555)	(210, 5.555555555555555)	(215, 5.555555555555555)	(220, 5.555555555555555)	(225, 5.555555555555555)	(230, 5.555555555555555)	(235, 5.555555555555555)	(240, 5.555555555555555)
SRR8438150_1 - polya	(1, 0.0)	(2, 0.0)	(3, 0.0)	(4, 0.0)	(5, 0.0)	(6, 0.0)	(7, 0.0)	(8, 0.0)	(9, 0.0)	(10, 0.0)	(15, 0.0)	(20, 0.0)	(25, 0.0)	(30, 0.0)	(35, 0.0)	(40, 0.0)	(45, 0.0)	(50, 0.0)	(55, 0.0)	(60, 0.0)	(65, 0.0009777719835734307)	(70, 0.006518479890489539)	(75, 0.007822175868587446)	(80, 0.01042956782478326)	(85, 0.011733263802881169)	(90, 0.020533211655042044)	(95, 0.022814679616713383)	(100, 0.024118375594811288)	(105, 0.027703539534580535)	(110, 0.027703539534580535)	(115, 0.029659083501727395)	(120, 0.0338960954305456)	(125, 0.04269604328270647)	(130, 0.045629359233426765)	(135, 0.045629359233426765)	(140, 0.05051821915129392)	(145, 0.05214783912391631)	(150, 0.05540707906916107)	(155, 0.05540707906916107)	(160, 0.05540707906916107)	(165, 0.055733003063685546)	(170, 0.057688547030832406)	(175, 0.058992243008930315)	(180, 0.06225148295417508)	(185, 0.06388110292679747)	(190, 0.06518479890489538)	(195, 0.06518479890489538)	(200, 0.06518479890489538)	(205, 0.06518479890489538)	(210, 0.06518479890489538)	(215, 0.06518479890489538)	(220, 0.0677921908610912)	(225, 0.06844403885014015)	(230, 0.06974773482823805)	(235, 0.10396975425330812)	(240, 0.11081415813832214)
SRR8438151 - illumina_universal_adapter	(1, 0.0)	(2, 0.0)	(3, 0.0)	(4, 0.0)	(5, 0.0)	(6, 0.0)	(7, 0.0)	(8, 0.0)	(9, 0.0)	(10, 0.0)	(15, 0.0)	(20, 0.0)	(25, 0.0)	(30, 0.0)	(35, 0.0)	(40, 0.0)	(45, 0.0)	(50, 0.0)	(55, 0.0)	(60, 0.0)	(65, 0.0)	(70, 0.0)	(75, 0.0)	(80, 0.0)	(85, 0.0)	(90, 0.0)	(95, 0.0)	(100, 0.0)	(105, 6.0)	(110, 10.0)	(115, 10.0)	(120, 14.0)	(125, 20.0)	(130, 20.0)	(135, 20.0)	(140, 28.0)	(145, 38.0)	(150, 54.0)	(155, 60.0)	(160, 60.0)	(165, 60.0)	(170, 64.0)	(175, 70.0)	(180, 98.0)	(185, 100.0)	(190, 100.0)	(195, 100.0)	(200, 100.0)	(205, 100.0)	(210, 100.0)	(215, 100.0)	(220, 100.0)	(225, 100.0)	(230, 100.0)	(235, 100.0)	(240, 100.0)
SRR8438151 - polya	(1, 0.0)	(2, 0.0)	(3, 0.0)	(4, 0.0)	(5, 0.0)	(6, 0.0)	(7, 0.0)	(8, 0.0)	(9, 0.0)	(10, 0.0)	(15, 0.0)	(20, 0.0)	(25, 0.0)	(30, 0.0)	(35, 0.0)	(40, 0.0)	(45, 0.0)	(50, 0.0)	(55, 0.0)	(60, 0.0)	(65, 0.0)	(70, 0.0)	(75, 0.0)	(80, 0.0)	(85, 0.0)	(90, 0.0)	(95, 0.0)	(100, 0.0)	(105, 0.0)	(110, 0.0)	(115, 0.0)	(120, 0.0)	(125, 0.0)	(130, 0.0)	(135, 0.0)	(140, 0.0)	(145, 0.0)	(150, 0.0)	(155, 0.0)	(160, 0.0)	(165, 4.0)	(170, 10.0)	(175, 10.0)	(180, 10.0)	(185, 10.0)	(190, 10.0)	(195, 10.0)	(200, 10.0)	(205, 14.0)	(210, 20.0)	(215, 20.0)	(220, 20.0)	(225, 20.0)	(230, 20.0)	(235, 20.0)	(240, 20.0)
SRR8438151_1 - polya	(1, 0.0)	(2, 0.0)	(3, 0.0)	(4, 0.0)	(5, 0.0)	(6, 0.0)	(7, 0.0)	(8, 0.0)	(9, 0.0)	(10, 0.0)	(15, 0.0)	(20, 0.0)	(25, 0.0)	(30, 0.0)	(35, 0.0)	(40, 0.0)	(45, 0.0)	(50, 0.0)	(55, 0.0)	(60, 0.0)	(65, 0.0465470548408937)	(70, 0.217501692620176)	(75, 0.31059580230196343)	(80, 0.3859174001354096)	(85, 0.40961408259986465)	(90, 0.4172308733920108)	(95, 0.4341570751523358)	(100, 0.43584969532836826)	(105, 0.43584969532836826)	(110, 0.43584969532836826)	(115, 0.43584969532836826)	(120, 0.43584969532836826)	(125, 0.43584969532836826)	(130, 0.43584969532836826)	(135, 0.43584969532836826)	(140, 0.43584969532836826)	(145, 0.43584969532836826)	(150, 0.43584969532836826)	(155, 0.43584969532836826)	(160, 0.43584969532836826)	(165, 0.43584969532836826)	(170, 0.43584969532836826)	(175, 0.43584969532836826)	(180, 0.43584969532836826)	(185, 0.43584969532836826)	(190, 0.43584969532836826)	(195, 0.43584969532836826)	(200, 0.43584969532836826)	(205, 0.43584969532836826)	(210, 0.43584969532836826)	(215, 0.43584969532836826)	(220, 0.43584969532836826)	(225, 0.43584969532836826)	(230, 0.43669600541638454)	(235, 0.49085985104942453)	(240, 0.49085985104942453)
SRR8438152 - illumina_universal_adapter	(1, 0.0)	(2, 0.0)	(3, 0.0)	(4, 0.0)	(5, 0.0)	(6, 0.0)	(7, 0.0)	(8, 0.0)	(9, 0.0)	(10, 0.0)	(15, 0.0)	(20, 0.0)	(25, 0.0)	(30, 0.0)	(35, 0.0)	(40, 0.0)	(45, 0.0)	(50, 0.0)	(55, 0.0)	(60, 0.0)	(65, 0.0)	(70, 0.0)	(75, 0.0)	(80, 0.0)	(85, 0.0)	(90, 0.0)	(95, 0.0)	(100, 0.0)	(105, 0.0)	(110, 0.0)	(115, 0.0)	(120, 0.0)	(125, 0.0)	(130, 0.0)	(135, 13.333333333333334)	(140, 33.333333333333336)	(145, 33.333333333333336)	(150, 33.333333333333336)	(155, 33.333333333333336)	(160, 33.333333333333336)	(165, 33.333333333333336)	(170, 33.333333333333336)	(175, 33.333333333333336)	(180, 33.333333333333336)	(185, 46.66666666666667)	(190, 66.66666666666667)	(195, 66.66666666666667)	(200, 66.66666666666667)	(205, 66.66666666666667)	(210, 66.66666666666667)	(215, 66.66666666666667)	(220, 66.66666666666667)	(225, 66.66666666666667)	(230, 66.66666666666667)	(235, 66.66666666666667)	(240, 66.66666666666667)
SRR8438152 - polya	(1, 0.0)	(2, 0.0)	(3, 0.0)	(4, 0.0)	(5, 0.0)	(6, 0.0)	(7, 0.0)	(8, 0.0)	(9, 0.0)	(10, 0.0)	(15, 0.0)	(20, 0.0)	(25, 0.0)	(30, 0.0)	(35, 0.0)	(40, 0.0)	(45, 0.0)	(50, 0.0)	(55, 0.0)	(60, 0.0)	(65, 0.0)	(70, 0.0)	(75, 0.0)	(80, 0.0)	(85, 0.0)	(90, 0.0)	(95, 0.0)	(100, 0.0)	(105, 0.0)	(110, 0.0)	(115, 20.0)	(120, 33.333333333333336)	(125, 33.333333333333336)	(130, 33.333333333333336)	(135, 33.333333333333336)	(140, 33.333333333333336)	(145, 33.333333333333336)	(150, 33.333333333333336)	(155, 33.333333333333336)	(160, 33.333333333333336)	(165, 33.333333333333336)	(170, 33.333333333333336)	(175, 33.333333333333336)	(180, 33.333333333333336)	(185, 33.333333333333336)	(190, 33.333333333333336)	(195, 40.0)	(200, 66.66666666666667)	(205, 66.66666666666667)	(210, 66.66666666666667)	(215, 66.66666666666667)	(220, 66.66666666666667)	(225, 66.66666666666667)	(230, 66.66666666666667)	(235, 66.66666666666667)	(240, 66.66666666666667)
SRR8438152_1 - polya	(1, 0.0)	(2, 0.0)	(3, 0.0)	(4, 0.0)	(5, 0.0)	(6, 0.0)	(7, 0.0)	(8, 0.0)	(9, 0.0)	(10, 0.0)	(15, 0.0)	(20, 0.0)	(25, 0.0)	(30, 0.0)	(35, 0.0)	(40, 0.0)	(45, 0.0)	(50, 0.011760752688172043)	(55, 0.016801075268817203)	(60, 0.016801075268817203)	(65, 0.03024193548387096)	(70, 0.2066532258064516)	(75, 0.3461021505376344)	(80, 0.3780241935483871)	(85, 0.4704301075268817)	(90, 0.5426747311827957)	(95, 0.636760752688172)	(100, 0.7560483870967742)	(105, 0.841733870967742)	(110, 0.9223790322580646)	(115, 0.949260752688172)	(120, 1.105510752688172)	(125, 1.1861559139784945)	(130, 1.2096774193548387)	(135, 1.2214381720430108)	(140, 1.2886424731182795)	(145, 1.3323252688172043)	(150, 1.352486559139785)	(155, 1.364247311827957)	(160, 1.387768817204301)	(165, 1.4012096774193548)	(170, 1.4112903225806452)	(175, 1.4751344086021507)	(180, 1.5423387096774195)	(185, 1.574260752688172)	(190, 1.6129032258064515)	(195, 1.6481854838709675)	(200, 1.6549059139784945)	(205, 1.681787634408602)	(210, 1.6885080645161288)	(215, 1.6901881720430108)	(220, 1.6969086021505375)	(225, 1.7036290322580645)	(230, 1.71875)	(235, 1.8901209677419355)	(240, 1.8901209677419355)
SRR8438152_2 - polya	(1, 0.0)	(2, 0.0)	(3, 0.0)	(4, 0.0)	(5, 0.0)	(6, 0.0)	(7, 0.0)	(8, 0.0)	(9, 0.0)	(10, 0.0)	(15, 0.0)	(20, 0.0)	(25, 0.0)	(30, 0.0)	(35, 0.0)	(40, 0.0)	(45, 0.0)	(50, 0.0)	(55, 0.0)	(60, 0.005040322580645161)	(65, 0.025201612903225805)	(70, 0.025201612903225805)	(75, 0.03192204301075269)	(80, 0.04200268817204301)	(85, 0.04200268817204301)	(90, 0.04368279569892473)	(95, 0.05040322580645161)	(100, 0.08232526881720428)	(105, 0.08736559139784947)	(110, 0.11760752688172042)	(115, 0.13440860215053763)	(120, 0.14112903225806453)	(125, 0.14280913978494625)	(130, 0.14280913978494625)	(135, 0.14280913978494625)	(140, 0.14280913978494625)	(145, 0.14280913978494625)	(150, 0.14280913978494625)	(155, 0.14280913978494625)	(160, 0.14280913978494625)	(165, 0.14280913978494625)	(170, 0.14280913978494625)	(175, 0.14280913978494625)	(180, 0.14280913978494625)	(185, 0.14280913978494625)	(190, 0.14280913978494625)	(195, 0.14280913978494625)	(200, 0.14280913978494625)	(205, 0.14280913978494625)	(210, 0.14280913978494625)	(215, 0.14280913978494625)	(220, 0.14280913978494625)	(225, 0.14784946236559143)	(230, 0.15120967741935484)	(235, 0.15120967741935484)	(240, 0.15120967741935484)
SRR8438153 - illumina_universal_adapter	(1, 0.0)	(2, 0.0)	(3, 0.0)	(4, 0.0)	(5, 0.0)	(6, 0.0)	(7, 0.0)	(8, 0.0)	(9, 0.0)	(10, 0.0)	(15, 0.0)	(20, 0.0)	(25, 0.0)	(30, 0.0)	(35, 0.0)	(40, 0.0)	(45, 0.0)	(50, 0.0)	(55, 0.0)	(60, 0.0)	(65, 0.0)	(70, 0.0)	(75, 0.0)	(80, 0.0)	(85, 0.0)	(90, 0.0)	(95, 0.0)	(100, 0.0)	(105, 0.0)	(110, 0.0)	(115, 12.0)	(120, 20.0)	(125, 20.0)	(130, 20.0)	(135, 20.0)	(140, 20.0)	(145, 20.0)	(150, 20.0)	(155, 20.0)	(160, 20.0)	(165, 20.0)	(170, 28.0)	(175, 52.0)	(180, 60.0)	(185, 60.0)	(190, 60.0)	(195, 60.0)	(200, 60.0)	(205, 60.0)	(210, 60.0)	(215, 60.0)	(220, 60.0)	(225, 60.0)	(230, 60.0)	(235, 60.0)	(240, 60.0)
SRR8438153_1 - polya	(1, 0.0)	(2, 0.0)	(3, 0.0)	(4, 0.0)	(5, 0.0)	(6, 0.0)	(7, 0.0)	(8, 0.0)	(9, 0.0)	(10, 0.0)	(15, 0.0)	(20, 0.0)	(25, 0.0)	(30, 0.0)	(35, 0.0)	(40, 0.0)	(45, 0.0)	(50, 0.0)	(55, 0.0)	(60, 0.0)	(65, 0.023291449586270302)	(70, 0.3812442537542139)	(75, 0.6153846153846154)	(80, 0.6766779037695374)	(85, 0.7428746552252529)	(90, 0.8090714066809683)	(95, 0.8201041985902544)	(100, 0.8213300643579527)	(105, 0.8470732454796199)	(110, 0.8973337419552558)	(115, 0.9083665338645417)	(120, 0.9586270303401777)	(125, 0.9806926141587496)	(130, 0.9978547349065277)	(135, 1.0395341710082746)	(140, 1.060373889059148)	(145, 1.060373889059148)	(150, 1.060373889059148)	(155, 1.060373889059148)	(160, 1.060373889059148)	(165, 1.0652773521299417)	(170, 1.0665032178976401)	(175, 1.0701808152007355)	(180, 1.0824394728777196)	(185, 1.0922463990193074)	(190, 1.0971498620901012)	(195, 1.0971498620901012)	(200, 1.0971498620901012)	(205, 1.0971498620901012)	(210, 1.0971498620901012)	(215, 1.0971498620901012)	(220, 1.0971498620901012)	(225, 1.0971498620901012)	(230, 1.0971498620901012)	(235, 1.2209623046276432)	(240, 1.225865767698437)
SRR8438153_2 - polya	(1, 0.0)	(2, 0.0)	(3, 0.0)	(4, 0.0)	(5, 0.0)	(6, 0.0)	(7, 0.0)	(8, 0.0)	(9, 0.0)	(10, 0.0)	(15, 0.0)	(20, 0.0)	(25, 0.0)	(30, 0.0)	(35, 0.0)	(40, 0.0)	(45, 0.0)	(50, 0.0)	(55, 0.0)	(60, 0.07110021452650936)	(65, 0.12013484523444684)	(70, 0.15323322096230463)	(75, 0.15323322096230463)	(80, 0.15323322096230463)	(85, 0.15323322096230463)	(90, 0.15323322096230463)	(95, 0.15323322096230463)	(100, 0.1949126570640515)	(105, 0.19981612013484523)	(110, 0.2071713147410359)	(115, 0.2182041066503218)	(120, 0.22065583818571866)	(125, 0.22433343548881396)	(130, 0.23904382470119523)	(135, 0.23904382470119523)	(140, 0.23904382470119523)	(145, 0.23904382470119523)	(150, 0.23904382470119523)	(155, 0.23904382470119523)	(160, 0.23904382470119523)	(165, 0.23904382470119523)	(170, 0.23904382470119523)	(175, 0.23904382470119523)	(180, 0.23904382470119523)	(185, 0.23904382470119523)	(190, 0.23904382470119523)	(195, 0.23904382470119523)	(200, 0.23904382470119523)	(205, 0.23904382470119523)	(210, 0.23904382470119523)	(215, 0.23904382470119523)	(220, 0.23904382470119523)	(225, 0.2500766166104812)	(230, 0.2574318112166718)	(235, 0.2574318112166718)	(240, 0.2574318112166718)
SRR8438154 - illumina_universal_adapter	(1, 0.0)	(2, 0.0)	(3, 0.0)	(4, 0.0)	(5, 0.0)	(6, 0.0)	(7, 0.0)	(8, 0.0)	(9, 0.0)	(10, 0.0)	(15, 0.0)	(20, 0.0)	(25, 0.0)	(30, 0.0)	(35, 0.0)	(40, 0.0)	(45, 0.0)	(50, 0.0)	(55, 0.0)	(60, 0.0)	(65, 0.0)	(70, 0.0)	(75, 0.0)	(80, 0.0)	(85, 0.0)	(90, 1.0256410256410258)	(95, 3.58974358974359)	(100, 7.692307692307693)	(105, 16.923076923076923)	(110, 21.53846153846154)	(115, 25.641025641025642)	(120, 25.641025641025642)	(125, 28.205128205128204)	(130, 30.25641025641026)	(135, 40.0)	(140, 45.64102564102565)	(145, 48.717948717948715)	(150, 50.25641025641025)	(155, 55.89743589743589)	(160, 62.56410256410256)	(165, 70.76923076923077)	(170, 74.35897435897436)	(175, 78.97435897435898)	(180, 85.12820512820512)	(185, 94.87179487179488)	(190, 97.43589743589743)	(195, 97.43589743589743)	(200, 97.43589743589743)	(205, 97.43589743589743)	(210, 97.43589743589743)	(215, 97.43589743589743)	(220, 97.43589743589743)	(225, 97.43589743589743)	(230, 97.43589743589743)	(235, 97.43589743589743)	(240, 97.43589743589743)
SRR8438154 - polya	(1, 0.0)	(2, 0.0)	(3, 0.0)	(4, 0.0)	(5, 0.0)	(6, 0.0)	(7, 0.0)	(8, 0.0)	(9, 0.0)	(10, 0.0)	(15, 0.0)	(20, 0.0)	(25, 0.0)	(30, 0.0)	(35, 0.0)	(40, 0.0)	(45, 0.0)	(50, 0.0)	(55, 0.0)	(60, 0.0)	(65, 0.0)	(70, 0.0)	(75, 0.0)	(80, 0.0)	(85, 0.0)	(90, 0.0)	(95, 0.0)	(100, 0.0)	(105, 0.0)	(110, 0.0)	(115, 0.0)	(120, 0.0)	(125, 0.0)	(130, 0.0)	(135, 0.0)	(140, 0.0)	(145, 0.0)	(150, 0.5128205128205129)	(155, 2.5641025641025643)	(160, 2.5641025641025643)	(165, 4.102564102564103)	(170, 6.153846153846155)	(175, 10.256410256410257)	(180, 10.256410256410257)	(185, 10.256410256410257)	(190, 10.256410256410257)	(195, 13.333333333333334)	(200, 15.384615384615383)	(205, 15.384615384615383)	(210, 15.384615384615383)	(215, 16.923076923076923)	(220, 18.974358974358974)	(225, 20.512820512820515)	(230, 20.512820512820515)	(235, 22.05128205128205)	(240, 23.076923076923077)
SRR8438155 - illumina_universal_adapter	(1, 0.0)	(2, 0.0)	(3, 0.0)	(4, 0.0)	(5, 0.0)	(6, 0.0)	(7, 0.0)	(8, 0.0)	(9, 0.0)	(10, 0.0)	(15, 0.0)	(20, 0.0)	(25, 0.0)	(30, 0.0)	(35, 0.0)	(40, 0.0)	(45, 2.4)	(50, 4.0)	(55, 4.0)	(60, 4.0)	(65, 4.0)	(70, 4.0)	(75, 4.0)	(80, 4.0)	(85, 4.0)	(90, 4.0)	(95, 4.0)	(100, 4.0)	(105, 8.0)	(110, 8.0)	(115, 9.6)	(120, 12.0)	(125, 15.2)	(130, 16.0)	(135, 16.0)	(140, 16.0)	(145, 16.0)	(150, 18.4)	(155, 20.0)	(160, 20.0)	(165, 20.0)	(170, 24.0)	(175, 24.0)	(180, 24.0)	(185, 27.2)	(190, 28.0)	(195, 28.0)	(200, 28.0)	(205, 28.0)	(210, 28.0)	(215, 28.0)	(220, 28.0)	(225, 28.0)	(230, 28.0)	(235, 28.0)	(240, 28.0)
SRR8438155 - polya	(1, 0.0)	(2, 0.0)	(3, 0.0)	(4, 0.0)	(5, 0.0)	(6, 0.0)	(7, 0.0)	(8, 0.0)	(9, 0.0)	(10, 0.0)	(15, 0.0)	(20, 0.0)	(25, 0.0)	(30, 0.0)	(35, 0.0)	(40, 0.0)	(45, 0.0)	(50, 0.0)	(55, 0.0)	(60, 0.0)	(65, 0.0)	(70, 0.0)	(75, 0.0)	(80, 0.0)	(85, 0.0)	(90, 11.2)	(95, 23.2)	(100, 24.0)	(105, 24.0)	(110, 24.0)	(115, 24.0)	(120, 24.0)	(125, 24.0)	(130, 24.0)	(135, 24.0)	(140, 24.0)	(145, 24.0)	(150, 24.0)	(155, 24.0)	(160, 24.0)	(165, 24.0)	(170, 24.0)	(175, 24.0)	(180, 24.0)	(185, 24.0)	(190, 24.0)	(195, 24.0)	(200, 24.0)	(205, 24.0)	(210, 24.0)	(215, 24.0)	(220, 24.0)	(225, 24.0)	(230, 24.0)	(235, 24.0)	(240, 24.0)
SRR8438155_1 - illumina_small_rna_3'_adapter	(1, 0.0)	(2, 0.0)	(3, 0.0)	(4, 0.0)	(5, 0.0)	(6, 0.0)	(7, 0.0)	(8, 0.0)	(9, 0.0)	(10, 0.0)	(15, 0.0)	(20, 0.0)	(25, 0.0)	(30, 0.0)	(35, 0.0)	(40, 0.0)	(45, 0.0)	(50, 0.0)	(55, 0.0)	(60, 0.0)	(65, 0.0)	(70, 0.0)	(75, 0.0)	(80, 0.0)	(85, 0.0)	(90, 0.0)	(95, 0.0)	(100, 0.0)	(105, 0.0)	(110, 0.0)	(115, 0.0)	(120, 0.0)	(125, 0.0)	(130, 0.0)	(135, 0.03617475187830442)	(140, 0.18180131713199146)	(145, 0.18180131713199146)	(150, 0.18180131713199146)	(155, 0.18180131713199146)	(160, 0.18180131713199146)	(165, 0.18180131713199146)	(170, 0.18180131713199146)	(175, 0.18180131713199146)	(180, 0.18180131713199146)	(185, 0.18180131713199146)	(190, 0.18180131713199146)	(195, 0.18180131713199146)	(200, 0.18180131713199146)	(205, 0.18180131713199146)	(210, 0.18180131713199146)	(215, 0.18180131713199146)	(220, 0.18180131713199146)	(225, 0.18180131713199146)	(230, 0.18180131713199146)	(235, 0.18180131713199146)	(240, 0.18180131713199146)
SRR8438155_1 - polya	(1, 0.0)	(2, 0.0)	(3, 0.0)	(4, 0.0)	(5, 0.0)	(6, 0.0)	(7, 0.0)	(8, 0.0)	(9, 0.0)	(10, 0.0)	(15, 0.0)	(20, 0.0)	(25, 0.0)	(30, 0.0)	(35, 0.0)	(40, 0.0)	(45, 0.0)	(50, 0.0)	(55, 0.0)	(60, 0.0)	(65, 0.011130692885632131)	(70, 0.07847138484370653)	(75, 0.13560894165661813)	(80, 0.2066598645765699)	(85, 0.2454317781281885)	(90, 5.1720619608570635)	(95, 8.475837120860774)	(100, 8.535942862443187)	(105, 8.564326129301548)	(110, 8.568221871811522)	(115, 8.580280122437621)	(120, 8.593636953900381)	(125, 8.6051386698822)	(130, 8.606251739170764)	(135, 8.6626472497913)	(140, 8.710694740747611)	(145, 8.722010945181339)	(150, 8.732956126518875)	(155, 8.735182265096004)	(160, 8.739263519154068)	(165, 8.739820053798349)	(170, 8.740376588442631)	(175, 8.740376588442631)	(180, 8.740933123086913)	(185, 8.7413041461831)	(190, 8.7413041461831)	(195, 8.7413041461831)	(200, 8.7413041461831)	(205, 8.7413041461831)	(210, 8.7413041461831)	(215, 8.7413041461831)	(220, 8.7413041461831)	(225, 8.7413041461831)	(230, 8.760782858732956)	(235, 9.175401168722752)	(240, 9.179111399684631)
SRR8438155_2 - polya	(1, 0.0)	(2, 0.0)	(3, 0.0)	(4, 0.0)	(5, 0.0)	(6, 0.0)	(7, 0.0)	(8, 0.0)	(9, 0.0)	(10, 0.0)	(15, 0.0)	(20, 0.0)	(25, 0.0)	(30, 0.0)	(35, 0.0)	(40, 0.0)	(45, 0.0)	(50, 0.0)	(55, 0.0)	(60, 0.012429273722289212)	(65, 0.020035247194137837)	(70, 0.04804749095631203)	(75, 0.05454039513959744)	(80, 0.1734532974677674)	(85, 0.6617196920508303)	(90, 0.6752620350616825)	(95, 0.6886188665244412)	(100, 0.6921435859382247)	(105, 0.6951117707077266)	(110, 0.6982654670253223)	(115, 0.6995640478619795)	(120, 0.7003060940543548)	(125, 0.7066134866895465)	(130, 0.7262777107874965)	(135, 0.7273907800760597)	(140, 0.7290603840089046)	(145, 0.7301734532974677)	(150, 0.734069195807439)	(155, 0.7364808459326593)	(160, 0.7374084036731287)	(165, 0.7374084036731287)	(170, 0.7374084036731287)	(175, 0.7374084036731287)	(180, 0.7374084036731287)	(185, 0.7374084036731287)	(190, 0.7374084036731287)	(195, 0.7374084036731287)	(200, 0.7374084036731287)	(205, 0.7374084036731287)	(210, 0.7374084036731287)	(215, 0.7374084036731287)	(220, 0.7374084036731287)	(225, 0.7912067526203506)	(230, 0.8212596234115572)	(235, 0.821816158055839)	(240, 0.821816158055839)
SRR8438156 - illumina_universal_adapter	(1, 0.0)	(2, 0.0)	(3, 0.0)	(4, 0.0)	(5, 0.0)	(6, 0.0)	(7, 0.0)	(8, 0.0)	(9, 0.0)	(10, 0.0)	(15, 0.0)	(20, 0.0)	(25, 0.0)	(30, 0.0)	(35, 0.0)	(40, 0.0)	(45, 0.0)	(50, 0.0)	(55, 0.0)	(60, 0.0)	(65, 0.0)	(70, 0.0)	(75, 3.076923076923077)	(80, 7.692307692307692)	(85, 15.384615384615383)	(90, 15.384615384615383)	(95, 15.384615384615383)	(100, 16.923076923076923)	(105, 23.076923076923077)	(110, 23.076923076923077)	(115, 23.076923076923077)	(120, 23.076923076923077)	(125, 29.230769230769234)	(130, 38.46153846153846)	(135, 38.46153846153846)	(140, 49.230769230769226)	(145, 58.46153846153847)	(150, 66.15384615384616)	(155, 72.30769230769229)	(160, 76.92307692307692)	(165, 80.0)	(170, 84.61538461538461)	(175, 96.92307692307693)	(180, 100.0)	(185, 100.0)	(190, 100.0)	(195, 100.0)	(200, 100.0)	(205, 100.0)	(210, 100.0)	(215, 100.0)	(220, 100.0)	(225, 100.0)	(230, 100.0)	(235, 100.0)	(240, 100.0)
SRR8438156 - polya	(1, 0.0)	(2, 0.0)	(3, 0.0)	(4, 0.0)	(5, 0.0)	(6, 0.0)	(7, 0.0)	(8, 0.0)	(9, 0.0)	(10, 0.0)	(15, 0.0)	(20, 0.0)	(25, 0.0)	(30, 0.0)	(35, 0.0)	(40, 0.0)	(45, 0.0)	(50, 0.0)	(55, 0.0)	(60, 0.0)	(65, 0.0)	(70, 0.0)	(75, 0.0)	(80, 0.0)	(85, 0.0)	(90, 0.0)	(95, 0.0)	(100, 0.0)	(105, 0.0)	(110, 0.0)	(115, 0.0)	(120, 0.0)	(125, 0.0)	(130, 0.0)	(135, 1.5384615384615385)	(140, 7.692307692307692)	(145, 7.692307692307692)	(150, 7.692307692307692)	(155, 7.692307692307692)	(160, 7.692307692307692)	(165, 7.692307692307692)	(170, 7.692307692307692)	(175, 7.692307692307692)	(180, 7.692307692307692)	(185, 7.692307692307692)	(190, 7.692307692307692)	(195, 7.692307692307692)	(200, 12.307692307692308)	(205, 15.384615384615383)	(210, 15.384615384615383)	(215, 15.384615384615383)	(220, 15.384615384615383)	(225, 15.384615384615383)	(230, 15.384615384615383)	(235, 15.384615384615383)	(240, 15.384615384615385)
SRR8438156_1 - illumina_small_rna_3'_adapter	(1, 0.0)	(2, 0.0)	(3, 0.0)	(4, 0.0)	(5, 0.0)	(6, 0.0)	(7, 0.0)	(8, 0.0)	(9, 0.0)	(10, 0.0)	(15, 0.0)	(20, 0.0)	(25, 0.0)	(30, 0.0)	(35, 0.0)	(40, 0.0)	(45, 0.0)	(50, 0.0)	(55, 0.0)	(60, 0.0)	(65, 0.0)	(70, 0.0)	(75, 0.0)	(80, 0.0)	(85, 0.0)	(90, 0.0)	(95, 0.0)	(100, 0.0)	(105, 0.0)	(110, 0.0)	(115, 0.0)	(120, 0.0)	(125, 0.0)	(130, 0.0)	(135, 0.025195558550376466)	(140, 0.12500122071504605)	(145, 0.12500122071504605)	(150, 0.12500122071504605)	(155, 0.12500122071504605)	(160, 0.12500122071504605)	(165, 0.12500122071504605)	(170, 0.12500122071504605)	(175, 0.12500122071504605)	(180, 0.12500122071504605)	(185, 0.12500122071504605)	(190, 0.12500122071504605)	(195, 0.12500122071504605)	(200, 0.12500122071504605)	(205, 0.12500122071504605)	(210, 0.12500122071504605)	(215, 0.12500122071504605)	(220, 0.12500122071504605)	(225, 0.12500122071504605)	(230, 0.12500122071504605)	(235, 0.12500122071504605)	(240, 0.12500122071504605)
SRR8438156_1 - polya	(1, 0.0)	(2, 0.0)	(3, 0.0)	(4, 0.0)	(5, 0.0)	(6, 0.0)	(7, 0.0)	(8, 0.0)	(9, 0.0)	(10, 0.0)	(15, 0.0)	(20, 0.0)	(25, 0.0)	(30, 0.0)	(35, 0.0)	(40, 0.0)	(45, 0.0)	(50, 0.0)	(55, 0.0)	(60, 0.0)	(65, 0.0019531440736725945)	(70, 0.011718864442035565)	(75, 0.016601724626217052)	(80, 0.016601724626217052)	(85, 0.016992353440951576)	(90, 0.06757878494907177)	(95, 0.1015634918309749)	(100, 0.10195412064570944)	(105, 0.1025400638678112)	(110, 0.1025400638678112)	(115, 0.1025400638678112)	(120, 0.1025400638678112)	(125, 0.10332132149728024)	(130, 0.1035166359046475)	(135, 0.1472670631549136)	(140, 0.1767595386673698)	(145, 0.17734548188947158)	(150, 0.17773611070420609)	(155, 0.17773611070420609)	(160, 0.1787126827410424)	(165, 0.1787126827410424)	(170, 0.1787126827410424)	(175, 0.1787126827410424)	(180, 0.1787126827410424)	(185, 0.17988456918524598)	(190, 0.18261897088838758)	(195, 0.18261897088838758)	(200, 0.18261897088838758)	(205, 0.18261897088838758)	(210, 0.18261897088838758)	(215, 0.18261897088838758)	(220, 0.18261897088838758)	(225, 0.18261897088838758)	(230, 0.1988300666998701)	(235, 0.4287151241711345)	(240, 0.4306682682448071)
SRR8438157 - illumina_universal_adapter	(1, 0.0)	(2, 0.0)	(3, 0.0)	(4, 0.0)	(5, 0.0)	(6, 0.0)	(7, 0.0)	(8, 0.0)	(9, 0.0)	(10, 0.0)	(15, 0.0)	(20, 0.0)	(25, 0.0)	(30, 0.7692307692307694)	(35, 1.2820512820512822)	(40, 1.2820512820512822)	(45, 1.2820512820512822)	(50, 1.2820512820512822)	(55, 1.2820512820512822)	(60, 1.2820512820512822)	(65, 1.2820512820512822)	(70, 1.2820512820512822)	(75, 1.2820512820512822)	(80, 2.0512820512820515)	(85, 2.5641025641025643)	(90, 3.58974358974359)	(95, 3.846153846153846)	(100, 3.846153846153846)	(105, 3.846153846153846)	(110, 5.6410256410256405)	(115, 6.410256410256411)	(120, 7.692307692307692)	(125, 7.692307692307692)	(130, 10.512820512820515)	(135, 13.333333333333332)	(140, 14.615384615384617)	(145, 18.46153846153846)	(150, 20.76923076923077)	(155, 21.794871794871796)	(160, 23.076923076923077)	(165, 24.358974358974358)	(170, 24.358974358974358)	(175, 25.641025641025642)	(180, 26.153846153846153)	(185, 26.923076923076923)	(190, 26.923076923076923)	(195, 26.923076923076923)	(200, 26.923076923076923)	(205, 26.923076923076923)	(210, 26.923076923076923)	(215, 26.923076923076923)	(220, 26.923076923076923)	(225, 26.923076923076923)	(230, 26.923076923076923)	(235, 26.923076923076923)	(240, 26.923076923076923)
SRR8438157 - polya	(1, 0.0)	(2, 0.0)	(3, 0.0)	(4, 0.0)	(5, 0.0)	(6, 0.0)	(7, 0.0)	(8, 0.0)	(9, 0.0)	(10, 0.0)	(15, 0.0)	(20, 0.0)	(25, 0.0)	(30, 0.0)	(35, 0.0)	(40, 0.0)	(45, 0.0)	(50, 0.0)	(55, 0.0)	(60, 0.0)	(65, 0.0)	(70, 0.0)	(75, 0.0)	(80, 0.0)	(85, 0.0)	(90, 7.435897435897436)	(95, 12.820512820512821)	(100, 12.820512820512821)	(105, 12.820512820512821)	(110, 12.820512820512821)	(115, 12.820512820512821)	(120, 12.820512820512821)	(125, 12.820512820512821)	(130, 12.820512820512821)	(135, 12.820512820512821)	(140, 13.333333333333334)	(145, 14.102564102564102)	(150, 14.871794871794872)	(155, 15.384615384615383)	(160, 15.384615384615383)	(165, 15.384615384615383)	(170, 16.666666666666668)	(175, 17.94871794871795)	(180, 17.94871794871795)	(185, 17.94871794871795)	(190, 18.717948717948715)	(195, 19.23076923076923)	(200, 19.487179487179485)	(205, 22.564102564102562)	(210, 25.641025641025642)	(215, 26.923076923076923)	(220, 26.923076923076923)	(225, 26.923076923076923)	(230, 26.923076923076923)	(235, 26.923076923076923)	(240, 26.923076923076923)
SRR8438157_1 - polya	(1, 0.0)	(2, 0.0)	(3, 0.0)	(4, 0.0)	(5, 0.0)	(6, 0.0)	(7, 0.0)	(8, 0.0)	(9, 0.0)	(10, 0.0)	(15, 0.0)	(20, 0.0010445734409741394)	(25, 0.005222867204870697)	(30, 0.005222867204870697)	(35, 0.005222867204870697)	(40, 0.005222867204870697)	(45, 0.005222867204870697)	(50, 0.005222867204870697)	(55, 0.005222867204870697)	(60, 0.005222867204870697)	(65, 0.010744183964305435)	(70, 0.8437168907525405)	(75, 1.2040947278886187)	(80, 1.4042051542238074)	(85, 1.4646411890230253)	(90, 13.20997418411353)	(95, 21.268709056451733)	(100, 21.279900914747884)	(105, 21.319594705504905)	(110, 21.336307880560486)	(115, 21.33884470177428)	(120, 21.34317222031546)	(125, 21.34585826630654)	(130, 21.347798188411204)	(135, 21.360929968812023)	(140, 21.384805933177148)	(145, 21.390625699491142)	(150, 21.392117947263962)	(155, 21.393759419814067)	(160, 21.403309805560117)	(165, 21.403309805560117)	(170, 21.403309805560117)	(175, 21.4051005028875)	(180, 21.406294301105756)	(185, 21.407040424992164)	(190, 21.407040424992164)	(195, 21.407040424992164)	(200, 21.407040424992164)	(205, 21.407040424992164)	(210, 21.407040424992164)	(215, 21.407040424992164)	(220, 21.407040424992164)	(225, 21.40733887454673)	(230, 21.407786548878576)	(235, 21.413755539969856)	(240, 21.413755539969856)
SRR8438157_2 - polya	(1, 0.0)	(2, 0.0)	(3, 0.0)	(4, 0.0)	(5, 0.0)	(6, 0.0)	(7, 0.0)	(8, 0.0)	(9, 0.0)	(10, 0.0)	(15, 0.0)	(20, 0.0)	(25, 0.0)	(30, 0.0)	(35, 0.0)	(40, 0.0)	(45, 0.0)	(50, 0.0)	(55, 0.0001492247772820199)	(60, 0.04252906152537568)	(65, 0.1289302075716652)	(70, 0.22697088624595224)	(75, 0.24368406130153847)	(80, 0.4142479817348873)	(85, 1.115753659737663)	(90, 1.1251548207064301)	(95, 1.1293331144703267)	(100, 1.1400772984346321)	(105, 1.1493292346261175)	(110, 1.1573873725993464)	(115, 1.1587303955948847)	(120, 1.1587303955948847)	(125, 1.1591780699267307)	(130, 1.162610239804217)	(135, 1.1632071389133452)	(140, 1.1632071389133452)	(145, 1.1635055884679093)	(150, 1.1675346574545238)	(155, 1.1706683777774463)	(160, 1.1706683777774463)	(165, 1.1712652768865741)	(170, 1.1714145016638562)	(175, 1.1714145016638562)	(180, 1.1714145016638562)	(185, 1.1714145016638562)	(190, 1.1714145016638562)	(195, 1.1714145016638562)	(200, 1.1714145016638562)	(205, 1.1714145016638562)	(210, 1.1714145016638562)	(215, 1.1714145016638562)	(220, 1.1714145016638562)	(225, 1.1724590751048303)	(230, 1.1729067494366765)	(235, 1.1729067494366765)	(240, 1.1729067494366765)
SRR8438158 - illumina_universal_adapter	(1, 0.0)	(2, 0.0)	(3, 0.0)	(4, 0.0)	(5, 0.0)	(6, 0.0)	(7, 0.0)	(8, 0.0)	(9, 0.0)	(10, 0.0)	(15, 0.0)	(20, 0.0)	(25, 0.0)	(30, 0.0)	(35, 0.0)	(40, 0.0)	(45, 0.0)	(50, 0.0)	(55, 0.0)	(60, 0.0)	(65, 0.0)	(70, 0.0)	(75, 0.0)	(80, 0.0)	(85, 0.0)	(90, 0.0)	(95, 0.0)	(100, 4.2857142857142865)	(105, 7.142857142857143)	(110, 7.857142857142857)	(115, 10.714285714285714)	(120, 12.142857142857142)	(125, 15.714285714285717)	(130, 24.285714285714285)	(135, 30.0)	(140, 40.714285714285715)	(145, 42.857142857142854)	(150, 47.14285714285713)	(155, 62.857142857142854)	(160, 67.85714285714286)	(165, 67.85714285714286)	(170, 72.85714285714286)	(175, 81.42857142857143)	(180, 92.85714285714286)	(185, 97.14285714285714)	(190, 100.0)	(195, 100.0)	(200, 100.0)	(205, 100.0)	(210, 100.0)	(215, 100.0)	(220, 100.0)	(225, 100.0)	(230, 100.0)	(235, 100.0)	(240, 100.0)
SRR8438158 - polya	(1, 0.0)	(2, 0.0)	(3, 0.0)	(4, 0.0)	(5, 0.0)	(6, 0.0)	(7, 0.0)	(8, 0.0)	(9, 0.0)	(10, 0.0)	(15, 0.0)	(20, 0.0)	(25, 0.0)	(30, 0.0)	(35, 0.0)	(40, 0.0)	(45, 0.0)	(50, 0.0)	(55, 0.0)	(60, 0.0)	(65, 0.0)	(70, 0.0)	(75, 0.0)	(80, 0.0)	(85, 0.0)	(90, 0.0)	(95, 0.0)	(100, 0.0)	(105, 0.0)	(110, 0.0)	(115, 0.0)	(120, 0.0)	(125, 0.0)	(130, 0.0)	(135, 0.0)	(140, 0.0)	(145, 0.0)	(150, 0.0)	(155, 0.0)	(160, 0.0)	(165, 0.0)	(170, 0.0)	(175, 3.5714285714285716)	(180, 3.5714285714285716)	(185, 3.5714285714285716)	(190, 3.5714285714285716)	(195, 3.5714285714285716)	(200, 3.5714285714285716)	(205, 3.5714285714285716)	(210, 3.5714285714285716)	(215, 3.5714285714285716)	(220, 3.5714285714285716)	(225, 3.5714285714285716)	(230, 6.428571428571429)	(235, 12.142857142857142)	(240, 14.285714285714286)
SRR8438158_1 - polya	(1, 0.0)	(2, 0.0)	(3, 0.0)	(4, 0.0)	(5, 0.0)	(6, 0.0)	(7, 0.0)	(8, 0.0)	(9, 0.0)	(10, 0.0)	(15, 0.0)	(20, 0.0)	(25, 0.0)	(30, 0.0)	(35, 0.0)	(40, 0.0)	(45, 0.0)	(50, 0.0006245381020287079)	(55, 0.0010408968367145131)	(60, 0.0010408968367145131)	(65, 0.0018736143060861237)	(70, 0.0318514432034641)	(75, 0.053918456141811774)	(80, 0.059955657794755965)	(85, 0.08098177389638914)	(90, 0.08452082314121848)	(95, 0.0951379708757065)	(100, 0.10658783607956616)	(105, 0.12032767432419773)	(110, 0.12761395218119934)	(115, 0.13635748560960123)	(120, 0.14843188891548958)	(125, 0.15530180803780538)	(130, 0.1655025970376076)	(135, 0.36119120233993607)	(140, 0.49151148629659314)	(145, 0.49588325301079406)	(150, 0.49963048162296636)	(155, 0.5002550197249951)	(160, 0.5006713784596809)	(165, 0.5027531721331099)	(170, 0.5027531721331099)	(175, 0.5027531721331099)	(180, 0.5060840420105963)	(185, 0.5077494769493395)	(190, 0.5089985531533969)	(195, 0.5089985531533969)	(200, 0.5121212436635405)	(205, 0.5339800772345453)	(210, 0.5566716282749218)	(215, 0.562708829927866)	(220, 0.5693705696828387)	(225, 0.5693705696828387)	(230, 0.6726275358849184)	(235, 2.1798461554475335)	(240, 2.1858833571004777)
SRR8438158_2 - polya	(1, 0.0)	(2, 0.0)	(3, 0.0)	(4, 0.0)	(5, 0.0)	(6, 0.0)	(7, 0.0)	(8, 0.0)	(9, 0.0)	(10, 0.0)	(15, 0.0)	(20, 0.0)	(25, 0.0)	(30, 0.0)	(35, 0.0)	(40, 0.0)	(45, 0.0)	(50, 0.0)	(55, 0.0006245381020287079)	(60, 0.001665434938743221)	(65, 0.0054126635509154685)	(70, 0.00624538102028708)	(75, 0.00624538102028708)	(80, 0.00624538102028708)	(85, 0.00624538102028708)	(90, 0.00624538102028708)	(95, 0.008327174693716105)	(100, 0.008327174693716105)	(105, 0.009784430265116424)	(110, 0.011449865203859646)	(115, 0.011449865203859646)	(120, 0.011449865203859646)	(125, 0.026022420917862832)	(130, 0.08826805175339071)	(135, 0.08868441048807653)	(140, 0.09014166605947685)	(145, 0.09055802479416265)	(150, 0.09055802479416265)	(155, 0.09159892163087717)	(160, 0.09159892163087717)	(165, 0.09159892163087717)	(170, 0.09159892163087717)	(175, 0.09159892163087717)	(180, 0.09159892163087717)	(185, 0.09159892163087717)	(190, 0.09159892163087717)	(195, 0.09159892163087717)	(200, 0.0953461502430494)	(205, 0.09576250897773522)	(210, 0.09576250897773522)	(215, 0.09576250897773522)	(220, 0.09576250897773522)	(225, 0.23024638028125036)	(230, 0.30290097948392336)	(235, 0.30290097948392336)	(240, 0.30290097948392336)
